solid OpenSCAD_Model
  facet normal 0.824933 -0.56523 -6.54782e-05
    outer loop
      vertex 6.0366 -2.66876 -1.32555
      vertex 5.70215 -3.15691 -1.05034
      vertex 5.93593 -2.81564 -1.70845
    endloop
  endfacet
  facet normal 0.824922 -0.565246 -7.80625e-05
    outer loop
      vertex 5.70215 -3.15691 -1.05034
      vertex 5.41117 -3.5816 -0.810917
      vertex 5.93593 -2.81564 -1.70845
    endloop
  endfacet
  facet normal 0.824924 -0.565244 -8.24139e-05
    outer loop
      vertex 5.52889 -3.41007 1.2559
      vertex 5.42243 -3.56538 0.851018
      vertex 5.87406 -2.90628 0.949604
    endloop
  endfacet
  facet normal 0.824924 -0.565244 -8.18201e-05
    outer loop
      vertex 6.00473 -2.71564 1.37465
      vertex 5.52889 -3.41007 1.2559
      vertex 5.87406 -2.90628 0.949604
    endloop
  endfacet
  facet normal 0.824923 -0.565245 -7.25742e-05
    outer loop
      vertex 5.87406 -2.90628 0.949604
      vertex 5.70215 -3.15691 -1.05034
      vertex 6.28016 -2.31364 1.14802
    endloop
  endfacet
  facet normal 0.824925 -0.565243 -8.23286e-05
    outer loop
      vertex 6.00473 -2.71564 1.37465
      vertex 5.87406 -2.90628 0.949604
      vertex 6.28016 -2.31364 1.14802
    endloop
  endfacet
  facet normal 0.824923 -0.565244 -7.2699e-05
    outer loop
      vertex 5.87406 -2.90628 0.949604
      vertex 5.41117 -3.5816 -0.810917
      vertex 5.70215 -3.15691 -1.05034
    endloop
  endfacet
  facet normal 0.824921 -0.565248 -5.51494e-05
    outer loop
      vertex 5.04978 -4.10904 -0.51356
      vertex 4.94911 -4.25592 -0.896461
      vertex 5.41117 -3.5816 -0.810917
    endloop
  endfacet
  facet normal 0.824922 -0.565246 -7.78675e-05
    outer loop
      vertex 5.41117 -3.5816 -0.810917
      vertex 4.94911 -4.25592 -0.896461
      vertex 5.93593 -2.81564 -1.70845
    endloop
  endfacet
  facet normal -0.238354 -0.347818 -0.906758
    outer loop
      vertex 6.50603 -3.04546 -1.30445
      vertex 6.0366 -2.66876 -1.32555
      vertex 6.53168 -3.00803 -1.32555
    endloop
  endfacet
  facet normal -0.238393 -0.347865 -0.90673
    outer loop
      vertex 6.0366 -2.66876 -1.32555
      vertex 6.50603 -3.04546 -1.30445
      vertex 5.70215 -3.15691 -1.05034
    endloop
  endfacet
  facet normal -0.238393 -0.347865 -0.90673
    outer loop
      vertex 6.1972 -3.49617 -1.05034
      vertex 5.70215 -3.15691 -1.05034
      vertex 6.50603 -3.04546 -1.30445
    endloop
  endfacet
  facet normal -0.512572 -0.747966 0.421682
    outer loop
      vertex 5.70215 -3.15691 -1.05034
      vertex 6.24154 -3.43145 -0.881659
      vertex 6.28016 -2.31364 1.14802
    endloop
  endfacet
  facet normal -0.512573 -0.747949 0.421712
    outer loop
      vertex 6.24154 -3.43145 -0.881659
      vertex 5.70215 -3.15691 -1.05034
      vertex 6.1972 -3.49617 -1.05034
    endloop
  endfacet
  facet normal -0.512572 -0.747965 0.421685
    outer loop
      vertex 6.28016 -2.31364 1.14802
      vertex 6.47331 -3.09323 0
      vertex 6.77509 -2.65281 1.14802
    endloop
  endfacet
  facet normal -0.512586 -0.747959 0.421679
    outer loop
      vertex 6.47331 -3.09323 0
      vertex 6.28016 -2.31364 1.14802
      vertex 6.24154 -3.43145 -0.881659
    endloop
  endfacet
  facet normal -0.238379 -0.347851 -0.906739
    outer loop
      vertex 6.49964 -3.0548 1.37465
      vertex 6.28016 -2.31364 1.14802
      vertex 6.77509 -2.65281 1.14802
    endloop
  endfacet
  facet normal -0.238382 -0.347852 -0.906738
    outer loop
      vertex 6.28016 -2.31364 1.14802
      vertex 6.49964 -3.0548 1.37465
      vertex 6.00473 -2.71564 1.37465
    endloop
  endfacet
  facet normal 0.078961 0.115222 -0.990197
    outer loop
      vertex 6.02379 -3.74922 1.2559
      vertex 6.00473 -2.71564 1.37465
      vertex 6.49964 -3.0548 1.37465
    endloop
  endfacet
  facet normal 0.0789603 0.115222 -0.990197
    outer loop
      vertex 6.00473 -2.71564 1.37465
      vertex 6.02379 -3.74922 1.2559
      vertex 5.52889 -3.41007 1.2559
    endloop
  endfacet
  facet normal 0.512572 0.747963 -0.421689
    outer loop
      vertex 5.91736 -3.90455 0.851018
      vertex 5.52889 -3.41007 1.2559
      vertex 6.02379 -3.74922 1.2559
    endloop
  endfacet
  facet normal 0.512571 0.747963 -0.421689
    outer loop
      vertex 5.52889 -3.41007 1.2559
      vertex 5.91736 -3.90455 0.851018
      vertex 5.42243 -3.56538 0.851018
    endloop
  endfacet
  facet normal -0.0692253 -0.101016 0.992473
    outer loop
      vertex 5.87406 -2.90628 0.949604
      vertex 5.91736 -3.90455 0.851018
      vertex 6.36899 -3.24545 0.949604
    endloop
  endfacet
  facet normal -0.0692253 -0.101016 0.992473
    outer loop
      vertex 5.91736 -3.90455 0.851018
      vertex 5.87406 -2.90628 0.949604
      vertex 5.42243 -3.56538 0.851018
    endloop
  endfacet
  facet normal 0.512572 0.747966 -0.421683
    outer loop
      vertex 6.11937 -3.60975 0
      vertex 5.87406 -2.90628 0.949604
      vertex 6.36899 -3.24545 0.949604
    endloop
  endfacet
  facet normal 0.512574 0.747965 -0.421683
    outer loop
      vertex 5.41117 -3.5816 -0.810917
      vertex 6.11937 -3.60975 0
      vertex 5.9062 -3.92084 -0.810917
    endloop
  endfacet
  facet normal 0.512574 0.747965 -0.421683
    outer loop
      vertex 6.11937 -3.60975 0
      vertex 5.41117 -3.5816 -0.810917
      vertex 5.87406 -2.90628 0.949604
    endloop
  endfacet
  facet normal -0.238383 -0.347857 -0.906735
    outer loop
      vertex 5.54479 -4.44827 -0.51356
      vertex 5.41117 -3.5816 -0.810917
      vertex 5.9062 -3.92084 -0.810917
    endloop
  endfacet
  facet normal -0.238386 -0.347857 -0.906735
    outer loop
      vertex 5.41117 -3.5816 -0.810917
      vertex 5.54479 -4.44827 -0.51356
      vertex 5.04978 -4.10904 -0.51356
    endloop
  endfacet
  facet normal 0.512577 0.747961 -0.421686
    outer loop
      vertex 5.44413 -4.59516 -0.896461
      vertex 5.04978 -4.10904 -0.51356
      vertex 5.54479 -4.44827 -0.51356
    endloop
  endfacet
  facet normal 0.512582 0.747961 -0.421681
    outer loop
      vertex 5.04978 -4.10904 -0.51356
      vertex 5.44413 -4.59516 -0.896461
      vertex 4.94911 -4.25592 -0.896461
    endloop
  endfacet
  facet normal 0.238384 0.347859 0.906735
    outer loop
      vertex 5.93593 -2.81564 -1.70845
      vertex 5.44413 -4.59516 -0.896461
      vertex 6.43102 -3.15492 -1.70845
    endloop
  endfacet
  facet normal 0.238388 0.347857 0.906734
    outer loop
      vertex 5.44413 -4.59516 -0.896461
      vertex 5.93593 -2.81564 -1.70845
      vertex 4.94911 -4.25592 -0.896461
    endloop
  endfacet
  facet normal -0.512573 -0.747966 0.421682
    outer loop
      vertex 6.43102 -3.15492 -1.70845
      vertex 6.0366 -2.66876 -1.32555
      vertex 5.93593 -2.81564 -1.70845
    endloop
  endfacet
  facet normal -0.512569 -0.747966 0.421687
    outer loop
      vertex 6.0366 -2.66876 -1.32555
      vertex 6.43102 -3.15492 -1.70845
      vertex 6.53168 -3.00803 -1.32555
    endloop
  endfacet
  facet normal 0.667363 0.565251 0.484891
    outer loop
      vertex 4.92498 2.80411 3.33377
      vertex 4.75739 2.60702 3.79418
      vertex 4.87968 2.47349 3.78153
    endloop
  endfacet
  facet normal 0.667364 0.565252 0.484888
    outer loop
      vertex 3.89249 3.68694 3.72567
      vertex 3.77414 2.86086 4.85155
      vertex 4.1129 2.69853 4.57454
    endloop
  endfacet
  facet normal 0.667365 0.565253 0.484885
    outer loop
      vertex 5.22314 3.4156 2.21056
      vertex 5.02532 3.19404 2.74111
      vertex 5.15734 3.10056 2.66838
    endloop
  endfacet
  facet normal 0.667353 0.565253 0.4849
    outer loop
      vertex 3.9255 4.02934 3.2811
      vertex 3.7278 4.21399 3.33794
      vertex 3.89249 3.68694 3.72567
    endloop
  endfacet
  facet normal 0.667383 0.56524 0.484875
    outer loop
      vertex 5.1694 2.60667 3.22753
      vertex 5.0533 2.68239 3.29906
      vertex 5.14156 2.24846 3.68343
    endloop
  endfacet
  facet normal 0.66737 0.56525 0.484881
    outer loop
      vertex 5.51767 2.09624 3.34322
      vertex 5.1694 2.60667 3.22753
      vertex 5.28305 2.1675 3.58307
    endloop
  endfacet
  facet normal 0.66736 0.565247 0.484899
    outer loop
      vertex 5.73449 2.3163 2.78828
      vertex 5.3562 2.57958 3.00201
      vertex 5.67014 2.14668 3.07457
    endloop
  endfacet
  facet normal 0.667367 0.565249 0.484886
    outer loop
      vertex 5.67014 2.14668 3.07457
      vertex 5.3562 2.57958 3.00201
      vertex 5.51767 2.09624 3.34322
    endloop
  endfacet
  facet normal 0.667363 0.565253 0.484887
    outer loop
      vertex 5.70471 2.60257 2.49555
      vertex 5.37689 2.75695 2.76677
      vertex 5.73449 2.3163 2.78828
    endloop
  endfacet
  facet normal 0.667367 0.565252 0.484883
    outer loop
      vertex 5.1694 2.60667 3.22753
      vertex 5.14156 2.24846 3.68343
      vertex 5.28305 2.1675 3.58307
    endloop
  endfacet
  facet normal 0.667354 0.565285 0.484863
    outer loop
      vertex 5.60329 2.9061 2.28129
      vertex 5.25943 2.99883 2.64646
      vertex 5.33236 2.88543 2.67829
    endloop
  endfacet
  facet normal 0.66736 0.565252 0.484893
    outer loop
      vertex 5.0533 2.68239 3.29906
      vertex 5.00742 2.35223 3.74708
      vertex 5.14156 2.24846 3.68343
    endloop
  endfacet
  facet normal 0.66737 0.565249 0.484883
    outer loop
      vertex 5.22314 3.4156 2.21056
      vertex 5.15734 3.10056 2.66838
      vertex 5.44126 3.17897 2.1862
    endloop
  endfacet
  facet normal 0.667366 0.565252 0.484885
    outer loop
      vertex 5.22314 3.4156 2.21056
      vertex 4.9534 3.6105 2.35461
      vertex 5.02532 3.19404 2.74111
    endloop
  endfacet
  facet normal 0.667363 0.565251 0.48489
    outer loop
      vertex 4.76769 2.98966 3.33395
      vertex 4.63984 2.75025 3.789
      vertex 4.92498 2.80411 3.33377
    endloop
  endfacet
  facet normal 0.667385 0.56522 0.484895
    outer loop
      vertex 4.76769 2.98966 3.33395
      vertex 4.41609 3.05253 3.74459
      vertex 4.52623 2.9007 3.76998
    endloop
  endfacet
  facet normal 0.667372 0.565254 0.484874
    outer loop
      vertex 4.56469 3.25684 3.30188
      vertex 4.30888 3.19991 3.72034
      vertex 4.41609 3.05253 3.74459
    endloop
  endfacet
  facet normal 0.667353 0.565282 0.484866
    outer loop
      vertex 4.56469 3.25684 3.30188
      vertex 4.20387 3.34047 3.701
      vertex 4.30888 3.19991 3.72034
    endloop
  endfacet
  facet normal 0.667371 0.565251 0.484879
    outer loop
      vertex 4.33758 3.55582 3.26592
      vertex 4.10022 3.47199 3.69034
      vertex 4.20387 3.34047 3.701
    endloop
  endfacet
  facet normal 0.66736 0.565248 0.484897
    outer loop
      vertex 4.12663 3.81164 3.25806
      vertex 3.99681 3.5892 3.69603
      vertex 4.10022 3.47199 3.69034
    endloop
  endfacet
  facet normal 0.667368 0.565251 0.484882
    outer loop
      vertex 5.44126 3.17897 2.1862
      vertex 5.15734 3.10056 2.66838
      vertex 5.25943 2.99883 2.64646
    endloop
  endfacet
  facet normal 0.667366 0.565254 0.484882
    outer loop
      vertex 5.44126 3.17897 2.1862
      vertex 5.25943 2.99883 2.64646
      vertex 5.60329 2.9061 2.28129
    endloop
  endfacet
  facet normal 0.667369 0.565259 0.484872
    outer loop
      vertex 5.60329 2.9061 2.28129
      vertex 5.33236 2.88543 2.67829
      vertex 5.70471 2.60257 2.49555
    endloop
  endfacet
  facet normal 0.667366 0.565238 0.4849
    outer loop
      vertex 5.70471 2.60257 2.49555
      vertex 5.33236 2.88543 2.67829
      vertex 5.37689 2.75695 2.76677
    endloop
  endfacet
  facet normal 0.66736 0.565251 0.484893
    outer loop
      vertex 5.37689 2.75695 2.76677
      vertex 5.3562 2.57958 3.00201
      vertex 5.73449 2.3163 2.78828
    endloop
  endfacet
  facet normal 0.667367 0.56525 0.484886
    outer loop
      vertex 5.3562 2.57958 3.00201
      vertex 5.1694 2.60667 3.22753
      vertex 5.51767 2.09624 3.34322
    endloop
  endfacet
  facet normal 0.66735 0.565261 0.484897
    outer loop
      vertex 4.92498 2.80411 3.33377
      vertex 4.87968 2.47349 3.78153
      vertex 5.0533 2.68239 3.29906
    endloop
  endfacet
  facet normal 0.667353 0.565257 0.484896
    outer loop
      vertex 5.0533 2.68239 3.29906
      vertex 4.87968 2.47349 3.78153
      vertex 5.00742 2.35223 3.74708
    endloop
  endfacet
  facet normal 0.667365 0.565248 0.48489
    outer loop
      vertex 4.92498 2.80411 3.33377
      vertex 4.63984 2.75025 3.789
      vertex 4.75739 2.60702 3.79418
    endloop
  endfacet
  facet normal 0.667364 0.56525 0.484889
    outer loop
      vertex 4.76769 2.98966 3.33395
      vertex 4.52623 2.9007 3.76998
      vertex 4.63984 2.75025 3.789
    endloop
  endfacet
  facet normal 0.667368 0.565258 0.484874
    outer loop
      vertex 4.56469 3.25684 3.30188
      vertex 4.41609 3.05253 3.74459
      vertex 4.76769 2.98966 3.33395
    endloop
  endfacet
  facet normal 0.667363 0.565259 0.48488
    outer loop
      vertex 4.33758 3.55582 3.26592
      vertex 4.20387 3.34047 3.701
      vertex 4.56469 3.25684 3.30188
    endloop
  endfacet
  facet normal 0.667387 0.565228 0.484883
    outer loop
      vertex 4.12663 3.81164 3.25806
      vertex 4.10022 3.47199 3.69034
      vertex 4.33758 3.55582 3.26592
    endloop
  endfacet
  facet normal 0.667363 0.565245 0.484897
    outer loop
      vertex 4.12663 3.81164 3.25806
      vertex 3.89249 3.68694 3.72567
      vertex 3.99681 3.5892 3.69603
    endloop
  endfacet
  facet normal 0.667361 0.565247 0.484896
    outer loop
      vertex 3.9255 4.02934 3.2811
      vertex 3.89249 3.68694 3.72567
      vertex 4.12663 3.81164 3.25806
    endloop
  endfacet
  facet normal 0.667373 0.565246 0.484881
    outer loop
      vertex 3.7278 4.21399 3.33794
      vertex 3.44185 4.35102 3.57177
      vertex 3.89249 3.68694 3.72567
    endloop
  endfacet
  facet normal 0.667372 0.565245 0.484884
    outer loop
      vertex 3.89249 3.68694 3.72567
      vertex 3.44185 4.35102 3.57177
      vertex 3.77414 2.86086 4.85155
    endloop
  endfacet
  facet normal -0.725815 0.347832 0.593469
    outer loop
      vertex 4.1129 2.69853 4.57454
      vertex 4.49647 3.11366 4.80034
      vertex 3.89249 3.68694 3.72567
    endloop
  endfacet
  facet normal -0.725798 0.347792 0.593513
    outer loop
      vertex 4.49647 3.11366 4.80034
      vertex 4.1129 2.69853 4.57454
      vertex 4.5134 3.03776 4.86552
    endloop
  endfacet
  facet normal -0.725813 0.347836 0.593469
    outer loop
      vertex 4.29298 4.02616 4.01665
      vertex 3.89249 3.68694 3.72567
      vertex 4.49647 3.11366 4.80034
    endloop
  endfacet
  facet normal 0.209863 0.481965 -0.850686
    outer loop
      vertex 3.89249 3.68694 3.72567
      vertex 4.30099 4.01865 4.01438
      vertex 3.99681 3.5892 3.69603
    endloop
  endfacet
  facet normal 0.210332 0.48151 -0.850828
    outer loop
      vertex 4.30099 4.01865 4.01438
      vertex 3.89249 3.68694 3.72567
      vertex 4.29298 4.02616 4.01665
    endloop
  endfacet
  facet normal 0.209815 0.481995 -0.850681
    outer loop
      vertex 4.3973 3.92842 3.98701
      vertex 3.99681 3.5892 3.69603
      vertex 4.30099 4.01865 4.01438
    endloop
  endfacet
  facet normal 0.342792 0.344853 -0.873825
    outer loop
      vertex 4.10022 3.47199 3.69034
      vertex 4.3973 3.92842 3.98701
      vertex 4.50071 3.81121 3.98132
    endloop
  endfacet
  facet normal 0.342792 0.344853 -0.873825
    outer loop
      vertex 4.3973 3.92842 3.98701
      vertex 4.10022 3.47199 3.69034
      vertex 3.99681 3.5892 3.69603
    endloop
  endfacet
  facet normal 0.415967 0.257121 -0.872273
    outer loop
      vertex 4.10022 3.47199 3.69034
      vertex 4.60436 3.6797 3.99198
      vertex 4.20387 3.34047 3.701
    endloop
  endfacet
  facet normal 0.415961 0.257136 -0.872272
    outer loop
      vertex 4.60436 3.6797 3.99198
      vertex 4.10022 3.47199 3.69034
      vertex 4.50071 3.81121 3.98132
    endloop
  endfacet
  facet normal 0.448031 0.215327 -0.8677
    outer loop
      vertex 4.20387 3.34047 3.701
      vertex 4.61243 3.6689 3.99346
      vertex 4.30888 3.19991 3.72034
    endloop
  endfacet
  facet normal 0.447779 0.215678 -0.867742
    outer loop
      vertex 4.61243 3.6689 3.99346
      vertex 4.20387 3.34047 3.701
      vertex 4.60436 3.6797 3.99198
    endloop
  endfacet
  facet normal 0.448069 0.215296 -0.867688
    outer loop
      vertex 4.70937 3.53913 4.01132
      vertex 4.30888 3.19991 3.72034
      vertex 4.61243 3.6689 3.99346
    endloop
  endfacet
  facet normal 0.463231 0.194713 -0.864583
    outer loop
      vertex 4.30888 3.19991 3.72034
      vertex 4.71761 3.52782 4.01318
      vertex 4.41609 3.05253 3.74459
    endloop
  endfacet
  facet normal 0.462962 0.195099 -0.86464
    outer loop
      vertex 4.71761 3.52782 4.01318
      vertex 4.30888 3.19991 3.72034
      vertex 4.70937 3.53913 4.01132
    endloop
  endfacet
  facet normal 0.463252 0.194695 -0.864576
    outer loop
      vertex 4.81658 3.39176 4.03557
      vertex 4.41609 3.05253 3.74459
      vertex 4.71761 3.52782 4.01318
    endloop
  endfacet
  facet normal 0.464758 0.192621 -0.864232
    outer loop
      vertex 4.41609 3.05253 3.74459
      vertex 4.82504 3.3801 4.03752
      vertex 4.52623 2.9007 3.76998
    endloop
  endfacet
  facet normal 0.464733 0.192657 -0.864238
    outer loop
      vertex 4.82504 3.3801 4.03752
      vertex 4.41609 3.05253 3.74459
      vertex 4.81658 3.39176 4.03557
    endloop
  endfacet
  facet normal 0.46474 0.192635 -0.864238
    outer loop
      vertex 4.92673 3.23993 4.06096
      vertex 4.52623 2.9007 3.76998
      vertex 4.82504 3.3801 4.03752
    endloop
  endfacet
  facet normal 0.441721 0.223723 -0.86881
    outer loop
      vertex 4.52623 2.9007 3.76998
      vertex 4.93546 3.22838 4.06242
      vertex 4.63984 2.75025 3.789
    endloop
  endfacet
  facet normal 0.44157 0.223932 -0.868833
    outer loop
      vertex 4.93546 3.22838 4.06242
      vertex 4.52623 2.9007 3.76998
      vertex 4.92673 3.23993 4.06096
    endloop
  endfacet
  facet normal 0.441738 0.223709 -0.868805
    outer loop
      vertex 5.04034 3.08948 4.07998
      vertex 4.63984 2.75025 3.789
      vertex 4.93546 3.22838 4.06242
    endloop
  endfacet
  facet normal 0.390451 0.288832 -0.874142
    outer loop
      vertex 4.63984 2.75025 3.789
      vertex 5.04937 3.07849 4.08038
      vertex 4.75739 2.60702 3.79418
    endloop
  endfacet
  facet normal 0.39037 0.288934 -0.874144
    outer loop
      vertex 5.04937 3.07849 4.08038
      vertex 4.63984 2.75025 3.789
      vertex 5.04034 3.08948 4.07998
    endloop
  endfacet
  facet normal 0.390483 0.288808 -0.874136
    outer loop
      vertex 5.1579 2.94625 4.08517
      vertex 4.75739 2.60702 3.79418
      vertex 5.04937 3.07849 4.08038
    endloop
  endfacet
  facet normal 0.317253 0.373232 -0.871807
    outer loop
      vertex 4.87968 2.47349 3.78153
      vertex 5.1579 2.94625 4.08517
      vertex 5.28019 2.81273 4.07251
    endloop
  endfacet
  facet normal 0.317313 0.373194 -0.871802
    outer loop
      vertex 5.1579 2.94625 4.08517
      vertex 4.87968 2.47349 3.78153
      vertex 4.75739 2.60702 3.79418
    endloop
  endfacet
  facet normal 0.219173 0.473173 -0.853271
    outer loop
      vertex 5.00742 2.35223 3.74708
      vertex 5.28019 2.81273 4.07251
      vertex 5.40792 2.69146 4.03807
    endloop
  endfacet
  facet normal 0.219095 0.473216 -0.853267
    outer loop
      vertex 5.28019 2.81273 4.07251
      vertex 5.00742 2.35223 3.74708
      vertex 4.87968 2.47349 3.78153
    endloop
  endfacet
  facet normal 0.0790703 0.593601 -0.800865
    outer loop
      vertex 5.14156 2.24846 3.68343
      vertex 5.49865 2.62128 3.99502
      vertex 5.54207 2.58769 3.97441
    endloop
  endfacet
  facet normal 0.0791205 0.593569 -0.800884
    outer loop
      vertex 5.49865 2.62128 3.99502
      vertex 5.14156 2.24846 3.68343
      vertex 5.40792 2.69146 4.03807
    endloop
  endfacet
  facet normal 0.0791473 0.593558 -0.80089
    outer loop
      vertex 5.40792 2.69146 4.03807
      vertex 5.14156 2.24846 3.68343
      vertex 5.00742 2.35223 3.74708
    endloop
  endfacet
  facet normal -0.0913328 0.708258 -0.70002
    outer loop
      vertex 5.28305 2.1675 3.58307
      vertex 5.54207 2.58769 3.97441
      vertex 5.55293 2.58148 3.96671
    endloop
  endfacet
  facet normal -0.091287 0.708247 -0.700038
    outer loop
      vertex 5.54207 2.58769 3.97441
      vertex 5.28305 2.1675 3.58307
      vertex 5.14156 2.24846 3.68343
    endloop
  endfacet
  facet normal -0.0912518 0.708236 -0.700053
    outer loop
      vertex 5.68355 2.50673 3.87406
      vertex 5.28305 2.1675 3.58307
      vertex 5.55293 2.58148 3.96671
    endloop
  endfacet
  facet normal -0.294573 0.798335 -0.52525
    outer loop
      vertex 5.70157 2.50126 3.85564
      vertex 5.28305 2.1675 3.58307
      vertex 5.68355 2.50673 3.87406
    endloop
  endfacet
  facet normal -0.294533 0.798321 -0.525294
    outer loop
      vertex 5.28305 2.1675 3.58307
      vertex 5.70157 2.50126 3.85564
      vertex 5.51767 2.09624 3.34322
    endloop
  endfacet
  facet normal -0.294545 0.79832 -0.525289
    outer loop
      vertex 5.91817 2.43547 3.6342
      vertex 5.51767 2.09624 3.34322
      vertex 5.70157 2.50126 3.85564
    endloop
  endfacet
  facet normal -0.563381 0.808996 -0.167715
    outer loop
      vertex 5.92988 2.43935 3.61358
      vertex 5.51767 2.09624 3.34322
      vertex 5.91817 2.43547 3.6342
    endloop
  endfacet
  facet normal -0.563327 0.809012 -0.167817
    outer loop
      vertex 5.51767 2.09624 3.34322
      vertex 5.92988 2.43935 3.61358
      vertex 5.67014 2.14668 3.07457
    endloop
  endfacet
  facet normal -0.563297 0.809028 -0.16784
    outer loop
      vertex 6.07064 2.4859 3.36555
      vertex 5.67014 2.14668 3.07457
      vertex 5.92988 2.43935 3.61358
    endloop
  endfacet
  facet normal -0.720128 0.655773 0.226665
    outer loop
      vertex 5.67014 2.14668 3.07457
      vertex 6.13498 2.65552 3.07925
      vertex 5.73449 2.3163 2.78828
    endloop
  endfacet
  facet normal -0.720125 0.65577 0.226681
    outer loop
      vertex 6.13498 2.65552 3.07925
      vertex 5.67014 2.14668 3.07457
      vertex 6.07064 2.4859 3.36555
    endloop
  endfacet
  facet normal -0.741193 0.440685 0.506388
    outer loop
      vertex 5.70471 2.60257 2.49555
      vertex 6.13498 2.65552 3.07925
      vertex 6.10519 2.94179 2.78652
    endloop
  endfacet
  facet normal -0.741186 0.440705 0.506382
    outer loop
      vertex 6.13498 2.65552 3.07925
      vertex 5.70471 2.60257 2.49555
      vertex 5.73449 2.3163 2.78828
    endloop
  endfacet
  facet normal -0.696621 0.243587 0.674822
    outer loop
      vertex 5.60329 2.9061 2.28129
      vertex 6.10519 2.94179 2.78652
      vertex 6.00377 3.24532 2.57226
    endloop
  endfacet
  facet normal -0.696621 0.243587 0.674822
    outer loop
      vertex 6.10519 2.94179 2.78652
      vertex 5.60329 2.9061 2.28129
      vertex 5.70471 2.60257 2.49555
    endloop
  endfacet
  facet normal -0.561616 -0.0455946 0.826141
    outer loop
      vertex 5.44126 3.17897 2.1862
      vertex 6.00377 3.24532 2.57226
      vertex 5.84174 3.51818 2.47717
    endloop
  endfacet
  facet normal -0.561616 -0.045593 0.826141
    outer loop
      vertex 6.00377 3.24532 2.57226
      vertex 5.44126 3.17897 2.1862
      vertex 5.60329 2.9061 2.28129
    endloop
  endfacet
  facet normal -0.312856 -0.378044 0.871323
    outer loop
      vertex 5.82498 3.53636 2.47904
      vertex 5.44126 3.17897 2.1862
      vertex 5.84174 3.51818 2.47717
    endloop
  endfacet
  facet normal -0.312836 -0.378064 0.871322
    outer loop
      vertex 5.44126 3.17897 2.1862
      vertex 5.82498 3.53636 2.47904
      vertex 5.22314 3.4156 2.21056
    endloop
  endfacet
  facet normal -0.31284 -0.378053 0.871325
    outer loop
      vertex 5.62362 3.75482 2.50153
      vertex 5.22314 3.4156 2.21056
      vertex 5.82498 3.53636 2.47904
    endloop
  endfacet
  facet normal -0.0360398 -0.625787 0.779161
    outer loop
      vertex 5.35388 3.94971 2.64558
      vertex 5.22314 3.4156 2.21056
      vertex 5.62362 3.75482 2.50153
    endloop
  endfacet
  facet normal -0.0360596 -0.625783 0.779163
    outer loop
      vertex 5.22314 3.4156 2.21056
      vertex 5.35388 3.94971 2.64558
      vertex 4.9534 3.6105 2.35461
    endloop
  endfacet
  facet normal 0.734066 -0.389486 -0.556281
    outer loop
      vertex 5.42581 3.53326 3.03208
      vertex 4.9534 3.6105 2.35461
      vertex 5.35388 3.94971 2.64558
    endloop
  endfacet
  facet normal 0.734062 -0.389493 -0.55628
    outer loop
      vertex 4.9534 3.6105 2.35461
      vertex 5.42581 3.53326 3.03208
      vertex 5.02532 3.19404 2.74111
    endloop
  endfacet
  facet normal 0.0240885 0.634446 -0.772592
    outer loop
      vertex 5.15734 3.10056 2.66838
      vertex 5.42581 3.53326 3.03208
      vertex 5.43595 3.52608 3.0265
    endloop
  endfacet
  facet normal 0.0237551 0.634573 -0.772498
    outer loop
      vertex 5.42581 3.53326 3.03208
      vertex 5.15734 3.10056 2.66838
      vertex 5.02532 3.19404 2.74111
    endloop
  endfacet
  facet normal 0.0237346 0.634588 -0.772486
    outer loop
      vertex 5.55782 3.43978 2.95935
      vertex 5.15734 3.10056 2.66838
      vertex 5.43595 3.52608 3.0265
    endloop
  endfacet
  facet normal 0.253361 0.439901 -0.861566
    outer loop
      vertex 5.15734 3.10056 2.66838
      vertex 5.56567 3.43197 2.95767
      vertex 5.25943 2.99883 2.64646
    endloop
  endfacet
  facet normal 0.253319 0.439944 -0.861556
    outer loop
      vertex 5.56567 3.43197 2.95767
      vertex 5.15734 3.10056 2.66838
      vertex 5.55782 3.43978 2.95935
    endloop
  endfacet
  facet normal 0.253403 0.439872 -0.861568
    outer loop
      vertex 5.65992 3.33805 2.93744
      vertex 5.25943 2.99883 2.64646
      vertex 5.56567 3.43197 2.95767
    endloop
  endfacet
  facet normal 0.526783 0.101922 -0.843867
    outer loop
      vertex 5.25943 2.99883 2.64646
      vertex 5.73284 3.22465 2.96926
      vertex 5.33236 2.88543 2.67829
    endloop
  endfacet
  facet normal 0.526774 0.101944 -0.84387
    outer loop
      vertex 5.73284 3.22465 2.96926
      vertex 5.25943 2.99883 2.64646
      vertex 5.65992 3.33805 2.93744
    endloop
  endfacet
  facet normal 0.692352 -0.231046 -0.683569
    outer loop
      vertex 5.73626 3.21478 2.97606
      vertex 5.33236 2.88543 2.67829
      vertex 5.73284 3.22465 2.96926
    endloop
  endfacet
  facet normal 0.692299 -0.230882 -0.683678
    outer loop
      vertex 5.33236 2.88543 2.67829
      vertex 5.73626 3.21478 2.97606
      vertex 5.37689 2.75695 2.76677
    endloop
  endfacet
  facet normal 0.692271 -0.230841 -0.68372
    outer loop
      vertex 5.77738 3.09617 3.05774
      vertex 5.37689 2.75695 2.76677
      vertex 5.73626 3.21478 2.97606
    endloop
  endfacet
  facet normal 0.741419 -0.565611 -0.361083
    outer loop
      vertex 5.77579 3.08255 3.07581
      vertex 5.37689 2.75695 2.76677
      vertex 5.77738 3.09617 3.05774
    endloop
  endfacet
  facet normal 0.741433 -0.565524 -0.361192
    outer loop
      vertex 5.37689 2.75695 2.76677
      vertex 5.77579 3.08255 3.07581
      vertex 5.3562 2.57958 3.00201
    endloop
  endfacet
  facet normal 0.741438 -0.565532 -0.361169
    outer loop
      vertex 5.75669 2.91881 3.29299
      vertex 5.3562 2.57958 3.00201
      vertex 5.77579 3.08255 3.07581
    endloop
  endfacet
  facet normal 0.388816 -0.819743 0.420529
    outer loop
      vertex 5.3562 2.57958 3.00201
      vertex 5.74234 2.92089 3.31031
      vertex 5.1694 2.60667 3.22753
    endloop
  endfacet
  facet normal 0.388786 -0.819739 0.420562
    outer loop
      vertex 5.74234 2.92089 3.31031
      vertex 5.3562 2.57958 3.00201
      vertex 5.75669 2.91881 3.29299
    endloop
  endfacet
  facet normal 0.388832 -0.819759 0.420481
    outer loop
      vertex 5.5699 2.94589 3.51851
      vertex 5.1694 2.60667 3.22753
      vertex 5.74234 2.92089 3.31031
    endloop
  endfacet
  facet normal 0.0239388 -0.667021 0.744654
    outer loop
      vertex 5.56098 2.95171 3.52401
      vertex 5.1694 2.60667 3.22753
      vertex 5.5699 2.94589 3.51851
    endloop
  endfacet
  facet normal 0.0238366 -0.666957 0.744715
    outer loop
      vertex 5.1694 2.60667 3.22753
      vertex 5.56098 2.95171 3.52401
      vertex 5.0533 2.68239 3.29906
    endloop
  endfacet
  facet normal 0.0238323 -0.666953 0.744719
    outer loop
      vertex 5.45379 3.02162 3.59005
      vertex 5.0533 2.68239 3.29906
      vertex 5.56098 2.95171 3.52401
    endloop
  endfacet
  facet normal -0.218706 -0.47362 0.853142
    outer loop
      vertex 5.44394 3.03096 3.59271
      vertex 5.0533 2.68239 3.29906
      vertex 5.45379 3.02162 3.59005
    endloop
  endfacet
  facet normal -0.218594 -0.473723 0.853114
    outer loop
      vertex 5.0533 2.68239 3.29906
      vertex 5.44394 3.03096 3.59271
      vertex 4.92498 2.80411 3.33377
    endloop
  endfacet
  facet normal -0.218621 -0.47368 0.853131
    outer loop
      vertex 5.32548 3.14334 3.62475
      vertex 4.92498 2.80411 3.33377
      vertex 5.44394 3.03096 3.59271
    endloop
  endfacet
  facet normal -0.369553 -0.313891 0.874587
    outer loop
      vertex 5.3134 3.15759 3.62476
      vertex 4.92498 2.80411 3.33377
      vertex 5.32548 3.14334 3.62475
    endloop
  endfacet
  facet normal -0.369438 -0.31402 0.87459
    outer loop
      vertex 4.92498 2.80411 3.33377
      vertex 5.3134 3.15759 3.62476
      vertex 4.76769 2.98966 3.33395
    endloop
  endfacet
  facet normal -0.369417 -0.314072 0.87458
    outer loop
      vertex 5.16819 3.32889 3.62494
      vertex 4.76769 2.98966 3.33395
      vertex 5.3134 3.15759 3.62476
    endloop
  endfacet
  facet normal -0.438261 -0.228321 0.869366
    outer loop
      vertex 5.1526 3.34941 3.62247
      vertex 4.76769 2.98966 3.33395
      vertex 5.16819 3.32889 3.62494
    endloop
  endfacet
  facet normal -0.438104 -0.228511 0.869395
    outer loop
      vertex 4.76769 2.98966 3.33395
      vertex 5.1526 3.34941 3.62247
      vertex 4.56469 3.25684 3.30188
    endloop
  endfacet
  facet normal -0.438097 -0.228542 0.86939
    outer loop
      vertex 4.96519 3.59606 3.59287
      vertex 4.56469 3.25684 3.30188
      vertex 5.1526 3.34941 3.62247
    endloop
  endfacet
  facet normal -0.438244 -0.228322 0.869374
    outer loop
      vertex 4.33758 3.55582 3.26592
      vertex 4.93954 3.62983 3.5888
      vertex 4.73808 3.89505 3.5569
    endloop
  endfacet
  facet normal -0.438242 -0.228331 0.869373
    outer loop
      vertex 4.56469 3.25684 3.30188
      vertex 4.93954 3.62983 3.5888
      vertex 4.33758 3.55582 3.26592
    endloop
  endfacet
  facet normal -0.438367 -0.228187 0.869348
    outer loop
      vertex 4.93954 3.62983 3.5888
      vertex 4.56469 3.25684 3.30188
      vertex 4.96519 3.59606 3.59287
    endloop
  endfacet
  facet normal -0.38733 -0.29263 0.874267
    outer loop
      vertex 4.72188 3.9147 3.5563
      vertex 4.33758 3.55582 3.26592
      vertex 4.73808 3.89505 3.5569
    endloop
  endfacet
  facet normal -0.38738 -0.292573 0.874264
    outer loop
      vertex 4.33758 3.55582 3.26592
      vertex 4.72188 3.9147 3.5563
      vertex 4.12663 3.81164 3.25806
    endloop
  endfacet
  facet normal -0.387384 -0.29256 0.874267
    outer loop
      vertex 4.52712 4.15086 3.54903
      vertex 4.12663 3.81164 3.25806
      vertex 4.72188 3.9147 3.5563
    endloop
  endfacet
  facet normal -0.31122 -0.379801 0.871144
    outer loop
      vertex 4.51167 4.16758 3.5508
      vertex 4.12663 3.81164 3.25806
      vertex 4.52712 4.15086 3.54903
    endloop
  endfacet
  facet normal -0.311258 -0.379764 0.871148
    outer loop
      vertex 4.12663 3.81164 3.25806
      vertex 4.51167 4.16758 3.5508
      vertex 3.9255 4.02934 3.2811
    endloop
  endfacet
  facet normal -0.311248 -0.379791 0.871139
    outer loop
      vertex 4.32599 4.36856 3.57208
      vertex 3.9255 4.02934 3.2811
      vertex 4.51167 4.16758 3.5508
    endloop
  endfacet
  facet normal -0.207749 -0.483928 0.850091
    outer loop
      vertex 4.3108 4.38274 3.57644
      vertex 3.9255 4.02934 3.2811
      vertex 4.32599 4.36856 3.57208
    endloop
  endfacet
  facet normal -0.207659 -0.484007 0.850068
    outer loop
      vertex 3.9255 4.02934 3.2811
      vertex 4.3108 4.38274 3.57644
      vertex 3.7278 4.21399 3.33794
    endloop
  endfacet
  facet normal -0.207665 -0.483994 0.850074
    outer loop
      vertex 4.12828 4.55321 3.62891
      vertex 3.7278 4.21399 3.33794
      vertex 4.3108 4.38274 3.57644
    endloop
  endfacet
  facet normal 0.166855 -0.747995 0.642389
    outer loop
      vertex 3.7278 4.21399 3.33794
      vertex 4.10632 4.56374 3.64687
      vertex 3.44185 4.35102 3.57177
    endloop
  endfacet
  facet normal 0.166774 -0.747961 0.642449
    outer loop
      vertex 4.10632 4.56374 3.64687
      vertex 3.7278 4.21399 3.33794
      vertex 4.12828 4.55321 3.62891
    endloop
  endfacet
  facet normal 0.166858 -0.748001 0.642381
    outer loop
      vertex 3.84233 4.69024 3.86274
      vertex 3.44185 4.35102 3.57177
      vertex 4.10632 4.56374 3.64687
    endloop
  endfacet
  facet normal 0.725814 -0.347832 -0.59347
    outer loop
      vertex 4.17464 3.20009 5.14253
      vertex 3.44185 4.35102 3.57177
      vertex 3.84233 4.69024 3.86274
    endloop
  endfacet
  facet normal 0.725808 -0.347839 -0.593473
    outer loop
      vertex 3.44185 4.35102 3.57177
      vertex 4.17464 3.20009 5.14253
      vertex 3.77414 2.86086 4.85155
    endloop
  endfacet
  facet normal -0.166853 0.748002 -0.642381
    outer loop
      vertex 4.1129 2.69853 4.57454
      vertex 4.17464 3.20009 5.14253
      vertex 4.5134 3.03776 4.86552
    endloop
  endfacet
  facet normal -0.166853 0.748002 -0.642381
    outer loop
      vertex 4.17464 3.20009 5.14253
      vertex 4.1129 2.69853 4.57454
      vertex 3.77414 2.86086 4.85155
    endloop
  endfacet
  facet normal 0.667381 0.565226 -0.484894
    outer loop
      vertex 4.83898 3.09519 -3.1128
      vertex 4.46372 3.29865 -3.39212
      vertex 4.62167 3.36267 -3.1001
    endloop
  endfacet
  facet normal 0.667364 0.565265 -0.484872
    outer loop
      vertex 4.38024 3.4527 -3.32743
      vertex 4.2736 3.57264 -3.33438
      vertex 4.52038 3.60472 -2.95732
    endloop
  endfacet
  facet normal 0.66735 0.56528 -0.484873
    outer loop
      vertex 4.62167 3.36267 -3.1001
      vertex 4.38024 3.4527 -3.32743
      vertex 4.52038 3.60472 -2.95732
    endloop
  endfacet
  facet normal 0.66736 0.565257 -0.484887
    outer loop
      vertex 4.2736 3.57264 -3.33438
      vertex 4.14617 3.65665 -3.41183
      vertex 4.21319 3.98376 -2.93826
    endloop
  endfacet
  facet normal 0.667369 0.56525 -0.484883
    outer loop
      vertex 4.14617 3.65665 -3.41183
      vertex 4.02417 4.10387 -3.0584
      vertex 4.21319 3.98376 -2.93826
    endloop
  endfacet
  facet normal 0.667362 0.565251 -0.48489
    outer loop
      vertex 5.68088 2.17208 -3.03018
      vertex 5.36852 2.58025 -2.98427
      vertex 5.74404 2.34261 -2.74446
    endloop
  endfacet
  facet normal 0.667363 0.565247 -0.484895
    outer loop
      vertex 5.74404 2.34261 -2.74446
      vertex 5.36852 2.58025 -2.98427
      vertex 5.40045 2.64847 -2.8608
    endloop
  endfacet
  facet normal 0.667369 0.565248 -0.484884
    outer loop
      vertex 5.05475 3.17674 -2.72078
      vertex 5.01003 3.58286 -2.3089
      vertex 5.17267 3.10386 -2.64344
    endloop
  endfacet
  facet normal 0.667378 0.565241 -0.48488
    outer loop
      vertex 5.45599 3.20109 -2.14014
      vertex 5.17267 3.10386 -2.64344
      vertex 5.25057 3.42558 -2.16118
    endloop
  endfacet
  facet normal 0.667355 0.565272 -0.484876
    outer loop
      vertex 5.71836 2.60901 -2.46926
      vertex 5.34581 2.8913 -2.65292
      vertex 5.61552 2.92403 -2.24355
    endloop
  endfacet
  facet normal 0.667369 0.565251 -0.484882
    outer loop
      vertex 5.53534 2.10381 -3.31008
      vertex 5.29765 2.55736 -3.1085
      vertex 5.68088 2.17208 -3.03018
    endloop
  endfacet
  facet normal 0.667365 0.565251 -0.484887
    outer loop
      vertex 5.53534 2.10381 -3.31008
      vertex 5.18979 2.58289 -3.22719
      vertex 5.29765 2.55736 -3.1085
    endloop
  endfacet
  facet normal 0.667373 0.565221 -0.48491
    outer loop
      vertex 4.83898 3.09519 -3.1128
      vertex 4.62753 3.35986 -3.09531
      vertex 4.8678 3.18398 -2.96964
    endloop
  endfacet
  facet normal 0.667363 0.565264 -0.484874
    outer loop
      vertex 4.85656 2.9437 -3.26521
      vertex 4.52164 3.11229 -3.52964
      vertex 4.83898 3.09519 -3.1128
    endloop
  endfacet
  facet normal 0.667363 0.565259 -0.48488
    outer loop
      vertex 4.04851 3.20033 -4.0782
      vertex 3.69252 3.31287 -4.43697
      vertex 3.92025 3.4774 -3.93173
    endloop
  endfacet
  facet normal 0.667364 0.56525 -0.484889
    outer loop
      vertex 5.31384 2.14415 -3.56791
      vertex 5.18979 2.58289 -3.22719
      vertex 5.53534 2.10381 -3.31008
    endloop
  endfacet
  facet normal 0.667361 0.565251 -0.484892
    outer loop
      vertex 4.94056 3.21086 -2.83816
      vertex 4.71793 3.61821 -2.66971
      vertex 4.84022 3.63807 -2.47825
    endloop
  endfacet
  facet normal 0.667372 0.565257 -0.48487
    outer loop
      vertex 5.68088 2.17208 -3.03018
      vertex 5.29765 2.55736 -3.1085
      vertex 5.36852 2.58025 -2.98427
    endloop
  endfacet
  facet normal 0.667371 0.565251 -0.484879
    outer loop
      vertex 4.8678 3.18398 -2.96964
      vertex 4.64606 3.52493 -2.87737
      vertex 4.94056 3.21086 -2.83816
    endloop
  endfacet
  facet normal 0.667362 0.565246 -0.484897
    outer loop
      vertex 5.74404 2.34261 -2.74446
      vertex 5.40045 2.64847 -2.8608
      vertex 5.71836 2.60901 -2.46926
    endloop
  endfacet
  facet normal 0.667356 0.565287 -0.484857
    outer loop
      vertex 5.39155 2.75888 -2.74435
      vertex 5.34581 2.8913 -2.65292
      vertex 5.71836 2.60901 -2.46926
    endloop
  endfacet
  facet normal 0.667371 0.565228 -0.484906
    outer loop
      vertex 5.40045 2.64847 -2.8608
      vertex 5.39155 2.75888 -2.74435
      vertex 5.71836 2.60901 -2.46926
    endloop
  endfacet
  facet normal 0.667379 0.565233 -0.484889
    outer loop
      vertex 5.34581 2.8913 -2.65292
      vertex 5.27126 3.00752 -2.62005
      vertex 5.61552 2.92403 -2.24355
    endloop
  endfacet
  facet normal 0.667378 0.565242 -0.48488
    outer loop
      vertex 5.27126 3.00752 -2.62005
      vertex 5.17267 3.10386 -2.64344
      vertex 5.45599 3.20109 -2.14014
    endloop
  endfacet
  facet normal 0.667373 0.565247 -0.48488
    outer loop
      vertex 5.61552 2.92403 -2.24355
      vertex 5.27126 3.00752 -2.62005
      vertex 5.45599 3.20109 -2.14014
    endloop
  endfacet
  facet normal 0.66737 0.565248 -0.484883
    outer loop
      vertex 5.17267 3.10386 -2.64344
      vertex 5.01003 3.58286 -2.3089
      vertex 5.25057 3.42558 -2.16118
    endloop
  endfacet
  facet normal 0.667348 0.565257 -0.484903
    outer loop
      vertex 4.94056 3.21086 -2.83816
      vertex 4.84022 3.63807 -2.47825
      vertex 5.05475 3.17674 -2.72078
    endloop
  endfacet
  facet normal 0.667358 0.565255 -0.484891
    outer loop
      vertex 5.05475 3.17674 -2.72078
      vertex 4.84022 3.63807 -2.47825
      vertex 5.01003 3.58286 -2.3089
    endloop
  endfacet
  facet normal 0.66737 0.56525 -0.484881
    outer loop
      vertex 4.94056 3.21086 -2.83816
      vertex 4.64606 3.52493 -2.87737
      vertex 4.71793 3.61821 -2.66971
    endloop
  endfacet
  facet normal 0.667375 0.565253 -0.484871
    outer loop
      vertex 4.8678 3.18398 -2.96964
      vertex 4.62753 3.35986 -3.09531
      vertex 4.64606 3.52493 -2.87737
    endloop
  endfacet
  facet normal 0.667386 0.56523 -0.484882
    outer loop
      vertex 4.83898 3.09519 -3.1128
      vertex 4.62167 3.36267 -3.1001
      vertex 4.62753 3.35986 -3.09531
    endloop
  endfacet
  facet normal 0.667376 0.565233 -0.484893
    outer loop
      vertex 4.88757 2.80464 -3.38463
      vertex 4.55467 2.96417 -3.65685
      vertex 4.85656 2.9437 -3.26521
    endloop
  endfacet
  facet normal 0.667365 0.565253 -0.484885
    outer loop
      vertex 4.55467 2.96417 -3.65685
      vertex 4.52164 3.11229 -3.52964
      vertex 4.85656 2.9437 -3.26521
    endloop
  endfacet
  facet normal 0.667366 0.565257 -0.484879
    outer loop
      vertex 3.94066 3.67953 -3.66801
      vertex 3.61924 4.12242 -3.59409
      vertex 4.01927 3.69856 -3.53763
    endloop
  endfacet
  facet normal 0.66738 0.565232 -0.484889
    outer loop
      vertex 4.52164 3.11229 -3.52964
      vertex 4.46372 3.29865 -3.39212
      vertex 4.83898 3.09519 -3.1128
    endloop
  endfacet
  facet normal 0.667357 0.56526 -0.484888
    outer loop
      vertex 4.46372 3.29865 -3.39212
      vertex 4.38024 3.4527 -3.32743
      vertex 4.62167 3.36267 -3.1001
    endloop
  endfacet
  facet normal 0.667347 0.565264 -0.484896
    outer loop
      vertex 4.2736 3.57264 -3.33438
      vertex 4.21319 3.98376 -2.93826
      vertex 4.3814 3.81457 -2.90399
    endloop
  endfacet
  facet normal 0.667388 0.565225 -0.484885
    outer loop
      vertex 4.52038 3.60472 -2.95732
      vertex 4.2736 3.57264 -3.33438
      vertex 4.3814 3.81457 -2.90399
    endloop
  endfacet
  facet normal 0.667364 0.565252 -0.484887
    outer loop
      vertex 4.14617 3.65665 -3.41183
      vertex 4.01927 3.69856 -3.53763
      vertex 4.02417 4.10387 -3.0584
    endloop
  endfacet
  facet normal 0.667359 0.565248 -0.484899
    outer loop
      vertex 4.01927 3.69856 -3.53763
      vertex 3.61924 4.12242 -3.59409
      vertex 3.77776 4.17807 -3.31105
    endloop
  endfacet
  facet normal 0.667371 0.565247 -0.484883
    outer loop
      vertex 4.01927 3.69856 -3.53763
      vertex 3.77776 4.17807 -3.31105
      vertex 4.02417 4.10387 -3.0584
    endloop
  endfacet
  facet normal 0.667365 0.565257 -0.484881
    outer loop
      vertex 3.94066 3.67953 -3.66801
      vertex 3.55353 3.94132 -3.89565
      vertex 3.61924 4.12242 -3.59409
    endloop
  endfacet
  facet normal 0.667365 0.565252 -0.484886
    outer loop
      vertex 3.90834 3.60425 -3.80025
      vertex 3.55353 3.94132 -3.89565
      vertex 3.94066 3.67953 -3.66801
    endloop
  endfacet
  facet normal 0.667369 0.565262 -0.484867
    outer loop
      vertex 3.58555 3.63915 -4.20385
      vertex 3.55353 3.94132 -3.89565
      vertex 3.90834 3.60425 -3.80025
    endloop
  endfacet
  facet normal 0.667382 0.565238 -0.484879
    outer loop
      vertex 3.92025 3.4774 -3.93173
      vertex 3.58555 3.63915 -4.20385
      vertex 3.90834 3.60425 -3.80025
    endloop
  endfacet
  facet normal 0.667373 0.565243 -0.484885
    outer loop
      vertex 4.08342 2.76987 -4.53195
      vertex 4.04851 3.20033 -4.0782
      vertex 4.2958 2.98565 -3.9881
    endloop
  endfacet
  facet normal 0.667364 0.565253 -0.484886
    outer loop
      vertex 4.35551 2.57097 -4.38933
      vertex 4.08342 2.76987 -4.53195
      vertex 4.2958 2.98565 -3.9881
    endloop
  endfacet
  facet normal 0.667359 0.565251 -0.484894
    outer loop
      vertex 4.08342 2.76987 -4.53195
      vertex 3.86045 3.02013 -4.54709
      vertex 4.04851 3.20033 -4.0782
    endloop
  endfacet
  facet normal 0.66737 0.565239 -0.484894
    outer loop
      vertex 3.86045 3.02013 -4.54709
      vertex 3.69252 3.31287 -4.43697
      vertex 4.04851 3.20033 -4.0782
    endloop
  endfacet
  facet normal 0.667382 0.565236 -0.484881
    outer loop
      vertex 3.69252 3.31287 -4.43697
      vertex 3.58555 3.63915 -4.20385
      vertex 3.92025 3.4774 -3.93173
    endloop
  endfacet
  facet normal 0.721742 -0.651428 0.233944
    outer loop
      vertex 3.55353 3.94132 -3.89565
      vertex 4.01973 4.46164 -3.88507
      vertex 3.61924 4.12242 -3.59409
    endloop
  endfacet
  facet normal 0.721741 -0.651427 0.233951
    outer loop
      vertex 4.01973 4.46164 -3.88507
      vertex 3.55353 3.94132 -3.89565
      vertex 3.95402 4.28054 -4.18662
    endloop
  endfacet
  facet normal 0.568056 -0.807406 -0.159398
    outer loop
      vertex 3.61924 4.12242 -3.59409
      vertex 4.03191 4.46591 -3.86333
      vertex 3.77776 4.17807 -3.31105
    endloop
  endfacet
  facet normal 0.567949 -0.807441 -0.159606
    outer loop
      vertex 4.03191 4.46591 -3.86333
      vertex 3.61924 4.12242 -3.59409
      vertex 4.01973 4.46164 -3.88507
    endloop
  endfacet
  facet normal 0.568113 -0.807374 -0.159355
    outer loop
      vertex 4.17824 4.5173 -3.60202
      vertex 3.77776 4.17807 -3.31105
      vertex 4.03191 4.46591 -3.86333
    endloop
  endfacet
  facet normal 0.296259 -0.79883 -0.523547
    outer loop
      vertex 3.77776 4.17807 -3.31105
      vertex 4.19717 4.5116 -3.58262
      vertex 4.02417 4.10387 -3.0584
    endloop
  endfacet
  facet normal 0.296148 -0.79879 -0.52367
    outer loop
      vertex 4.19717 4.5116 -3.58262
      vertex 3.77776 4.17807 -3.31105
      vertex 4.17824 4.5173 -3.60202
    endloop
  endfacet
  facet normal 0.296222 -0.798833 -0.523562
    outer loop
      vertex 4.42466 4.44309 -3.34938
      vertex 4.02417 4.10387 -3.0584
      vertex 4.19717 4.5116 -3.58262
    endloop
  endfacet
  facet normal 0.0380828 -0.676126 -0.735802
    outer loop
      vertex 4.21319 3.98376 -2.93826
      vertex 4.52352 4.38027 -3.28655
      vertex 4.61368 4.32298 -3.22924
    endloop
  endfacet
  facet normal 0.0380255 -0.676102 -0.735826
    outer loop
      vertex 4.52352 4.38027 -3.28655
      vertex 4.21319 3.98376 -2.93826
      vertex 4.42466 4.44309 -3.34938
    endloop
  endfacet
  facet normal 0.0380575 -0.676109 -0.735818
    outer loop
      vertex 4.42466 4.44309 -3.34938
      vertex 4.21319 3.98376 -2.93826
      vertex 4.02417 4.10387 -3.0584
    endloop
  endfacet
  facet normal -0.25999 -0.433277 -0.862946
    outer loop
      vertex 4.21319 3.98376 -2.93826
      vertex 4.6266 4.30999 -3.22661
      vertex 4.3814 3.81457 -2.90399
    endloop
  endfacet
  facet normal -0.259977 -0.433291 -0.862943
    outer loop
      vertex 4.6266 4.30999 -3.22661
      vertex 4.21319 3.98376 -2.93826
      vertex 4.61368 4.32298 -3.22924
    endloop
  endfacet
  facet normal -0.259955 -0.433295 -0.862948
    outer loop
      vertex 4.78189 4.15379 -3.19496
      vertex 4.3814 3.81457 -2.90399
      vertex 4.6266 4.30999 -3.22661
    endloop
  endfacet
  facet normal -0.512643 -0.123587 -0.849661
    outer loop
      vertex 4.3814 3.81457 -2.90399
      vertex 4.79256 4.13767 -3.19906
      vertex 4.52038 3.60472 -2.95732
    endloop
  endfacet
  facet normal -0.512799 -0.123337 -0.849603
    outer loop
      vertex 4.79256 4.13767 -3.19906
      vertex 4.3814 3.81457 -2.90399
      vertex 4.78189 4.15379 -3.19496
    endloop
  endfacet
  facet normal -0.512648 -0.123584 -0.849658
    outer loop
      vertex 4.92087 3.94395 -3.2483
      vertex 4.52038 3.60472 -2.95732
      vertex 4.79256 4.13767 -3.19906
    endloop
  endfacet
  facet normal -0.663076 0.154564 -0.732421
    outer loop
      vertex 4.52038 3.60472 -2.95732
      vertex 4.92865 3.92536 -3.25927
      vertex 4.62167 3.36267 -3.1001
    endloop
  endfacet
  facet normal -0.663111 0.154658 -0.732369
    outer loop
      vertex 4.92865 3.92536 -3.25927
      vertex 4.52038 3.60472 -2.95732
      vertex 4.92087 3.94395 -3.2483
    endloop
  endfacet
  facet normal -0.663066 0.154556 -0.732432
    outer loop
      vertex 5.02216 3.70189 -3.39108
      vertex 4.62167 3.36267 -3.1001
      vertex 4.92865 3.92536 -3.25927
    endloop
  endfacet
  facet normal 0.166609 -0.747894 -0.64257
    outer loop
      vertex 5.02216 3.70189 -3.39108
      vertex 4.62753 3.35986 -3.09531
      vertex 4.62167 3.36267 -3.1001
    endloop
  endfacet
  facet normal 0.173388 -0.751006 -0.637124
    outer loop
      vertex 4.62753 3.35986 -3.09531
      vertex 5.02216 3.70189 -3.39108
      vertex 5.02261 3.70168 -3.39071
    endloop
  endfacet
  facet normal 0.166685 -0.74792 -0.642519
    outer loop
      vertex 5.02802 3.69908 -3.38628
      vertex 4.62753 3.35986 -3.09531
      vertex 5.02261 3.70168 -3.39071
    endloop
  endfacet
  facet normal 0.741661 -0.563558 0.363786
    outer loop
      vertex 4.62753 3.35986 -3.09531
      vertex 5.02944 3.71176 -3.36955
      vertex 4.64606 3.52493 -2.87737
    endloop
  endfacet
  facet normal 0.741675 -0.563375 0.364042
    outer loop
      vertex 5.02944 3.71176 -3.36955
      vertex 4.62753 3.35986 -3.09531
      vertex 5.02802 3.69908 -3.38628
    endloop
  endfacet
  facet normal 0.741657 -0.563568 0.363779
    outer loop
      vertex 5.04655 3.86415 -3.16835
      vertex 4.64606 3.52493 -2.87737
      vertex 5.02944 3.71176 -3.36955
    endloop
  endfacet
  facet normal 0.681171 -0.726498 0.0905907
    outer loop
      vertex 4.64606 3.52493 -2.87737
      vertex 5.11842 3.95743 -2.96068
      vertex 4.71793 3.61821 -2.66971
    endloop
  endfacet
  facet normal 0.68117 -0.726499 0.0905866
    outer loop
      vertex 5.11842 3.95743 -2.96068
      vertex 4.64606 3.52493 -2.87737
      vertex 5.04655 3.86415 -3.16835
    endloop
  endfacet
  facet normal 0.516795 -0.820303 -0.245
    outer loop
      vertex 4.71793 3.61821 -2.66971
      vertex 5.12781 3.95895 -2.94598
      vertex 4.84022 3.63807 -2.47825
    endloop
  endfacet
  facet normal 0.516667 -0.820321 -0.245212
    outer loop
      vertex 5.12781 3.95895 -2.94598
      vertex 4.71793 3.61821 -2.66971
      vertex 5.11842 3.95743 -2.96068
    endloop
  endfacet
  facet normal 0.51683 -0.82029 -0.24497
    outer loop
      vertex 5.2407 3.97729 -2.76922
      vertex 4.84022 3.63807 -2.47825
      vertex 5.12781 3.95895 -2.94598
    endloop
  endfacet
  facet normal 0.280205 -0.793817 -0.539759
    outer loop
      vertex 4.84022 3.63807 -2.47825
      vertex 5.25375 3.97304 -2.75621
      vertex 5.01003 3.58286 -2.3089
    endloop
  endfacet
  facet normal 0.279918 -0.793712 -0.540062
    outer loop
      vertex 5.25375 3.97304 -2.75621
      vertex 4.84022 3.63807 -2.47825
      vertex 5.2407 3.97729 -2.76922
    endloop
  endfacet
  facet normal 0.280218 -0.793817 -0.539753
    outer loop
      vertex 5.4105 3.92207 -2.59987
      vertex 5.01003 3.58286 -2.3089
      vertex 5.25375 3.97304 -2.75621
    endloop
  endfacet
  facet normal 0.02253 -0.666037 -0.745578
    outer loop
      vertex 5.25057 3.42558 -2.16118
      vertex 5.4105 3.92207 -2.59987
      vertex 5.42899 3.90999 -2.58852
    endloop
  endfacet
  facet normal 0.0224039 -0.666016 -0.7456
    outer loop
      vertex 5.4105 3.92207 -2.59987
      vertex 5.25057 3.42558 -2.16118
      vertex 5.01003 3.58286 -2.3089
    endloop
  endfacet
  facet normal 0.0224229 -0.666017 -0.7456
    outer loop
      vertex 5.65105 3.76479 -2.45214
      vertex 5.25057 3.42558 -2.16118
      vertex 5.42899 3.90999 -2.58852
    endloop
  endfacet
  facet normal -0.31785 -0.37258 -0.871869
    outer loop
      vertex 5.45599 3.20109 -2.14014
      vertex 5.65105 3.76479 -2.45214
      vertex 5.85647 3.54031 -2.4311
    endloop
  endfacet
  facet normal -0.317862 -0.372575 -0.871867
    outer loop
      vertex 5.65105 3.76479 -2.45214
      vertex 5.45599 3.20109 -2.14014
      vertex 5.25057 3.42558 -2.16118
    endloop
  endfacet
  facet normal -0.573758 -0.0248147 -0.818649
    outer loop
      vertex 5.45599 3.20109 -2.14014
      vertex 5.86873 3.51902 -2.43905
      vertex 5.61552 2.92403 -2.24355
    endloop
  endfacet
  facet normal -0.573798 -0.0247395 -0.818623
    outer loop
      vertex 5.86873 3.51902 -2.43905
      vertex 5.45599 3.20109 -2.14014
      vertex 5.85647 3.54031 -2.4311
    endloop
  endfacet
  facet normal -0.573774 -0.0248046 -0.818638
    outer loop
      vertex 6.016 3.26325 -2.53452
      vertex 5.61552 2.92403 -2.24355
      vertex 5.86873 3.51902 -2.43905
    endloop
  endfacet
  facet normal -0.699101 0.251094 -0.669485
    outer loop
      vertex 6.02391 3.23904 -2.55186
      vertex 5.61552 2.92403 -2.24355
      vertex 6.016 3.26325 -2.53452
    endloop
  endfacet
  facet normal -0.699164 0.251326 -0.669331
    outer loop
      vertex 5.61552 2.92403 -2.24355
      vertex 6.02391 3.23904 -2.55186
      vertex 5.71836 2.60901 -2.46926
    endloop
  endfacet
  facet normal -0.69918 0.251336 -0.669311
    outer loop
      vertex 6.11884 2.94823 -2.76023
      vertex 5.71836 2.60901 -2.46926
      vertex 6.02391 3.23904 -2.55186
    endloop
  endfacet
  facet normal -0.741723 0.445971 -0.500956
    outer loop
      vertex 6.12081 2.92776 -2.78137
      vertex 5.71836 2.60901 -2.46926
      vertex 6.11884 2.94823 -2.76023
    endloop
  endfacet
  facet normal -0.741724 0.445988 -0.50094
    outer loop
      vertex 5.71836 2.60901 -2.46926
      vertex 6.12081 2.92776 -2.78137
      vertex 5.74404 2.34261 -2.74446
    endloop
  endfacet
  facet normal -0.741722 0.445986 -0.500944
    outer loop
      vertex 6.14453 2.68183 -3.03544
      vertex 5.74404 2.34261 -2.74446
      vertex 6.12081 2.92776 -2.78137
    endloop
  endfacet
  facet normal -0.721035 0.653359 -0.230719
    outer loop
      vertex 6.13968 2.66873 -3.05738
      vertex 5.74404 2.34261 -2.74446
      vertex 6.14453 2.68183 -3.03544
    endloop
  endfacet
  facet normal -0.721006 0.653428 -0.230612
    outer loop
      vertex 5.74404 2.34261 -2.74446
      vertex 6.13968 2.66873 -3.05738
      vertex 5.68088 2.17208 -3.03018
    endloop
  endfacet
  facet normal -0.721011 0.653435 -0.230577
    outer loop
      vertex 6.08137 2.51131 -3.32116
      vertex 5.68088 2.17208 -3.03018
      vertex 6.13968 2.66873 -3.05738
    endloop
  endfacet
  facet normal -0.592735 0.797328 0.11373
    outer loop
      vertex 6.08137 2.51131 -3.32116
      vertex 5.53534 2.10381 -3.31008
      vertex 5.68088 2.17208 -3.03018
    endloop
  endfacet
  facet normal -0.592736 0.797329 0.113709
    outer loop
      vertex 5.53534 2.10381 -3.31008
      vertex 6.08137 2.51131 -3.32116
      vertex 5.93584 2.44304 -3.60106
    endloop
  endfacet
  facet normal -0.368633 0.816443 0.444445
    outer loop
      vertex 5.71434 2.48339 -3.8589
      vertex 5.53534 2.10381 -3.31008
      vertex 5.93584 2.44304 -3.60106
    endloop
  endfacet
  facet normal -0.368644 0.816441 0.444439
    outer loop
      vertex 5.53534 2.10381 -3.31008
      vertex 5.71434 2.48339 -3.8589
      vertex 5.31384 2.14415 -3.56791
    endloop
  endfacet
  facet normal 0.712135 -0.293807 0.637606
    outer loop
      vertex 5.31384 2.14415 -3.56791
      vertex 5.70481 2.51707 -3.83274
      vertex 5.18979 2.58289 -3.22719
    endloop
  endfacet
  facet normal 0.712121 -0.293768 0.637639
    outer loop
      vertex 5.70481 2.51707 -3.83274
      vertex 5.31384 2.14415 -3.56791
      vertex 5.71434 2.48339 -3.8589
    endloop
  endfacet
  facet normal 0.712132 -0.293817 0.637604
    outer loop
      vertex 5.59028 2.92212 -3.51817
      vertex 5.18979 2.58289 -3.22719
      vertex 5.70481 2.51707 -3.83274
    endloop
  endfacet
  facet normal 0.336908 -0.809788 -0.48035
    outer loop
      vertex 5.18979 2.58289 -3.22719
      vertex 5.59857 2.92016 -3.50906
      vertex 5.29765 2.55736 -3.1085
    endloop
  endfacet
  facet normal 0.336691 -0.809732 -0.480597
    outer loop
      vertex 5.59857 2.92016 -3.50906
      vertex 5.18979 2.58289 -3.22719
      vertex 5.59028 2.92212 -3.51817
    endloop
  endfacet
  facet normal 0.336931 -0.809789 -0.480333
    outer loop
      vertex 5.69814 2.89659 -3.39948
      vertex 5.29765 2.55736 -3.1085
      vertex 5.59857 2.92016 -3.50906
    endloop
  endfacet
  facet normal 0.561453 -0.809623 -0.171118
    outer loop
      vertex 5.29765 2.55736 -3.1085
      vertex 5.76901 2.91948 -3.27525
      vertex 5.36852 2.58025 -2.98427
    endloop
  endfacet
  facet normal 0.561453 -0.809623 -0.171118
    outer loop
      vertex 5.76901 2.91948 -3.27525
      vertex 5.29765 2.55736 -3.1085
      vertex 5.69814 2.89659 -3.39948
    endloop
  endfacet
  facet normal 0.711265 -0.676762 0.18999
    outer loop
      vertex 5.36852 2.58025 -2.98427
      vertex 5.80094 2.98769 -3.15178
      vertex 5.40045 2.64847 -2.8608
    endloop
  endfacet
  facet normal 0.711262 -0.676778 0.189944
    outer loop
      vertex 5.80094 2.98769 -3.15178
      vertex 5.36852 2.58025 -2.98427
      vertex 5.76901 2.91948 -3.27525
    endloop
  endfacet
  facet normal 0.742667 -0.456719 0.489749
    outer loop
      vertex 5.39155 2.75888 -2.74435
      vertex 5.80094 2.98769 -3.15178
      vertex 5.79204 3.0981 -3.03532
    endloop
  endfacet
  facet normal 0.74267 -0.456694 0.489767
    outer loop
      vertex 5.80094 2.98769 -3.15178
      vertex 5.39155 2.75888 -2.74435
      vertex 5.40045 2.64847 -2.8608
    endloop
  endfacet
  facet normal 0.692688 -0.231705 0.683006
    outer loop
      vertex 5.34581 2.8913 -2.65292
      vertex 5.79204 3.0981 -3.03532
      vertex 5.78852 3.10827 -3.0283
    endloop
  endfacet
  facet normal 0.69273 -0.232166 0.682806
    outer loop
      vertex 5.79204 3.0981 -3.03532
      vertex 5.34581 2.8913 -2.65292
      vertex 5.39155 2.75888 -2.74435
    endloop
  endfacet
  facet normal 0.692741 -0.232198 0.682784
    outer loop
      vertex 5.7463 3.23052 -2.94389
      vertex 5.34581 2.8913 -2.65292
      vertex 5.78852 3.10827 -3.0283
    endloop
  endfacet
  facet normal 0.527739 0.100617 0.843426
    outer loop
      vertex 5.27126 3.00752 -2.62005
      vertex 5.7463 3.23052 -2.94389
      vertex 5.74057 3.23945 -2.94137
    endloop
  endfacet
  facet normal 0.527932 0.10012 0.843365
    outer loop
      vertex 5.7463 3.23052 -2.94389
      vertex 5.27126 3.00752 -2.62005
      vertex 5.34581 2.8913 -2.65292
    endloop
  endfacet
  facet normal 0.527954 0.100084 0.843355
    outer loop
      vertex 5.67175 3.34674 -2.91102
      vertex 5.27126 3.00752 -2.62005
      vertex 5.74057 3.23945 -2.94137
    endloop
  endfacet
  facet normal 0.239385 0.453686 0.858408
    outer loop
      vertex 5.66418 3.35414 -2.91282
      vertex 5.27126 3.00752 -2.62005
      vertex 5.67175 3.34674 -2.91102
    endloop
  endfacet
  facet normal 0.239534 0.453545 0.85844
    outer loop
      vertex 5.27126 3.00752 -2.62005
      vertex 5.66418 3.35414 -2.91282
      vertex 5.17267 3.10386 -2.64344
    endloop
  endfacet
  facet normal 0.239533 0.453547 0.85844
    outer loop
      vertex 5.57315 3.44308 -2.93441
      vertex 5.17267 3.10386 -2.64344
      vertex 5.66418 3.35414 -2.91282
    endloop
  endfacet
  facet normal -0.05268 0.685262 0.726389
    outer loop
      vertex 5.56409 3.44868 -2.94035
      vertex 5.17267 3.10386 -2.64344
      vertex 5.57315 3.44308 -2.93441
    endloop
  endfacet
  facet normal -0.052799 0.685333 0.726314
    outer loop
      vertex 5.17267 3.10386 -2.64344
      vertex 5.56409 3.44868 -2.94035
      vertex 5.05475 3.17674 -2.72078
    endloop
  endfacet
  facet normal -0.0528087 0.685343 0.726304
    outer loop
      vertex 5.45524 3.51596 -3.01175
      vertex 5.05475 3.17674 -2.72078
      vertex 5.56409 3.44868 -2.94035
    endloop
  endfacet
  facet normal -0.297914 0.799334 0.521836
    outer loop
      vertex 5.44647 3.51858 -3.02077
      vertex 5.05475 3.17674 -2.72078
      vertex 5.45524 3.51596 -3.01175
    endloop
  endfacet
  facet normal -0.297751 0.799289 0.521997
    outer loop
      vertex 5.05475 3.17674 -2.72078
      vertex 5.44647 3.51858 -3.02077
      vertex 4.94056 3.21086 -2.83816
    endloop
  endfacet
  facet normal -0.297715 0.799264 0.522056
    outer loop
      vertex 5.34105 3.55009 -3.12913
      vertex 4.94056 3.21086 -2.83816
      vertex 5.44647 3.51858 -3.02077
    endloop
  endfacet
  facet normal -0.572395 0.805833 0.151645
    outer loop
      vertex 5.33546 3.54802 -3.13923
      vertex 4.94056 3.21086 -2.83816
      vertex 5.34105 3.55009 -3.12913
    endloop
  endfacet
  facet normal -0.57224 0.805893 0.151915
    outer loop
      vertex 4.94056 3.21086 -2.83816
      vertex 5.33546 3.54802 -3.13923
      vertex 4.8678 3.18398 -2.96964
    endloop
  endfacet
  facet normal -0.572254 0.805891 0.151875
    outer loop
      vertex 5.26829 3.5232 -3.26062
      vertex 4.8678 3.18398 -2.96964
      vertex 5.33546 3.54802 -3.13923
    endloop
  endfacet
  facet normal -0.725399 0.640779 -0.251394
    outer loop
      vertex 4.83898 3.09519 -3.1128
      vertex 5.26829 3.5232 -3.26062
      vertex 5.23948 3.43442 -3.40378
    endloop
  endfacet
  facet normal -0.725399 0.640781 -0.25139
    outer loop
      vertex 5.26829 3.5232 -3.26062
      vertex 4.83898 3.09519 -3.1128
      vertex 4.8678 3.18398 -2.96964
    endloop
  endfacet
  facet normal -0.740255 0.432223 -0.514981
    outer loop
      vertex 5.24083 3.42278 -3.41549
      vertex 4.83898 3.09519 -3.1128
      vertex 5.23948 3.43442 -3.40378
    endloop
  endfacet
  facet normal -0.740254 0.432213 -0.51499
    outer loop
      vertex 4.83898 3.09519 -3.1128
      vertex 5.24083 3.42278 -3.41549
      vertex 4.85656 2.9437 -3.26521
    endloop
  endfacet
  facet normal -0.740254 0.432213 -0.514991
    outer loop
      vertex 5.25706 3.28293 -3.55619
      vertex 4.85656 2.9437 -3.26521
      vertex 5.24083 3.42278 -3.41549
    endloop
  endfacet
  facet normal -0.725809 0.347842 -0.593471
    outer loop
      vertex 5.28807 3.14387 -3.67562
      vertex 4.85656 2.9437 -3.26521
      vertex 5.25706 3.28293 -3.55619
    endloop
  endfacet
  facet normal -0.72581 0.347812 -0.593486
    outer loop
      vertex 4.85656 2.9437 -3.26521
      vertex 5.28807 3.14387 -3.67562
      vertex 4.88757 2.80464 -3.38463
    endloop
  endfacet
  facet normal -0.166804 0.747988 0.64241
    outer loop
      vertex 5.26251 3.15612 -3.69652
      vertex 4.88757 2.80464 -3.38463
      vertex 5.28807 3.14387 -3.67562
    endloop
  endfacet
  facet normal -0.16684 0.748002 0.642384
    outer loop
      vertex 4.88757 2.80464 -3.38463
      vertex 5.26251 3.15612 -3.69652
      vertex 4.55467 2.96417 -3.65685
    endloop
  endfacet
  facet normal -0.166832 0.74798 0.642412
    outer loop
      vertex 5.18031 3.19551 -3.76373
      vertex 4.55467 2.96417 -3.65685
      vertex 5.26251 3.15612 -3.69652
    endloop
  endfacet
  facet normal -0.166842 0.747996 0.64239
    outer loop
      vertex 4.55467 2.96417 -3.65685
      vertex 5.18031 3.19551 -3.76373
      vertex 4.95517 3.3034 -3.94783
    endloop
  endfacet
  facet normal 0.725809 -0.34784 0.593472
    outer loop
      vertex 4.52164 3.11229 -3.52964
      vertex 4.95517 3.3034 -3.94783
      vertex 4.92214 3.45152 -3.82062
    endloop
  endfacet
  facet normal 0.725809 -0.34784 0.593472
    outer loop
      vertex 4.95517 3.3034 -3.94783
      vertex 4.52164 3.11229 -3.52964
      vertex 4.55467 2.96417 -3.65685
    endloop
  endfacet
  facet normal 0.704099 -0.266785 0.658081
    outer loop
      vertex 4.52164 3.11229 -3.52964
      vertex 4.91769 3.46583 -3.81006
      vertex 4.46372 3.29865 -3.39212
    endloop
  endfacet
  facet normal 0.704076 -0.266719 0.658133
    outer loop
      vertex 4.91769 3.46583 -3.81006
      vertex 4.52164 3.11229 -3.52964
      vertex 4.92214 3.45152 -3.82062
    endloop
  endfacet
  facet normal 0.704099 -0.26676 0.658091
    outer loop
      vertex 4.86421 3.63788 -3.6831
      vertex 4.46372 3.29865 -3.39212
      vertex 4.91769 3.46583 -3.81006
    endloop
  endfacet
  facet normal 0.595738 -0.0145784 0.803047
    outer loop
      vertex 4.38024 3.4527 -3.32743
      vertex 4.86421 3.63788 -3.6831
      vertex 4.8578 3.64971 -3.67813
    endloop
  endfacet
  facet normal 0.595701 -0.0144235 0.803077
    outer loop
      vertex 4.86421 3.63788 -3.6831
      vertex 4.38024 3.4527 -3.32743
      vertex 4.46372 3.29865 -3.39212
    endloop
  endfacet
  facet normal 0.595704 -0.014447 0.803074
    outer loop
      vertex 4.78074 3.79193 -3.61841
      vertex 4.38024 3.4527 -3.32743
      vertex 4.8578 3.64971 -3.67813
    endloop
  endfacet
  facet normal 0.337545 0.350761 0.873516
    outer loop
      vertex 4.6741 3.91186 -3.62536
      vertex 4.38024 3.4527 -3.32743
      vertex 4.78074 3.79193 -3.61841
    endloop
  endfacet
  facet normal 0.337564 0.350748 0.873514
    outer loop
      vertex 4.38024 3.4527 -3.32743
      vertex 4.6741 3.91186 -3.62536
      vertex 4.2736 3.57264 -3.33438
    endloop
  endfacet
  facet normal -0.01714 0.662561 0.748812
    outer loop
      vertex 4.66431 3.91832 -3.6313
      vertex 4.2736 3.57264 -3.33438
      vertex 4.6741 3.91186 -3.62536
    endloop
  endfacet
  facet normal -0.0178035 0.662979 0.748426
    outer loop
      vertex 4.2736 3.57264 -3.33438
      vertex 4.66431 3.91832 -3.6313
      vertex 4.14617 3.65665 -3.41183
    endloop
  endfacet
  facet normal -0.0178449 0.663026 0.748384
    outer loop
      vertex 4.54667 3.99587 -3.70281
      vertex 4.14617 3.65665 -3.41183
      vertex 4.66431 3.91832 -3.6313
    endloop
  endfacet
  facet normal -0.27668 0.792665 0.543259
    outer loop
      vertex 4.41976 4.03779 -3.82861
      vertex 4.14617 3.65665 -3.41183
      vertex 4.54667 3.99587 -3.70281
    endloop
  endfacet
  facet normal -0.276732 0.792668 0.543228
    outer loop
      vertex 4.14617 3.65665 -3.41183
      vertex 4.41976 4.03779 -3.82861
      vertex 4.01927 3.69856 -3.53763
    endloop
  endfacet
  facet normal -0.540493 0.815525 0.206847
    outer loop
      vertex 4.41976 4.03779 -3.82861
      vertex 3.94066 3.67953 -3.66801
      vertex 4.01927 3.69856 -3.53763
    endloop
  endfacet
  facet normal -0.540493 0.815525 0.206847
    outer loop
      vertex 3.94066 3.67953 -3.66801
      vertex 4.41976 4.03779 -3.82861
      vertex 4.34115 4.01876 -3.95899
    endloop
  endfacet
  facet normal -0.715201 0.66781 -0.206199
    outer loop
      vertex 3.90834 3.60425 -3.80025
      vertex 4.34115 4.01876 -3.95899
      vertex 4.33867 4.01297 -3.96914
    endloop
  endfacet
  facet normal -0.715176 0.668049 -0.205507
    outer loop
      vertex 4.34115 4.01876 -3.95899
      vertex 3.90834 3.60425 -3.80025
      vertex 3.94066 3.67953 -3.66801
    endloop
  endfacet
  facet normal -0.715164 0.668078 -0.205457
    outer loop
      vertex 4.30883 3.94348 -4.09123
      vertex 3.90834 3.60425 -3.80025
      vertex 4.33867 4.01297 -3.96914
    endloop
  endfacet
  facet normal -0.741917 0.447987 -0.498865
    outer loop
      vertex 4.30974 3.93374 -4.10133
      vertex 3.90834 3.60425 -3.80025
      vertex 4.30883 3.94348 -4.09123
    endloop
  endfacet
  facet normal -0.741898 0.447707 -0.499145
    outer loop
      vertex 3.90834 3.60425 -3.80025
      vertex 4.30974 3.93374 -4.10133
      vertex 3.92025 3.4774 -3.93173
    endloop
  endfacet
  facet normal -0.741872 0.447652 -0.499234
    outer loop
      vertex 4.32075 3.81662 -4.22271
      vertex 3.92025 3.4774 -3.93173
      vertex 4.30974 3.93374 -4.10133
    endloop
  endfacet
  facet normal -0.641218 0.10501 -0.76014
    outer loop
      vertex 3.92025 3.4774 -3.93173
      vertex 4.3306 3.79534 -4.23396
      vertex 4.04851 3.20033 -4.0782
    endloop
  endfacet
  facet normal -0.641231 0.105041 -0.760124
    outer loop
      vertex 4.3306 3.79534 -4.23396
      vertex 3.92025 3.4774 -3.93173
      vertex 4.32075 3.81662 -4.22271
    endloop
  endfacet
  facet normal -0.641216 0.105008 -0.760142
    outer loop
      vertex 4.44901 3.53955 -4.36918
      vertex 4.04851 3.20033 -4.0782
      vertex 4.3306 3.79534 -4.23396
    endloop
  endfacet
  facet normal -0.156521 -0.530064 -0.833387
    outer loop
      vertex 4.04851 3.20033 -4.0782
      vertex 4.468 3.52307 -4.36226
      vertex 4.2958 2.98565 -3.9881
    endloop
  endfacet
  facet normal -0.156416 -0.530163 -0.833344
    outer loop
      vertex 4.468 3.52307 -4.36226
      vertex 4.04851 3.20033 -4.0782
      vertex 4.44901 3.53955 -4.36918
    endloop
  endfacet
  facet normal -0.156563 -0.530051 -0.833387
    outer loop
      vertex 4.6963 3.32487 -4.27909
      vertex 4.2958 2.98565 -3.9881
      vertex 4.468 3.52307 -4.36226
    endloop
  endfacet
  facet normal -0.737578 0.411642 -0.535286
    outer loop
      vertex 4.70089 3.29303 -4.3099
      vertex 4.2958 2.98565 -3.9881
      vertex 4.6963 3.32487 -4.27909
    endloop
  endfacet
  facet normal -0.73758 0.411684 -0.535249
    outer loop
      vertex 4.2958 2.98565 -3.9881
      vertex 4.70089 3.29303 -4.3099
      vertex 4.35551 2.57097 -4.38933
    endloop
  endfacet
  facet normal -0.737573 0.411681 -0.535262
    outer loop
      vertex 4.75602 2.9102 -4.68031
      vertex 4.35551 2.57097 -4.38933
      vertex 4.70089 3.29303 -4.3099
    endloop
  endfacet
  facet normal 0.0432148 0.620573 0.782957
    outer loop
      vertex 4.48392 3.1091 -4.82294
      vertex 4.35551 2.57097 -4.38933
      vertex 4.75602 2.9102 -4.68031
    endloop
  endfacet
  facet normal 0.0432408 0.620568 0.782959
    outer loop
      vertex 4.35551 2.57097 -4.38933
      vertex 4.48392 3.1091 -4.82294
      vertex 4.08342 2.76987 -4.53195
    endloop
  endfacet
  facet normal 0.336164 0.352332 0.873416
    outer loop
      vertex 4.4668 3.12831 -4.8241
      vertex 4.08342 2.76987 -4.53195
      vertex 4.48392 3.1091 -4.82294
    endloop
  endfacet
  facet normal 0.336157 0.352339 0.873416
    outer loop
      vertex 4.08342 2.76987 -4.53195
      vertex 4.4668 3.12831 -4.8241
      vertex 3.86045 3.02013 -4.54709
    endloop
  endfacet
  facet normal 0.336162 0.352322 0.873421
    outer loop
      vertex 4.26094 3.35936 -4.83807
      vertex 3.86045 3.02013 -4.54709
      vertex 4.4668 3.12831 -4.8241
    endloop
  endfacet
  facet normal 0.575153 0.022412 0.817739
    outer loop
      vertex 4.24805 3.38184 -4.82962
      vertex 3.86045 3.02013 -4.54709
      vertex 4.26094 3.35936 -4.83807
    endloop
  endfacet
  facet normal 0.575188 0.0223559 0.817716
    outer loop
      vertex 3.86045 3.02013 -4.54709
      vertex 4.24805 3.38184 -4.82962
      vertex 3.69252 3.31287 -4.43697
    endloop
  endfacet
  facet normal 0.575191 0.022321 0.817714
    outer loop
      vertex 4.09301 3.6521 -4.72794
      vertex 3.69252 3.31287 -4.43697
      vertex 4.24805 3.38184 -4.82962
    endloop
  endfacet
  facet normal 0.698707 -0.249881 0.67035
    outer loop
      vertex 3.69252 3.31287 -4.43697
      vertex 4.08479 3.67716 -4.71004
      vertex 3.58555 3.63915 -4.20385
    endloop
  endfacet
  facet normal 0.69865 -0.249736 0.670463
    outer loop
      vertex 4.08479 3.67716 -4.71004
      vertex 3.69252 3.31287 -4.43697
      vertex 4.09301 3.6521 -4.72794
    endloop
  endfacet
  facet normal 0.698706 -0.249886 0.670348
    outer loop
      vertex 3.98603 3.97837 -4.49482
      vertex 3.58555 3.63915 -4.20385
      vertex 4.08479 3.67716 -4.71004
    endloop
  endfacet
  facet normal 0.741047 -0.439359 0.507753
    outer loop
      vertex 3.58555 3.63915 -4.20385
      vertex 3.98358 4.00158 -4.47115
      vertex 3.55353 3.94132 -3.89565
    endloop
  endfacet
  facet normal 0.741065 -0.439468 0.507632
    outer loop
      vertex 3.98358 4.00158 -4.47115
      vertex 3.58555 3.63915 -4.20385
      vertex 3.98603 3.97837 -4.49482
    endloop
  endfacet
  facet normal 0.741045 -0.439364 0.507751
    outer loop
      vertex 3.95402 4.28054 -4.18662
      vertex 3.55353 3.94132 -3.89565
      vertex 3.98358 4.00158 -4.47115
    endloop
  endfacet
  facet normal 0.254937 -0.565285 -0.784513
    outer loop
      vertex 1.76121 -4.27283 -4.61939
      vertex 1.42815 -4.12596 -4.83345
      vertex 1.64064 -3.84183 -4.96913
    endloop
  endfacet
  facet normal 0.254937 -0.565285 -0.784513
    outer loop
      vertex 1.76121 -4.27283 -4.61939
      vertex 1.64064 -3.84183 -4.96913
      vertex 1.9737 -3.9887 -4.75507
    endloop
  endfacet
  facet normal 0.254918 -0.565293 -0.784513
    outer loop
      vertex 2.27661 -3.58365 -4.9485
      vertex 1.94356 -3.43678 -5.16255
      vertex 2.40922 -2.81413 -5.4599
    endloop
  endfacet
  facet normal 0.254928 -0.565275 -0.784523
    outer loop
      vertex 2.40922 -2.81413 -5.4599
      vertex 1.24763 -2.95907 -5.73292
      vertex 2.66484 -2.46662 -5.62723
    endloop
  endfacet
  facet normal 0.254931 -0.565287 -0.784513
    outer loop
      vertex 2.43105 -4.19038 -4.46113
      vertex 1.9737 -3.9887 -4.75507
      vertex 2.27661 -3.58365 -4.9485
    endloop
  endfacet
  facet normal 0.254917 -0.565291 -0.784514
    outer loop
      vertex 2.43105 -4.19038 -4.46113
      vertex 2.27661 -3.58365 -4.9485
      vertex 2.73396 -3.78534 -4.65456
    endloop
  endfacet
  facet normal 0.254925 -0.565284 -0.784517
    outer loop
      vertex 1.9737 -3.9887 -4.75507
      vertex 1.94356 -3.43678 -5.16255
      vertex 2.27661 -3.58365 -4.9485
    endloop
  endfacet
  facet normal 0.25494 -0.565281 -0.784514
    outer loop
      vertex 1.94356 -3.43678 -5.16255
      vertex 1.9737 -3.9887 -4.75507
      vertex 1.64064 -3.84183 -4.96913
    endloop
  endfacet
  facet normal 0.254946 -0.565283 -0.784511
    outer loop
      vertex 3.0011 -2.6149 -5.41111
      vertex 2.40922 -2.81413 -5.4599
      vertex 2.66484 -2.46662 -5.62723
    endloop
  endfacet
  facet normal 0.254948 -0.565384 -0.784437
    outer loop
      vertex 0.932528 -3.00425 -5.80275
      vertex 0.185715 -3.20024 -5.90421
      vertex 0.883249 -2.98729 -5.83099
    endloop
  endfacet
  facet normal 0.254949 -0.565292 -0.784503
    outer loop
      vertex 3.0011 -2.6149 -5.41111
      vertex 2.27661 -3.58365 -4.9485
      vertex 2.40922 -2.81413 -5.4599
    endloop
  endfacet
  facet normal 0.254928 -0.565278 -0.784521
    outer loop
      vertex 1.24763 -2.95907 -5.73292
      vertex 0.540614 -2.72568 -6.13083
      vertex 2.66484 -2.46662 -5.62723
    endloop
  endfacet
  facet normal 0.254931 -0.565283 -0.784516
    outer loop
      vertex 1.64064 -3.84183 -4.96913
      vertex 0.185715 -3.20024 -5.90421
      vertex 1.20891 -3.11282 -5.63471
    endloop
  endfacet
  facet normal 0.254925 -0.565283 -0.784518
    outer loop
      vertex 1.03366 -2.98026 -5.78718
      vertex 0.540614 -2.72568 -6.13083
      vertex 1.24763 -2.95907 -5.73292
    endloop
  endfacet
  facet normal 0.254926 -0.565282 -0.784518
    outer loop
      vertex 0.883249 -2.98729 -5.83099
      vertex 0.185715 -3.20024 -5.90421
      vertex 0.540614 -2.72568 -6.13083
    endloop
  endfacet
  facet normal 0.254926 -0.565282 -0.784518
    outer loop
      vertex 0.883249 -2.98729 -5.83099
      vertex 0.540614 -2.72568 -6.13083
      vertex 1.03366 -2.98026 -5.78718
    endloop
  endfacet
  facet normal 0.25492 -0.565202 -0.784578
    outer loop
      vertex 1.01855 -3.0359 -5.752
      vertex 0.185715 -3.20024 -5.90421
      vertex 0.932528 -3.00425 -5.80275
    endloop
  endfacet
  facet normal 0.254928 -0.565346 -0.784471
    outer loop
      vertex 1.1183 -3.07462 -5.69168
      vertex 0.185715 -3.20024 -5.90421
      vertex 1.01855 -3.0359 -5.752
    endloop
  endfacet
  facet normal 0.25493 -0.565294 -0.784508
    outer loop
      vertex 1.20891 -3.11282 -5.63471
      vertex 0.185715 -3.20024 -5.90421
      vertex 1.1183 -3.07462 -5.69168
    endloop
  endfacet
  facet normal 0.254937 -0.56528 -0.784516
    outer loop
      vertex 1.64064 -3.84183 -4.96913
      vertex 1.20891 -3.11282 -5.63471
      vertex 1.94356 -3.43678 -5.16255
    endloop
  endfacet
  facet normal -0.78873 0.347808 -0.506888
    outer loop
      vertex 2.12665 -4.3279 -5.22581
      vertex 1.76121 -4.27283 -4.61939
      vertex 1.9737 -3.9887 -4.75507
    endloop
  endfacet
  facet normal -0.788733 0.347797 -0.506889
    outer loop
      vertex 1.76121 -4.27283 -4.61939
      vertex 2.12665 -4.3279 -5.22581
      vertex 1.91416 -4.61204 -5.09013
    endloop
  endfacet
  facet normal 0.559415 0.747966 -0.357214
    outer loop
      vertex 1.91416 -4.61204 -5.09013
      vertex 1.42815 -4.12596 -4.83345
      vertex 1.76121 -4.27283 -4.61939
    endloop
  endfacet
  facet normal 0.559414 0.747966 -0.357217
    outer loop
      vertex 1.69883 -4.51708 -5.22851
      vertex 1.42815 -4.12596 -4.83345
      vertex 1.91416 -4.61204 -5.09013
    endloop
  endfacet
  facet normal 0.559422 0.747963 -0.357209
    outer loop
      vertex 1.42815 -4.12596 -4.83345
      vertex 1.69883 -4.51708 -5.22851
      vertex 1.5811 -4.46516 -5.30417
    endloop
  endfacet
  facet normal 0.78873 -0.347809 0.506886
    outer loop
      vertex 1.76067 -4.22503 -5.41884
      vertex 1.64064 -3.84183 -4.96913
      vertex 1.42815 -4.12596 -4.83345
    endloop
  endfacet
  facet normal 0.788648 -0.347906 0.506947
    outer loop
      vertex 1.64064 -3.84183 -4.96913
      vertex 1.76067 -4.22503 -5.41884
      vertex 1.79359 -4.18102 -5.43985
    endloop
  endfacet
  facet normal 0.788746 -0.347771 0.506888
    outer loop
      vertex 1.76067 -4.22503 -5.41884
      vertex 1.42815 -4.12596 -4.83345
      vertex 1.5811 -4.46516 -5.30417
    endloop
  endfacet
  facet normal 0.559283 0.74803 -0.357287
    outer loop
      vertex 1.77201 -4.17151 -5.45372
      vertex 1.64064 -3.84183 -4.96913
      vertex 1.79359 -4.18102 -5.43985
    endloop
  endfacet
  facet normal 0.559415 0.747968 -0.357209
    outer loop
      vertex 1.77201 -4.17151 -5.45372
      vertex 0.185715 -3.20024 -5.90421
      vertex 1.64064 -3.84183 -4.96913
    endloop
  endfacet
  facet normal 0.559415 0.747967 -0.35721
    outer loop
      vertex 0.185715 -3.20024 -5.90421
      vertex 1.77201 -4.17151 -5.45372
      vertex 0.33864 -3.53939 -6.37487
    endloop
  endfacet
  facet normal 0.788735 -0.347796 0.506888
    outer loop
      vertex 0.185715 -3.20024 -5.90421
      vertex 0.365971 -3.50284 -6.39232
      vertex 0.540614 -2.72568 -6.13083
    endloop
  endfacet
  facet normal 0.788737 -0.347792 0.506887
    outer loop
      vertex 0.365971 -3.50284 -6.39232
      vertex 0.185715 -3.20024 -5.90421
      vertex 0.33864 -3.53939 -6.37487
    endloop
  endfacet
  facet normal 0.788734 -0.347796 0.506889
    outer loop
      vertex 0.540614 -2.72568 -6.13083
      vertex 0.365971 -3.50284 -6.39232
      vertex 0.693537 -3.06482 -6.60148
    endloop
  endfacet
  facet normal -0.037051 -0.816423 0.576265
    outer loop
      vertex 0.540614 -2.72568 -6.13083
      vertex 0.857154 -3.04487 -6.56269
      vertex 2.66484 -2.46662 -5.62723
    endloop
  endfacet
  facet normal -0.0370696 -0.816428 0.576256
    outer loop
      vertex 0.857154 -3.04487 -6.56269
      vertex 0.540614 -2.72568 -6.13083
      vertex 0.693537 -3.06482 -6.60148
    endloop
  endfacet
  facet normal -0.0370468 -0.816425 0.576262
    outer loop
      vertex 2.66484 -2.46662 -5.62723
      vertex 2.04114 -2.9005 -6.28203
      vertex 2.81778 -2.80579 -6.09792
    endloop
  endfacet
  facet normal -0.0370506 -0.816423 0.576265
    outer loop
      vertex 2.04114 -2.9005 -6.28203
      vertex 2.66484 -2.46662 -5.62723
      vertex 0.857154 -3.04487 -6.56269
    endloop
  endfacet
  facet normal -0.559417 -0.747964 0.357215
    outer loop
      vertex 2.66484 -2.46662 -5.62723
      vertex 3.15404 -2.95409 -5.88182
      vertex 3.0011 -2.6149 -5.41111
    endloop
  endfacet
  facet normal -0.559428 -0.747965 0.357196
    outer loop
      vertex 3.15404 -2.95409 -5.88182
      vertex 2.66484 -2.46662 -5.62723
      vertex 2.81778 -2.80579 -6.09792
    endloop
  endfacet
  facet normal -0.788729 0.347802 -0.506892
    outer loop
      vertex 3.15404 -2.95409 -5.88182
      vertex 2.27661 -3.58365 -4.9485
      vertex 3.0011 -2.6149 -5.41111
    endloop
  endfacet
  facet normal -0.788729 0.347792 -0.506899
    outer loop
      vertex 2.27661 -3.58365 -4.9485
      vertex 3.15404 -2.95409 -5.88182
      vertex 2.42956 -3.92285 -5.41922
    endloop
  endfacet
  facet normal -0.559426 -0.74796 0.357207
    outer loop
      vertex 2.27661 -3.58365 -4.9485
      vertex 2.46472 -3.93836 -5.39663
      vertex 2.73396 -3.78534 -4.65456
    endloop
  endfacet
  facet normal -0.559439 -0.747955 0.357198
    outer loop
      vertex 2.46472 -3.93836 -5.39663
      vertex 2.27661 -3.58365 -4.9485
      vertex 2.42956 -3.92285 -5.41922
    endloop
  endfacet
  facet normal -0.559415 -0.74797 0.357205
    outer loop
      vertex 2.73396 -3.78534 -4.65456
      vertex 2.46472 -3.93836 -5.39663
      vertex 2.88692 -4.12455 -5.1253
    endloop
  endfacet
  facet normal -0.788651 0.347896 -0.50695
    outer loop
      vertex 2.86364 -4.15567 -5.11044
      vertex 2.73396 -3.78534 -4.65456
      vertex 2.88692 -4.12455 -5.1253
    endloop
  endfacet
  facet normal -0.788737 0.34779 -0.506889
    outer loop
      vertex 2.73396 -3.78534 -4.65456
      vertex 2.86364 -4.15567 -5.11044
      vertex 2.43105 -4.19038 -4.46113
    endloop
  endfacet
  facet normal -0.788735 0.347798 -0.506887
    outer loop
      vertex 2.584 -4.5296 -4.93188
      vertex 2.43105 -4.19038 -4.46113
      vertex 2.86364 -4.15567 -5.11044
    endloop
  endfacet
  facet normal 0.559543 0.747907 -0.357138
    outer loop
      vertex 2.54887 -4.5141 -4.95446
      vertex 2.43105 -4.19038 -4.46113
      vertex 2.584 -4.5296 -4.93188
    endloop
  endfacet
  facet normal 0.559415 0.747968 -0.357209
    outer loop
      vertex 2.43105 -4.19038 -4.46113
      vertex 2.54887 -4.5141 -4.95446
      vertex 1.9737 -3.9887 -4.75507
    endloop
  endfacet
  facet normal 0.559419 0.74797 -0.3572
    outer loop
      vertex 2.12665 -4.3279 -5.22581
      vertex 1.9737 -3.9887 -4.75507
      vertex 2.54887 -4.5141 -4.95446
    endloop
  endfacet
  facet normal 0.0338058 0.816025 -0.577028
    outer loop
      vertex 1.97202 -3.22693 -6.06929
      vertex 2.40922 -2.81413 -5.4599
      vertex 2.56215 -3.1533 -5.93059
    endloop
  endfacet
  facet normal 0.0338027 0.816026 -0.577026
    outer loop
      vertex 2.40922 -2.81413 -5.4599
      vertex 1.97202 -3.22693 -6.06929
      vertex 1.24763 -2.95907 -5.73292
    endloop
  endfacet
  facet normal 0.0337968 0.81602 -0.577035
    outer loop
      vertex 1.24763 -2.95907 -5.73292
      vertex 1.97202 -3.22693 -6.06929
      vertex 1.40056 -3.29823 -6.20359
    endloop
  endfacet
  facet normal 0.0633571 0.819328 -0.569813
    outer loop
      vertex 1.18659 -3.31942 -6.25785
      vertex 1.24763 -2.95907 -5.73292
      vertex 1.40056 -3.29823 -6.20359
    endloop
  endfacet
  facet normal 0.0633571 0.819328 -0.569813
    outer loop
      vertex 1.24763 -2.95907 -5.73292
      vertex 1.18659 -3.31942 -6.25785
      vertex 1.03366 -2.98026 -5.78718
    endloop
  endfacet
  facet normal 0.122758 0.823665 -0.553631
    outer loop
      vertex 1.04776 -3.3259 -6.29828
      vertex 0.883249 -2.98729 -5.83099
      vertex 1.03366 -2.98026 -5.78718
    endloop
  endfacet
  facet normal 0.123149 0.823688 -0.55351
    outer loop
      vertex 0.883249 -2.98729 -5.83099
      vertex 1.04776 -3.3259 -6.29828
      vertex 1.03618 -3.32644 -6.30166
    endloop
  endfacet
  facet normal 0.122782 0.823663 -0.553628
    outer loop
      vertex 1.04776 -3.3259 -6.29828
      vertex 1.03366 -2.98026 -5.78718
      vertex 1.18659 -3.31942 -6.25785
    endloop
  endfacet
  facet normal -0.49379 -0.773648 0.397039
    outer loop
      vertex 0.883249 -2.98729 -5.83099
      vertex 1.08546 -3.34341 -6.27342
      vertex 0.932528 -3.00425 -5.80275
    endloop
  endfacet
  facet normal -0.493888 -0.77362 0.396971
    outer loop
      vertex 1.08546 -3.34341 -6.27342
      vertex 0.883249 -2.98729 -5.83099
      vertex 1.03618 -3.32644 -6.30166
    endloop
  endfacet
  facet normal -0.510817 -0.767586 0.38714
    outer loop
      vertex 0.932528 -3.00425 -5.80275
      vertex 1.17148 -3.37506 -6.22267
      vertex 1.01855 -3.0359 -5.752
    endloop
  endfacet
  facet normal -0.5113 -0.767459 0.386753
    outer loop
      vertex 1.17148 -3.37506 -6.22267
      vertex 0.932528 -3.00425 -5.80275
      vertex 1.16486 -3.37262 -6.22658
    endloop
  endfacet
  facet normal -0.510782 -0.7676 0.387159
    outer loop
      vertex 1.16486 -3.37262 -6.22658
      vertex 0.932528 -3.00425 -5.80275
      vertex 1.08546 -3.34341 -6.27342
    endloop
  endfacet
  facet normal -0.524907 -0.762258 0.378728
    outer loop
      vertex 1.01855 -3.0359 -5.752
      vertex 1.27124 -3.41379 -6.16235
      vertex 1.1183 -3.07462 -5.69168
    endloop
  endfacet
  facet normal -0.524922 -0.762254 0.378715
    outer loop
      vertex 1.27124 -3.41379 -6.16235
      vertex 1.01855 -3.0359 -5.752
      vertex 1.17148 -3.37506 -6.22267
    endloop
  endfacet
  facet normal -0.547091 -0.753282 0.365044
    outer loop
      vertex 1.1183 -3.07462 -5.69168
      vertex 1.36185 -3.45199 -6.10539
      vertex 1.20891 -3.11282 -5.63471
    endloop
  endfacet
  facet normal -0.547067 -0.75329 0.365064
    outer loop
      vertex 1.36185 -3.45199 -6.10539
      vertex 1.1183 -3.07462 -5.69168
      vertex 1.27124 -3.41379 -6.16235
    endloop
  endfacet
  facet normal -0.559413 -0.74797 0.35721
    outer loop
      vertex 1.87632 -3.67887 -5.77477
      vertex 1.94356 -3.43678 -5.16255
      vertex 1.20891 -3.11282 -5.63471
    endloop
  endfacet
  facet normal -0.559418 -0.747966 0.357209
    outer loop
      vertex 1.94356 -3.43678 -5.16255
      vertex 1.87632 -3.67887 -5.77477
      vertex 2.0965 -3.77597 -5.63327
    endloop
  endfacet
  facet normal -0.559412 -0.747969 0.357212
    outer loop
      vertex 1.87632 -3.67887 -5.77477
      vertex 1.20891 -3.11282 -5.63471
      vertex 1.36185 -3.45199 -6.10539
    endloop
  endfacet
  facet normal 0.788734 -0.347803 0.506885
    outer loop
      vertex 1.94356 -3.43678 -5.16255
      vertex 2.56215 -3.1533 -5.93059
      vertex 2.40922 -2.81413 -5.4599
    endloop
  endfacet
  facet normal 0.788734 -0.347804 0.506884
    outer loop
      vertex 2.56215 -3.1533 -5.93059
      vertex 1.94356 -3.43678 -5.16255
      vertex 2.0965 -3.77597 -5.63327
    endloop
  endfacet
  facet normal -0.254884 0.565274 0.784537
    outer loop
      vertex -2.06008 3.25435 5.25617
      vertex -2.24165 3.01748 5.36785
      vertex -1.91208 2.79624 5.63433
    endloop
  endfacet
  facet normal -0.25488 0.565276 0.784538
    outer loop
      vertex -1.60225 3.14769 5.48176
      vertex -2.06008 3.25435 5.25617
      vertex -1.91208 2.79624 5.63433
    endloop
  endfacet
  facet normal -0.254885 0.565285 0.78453
    outer loop
      vertex -1.76545 3.7427 5.00002
      vertex -1.90073 3.49519 5.13441
      vertex -1.39512 3.42936 5.34611
    endloop
  endfacet
  facet normal -0.25488 0.565281 0.784534
    outer loop
      vertex -2.4436 2.78185 5.47201
      vertex -2.6616 2.54309 5.57322
      vertex -2.38688 2.31018 5.83029
    endloop
  endfacet
  facet normal -0.254893 0.565265 0.784541
    outer loop
      vertex -2.24165 3.01748 5.36785
      vertex -2.4436 2.78185 5.47201
      vertex -1.91208 2.79624 5.63433
    endloop
  endfacet
  facet normal -0.254887 0.56527 0.784539
    outer loop
      vertex -2.38688 2.31018 5.83029
      vertex -2.96997 1.92515 5.91827
      vertex -1.12327 1.92515 6.51824
    endloop
  endfacet
  facet normal -0.254886 0.565269 0.784541
    outer loop
      vertex -2.89126 2.29682 5.67605
      vertex -2.96997 1.92515 5.91827
      vertex -2.38688 2.31018 5.83029
    endloop
  endfacet
  facet normal -0.254891 0.565278 0.784532
    outer loop
      vertex -1.91208 2.79624 5.63433
      vertex -2.4436 2.78185 5.47201
      vertex -2.38688 2.31018 5.83029
    endloop
  endfacet
  facet normal -0.254872 0.565296 0.784526
    outer loop
      vertex -1.22842 3.70603 5.20091
      vertex -1.76545 3.7427 5.00002
      vertex -1.39512 3.42936 5.34611
    endloop
  endfacet
  facet normal -0.254885 0.565274 0.784538
    outer loop
      vertex -1.04173 2.31018 6.26731
      vertex -2.38688 2.31018 5.83029
      vertex -1.12327 1.92515 6.51824
    endloop
  endfacet
  facet normal -0.254885 0.565277 0.784536
    outer loop
      vertex -2.6616 2.54309 5.57322
      vertex -2.89126 2.29682 5.67605
      vertex -2.38688 2.31018 5.83029
    endloop
  endfacet
  facet normal -0.254892 0.565267 0.784541
    outer loop
      vertex -1.39512 3.42936 5.34611
      vertex -1.90073 3.49519 5.13441
      vertex -1.60225 3.14769 5.48176
    endloop
  endfacet
  facet normal -0.254881 0.565274 0.784539
    outer loop
      vertex -1.90073 3.49519 5.13441
      vertex -2.06008 3.25435 5.25617
      vertex -1.60225 3.14769 5.48176
    endloop
  endfacet
  facet normal -0.254877 0.56528 0.784536
    outer loop
      vertex -1.65817 4.00082 4.84889
      vertex -1.76545 3.7427 5.00002
      vertex -1.22842 3.70603 5.20091
    endloop
  endfacet
  facet normal -0.254892 0.565265 0.784541
    outer loop
      vertex -1.10305 3.98499 5.04065
      vertex -1.65817 4.00082 4.84889
      vertex -1.22842 3.70603 5.20091
    endloop
  endfacet
  facet normal -0.254889 0.565276 0.784535
    outer loop
      vertex -1.58288 4.27354 4.67685
      vertex -1.65817 4.00082 4.84889
      vertex -1.10305 3.98499 5.04065
    endloop
  endfacet
  facet normal -0.254883 0.565283 0.784532
    outer loop
      vertex -1.01985 4.27354 4.85977
      vertex -1.58288 4.27354 4.67685
      vertex -1.10305 3.98499 5.04065
    endloop
  endfacet
  facet normal 0.906119 -0.143604 0.397901
    outer loop
      vertex -1.91839 4.08188 5.47073
      vertex -1.65817 4.00082 4.84889
      vertex -1.81112 4.34001 5.31961
    endloop
  endfacet
  facet normal 0.906115 -0.143627 0.397903
    outer loop
      vertex -1.65817 4.00082 4.84889
      vertex -1.91839 4.08188 5.47073
      vertex -1.76545 3.7427 5.00002
    endloop
  endfacet
  facet normal 0.864609 -0.230045 0.446687
    outer loop
      vertex -2.05367 3.83437 5.60511
      vertex -1.76545 3.7427 5.00002
      vertex -1.91839 4.08188 5.47073
    endloop
  endfacet
  facet normal 0.864614 -0.23003 0.446687
    outer loop
      vertex -1.76545 3.7427 5.00002
      vertex -2.05367 3.83437 5.60511
      vertex -1.90073 3.49519 5.13441
    endloop
  endfacet
  facet normal 0.8225 -0.299843 0.48331
    outer loop
      vertex -2.21301 3.59353 5.72686
      vertex -1.90073 3.49519 5.13441
      vertex -2.05367 3.83437 5.60511
    endloop
  endfacet
  facet normal 0.822496 -0.299854 0.483309
    outer loop
      vertex -1.90073 3.49519 5.13441
      vertex -2.21301 3.59353 5.72686
      vertex -2.06008 3.25435 5.25617
    endloop
  endfacet
  facet normal 0.781243 -0.35769 0.511583
    outer loop
      vertex -2.39459 3.35665 5.83853
      vertex -2.06008 3.25435 5.25617
      vertex -2.21301 3.59353 5.72686
    endloop
  endfacet
  facet normal 0.781256 -0.35766 0.511585
    outer loop
      vertex -2.06008 3.25435 5.25617
      vertex -2.39459 3.35665 5.83853
      vertex -2.24165 3.01748 5.36785
    endloop
  endfacet
  facet normal 0.74459 -0.402865 0.532246
    outer loop
      vertex -2.59654 3.12101 5.94269
      vertex -2.24165 3.01748 5.36785
      vertex -2.39459 3.35665 5.83853
    endloop
  endfacet
  facet normal 0.744584 -0.402878 0.532244
    outer loop
      vertex -2.24165 3.01748 5.36785
      vertex -2.59654 3.12101 5.94269
      vertex -2.4436 2.78185 5.47201
    endloop
  endfacet
  facet normal 0.721787 -0.428644 0.543403
    outer loop
      vertex -2.61332 3.10263 5.95048
      vertex -2.4436 2.78185 5.47201
      vertex -2.59654 3.12101 5.94269
    endloop
  endfacet
  facet normal 0.721771 -0.428663 0.54341
    outer loop
      vertex -2.4436 2.78185 5.47201
      vertex -2.61332 3.10263 5.95048
      vertex -2.6616 2.54309 5.57322
    endloop
  endfacet
  facet normal 0.721784 -0.428656 0.543398
    outer loop
      vertex -2.61332 3.10263 5.95048
      vertex -2.81453 2.88224 6.04389
      vertex -2.6616 2.54309 5.57322
    endloop
  endfacet
  facet normal 0.713894 -0.437207 0.546996
    outer loop
      vertex -2.83221 2.86328 6.05181
      vertex -2.6616 2.54309 5.57322
      vertex -2.81453 2.88224 6.04389
    endloop
  endfacet
  facet normal 0.713832 -0.437278 0.547021
    outer loop
      vertex -2.6616 2.54309 5.57322
      vertex -2.83221 2.86328 6.05181
      vertex -2.89126 2.29682 5.67605
    endloop
  endfacet
  facet normal 0.713812 -0.437288 0.547039
    outer loop
      vertex -2.83221 2.86328 6.05181
      vertex -3.04419 2.63597 6.14671
      vertex -2.89126 2.29682 5.67605
    endloop
  endfacet
  facet normal 0.951054 -2.64723e-06 0.309025
    outer loop
      vertex -3.05025 2.60735 6.16536
      vertex -2.89126 2.29682 5.67605
      vertex -3.04419 2.63597 6.14671
    endloop
  endfacet
  facet normal 0.951052 -1.12179e-05 0.30903
    outer loop
      vertex -2.89126 2.29682 5.67605
      vertex -3.05025 2.60735 6.16536
      vertex -2.96997 1.92515 5.91827
    endloop
  endfacet
  facet normal 0.951049 -1.4797e-05 0.309039
    outer loop
      vertex -3.05025 2.60735 6.16536
      vertex -3.1229 2.2643 6.38892
      vertex -2.96997 1.92515 5.91827
    endloop
  endfacet
  facet normal 0.174674 0.82488 -0.537645
    outer loop
      vertex -2.96997 1.92515 5.91827
      vertex -2.98068 2.2643 6.43513
      vertex -1.12327 1.92515 6.51824
    endloop
  endfacet
  facet normal 0.174691 0.824878 -0.537643
    outer loop
      vertex -2.98068 2.2643 6.43513
      vertex -2.96997 1.92515 5.91827
      vertex -3.1229 2.2643 6.38892
    endloop
  endfacet
  facet normal 0.174675 0.824877 -0.537649
    outer loop
      vertex -1.12327 1.92515 6.51824
      vertex -2.17585 2.26431 6.69662
      vertex -1.2762 2.26432 6.98892
    endloop
  endfacet
  facet normal 0.174674 0.824875 -0.537653
    outer loop
      vertex -2.17585 2.26431 6.69662
      vertex -1.12327 1.92515 6.51824
      vertex -2.98068 2.2643 6.43513
    endloop
  endfacet
  facet normal -0.951053 1.18411e-05 -0.309028
    outer loop
      vertex -1.12327 1.92515 6.51824
      vertex -1.26993 2.29395 6.96961
      vertex -1.04173 2.31018 6.26731
    endloop
  endfacet
  facet normal -0.951077 -8.88496e-05 -0.308953
    outer loop
      vertex -1.26993 2.29395 6.96961
      vertex -1.12327 1.92515 6.51824
      vertex -1.2762 2.26432 6.98892
    endloop
  endfacet
  facet normal -0.951053 6.56116e-06 -0.309028
    outer loop
      vertex -1.04173 2.31018 6.26731
      vertex -1.26993 2.29395 6.96961
      vertex -1.19467 2.64935 6.738
    endloop
  endfacet
  facet normal -0.174681 -0.82488 0.537643
    outer loop
      vertex -2.38688 2.31018 5.83029
      vertex -2.09432 2.64934 6.4457
      vertex -2.53981 2.64934 6.30096
    endloop
  endfacet
  facet normal -0.174672 -0.824884 0.537639
    outer loop
      vertex -2.09432 2.64934 6.4457
      vertex -1.04173 2.31018 6.26731
      vertex -1.19467 2.64935 6.738
    endloop
  endfacet
  facet normal -0.174672 -0.824883 0.537641
    outer loop
      vertex -2.09432 2.64934 6.4457
      vertex -2.38688 2.31018 5.83029
      vertex -1.04173 2.31018 6.26731
    endloop
  endfacet
  facet normal -0.695868 0.456096 -0.554747
    outer loop
      vertex -2.38688 2.31018 5.83029
      vertex -2.50326 2.68675 6.28588
      vertex -1.91208 2.79624 5.63433
    endloop
  endfacet
  facet normal -0.695793 0.456164 -0.554784
    outer loop
      vertex -2.50326 2.68675 6.28588
      vertex -2.38688 2.31018 5.83029
      vertex -2.53981 2.64934 6.30096
    endloop
  endfacet
  facet normal -0.695872 0.456083 -0.554752
    outer loop
      vertex -1.91208 2.79624 5.63433
      vertex -2.50326 2.68675 6.28588
      vertex -2.06502 3.13541 6.10502
    endloop
  endfacet
  facet normal -0.7346 0.414367 -0.537274
    outer loop
      vertex -1.91208 2.79624 5.63433
      vertex -2.04118 3.16245 6.09328
      vertex -1.60225 3.14769 5.48176
    endloop
  endfacet
  facet normal -0.734586 0.414381 -0.537282
    outer loop
      vertex -2.04118 3.16245 6.09328
      vertex -1.91208 2.79624 5.63433
      vertex -2.06502 3.13541 6.10502
    endloop
  endfacet
  facet normal -0.734609 0.414356 -0.537269
    outer loop
      vertex -1.60225 3.14769 5.48176
      vertex -1.96812 3.24532 6.05731
      vertex -1.75519 3.48687 5.95246
    endloop
  endfacet
  facet normal -0.734579 0.414421 -0.537261
    outer loop
      vertex -1.96812 3.24532 6.05731
      vertex -1.60225 3.14769 5.48176
      vertex -2.04118 3.16245 6.09328
    endloop
  endfacet
  facet normal -0.793703 0.341094 -0.503678
    outer loop
      vertex -1.39512 3.42936 5.34611
      vertex -1.75519 3.48687 5.95246
      vertex -1.54806 3.76854 5.81681
    endloop
  endfacet
  facet normal -0.793703 0.341094 -0.503678
    outer loop
      vertex -1.75519 3.48687 5.95246
      vertex -1.39512 3.42936 5.34611
      vertex -1.60225 3.14769 5.48176
    endloop
  endfacet
  facet normal -0.844664 0.264761 -0.465236
    outer loop
      vertex -1.22842 3.70603 5.20091
      vertex -1.54806 3.76854 5.81681
      vertex -1.38137 4.04522 5.67163
    endloop
  endfacet
  facet normal -0.844662 0.264767 -0.465235
    outer loop
      vertex -1.54806 3.76854 5.81681
      vertex -1.22842 3.70603 5.20091
      vertex -1.39512 3.42936 5.34611
    endloop
  endfacet
  facet normal -0.8962 0.166535 -0.411208
    outer loop
      vertex -1.22842 3.70603 5.20091
      vertex -1.37173 4.06667 5.6593
      vertex -1.10305 3.98499 5.04065
    endloop
  endfacet
  facet normal -0.896242 0.166446 -0.411151
    outer loop
      vertex -1.37173 4.06667 5.6593
      vertex -1.22842 3.70603 5.20091
      vertex -1.38137 4.04522 5.67163
    endloop
  endfacet
  facet normal -0.896198 0.166545 -0.411208
    outer loop
      vertex -1.10305 3.98499 5.04065
      vertex -1.37173 4.06667 5.6593
      vertex -1.256 4.32418 5.51137
    endloop
  endfacet
  facet normal -0.93739 0.0546677 -0.343965
    outer loop
      vertex -1.10305 3.98499 5.04065
      vertex -1.2496 4.34637 5.49747
      vertex -1.01985 4.27354 4.85977
    endloop
  endfacet
  facet normal -0.937343 0.0548186 -0.34407
    outer loop
      vertex -1.2496 4.34637 5.49747
      vertex -1.10305 3.98499 5.04065
      vertex -1.256 4.32418 5.51137
    endloop
  endfacet
  facet normal -0.93739 0.05466 -0.343965
    outer loop
      vertex -1.01985 4.27354 4.85977
      vertex -1.2496 4.34637 5.49747
      vertex -1.1728 4.61274 5.3305
    endloop
  endfacet
  facet normal -0.174677 -0.824877 0.537648
    outer loop
      vertex -1.58288 4.27354 4.67685
      vertex -1.67858 4.61274 5.16617
      vertex -1.73583 4.61274 5.14757
    endloop
  endfacet
  facet normal -0.174681 -0.824882 0.537639
    outer loop
      vertex -1.67858 4.61274 5.16617
      vertex -1.01985 4.27354 4.85977
      vertex -1.1728 4.61274 5.3305
    endloop
  endfacet
  facet normal -0.174674 -0.824878 0.537649
    outer loop
      vertex -1.67858 4.61274 5.16617
      vertex -1.58288 4.27354 4.67685
      vertex -1.01985 4.27354 4.85977
    endloop
  endfacet
  facet normal 0.93985 -0.0459367 0.338485
    outer loop
      vertex -1.81112 4.34001 5.31961
      vertex -1.58288 4.27354 4.67685
      vertex -1.73583 4.61274 5.14757
    endloop
  endfacet
  facet normal 0.93985 -0.0459382 0.338485
    outer loop
      vertex -1.58288 4.27354 4.67685
      vertex -1.81112 4.34001 5.31961
      vertex -1.65817 4.00082 4.84889
    endloop
  endfacet
  facet normal -0.667408 -0.565245 0.484834
    outer loop
      vertex -4.07971 -3.83813 3.29176
      vertex -4.50807 -3.6613 2.90825
      vertex -4.07224 -3.99793 3.11574
    endloop
  endfacet
  facet normal -0.667419 -0.565243 0.484822
    outer loop
      vertex -4.28887 -3.43713 3.47137
      vertex -4.46779 -3.46169 3.19643
      vertex -4.15312 -3.64787 3.41255
    endloop
  endfacet
  facet normal -0.66741 -0.56526 0.484814
    outer loop
      vertex -4.07224 -3.99793 3.11574
      vertex -4.50807 -3.6613 2.90825
      vertex -4.13435 -4.11724 2.89113
    endloop
  endfacet
  facet normal -0.667414 -0.565286 0.484779
    outer loop
      vertex -4.15312 -3.64787 3.41255
      vertex -4.46779 -3.46169 3.19643
      vertex -4.07971 -3.83813 3.29176
    endloop
  endfacet
  facet normal -0.667407 -0.565262 0.484816
    outer loop
      vertex -4.28887 -3.43713 3.47137
      vertex -4.65068 -3.1735 3.28067
      vertex -4.46779 -3.46169 3.19643
    endloop
  endfacet
  facet normal -0.66741 -0.565255 0.48482
    outer loop
      vertex -4.13435 -4.11724 2.89113
      vertex -4.60106 -3.71931 2.7126
      vertex -4.29904 -4.19135 2.57801
    endloop
  endfacet
  facet normal -0.66742 -0.565257 0.484805
    outer loop
      vertex -4.29904 -4.19135 2.57801
      vertex -4.60106 -3.71931 2.7126
      vertex -4.52102 -4.13534 2.33772
    endloop
  endfacet
  facet normal -0.667409 -0.565254 0.484823
    outer loop
      vertex -4.61745 -2.62109 3.97049
      vertex -5.0409 -2.27791 3.78768
      vertex -5.03575 -2.42384 3.62463
    endloop
  endfacet
  facet normal -0.667417 -0.56526 0.484804
    outer loop
      vertex -4.10584 -2.62208 4.67363
      vertex -4.2412 -2.76051 4.32588
      vertex -4.14044 -2.89147 4.3119
    endloop
  endfacet
  facet normal -0.667421 -0.565266 0.484792
    outer loop
      vertex -4.08208 -3.09748 4.15206
      vertex -4.1262 -3.17573 4.00008
      vertex -3.72904 -3.60198 4.04985
    endloop
  endfacet
  facet normal -0.667423 -0.565242 0.484817
    outer loop
      vertex -3.85168 -2.94507 4.64693
      vertex -4.14044 -2.89147 4.3119
      vertex -4.08712 -3.00325 4.25498
    endloop
  endfacet
  facet normal -0.667415 -0.565263 0.484804
    outer loop
      vertex -4.10584 -2.62208 4.67363
      vertex -4.38888 -2.33947 4.61349
      vertex -4.2412 -2.76051 4.32588
    endloop
  endfacet
  facet normal -0.66741 -0.56526 0.484815
    outer loop
      vertex -4.98992 -2.1754 3.97738
      vertex -5.0409 -2.27791 3.78768
      vertex -4.61745 -2.62109 3.97049
    endloop
  endfacet
  facet normal -0.667395 -0.565253 0.484843
    outer loop
      vertex -4.65998 -2.79707 3.70675
      vertex -4.86709 -2.78133 3.44001
      vertex -4.50997 -3.0411 3.62874
    endloop
  endfacet
  facet normal -0.667399 -0.565268 0.484821
    outer loop
      vertex -4.65998 -2.79707 3.70675
      vertex -5.03575 -2.42384 3.62463
      vertex -4.97697 -2.59702 3.50363
    endloop
  endfacet
  facet normal -0.6674 -0.565243 0.484848
    outer loop
      vertex -4.65998 -2.79707 3.70675
      vertex -4.97697 -2.59702 3.50363
      vertex -4.86709 -2.78133 3.44001
    endloop
  endfacet
  facet normal -0.667411 -0.56526 0.484813
    outer loop
      vertex -4.8426 -2.11294 4.25301
      vertex -4.98992 -2.1754 3.97738
      vertex -4.61745 -2.62109 3.97049
    endloop
  endfacet
  facet normal -0.667399 -0.565277 0.484811
    outer loop
      vertex -4.90003 -2.97773 3.16566
      vertex -5.05468 -2.63404 3.3535
      vertex -5.00334 -2.96569 3.03748
    endloop
  endfacet
  facet normal -0.667397 -0.565264 0.484827
    outer loop
      vertex -5.37744 -2.53278 3.02723
      vertex -5.48902 -2.59072 2.80608
      vertex -5.08772 -3.01274 2.86646
    endloop
  endfacet
  facet normal -0.667397 -0.565263 0.48483
    outer loop
      vertex -5.08772 -3.01274 2.86646
      vertex -5.48902 -2.59072 2.80608
      vertex -5.14336 -3.10851 2.67821
    endloop
  endfacet
  facet normal -0.667398 -0.565269 0.484821
    outer loop
      vertex -4.38888 -2.33947 4.61349
      vertex -4.45707 -2.58813 4.2297
      vertex -4.2412 -2.76051 4.32588
    endloop
  endfacet
  facet normal -0.668339 -0.564998 0.483839
    outer loop
      vertex -4.28612 -3.43432 3.47845
      vertex -4.39431 -3.15433 3.65596
      vertex -4.28887 -3.43713 3.47137
    endloop
  endfacet
  facet normal -0.667421 -0.56525 0.484811
    outer loop
      vertex -4.82168 -3.64395 2.49676
      vertex -5.09687 -3.64706 2.11429
      vertex -4.79028 -3.95276 2.17994
    endloop
  endfacet
  facet normal -0.667411 -0.565256 0.484818
    outer loop
      vertex -5.14336 -3.10851 2.67821
      vertex -5.56492 -2.76376 2.49983
      vertex -5.52193 -3.006 2.27658
    endloop
  endfacet
  facet normal -0.667406 -0.565257 0.484823
    outer loop
      vertex -5.13983 -3.22153 2.55129
      vertex -5.52193 -3.006 2.27658
      vertex -5.36443 -3.30469 2.14515
    endloop
  endfacet
  facet normal -0.667412 -0.565248 0.484825
    outer loop
      vertex -5.13983 -3.22153 2.55129
      vertex -5.36443 -3.30469 2.14515
      vertex -5.07785 -3.35471 2.48134
    endloop
  endfacet
  facet normal -0.667402 -0.56527 0.484813
    outer loop
      vertex -5.07785 -3.35471 2.48134
      vertex -5.36443 -3.30469 2.14515
      vertex -5.09687 -3.64706 2.11429
    endloop
  endfacet
  facet normal -0.667428 -0.565252 0.4848
    outer loop
      vertex -5.07785 -3.35471 2.48134
      vertex -5.09687 -3.64706 2.11429
      vertex -4.95813 -3.51096 2.46398
    endloop
  endfacet
  facet normal -0.668752 -0.564771 0.483533
    outer loop
      vertex -4.86709 -2.78133 3.44001
      vertex -4.86983 -2.78413 3.43295
      vertex -4.78129 -3.04748 3.24781
    endloop
  endfacet
  facet normal -0.667405 -0.565246 0.484837
    outer loop
      vertex -3.82651 -3.6516 3.85781
      vertex -4.20516 -3.22372 3.83542
      vertex -3.96088 -3.63889 3.68766
    endloop
  endfacet
  facet normal -0.667404 -0.565277 0.484804
    outer loop
      vertex -4.61745 -2.62109 3.97049
      vertex -5.03575 -2.42384 3.62463
      vertex -4.65998 -2.79707 3.70675
    endloop
  endfacet
  facet normal -0.667398 -0.565253 0.484839
    outer loop
      vertex -4.20516 -3.22372 3.83542
      vertex -4.29363 -3.21587 3.72279
      vertex -4.11859 -3.5658 3.55577
    endloop
  endfacet
  facet normal -0.667403 -0.565258 0.484827
    outer loop
      vertex -4.63837 -2.16869 4.46915
      vertex -4.8426 -2.11294 4.25301
      vertex -4.45707 -2.58813 4.2297
    endloop
  endfacet
  facet normal -0.667407 -0.565261 0.484818
    outer loop
      vertex -4.45707 -2.58813 4.2297
      vertex -4.8426 -2.11294 4.25301
      vertex -4.61745 -2.62109 3.97049
    endloop
  endfacet
  facet normal -0.667412 -0.565256 0.484816
    outer loop
      vertex -4.38888 -2.33947 4.61349
      vertex -4.63837 -2.16869 4.46915
      vertex -4.45707 -2.58813 4.2297
    endloop
  endfacet
  facet normal -0.667414 -0.565263 0.484806
    outer loop
      vertex -4.10584 -2.62208 4.67363
      vertex -4.14044 -2.89147 4.3119
      vertex -3.85168 -2.94507 4.64693
    endloop
  endfacet
  facet normal -0.667416 -0.565239 0.48483
    outer loop
      vertex -3.70233 -3.22183 4.52985
      vertex -4.08712 -3.00325 4.25498
      vertex -4.08208 -3.09748 4.15206
    endloop
  endfacet
  facet normal -0.667414 -0.565256 0.484813
    outer loop
      vertex -3.85168 -2.94507 4.64693
      vertex -4.08712 -3.00325 4.25498
      vertex -3.70233 -3.22183 4.52985
    endloop
  endfacet
  facet normal -0.667413 -0.565264 0.484807
    outer loop
      vertex -3.66051 -3.4437 4.32874
      vertex -4.08208 -3.09748 4.15206
      vertex -3.72904 -3.60198 4.04985
    endloop
  endfacet
  facet normal -0.667411 -0.565255 0.484819
    outer loop
      vertex -3.70233 -3.22183 4.52985
      vertex -4.08208 -3.09748 4.15206
      vertex -3.66051 -3.4437 4.32874
    endloop
  endfacet
  facet normal -0.667421 -0.565262 0.484796
    outer loop
      vertex -4.1262 -3.17573 4.00008
      vertex -4.20516 -3.22372 3.83542
      vertex -3.82651 -3.6516 3.85781
    endloop
  endfacet
  facet normal -0.667417 -0.565262 0.484802
    outer loop
      vertex -3.72904 -3.60198 4.04985
      vertex -4.1262 -3.17573 4.00008
      vertex -3.82651 -3.6516 3.85781
    endloop
  endfacet
  facet normal -0.667413 -0.565247 0.484826
    outer loop
      vertex -3.96088 -3.63889 3.68766
      vertex -4.20516 -3.22372 3.83542
      vertex -4.11859 -3.5658 3.55577
    endloop
  endfacet
  facet normal -0.667391 -0.565254 0.484848
    outer loop
      vertex -4.11859 -3.5658 3.55577
      vertex -4.29363 -3.21587 3.72279
      vertex -4.28612 -3.43432 3.47845
    endloop
  endfacet
  facet normal -0.667364 -0.565271 0.484864
    outer loop
      vertex -4.29363 -3.21587 3.72279
      vertex -4.39431 -3.15433 3.65596
      vertex -4.28612 -3.43432 3.47845
    endloop
  endfacet
  facet normal -0.667443 -0.565218 0.484818
    outer loop
      vertex -4.50997 -3.0411 3.62874
      vertex -4.65068 -3.1735 3.28067
      vertex -4.39431 -3.15433 3.65596
    endloop
  endfacet
  facet normal -0.667407 -0.565262 0.484816
    outer loop
      vertex -5.22828 -2.54873 3.21397
      vertex -5.37744 -2.53278 3.02723
      vertex -5.00334 -2.96569 3.03748
    endloop
  endfacet
  facet normal -0.667403 -0.565276 0.484806
    outer loop
      vertex -5.14336 -3.10851 2.67821
      vertex -5.52193 -3.006 2.27658
      vertex -5.13983 -3.22153 2.55129
    endloop
  endfacet
  facet normal -0.667413 -0.565267 0.484802
    outer loop
      vertex -5.48902 -2.59072 2.80608
      vertex -5.56492 -2.76376 2.49983
      vertex -5.14336 -3.10851 2.67821
    endloop
  endfacet
  facet normal -0.66741 -0.565265 0.484808
    outer loop
      vertex -5.00334 -2.96569 3.03748
      vertex -5.37744 -2.53278 3.02723
      vertex -5.08772 -3.01274 2.86646
    endloop
  endfacet
  facet normal -0.667426 -0.565262 0.48479
    outer loop
      vertex -5.05468 -2.63404 3.3535
      vertex -5.22828 -2.54873 3.21397
      vertex -5.00334 -2.96569 3.03748
    endloop
  endfacet
  facet normal -0.667372 -0.565282 0.484841
    outer loop
      vertex -4.86983 -2.78413 3.43295
      vertex -5.05468 -2.63404 3.3535
      vertex -4.90003 -2.97773 3.16566
    endloop
  endfacet
  facet normal -0.66744 -0.565228 0.48481
    outer loop
      vertex -4.86983 -2.78413 3.43295
      vertex -4.90003 -2.97773 3.16566
      vertex -4.78129 -3.04748 3.24781
    endloop
  endfacet
  facet normal -0.667389 -0.56528 0.48482
    outer loop
      vertex -4.50997 -3.0411 3.62874
      vertex -4.78129 -3.04748 3.24781
      vertex -4.65068 -3.1735 3.28067
    endloop
  endfacet
  facet normal -0.667396 -0.565267 0.484825
    outer loop
      vertex -4.50997 -3.0411 3.62874
      vertex -4.86709 -2.78133 3.44001
      vertex -4.78129 -3.04748 3.24781
    endloop
  endfacet
  facet normal -0.667408 -0.565277 0.484798
    outer loop
      vertex -4.39431 -3.15433 3.65596
      vertex -4.65068 -3.1735 3.28067
      vertex -4.28887 -3.43713 3.47137
    endloop
  endfacet
  facet normal -0.667403 -0.565264 0.48482
    outer loop
      vertex -4.46779 -3.46169 3.19643
      vertex -4.50807 -3.6613 2.90825
      vertex -4.07971 -3.83813 3.29176
    endloop
  endfacet
  facet normal -0.667411 -0.565261 0.484812
    outer loop
      vertex -4.50807 -3.6613 2.90825
      vertex -4.60106 -3.71931 2.7126
      vertex -4.13435 -4.11724 2.89113
    endloop
  endfacet
  facet normal -0.66738 -0.565277 0.484835
    outer loop
      vertex -4.60106 -3.71931 2.7126
      vertex -4.70414 -3.71346 2.57753
      vertex -4.52102 -4.13534 2.33772
    endloop
  endfacet
  facet normal -0.667394 -0.565274 0.48482
    outer loop
      vertex -4.70414 -3.71346 2.57753
      vertex -4.79028 -3.95276 2.17994
      vertex -4.52102 -4.13534 2.33772
    endloop
  endfacet
  facet normal -0.667407 -0.565275 0.484801
    outer loop
      vertex -4.95813 -3.51096 2.46398
      vertex -5.09687 -3.64706 2.11429
      vertex -4.82168 -3.64395 2.49676
    endloop
  endfacet
  facet normal -0.667421 -0.56525 0.484811
    outer loop
      vertex -4.70414 -3.71346 2.57753
      vertex -4.82168 -3.64395 2.49676
      vertex -4.79028 -3.95276 2.17994
    endloop
  endfacet
  facet normal -0.00182997 0.652303 0.757956
    outer loop
      vertex -4.79028 -3.95276 2.17994
      vertex -5.17017 -4.30603 2.48305
      vertex -4.52102 -4.13534 2.33772
    endloop
  endfacet
  facet normal -0.0018644 0.652325 0.757937
    outer loop
      vertex -5.17017 -4.30603 2.48305
      vertex -4.79028 -3.95276 2.17994
      vertex -5.19082 -4.29203 2.47095
    endloop
  endfacet
  facet normal -0.00183587 0.652316 0.757945
    outer loop
      vertex -4.52102 -4.13534 2.33772
      vertex -5.17017 -4.30603 2.48305
      vertex -4.92155 -4.4746 2.62873
    endloop
  endfacet
  facet normal -0.32742 0.807478 0.490689
    outer loop
      vertex -4.52102 -4.13534 2.33772
      vertex -4.69956 -4.53059 2.86901
      vertex -4.29904 -4.19135 2.57801
    endloop
  endfacet
  facet normal -0.327445 0.807474 0.490678
    outer loop
      vertex -4.69956 -4.53059 2.86901
      vertex -4.52102 -4.13534 2.33772
      vertex -4.92155 -4.4746 2.62873
    endloop
  endfacet
  facet normal -0.589062 0.799021 0.120712
    outer loop
      vertex -4.29904 -4.19135 2.57801
      vertex -4.68692 -4.5249 2.89304
      vertex -4.13435 -4.11724 2.89113
    endloop
  endfacet
  facet normal -0.589087 0.799009 0.12067
    outer loop
      vertex -4.68692 -4.5249 2.89304
      vertex -4.29904 -4.19135 2.57801
      vertex -4.69956 -4.53059 2.86901
    endloop
  endfacet
  facet normal -0.589061 0.799019 0.120733
    outer loop
      vertex -4.13435 -4.11724 2.89113
      vertex -4.68692 -4.5249 2.89304
      vertex -4.53485 -4.45647 3.18212
    endloop
  endfacet
  facet normal -0.705925 0.687576 -0.170027
    outer loop
      vertex -4.13435 -4.11724 2.89113
      vertex -4.53008 -4.44731 3.19936
      vertex -4.07224 -3.99793 3.11574
    endloop
  endfacet
  facet normal -0.705921 0.687584 -0.170013
    outer loop
      vertex -4.53008 -4.44731 3.19936
      vertex -4.13435 -4.11724 2.89113
      vertex -4.53485 -4.45647 3.18212
    endloop
  endfacet
  facet normal -0.705925 0.687573 -0.170037
    outer loop
      vertex -4.07224 -3.99793 3.11574
      vertex -4.50891 -4.40664 3.27593
      vertex -4.47273 -4.33715 3.40672
    endloop
  endfacet
  facet normal -0.705925 0.687575 -0.170031
    outer loop
      vertex -4.50891 -4.40664 3.27593
      vertex -4.07224 -3.99793 3.11574
      vertex -4.53008 -4.44731 3.19936
    endloop
  endfacet
  facet normal -0.744072 0.47864 -0.466111
    outer loop
      vertex -4.07224 -3.99793 3.11574
      vertex -4.4802 -4.17735 3.58274
      vertex -4.07971 -3.83813 3.29176
    endloop
  endfacet
  facet normal -0.744072 0.47864 -0.466111
    outer loop
      vertex -4.4802 -4.17735 3.58274
      vertex -4.07224 -3.99793 3.11574
      vertex -4.47273 -4.33715 3.40672
    endloop
  endfacet
  facet normal -0.67716 0.189585 -0.710994
    outer loop
      vertex -4.48584 -4.16273 3.59201
      vertex -4.07971 -3.83813 3.29176
      vertex -4.4802 -4.17735 3.58274
    endloop
  endfacet
  facet normal -0.677283 0.189931 -0.710784
    outer loop
      vertex -4.07971 -3.83813 3.29176
      vertex -4.48584 -4.16273 3.59201
      vertex -4.15312 -3.64787 3.41255
    endloop
  endfacet
  facet normal -0.677301 0.189951 -0.710761
    outer loop
      vertex -4.48584 -4.16273 3.59201
      vertex -4.5536 -3.98709 3.70352
      vertex -4.15312 -3.64787 3.41255
    endloop
  endfacet
  facet normal -0.526013 -0.103119 -0.844202
    outer loop
      vertex -4.56403 -3.97089 3.70804
      vertex -4.15312 -3.64787 3.41255
      vertex -4.5536 -3.98709 3.70352
    endloop
  endfacet
  facet normal -0.525975 -0.103181 -0.844218
    outer loop
      vertex -4.15312 -3.64787 3.41255
      vertex -4.56403 -3.97089 3.70804
      vertex -4.28887 -3.43713 3.47137
    endloop
  endfacet
  facet normal -0.52597 -0.103184 -0.84422
    outer loop
      vertex -4.56403 -3.97089 3.70804
      vertex -4.68935 -3.77635 3.76234
      vertex -4.28887 -3.43713 3.47137
    endloop
  endfacet
  facet normal -0.662732 0.747765 -0.0404216
    outer loop
      vertex -4.28612 -3.43432 3.47845
      vertex -4.68935 -3.77635 3.76234
      vertex -4.6866 -3.77353 3.76942
    endloop
  endfacet
  facet normal -0.662426 0.748079 -0.0396089
    outer loop
      vertex -4.68935 -3.77635 3.76234
      vertex -4.28612 -3.43432 3.47845
      vertex -4.28887 -3.43713 3.47137
    endloop
  endfacet
  facet normal 0.0884752 0.586286 0.805259
    outer loop
      vertex -4.28612 -3.43432 3.47845
      vertex -4.67373 -3.78363 3.77536
      vertex -4.11859 -3.5658 3.55577
    endloop
  endfacet
  facet normal 0.0884566 0.586299 0.805251
    outer loop
      vertex -4.67373 -3.78363 3.77536
      vertex -4.28612 -3.43432 3.47845
      vertex -4.6866 -3.77353 3.76942
    endloop
  endfacet
  facet normal 0.0884936 0.586257 0.805277
    outer loop
      vertex -4.11859 -3.5658 3.55577
      vertex -4.67373 -3.78363 3.77536
      vertex -4.51906 -3.90501 3.84673
    endloop
  endfacet
  facet normal -0.179256 0.753855 0.632116
    outer loop
      vertex -4.11859 -3.5658 3.55577
      vertex -4.50694 -3.91062 3.85687
      vertex -3.96088 -3.63889 3.68766
    endloop
  endfacet
  facet normal -0.179607 0.754006 0.631836
    outer loop
      vertex -4.50694 -3.91062 3.85687
      vertex -4.11859 -3.5658 3.55577
      vertex -4.51906 -3.90501 3.84673
    endloop
  endfacet
  facet normal -0.179235 0.753833 0.632148
    outer loop
      vertex -3.96088 -3.63889 3.68766
      vertex -4.50694 -3.91062 3.85687
      vertex -4.36134 -3.97809 3.97861
    endloop
  endfacet
  facet normal -0.414479 0.822833 0.388785
    outer loop
      vertex -3.96088 -3.63889 3.68766
      vertex -4.35101 -3.97906 3.99169
      vertex -3.82651 -3.6516 3.85781
    endloop
  endfacet
  facet normal -0.414692 0.822847 0.388527
    outer loop
      vertex -4.35101 -3.97906 3.99169
      vertex -3.96088 -3.63889 3.68766
      vertex -4.36134 -3.97809 3.97861
    endloop
  endfacet
  facet normal -0.414476 0.822831 0.388792
    outer loop
      vertex -3.82651 -3.6516 3.85781
      vertex -4.35101 -3.97906 3.99169
      vertex -4.22696 -3.99079 4.14876
    endloop
  endfacet
  facet normal -0.600055 0.793751 0.0994659
    outer loop
      vertex -3.82651 -3.6516 3.85781
      vertex -4.21946 -3.98697 4.16353
      vertex -3.72904 -3.60198 4.04985
    endloop
  endfacet
  facet normal -0.600077 0.793739 0.0994242
    outer loop
      vertex -4.21946 -3.98697 4.16353
      vertex -3.82651 -3.6516 3.85781
      vertex -4.22696 -3.99079 4.14876
    endloop
  endfacet
  facet normal -0.600057 0.793751 0.0994555
    outer loop
      vertex -3.72904 -3.60198 4.04985
      vertex -4.21946 -3.98697 4.16353
      vertex -4.12947 -3.94115 4.34079
    endloop
  endfacet
  facet normal -0.714795 0.668921 -0.203994
    outer loop
      vertex -3.72904 -3.60198 4.04985
      vertex -4.1242 -3.92897 4.36225
      vertex -3.66051 -3.4437 4.32874
    endloop
  endfacet
  facet normal -0.714821 0.668865 -0.204085
    outer loop
      vertex -4.1242 -3.92897 4.36225
      vertex -3.72904 -3.60198 4.04985
      vertex -4.12947 -3.94115 4.34079
    endloop
  endfacet
  facet normal -0.714794 0.66892 -0.203997
    outer loop
      vertex -3.66051 -3.4437 4.32874
      vertex -4.1242 -3.92897 4.36225
      vertex -4.06093 -3.78286 4.61966
    endloop
  endfacet
  facet normal -0.731773 0.376829 -0.567898
    outer loop
      vertex -3.66051 -3.4437 4.32874
      vertex -4.06415 -3.76578 4.63514
      vertex -3.70233 -3.22183 4.52985
    endloop
  endfacet
  facet normal -0.731766 0.376781 -0.567939
    outer loop
      vertex -4.06415 -3.76578 4.63514
      vertex -3.66051 -3.4437 4.32874
      vertex -4.06093 -3.78286 4.61966
    endloop
  endfacet
  facet normal -0.731787 0.376844 -0.567869
    outer loop
      vertex -4.06415 -3.76578 4.63514
      vertex -4.10274 -3.56099 4.82077
      vertex -3.70233 -3.22183 4.52985
    endloop
  endfacet
  facet normal -0.597042 0.0169084 -0.802032
    outer loop
      vertex -4.11424 -3.53968 4.82978
      vertex -3.70233 -3.22183 4.52985
      vertex -4.10274 -3.56099 4.82077
    endloop
  endfacet
  facet normal -0.597109 0.0170451 -0.801979
    outer loop
      vertex -3.70233 -3.22183 4.52985
      vertex -4.11424 -3.53968 4.82978
      vertex -3.85168 -2.94507 4.64693
    endloop
  endfacet
  facet normal -0.597119 0.017052 -0.801971
    outer loop
      vertex -4.11424 -3.53968 4.82978
      vertex -4.25209 -3.28422 4.93785
      vertex -3.85168 -2.94507 4.64693
    endloop
  endfacet
  facet normal -0.416742 -0.256141 -0.872191
    outer loop
      vertex -4.27166 -3.25936 4.9399
      vertex -3.85168 -2.94507 4.64693
      vertex -4.25209 -3.28422 4.93785
    endloop
  endfacet
  facet normal -0.416882 -0.255945 -0.872182
    outer loop
      vertex -3.85168 -2.94507 4.64693
      vertex -4.27166 -3.25936 4.9399
      vertex -4.10584 -2.62208 4.67363
    endloop
  endfacet
  facet normal -0.41692 -0.255929 -0.872168
    outer loop
      vertex -4.27166 -3.25936 4.9399
      vertex -4.50625 -2.96124 4.96456
      vertex -4.10584 -2.62208 4.67363
    endloop
  endfacet
  facet normal -0.254678 -0.438608 -0.861836
    outer loop
      vertex -4.52804 -2.93949 4.95993
      vertex -4.10584 -2.62208 4.67363
      vertex -4.50625 -2.96124 4.96456
    endloop
  endfacet
  facet normal -0.254744 -0.438536 -0.861854
    outer loop
      vertex -4.10584 -2.62208 4.67363
      vertex -4.52804 -2.93949 4.95993
      vertex -4.38888 -2.33947 4.61349
    endloop
  endfacet
  facet normal -0.254751 -0.438534 -0.861853
    outer loop
      vertex -4.52804 -2.93949 4.95993
      vertex -4.78931 -2.67864 4.90443
      vertex -4.38888 -2.33947 4.61349
    endloop
  endfacet
  facet normal -0.00363603 -0.648598 -0.761122
    outer loop
      vertex -4.78931 -2.67864 4.90443
      vertex -4.63837 -2.16869 4.46915
      vertex -4.38888 -2.33947 4.61349
    endloop
  endfacet
  facet normal -0.00361791 -0.648601 -0.76112
    outer loop
      vertex -4.63837 -2.16869 4.46915
      vertex -4.78931 -2.67864 4.90443
      vertex -5.03882 -2.50788 4.7601
    endloop
  endfacet
  facet normal 0.314593 -0.804102 -0.504432
    outer loop
      vertex -5.05452 -2.50359 4.74347
      vertex -4.63837 -2.16869 4.46915
      vertex -5.03882 -2.50788 4.7601
    endloop
  endfacet
  facet normal 0.314486 -0.804068 -0.504553
    outer loop
      vertex -4.63837 -2.16869 4.46915
      vertex -5.05452 -2.50359 4.74347
      vertex -4.8426 -2.11294 4.25301
    endloop
  endfacet
  facet normal 0.314471 -0.804069 -0.50456
    outer loop
      vertex -5.05452 -2.50359 4.74347
      vertex -5.24306 -2.45214 4.54397
      vertex -4.8426 -2.11294 4.25301
    endloop
  endfacet
  facet normal 0.583811 -0.80131 -0.130641
    outer loop
      vertex -5.25439 -2.45694 4.52278
      vertex -4.8426 -2.11294 4.25301
      vertex -5.24306 -2.45214 4.54397
    endloop
  endfacet
  facet normal 0.583881 -0.801282 -0.130499
    outer loop
      vertex -4.8426 -2.11294 4.25301
      vertex -5.25439 -2.45694 4.52278
      vertex -4.98992 -2.1754 3.97738
    endloop
  endfacet
  facet normal 0.583878 -0.801284 -0.130501
    outer loop
      vertex -5.25439 -2.45694 4.52278
      vertex -5.3904 -2.51461 4.26835
      vertex -4.98992 -2.1754 3.97738
    endloop
  endfacet
  facet normal 0.708304 -0.682896 0.178769
    outer loop
      vertex -5.39432 -2.52249 4.25378
      vertex -4.98992 -2.1754 3.97738
      vertex -5.3904 -2.51461 4.26835
    endloop
  endfacet
  facet normal 0.708287 -0.682933 0.178698
    outer loop
      vertex -4.98992 -2.1754 3.97738
      vertex -5.39432 -2.52249 4.25378
      vertex -5.0409 -2.27791 3.78768
    endloop
  endfacet
  facet normal 0.708287 -0.682932 0.178698
    outer loop
      vertex -5.39432 -2.52249 4.25378
      vertex -5.44139 -2.61713 4.07866
      vertex -5.0409 -2.27791 3.78768
    endloop
  endfacet
  facet normal 0.744366 -0.485806 0.458162
    outer loop
      vertex -5.441 -2.62834 4.06614
      vertex -5.0409 -2.27791 3.78768
      vertex -5.44139 -2.61713 4.07866
    endloop
  endfacet
  facet normal 0.744361 -0.485735 0.458245
    outer loop
      vertex -5.0409 -2.27791 3.78768
      vertex -5.441 -2.62834 4.06614
      vertex -5.03575 -2.42384 3.62463
    endloop
  endfacet
  facet normal 0.744361 -0.485737 0.458243
    outer loop
      vertex -5.43735 -2.73186 3.95048
      vertex -5.03575 -2.42384 3.62463
      vertex -5.441 -2.62834 4.06614
    endloop
  endfacet
  facet normal 0.74436 -0.485741 0.458239
    outer loop
      vertex -5.03575 -2.42384 3.62463
      vertex -5.43735 -2.73186 3.95048
      vertex -5.43625 -2.76307 3.91561
    endloop
  endfacet
  facet normal 0.694824 -0.238273 0.678561
    outer loop
      vertex -5.43625 -2.76307 3.91561
      vertex -4.97697 -2.59702 3.50363
      vertex -5.03575 -2.42384 3.62463
    endloop
  endfacet
  facet normal 0.694829 -0.238482 0.678483
    outer loop
      vertex -4.97697 -2.59702 3.50363
      vertex -5.43625 -2.76307 3.91561
      vertex -5.43174 -2.77636 3.90632
    endloop
  endfacet
  facet normal 0.694819 -0.238248 0.678575
    outer loop
      vertex -4.97697 -2.59702 3.50363
      vertex -5.43174 -2.77636 3.90632
      vertex -5.37747 -2.93626 3.79461
    endloop
  endfacet
  facet normal 0.559974 0.0483421 0.827099
    outer loop
      vertex -5.37747 -2.93626 3.79461
      vertex -4.86709 -2.78133 3.44001
      vertex -4.97697 -2.59702 3.50363
    endloop
  endfacet
  facet normal 0.559973 0.0483443 0.827099
    outer loop
      vertex -4.86709 -2.78133 3.44001
      vertex -5.37747 -2.93626 3.79461
      vertex -5.26759 -3.12056 3.73099
    endloop
  endfacet
  facet normal 0.662749 -0.747747 0.0404591
    outer loop
      vertex -5.27033 -3.12337 3.72394
      vertex -4.86709 -2.78133 3.44001
      vertex -5.26759 -3.12056 3.73099
    endloop
  endfacet
  facet normal 0.662426 -0.74808 0.0395999
    outer loop
      vertex -4.86709 -2.78133 3.44001
      vertex -5.27033 -3.12337 3.72394
      vertex -4.86983 -2.78413 3.43295
    endloop
  endfacet
  facet normal -0.111112 -0.568207 -0.81535
    outer loop
      vertex -5.28453 -3.11184 3.71784
      vertex -4.86983 -2.78413 3.43295
      vertex -5.27033 -3.12337 3.72394
    endloop
  endfacet
  facet normal -0.111008 -0.568296 -0.815302
    outer loop
      vertex -4.86983 -2.78413 3.43295
      vertex -5.28453 -3.11184 3.71784
      vertex -5.05468 -2.63404 3.3535
    endloop
  endfacet
  facet normal -0.11102 -0.568291 -0.815303
    outer loop
      vertex -5.28453 -3.11184 3.71784
      vertex -5.45518 -2.97327 3.64449
      vertex -5.05468 -2.63404 3.3535
    endloop
  endfacet
  facet normal 0.157546 -0.743393 -0.650035
    outer loop
      vertex -5.22828 -2.54873 3.21397
      vertex -5.45518 -2.97327 3.64449
      vertex -5.46851 -2.96673 3.63378
    endloop
  endfacet
  facet normal 0.157257 -0.743355 -0.650149
    outer loop
      vertex -5.45518 -2.97327 3.64449
      vertex -5.22828 -2.54873 3.21397
      vertex -5.05468 -2.63404 3.3535
    endloop
  endfacet
  facet normal 0.157229 -0.743345 -0.650168
    outer loop
      vertex -5.46851 -2.96673 3.63378
      vertex -5.6288 -2.88797 3.50497
      vertex -5.22828 -2.54873 3.21397
    endloop
  endfacet
  facet normal 0.40845 -0.822232 -0.396363
    outer loop
      vertex -5.64025 -2.88675 3.49064
      vertex -5.22828 -2.54873 3.21397
      vertex -5.6288 -2.88797 3.50497
    endloop
  endfacet
  facet normal 0.408394 -0.822224 -0.396436
    outer loop
      vertex -5.22828 -2.54873 3.21397
      vertex -5.64025 -2.88675 3.49064
      vertex -5.37744 -2.53278 3.02723
    endloop
  endfacet
  facet normal 0.408404 -0.822223 -0.39643
    outer loop
      vertex -5.64025 -2.88675 3.49064
      vertex -5.77797 -2.87203 3.31823
      vertex -5.37744 -2.53278 3.02723
    endloop
  endfacet
  facet normal 0.601935 -0.792786 -0.0957375
    outer loop
      vertex -5.78653 -2.87648 3.30126
      vertex -5.37744 -2.53278 3.02723
      vertex -5.77797 -2.87203 3.31823
    endloop
  endfacet
  facet normal 0.60184 -0.792833 -0.0959376
    outer loop
      vertex -5.37744 -2.53278 3.02723
      vertex -5.78653 -2.87648 3.30126
      vertex -5.48902 -2.59072 2.80608
    endloop
  endfacet
  facet normal 0.601848 -0.792828 -0.0959303
    outer loop
      vertex -5.78653 -2.87648 3.30126
      vertex -5.88955 -2.92998 3.09709
      vertex -5.48902 -2.59072 2.80608
    endloop
  endfacet
  facet normal 0.714188 -0.67032 0.201509
    outer loop
      vertex -5.89538 -2.94325 3.07361
      vertex -5.48902 -2.59072 2.80608
      vertex -5.88955 -2.92998 3.09709
    endloop
  endfacet
  facet normal 0.714225 -0.670228 0.201687
    outer loop
      vertex -5.48902 -2.59072 2.80608
      vertex -5.89538 -2.94325 3.07361
      vertex -5.56492 -2.76376 2.49983
    endloop
  endfacet
  facet normal 0.714225 -0.670227 0.201687
    outer loop
      vertex -5.89538 -2.94325 3.07361
      vertex -5.96547 -3.10303 2.79085
      vertex -5.56492 -2.76376 2.49983
    endloop
  endfacet
  facet normal 0.733406 -0.385723 0.559761
    outer loop
      vertex -5.96547 -3.10303 2.79085
      vertex -5.52193 -3.006 2.27658
      vertex -5.56492 -2.76376 2.49983
    endloop
  endfacet
  facet normal 0.733413 -0.385693 0.559773
    outer loop
      vertex -5.52193 -3.006 2.27658
      vertex -5.96547 -3.10303 2.79085
      vertex -5.92248 -3.34528 2.56761
    endloop
  endfacet
  facet normal 0.604731 -0.0312991 0.795814
    outer loop
      vertex -5.92248 -3.34528 2.56761
      vertex -5.36443 -3.30469 2.14515
      vertex -5.52193 -3.006 2.27658
    endloop
  endfacet
  facet normal 0.604732 -0.0313247 0.795813
    outer loop
      vertex -5.36443 -3.30469 2.14515
      vertex -5.92248 -3.34528 2.56761
      vertex -5.76498 -3.64397 2.43617
    endloop
  endfacet
  facet normal 0.421129 0.250537 0.871712
    outer loop
      vertex -5.76498 -3.64397 2.43617
      vertex -5.09687 -3.64706 2.11429
      vertex -5.36443 -3.30469 2.14515
    endloop
  endfacet
  facet normal 0.421131 0.250525 0.871714
    outer loop
      vertex -5.09687 -3.64706 2.11429
      vertex -5.76498 -3.64397 2.43617
      vertex -5.49743 -3.98634 2.40531
    endloop
  endfacet
  facet normal 0.25374 0.43952 0.861648
    outer loop
      vertex -5.09687 -3.64706 2.11429
      vertex -5.47392 -4.00977 2.41034
      vertex -4.79028 -3.95276 2.17994
    endloop
  endfacet
  facet normal 0.253706 0.439551 0.861643
    outer loop
      vertex -5.47392 -4.00977 2.41034
      vertex -5.09687 -3.64706 2.11429
      vertex -5.49743 -3.98634 2.40531
    endloop
  endfacet
  facet normal 0.25374 0.439518 0.861649
    outer loop
      vertex -4.79028 -3.95276 2.17994
      vertex -5.47392 -4.00977 2.41034
      vertex -5.19082 -4.29203 2.47095
    endloop
  endfacet
  facet normal -0.732761 0.614666 -0.291972
    outer loop
      vertex -5.02119 -2.97382 4.24118
      vertex -4.61745 -2.62109 3.97049
      vertex -4.65998 -2.79707 3.70675
    endloop
  endfacet
  facet normal -0.73277 0.614622 -0.292042
    outer loop
      vertex -4.61745 -2.62109 3.97049
      vertex -5.02119 -2.97382 4.24118
      vertex -5.01792 -2.96029 4.26145
    endloop
  endfacet
  facet normal -0.732775 0.614641 -0.291989
    outer loop
      vertex -4.65998 -2.79707 3.70675
      vertex -5.06046 -3.13629 3.99773
      vertex -5.02119 -2.97382 4.24118
    endloop
  endfacet
  facet normal -0.530157 0.817842 0.223759
    outer loop
      vertex -4.45707 -2.58813 4.2297
      vertex -4.86985 -2.92986 4.50072
      vertex -4.85752 -2.92732 4.52065
    endloop
  endfacet
  facet normal -0.530043 0.817862 0.223956
    outer loop
      vertex -4.86985 -2.92986 4.50072
      vertex -4.45707 -2.58813 4.2297
      vertex -4.61745 -2.62109 3.97049
    endloop
  endfacet
  facet normal -0.530014 0.817875 0.223978
    outer loop
      vertex -4.61745 -2.62109 3.97049
      vertex -5.01792 -2.96029 4.26145
      vertex -4.86985 -2.92986 4.50072
    endloop
  endfacet
  facet normal 0.0998726 0.577254 0.810434
    outer loop
      vertex -4.65825 -3.08643 4.60942
      vertex -4.2412 -2.76051 4.32588
      vertex -4.45707 -2.58813 4.2297
    endloop
  endfacet
  facet normal 0.0998185 0.5773 0.810408
    outer loop
      vertex -4.2412 -2.76051 4.32588
      vertex -4.65825 -3.08643 4.60942
      vertex -4.64164 -3.09969 4.61682
    endloop
  endfacet
  facet normal 0.0998843 0.57725 0.810435
    outer loop
      vertex -4.45707 -2.58813 4.2297
      vertex -4.85752 -2.92732 4.52065
      vertex -4.65825 -3.08643 4.60942
    endloop
  endfacet
  facet normal 0.430572 0.238352 0.870515
    outer loop
      vertex -4.54863 -3.22058 4.60391
      vertex -4.14044 -2.89147 4.3119
      vertex -4.2412 -2.76051 4.32588
    endloop
  endfacet
  facet normal 0.430326 0.238684 0.870546
    outer loop
      vertex -4.14044 -2.89147 4.3119
      vertex -4.54863 -3.22058 4.60391
      vertex -4.54088 -3.23065 4.60284
    endloop
  endfacet
  facet normal 0.430598 0.23833 0.870508
    outer loop
      vertex -4.2412 -2.76051 4.32588
      vertex -4.64164 -3.09969 4.61682
      vertex -4.54863 -3.22058 4.60391
    endloop
  endfacet
  facet normal 0.633699 -0.0890211 0.76844
    outer loop
      vertex -4.49166 -3.33383 4.55029
      vertex -4.08712 -3.00325 4.25498
      vertex -4.14044 -2.89147 4.3119
    endloop
  endfacet
  facet normal 0.633772 -0.089181 0.768361
    outer loop
      vertex -4.08712 -3.00325 4.25498
      vertex -4.49166 -3.33383 4.55029
      vertex -4.48756 -3.34243 4.54591
    endloop
  endfacet
  facet normal 0.633723 -0.0890527 0.768417
    outer loop
      vertex -4.14044 -2.89147 4.3119
      vertex -4.54088 -3.23065 4.60284
      vertex -4.49166 -3.33383 4.55029
    endloop
  endfacet
  facet normal 0.743858 -0.474397 0.470768
    outer loop
      vertex -4.48291 -3.42941 4.45092
      vertex -4.08208 -3.09748 4.15206
      vertex -4.08712 -3.00325 4.25498
    endloop
  endfacet
  facet normal 0.743845 -0.474033 0.471155
    outer loop
      vertex -4.08208 -3.09748 4.15206
      vertex -4.48291 -3.42941 4.45092
      vertex -4.48252 -3.43666 4.44301
    endloop
  endfacet
  facet normal 0.743853 -0.474381 0.470793
    outer loop
      vertex -4.08712 -3.00325 4.25498
      vertex -4.48756 -3.34243 4.54591
      vertex -4.48291 -3.42941 4.45092
    endloop
  endfacet
  facet normal 0.701552 -0.695581 0.154892
    outer loop
      vertex -4.52665 -3.51492 4.29103
      vertex -4.08208 -3.09748 4.15206
      vertex -4.52326 -3.5089 4.30271
    endloop
  endfacet
  facet normal 0.701532 -0.695681 0.15453
    outer loop
      vertex -4.08208 -3.09748 4.15206
      vertex -4.52665 -3.51492 4.29103
      vertex -4.1262 -3.17573 4.00008
    endloop
  endfacet
  facet normal 0.701525 -0.695695 0.154504
    outer loop
      vertex -4.48252 -3.43666 4.44301
      vertex -4.52326 -3.5089 4.30271
      vertex -4.08208 -3.09748 4.15206
    endloop
  endfacet
  facet normal 0.616184 -0.784765 -0.0667932
    outer loop
      vertex -4.60563 -3.56292 4.12638
      vertex -4.1262 -3.17573 4.00008
      vertex -4.52665 -3.51492 4.29103
    endloop
  endfacet
  facet normal 0.61619 -0.784763 -0.0667653
    outer loop
      vertex -4.1262 -3.17573 4.00008
      vertex -4.60563 -3.56292 4.12638
      vertex -4.20516 -3.22372 3.83542
    endloop
  endfacet
  facet normal 0.417366 -0.823091 -0.385132
    outer loop
      vertex -4.29363 -3.21587 3.72279
      vertex -4.60563 -3.56292 4.12638
      vertex -4.6941 -3.55508 4.01375
    endloop
  endfacet
  facet normal 0.417322 -0.823096 -0.38517
    outer loop
      vertex -4.60563 -3.56292 4.12638
      vertex -4.29363 -3.21587 3.72279
      vertex -4.20516 -3.22372 3.83542
    endloop
  endfacet
  facet normal 0.0585393 -0.688862 -0.722525
    outer loop
      vertex -4.6941 -3.55508 4.01375
      vertex -4.39431 -3.15433 3.65596
      vertex -4.29363 -3.21587 3.72279
    endloop
  endfacet
  facet normal 0.0585354 -0.688861 -0.722526
    outer loop
      vertex -4.39431 -3.15433 3.65596
      vertex -4.6941 -3.55508 4.01375
      vertex -4.79479 -3.49354 3.94692
    endloop
  endfacet
  facet normal -0.240762 -0.452362 -0.858722
    outer loop
      vertex -4.90156 -3.38902 3.92181
      vertex -4.50997 -3.0411 3.62874
      vertex -4.39431 -3.15433 3.65596
    endloop
  endfacet
  facet normal -0.240298 -0.452799 -0.858621
    outer loop
      vertex -4.50997 -3.0411 3.62874
      vertex -4.90156 -3.38902 3.92181
      vertex -4.91045 -3.38032 3.91971
    endloop
  endfacet
  facet normal -0.240805 -0.452295 -0.858745
    outer loop
      vertex -4.79479 -3.49354 3.94692
      vertex -4.90156 -3.38902 3.92181
      vertex -4.39431 -3.15433 3.65596
    endloop
  endfacet
  facet normal -0.547085 -0.0696399 -0.834175
    outer loop
      vertex -5.04894 -3.15504 3.99173
      vertex -4.65998 -2.79707 3.70675
      vertex -4.50997 -3.0411 3.62874
    endloop
  endfacet
  facet normal -0.54728 -0.0693459 -0.834072
    outer loop
      vertex -4.65998 -2.79707 3.70675
      vertex -5.04894 -3.15504 3.99173
      vertex -5.06046 -3.13629 3.99773
    endloop
  endfacet
  facet normal -0.547085 -0.0696401 -0.834175
    outer loop
      vertex -4.91045 -3.38032 3.91971
      vertex -5.04894 -3.15504 3.99173
      vertex -4.50997 -3.0411 3.62874
    endloop
  endfacet
  facet normal -0.639906 0.102136 -0.761635
    outer loop
      vertex -5.54037 -3.5608 2.8423
      vertex -5.07785 -3.35471 2.48134
      vertex -5.53562 -3.57101 2.83694
    endloop
  endfacet
  facet normal -0.639921 0.102211 -0.761613
    outer loop
      vertex -5.07785 -3.35471 2.48134
      vertex -5.54037 -3.5608 2.8423
      vertex -5.13983 -3.22153 2.55129
    endloop
  endfacet
  facet normal -0.639924 0.102216 -0.76161
    outer loop
      vertex -5.47839 -3.69398 2.77235
      vertex -5.53562 -3.57101 2.83694
      vertex -5.07785 -3.35471 2.48134
    endloop
  endfacet
  facet normal -0.74445 0.488217 -0.455454
    outer loop
      vertex -5.13983 -3.22153 2.55129
      vertex -5.54389 -3.44777 2.96922
      vertex -5.14336 -3.10851 2.67821
    endloop
  endfacet
  facet normal -0.744447 0.48823 -0.455445
    outer loop
      vertex -5.54389 -3.44777 2.96922
      vertex -5.13983 -3.22153 2.55129
      vertex -5.54037 -3.5608 2.8423
    endloop
  endfacet
  facet normal -0.699795 0.698711 -0.148626
    outer loop
      vertex -5.49252 -3.35934 3.14302
      vertex -5.08772 -3.01274 2.86646
      vertex -5.14336 -3.10851 2.67821
    endloop
  endfacet
  facet normal -0.699714 0.698856 -0.148326
    outer loop
      vertex -5.08772 -3.01274 2.86646
      vertex -5.49252 -3.35934 3.14302
      vertex -5.48825 -3.352 3.15746
    endloop
  endfacet
  facet normal -0.699813 0.698688 -0.148651
    outer loop
      vertex -5.14336 -3.10851 2.67821
      vertex -5.54389 -3.44777 2.96922
      vertex -5.49252 -3.35934 3.14302
    endloop
  endfacet
  facet normal -0.608231 0.789394 0.0831394
    outer loop
      vertex -5.00334 -2.96569 3.03748
      vertex -5.41034 -3.30855 3.31535
      vertex -5.40386 -3.30494 3.32848
    endloop
  endfacet
  facet normal -0.608308 0.789352 0.082973
    outer loop
      vertex -5.41034 -3.30855 3.31535
      vertex -5.00334 -2.96569 3.03748
      vertex -5.08772 -3.01274 2.86646
    endloop
  endfacet
  facet normal -0.608325 0.789341 0.0829545
    outer loop
      vertex -5.08772 -3.01274 2.86646
      vertex -5.48825 -3.352 3.15746
      vertex -5.41034 -3.30855 3.31535
    endloop
  endfacet
  facet normal -0.403762 0.821705 0.402215
    outer loop
      vertex -4.90003 -2.97773 3.16566
      vertex -5.30847 -3.31605 3.44682
      vertex -5.30054 -3.31697 3.45666
    endloop
  endfacet
  facet normal -0.403576 0.821679 0.402454
    outer loop
      vertex -5.30847 -3.31605 3.44682
      vertex -4.90003 -2.97773 3.16566
      vertex -5.00334 -2.96569 3.03748
    endloop
  endfacet
  facet normal -0.403578 0.821679 0.402452
    outer loop
      vertex -5.00334 -2.96569 3.03748
      vertex -5.40386 -3.30494 3.32848
      vertex -5.30847 -3.31605 3.44682
    endloop
  endfacet
  facet normal -0.0786845 0.700939 0.708868
    outer loop
      vertex -4.90003 -2.97773 3.16566
      vertex -5.18179 -3.38671 3.53879
      vertex -4.78129 -3.04748 3.24781
    endloop
  endfacet
  facet normal -0.0785532 0.700898 0.708922
    outer loop
      vertex -5.18179 -3.38671 3.53879
      vertex -4.90003 -2.97773 3.16566
      vertex -5.19091 -3.38136 3.53249
    endloop
  endfacet
  facet normal -0.0786447 0.700928 0.708883
    outer loop
      vertex -4.90003 -2.97773 3.16566
      vertex -5.30054 -3.31697 3.45666
      vertex -5.19091 -3.38136 3.53249
    endloop
  endfacet
  facet normal 0.230575 0.462242 0.856252
    outer loop
      vertex -5.06121 -3.50306 3.56913
      vertex -4.65068 -3.1735 3.28067
      vertex -4.78129 -3.04748 3.24781
    endloop
  endfacet
  facet normal 0.230661 0.462155 0.856276
    outer loop
      vertex -4.65068 -3.1735 3.28067
      vertex -5.06121 -3.50306 3.56913
      vertex -5.05119 -3.51273 3.57165
    endloop
  endfacet
  facet normal 0.230577 0.462241 0.856252
    outer loop
      vertex -4.78129 -3.04748 3.24781
      vertex -5.18179 -3.38671 3.53879
      vertex -5.06121 -3.50306 3.56913
    endloop
  endfacet
  facet normal 0.532902 0.0923212 0.841126
    outer loop
      vertex -5.05119 -3.51273 3.57165
      vertex -4.46779 -3.46169 3.19643
      vertex -4.65068 -3.1735 3.28067
    endloop
  endfacet
  facet normal 0.532897 0.0923662 0.841124
    outer loop
      vertex -4.46779 -3.46169 3.19643
      vertex -5.05119 -3.51273 3.57165
      vertex -4.86829 -3.80092 3.48742
    endloop
  endfacet
  facet normal 0.735931 -0.600368 0.312992
    outer loop
      vertex -4.90858 -4.00054 3.19925
      vertex -4.46779 -3.46169 3.19643
      vertex -4.86829 -3.80092 3.48742
    endloop
  endfacet
  facet normal 0.735932 -0.600369 0.312986
    outer loop
      vertex -4.46779 -3.46169 3.19643
      vertex -4.90858 -4.00054 3.19925
      vertex -4.50807 -3.6613 2.90825
    endloop
  endfacet
  facet normal 0.618828 -0.783135 -0.0612565
    outer loop
      vertex -4.60106 -3.71931 2.7126
      vertex -4.99445 -4.0541 3.01861
      vertex -5.00158 -4.05856 3.0036
    endloop
  endfacet
  facet normal 0.618576 -0.783295 -0.0617553
    outer loop
      vertex -4.99445 -4.0541 3.01861
      vertex -4.60106 -3.71931 2.7126
      vertex -4.50807 -3.6613 2.90825
    endloop
  endfacet
  facet normal 0.618568 -0.783297 -0.0617972
    outer loop
      vertex -4.90858 -4.00054 3.19925
      vertex -4.99445 -4.0541 3.01861
      vertex -4.50807 -3.6613 2.90825
    endloop
  endfacet
  facet normal 0.432457 -0.824192 -0.365634
    outer loop
      vertex -4.70414 -3.71346 2.57753
      vertex -5.09675 -4.05316 2.8789
      vertex -5.10466 -4.05271 2.86853
    endloop
  endfacet
  facet normal 0.43241 -0.82419 -0.365694
    outer loop
      vertex -5.09675 -4.05316 2.8789
      vertex -4.70414 -3.71346 2.57753
      vertex -4.60106 -3.71931 2.7126
    endloop
  endfacet
  facet normal 0.432407 -0.824189 -0.3657
    outer loop
      vertex -5.00158 -4.05856 3.0036
      vertex -5.09675 -4.05316 2.8789
      vertex -4.60106 -3.71931 2.7126
    endloop
  endfacet
  facet normal 0.075336 -0.698976 -0.711166
    outer loop
      vertex -5.21319 -3.98854 2.79397
      vertex -4.82168 -3.64395 2.49676
      vertex -4.70414 -3.71346 2.57753
    endloop
  endfacet
  facet normal 0.0751601 -0.698877 -0.711282
    outer loop
      vertex -4.82168 -3.64395 2.49676
      vertex -5.21319 -3.98854 2.79397
      vertex -5.22221 -3.9832 2.78777
    endloop
  endfacet
  facet normal 0.0753161 -0.698957 -0.711187
    outer loop
      vertex -5.10466 -4.05271 2.86853
      vertex -5.21319 -3.98854 2.79397
      vertex -4.70414 -3.71346 2.57753
    endloop
  endfacet
  facet normal -0.237694 -0.455359 -0.857992
    outer loop
      vertex -5.22221 -3.9832 2.78777
      vertex -4.95813 -3.51096 2.46398
      vertex -4.82168 -3.64395 2.49676
    endloop
  endfacet
  facet normal -0.237672 -0.455371 -0.857991
    outer loop
      vertex -4.95813 -3.51096 2.46398
      vertex -5.22221 -3.9832 2.78777
      vertex -5.35866 -3.85022 2.75499
    endloop
  endfacet
  facet normal -0.433052 -0.235129 -0.870161
    outer loop
      vertex -5.46921 -3.70596 2.77102
      vertex -5.07785 -3.35471 2.48134
      vertex -4.95813 -3.51096 2.46398
    endloop
  endfacet
  facet normal -0.433 -0.235193 -0.870169
    outer loop
      vertex -5.07785 -3.35471 2.48134
      vertex -5.46921 -3.70596 2.77102
      vertex -5.47839 -3.69398 2.77235
    endloop
  endfacet
  facet normal -0.43304 -0.235158 -0.870159
    outer loop
      vertex -5.35866 -3.85022 2.75499
      vertex -5.46921 -3.70596 2.77102
      vertex -4.95813 -3.51096 2.46398
    endloop
  endfacet
  facet normal 0.254914 -0.565285 0.78452
    outer loop
      vertex 1.65271 -3.26355 5.38189
      vertex 1.31025 -3.26879 5.48939
      vertex 1.66565 -3.43959 5.25084
    endloop
  endfacet
  facet normal 0.254934 -0.565288 0.784511
    outer loop
      vertex 2.3548 -2.38918 5.78378
      vertex 2.01762 -2.42214 5.8696
      vertex 2.20272 -2.87204 5.48527
    endloop
  endfacet
  facet normal 0.254915 -0.565303 0.784507
    outer loop
      vertex 1.86957 -2.95625 5.53285
      vertex 1.45505 -2.82017 5.7656
      vertex 1.73654 -3.087 5.48186
    endloop
  endfacet
  facet normal 0.254947 -0.565278 0.784514
    outer loop
      vertex 1.45505 -2.82017 5.7656
      vertex 1.33239 -3.04793 5.64135
      vertex 1.73654 -3.087 5.48186
    endloop
  endfacet
  facet normal 0.254908 -0.565318 0.784498
    outer loop
      vertex 1.33239 -3.04793 5.64135
      vertex 1.31025 -3.26879 5.48939
      vertex 1.65271 -3.26355 5.38189
    endloop
  endfacet
  facet normal 0.254943 -0.56528 0.784514
    outer loop
      vertex 2.02901 -2.88437 5.53283
      vertex 1.70928 -2.56878 5.86413
      vertex 1.86957 -2.95625 5.53285
    endloop
  endfacet
  facet normal 0.254925 -0.565294 0.78451
    outer loop
      vertex 2.01762 -2.42214 5.8696
      vertex 1.70928 -2.56878 5.86413
      vertex 2.02901 -2.88437 5.53283
    endloop
  endfacet
  facet normal 0.254932 -0.565283 0.784515
    outer loop
      vertex 1.31025 -3.26879 5.48939
      vertex 0.14767 -3.22239 5.90061
      vertex 1.35597 -3.85368 5.05309
    endloop
  endfacet
  facet normal 0.254929 -0.565296 0.784507
    outer loop
      vertex 0.768954 -2.98386 5.8706
      vertex 0.14767 -3.22239 5.90061
      vertex 1.31025 -3.26879 5.48939
    endloop
  endfacet
  facet normal 0.254922 -0.565287 0.784516
    outer loop
      vertex 1.10501 -1.94229 6.51191
      vertex 0.768954 -2.98386 5.8706
      vertex 1.43806 -2.08916 6.29786
    endloop
  endfacet
  facet normal 0.254926 -0.565287 0.784515
    outer loop
      vertex 1.10501 -1.94229 6.51191
      vertex 0.14767 -3.22239 5.90061
      vertex 0.768954 -2.98386 5.8706
    endloop
  endfacet
  facet normal 0.254941 -0.565262 0.784528
    outer loop
      vertex 2.61546 -3.15001 5.15085
      vertex 2.61289 -3.29583 5.04662
      vertex 3.0775 -3.26005 4.92142
    endloop
  endfacet
  facet normal 0.25494 -0.565294 0.784505
    outer loop
      vertex 2.16965 -3.66888 4.92185
      vertex 2.04618 -4.13117 4.62886
      vertex 2.34898 -4.05745 4.58358
    endloop
  endfacet
  facet normal 0.254912 -0.565287 0.784519
    outer loop
      vertex 1.66565 -3.43959 5.25084
      vertex 1.31025 -3.26879 5.48939
      vertex 1.35597 -3.85368 5.05309
    endloop
  endfacet
  facet normal 0.254936 -0.56529 0.784509
    outer loop
      vertex 2.5329 -3.45025 4.96135
      vertex 2.4287 -3.56054 4.91574
      vertex 2.88488 -3.61147 4.7308
    endloop
  endfacet
  facet normal 0.254947 -0.565279 0.784514
    outer loop
      vertex 1.73654 -3.087 5.48186
      vertex 1.33239 -3.04793 5.64135
      vertex 1.65271 -3.26355 5.38189
    endloop
  endfacet
  facet normal 0.254939 -0.56528 0.784516
    outer loop
      vertex 3.0775 -3.26005 4.92142
      vertex 2.61289 -3.29583 5.04662
      vertex 2.88488 -3.61147 4.7308
    endloop
  endfacet
  facet normal 0.254925 -0.565288 0.784515
    outer loop
      vertex 1.70928 -2.56878 5.86413
      vertex 1.45505 -2.82017 5.7656
      vertex 1.86957 -2.95625 5.53285
    endloop
  endfacet
  facet normal 0.254916 -0.565296 0.784512
    outer loop
      vertex 2.20272 -2.87204 5.48527
      vertex 2.01762 -2.42214 5.8696
      vertex 2.02901 -2.88437 5.53283
    endloop
  endfacet
  facet normal 0.254928 -0.565287 0.784514
    outer loop
      vertex 2.3548 -2.38918 5.78378
      vertex 2.20272 -2.87204 5.48527
      vertex 2.69563 -2.47894 5.60835
    endloop
  endfacet
  facet normal 0.254931 -0.565298 0.784505
    outer loop
      vertex 2.69563 -2.47894 5.60835
      vertex 2.37854 -2.91992 5.39363
      vertex 2.9767 -2.67297 5.3772
    endloop
  endfacet
  facet normal 0.254945 -0.565304 0.784496
    outer loop
      vertex 2.69563 -2.47894 5.60835
      vertex 2.20272 -2.87204 5.48527
      vertex 2.37854 -2.91992 5.39363
    endloop
  endfacet
  facet normal 0.254936 -0.565275 0.78452
    outer loop
      vertex 2.9767 -2.67297 5.3772
      vertex 2.53816 -3.02172 5.26842
      vertex 3.10605 -2.94028 5.14256
    endloop
  endfacet
  facet normal 0.254915 -0.565255 0.784541
    outer loop
      vertex 2.9767 -2.67297 5.3772
      vertex 2.37854 -2.91992 5.39363
      vertex 2.53816 -3.02172 5.26842
    endloop
  endfacet
  facet normal 0.254935 -0.565324 0.784485
    outer loop
      vertex 3.10605 -2.94028 5.14256
      vertex 2.53816 -3.02172 5.26842
      vertex 2.61546 -3.15001 5.15085
    endloop
  endfacet
  facet normal 0.254924 -0.565295 0.784509
    outer loop
      vertex 3.10605 -2.94028 5.14256
      vertex 2.61546 -3.15001 5.15085
      vertex 3.0775 -3.26005 4.92142
    endloop
  endfacet
  facet normal 0.25495 -0.565272 0.784518
    outer loop
      vertex 2.61289 -3.29583 5.04662
      vertex 2.5329 -3.45025 4.96135
      vertex 2.88488 -3.61147 4.7308
    endloop
  endfacet
  facet normal 0.254938 -0.565297 0.784503
    outer loop
      vertex 2.6311 -3.88316 4.61749
      vertex 2.3082 -3.63453 4.90158
      vertex 2.34898 -4.05745 4.58358
    endloop
  endfacet
  facet normal 0.254909 -0.565292 0.784516
    outer loop
      vertex 2.16965 -3.66888 4.92185
      vertex 2.0113 -3.66032 4.97947
      vertex 2.04618 -4.13117 4.62886
    endloop
  endfacet
  facet normal 0.25494 -0.565286 0.784511
    outer loop
      vertex 2.0113 -3.66032 4.97947
      vertex 1.73034 -4.10119 4.7531
      vertex 2.04618 -4.13117 4.62886
    endloop
  endfacet
  facet normal 0.254926 -0.5653 0.784505
    outer loop
      vertex 2.3082 -3.63453 4.90158
      vertex 2.16965 -3.66888 4.92185
      vertex 2.34898 -4.05745 4.58358
    endloop
  endfacet
  facet normal 0.254927 -0.565308 0.784499
    outer loop
      vertex 2.4287 -3.56054 4.91574
      vertex 2.3082 -3.63453 4.90158
      vertex 2.6311 -3.88316 4.61749
    endloop
  endfacet
  facet normal 0.254931 -0.565306 0.7845
    outer loop
      vertex 2.88488 -3.61147 4.7308
      vertex 2.4287 -3.56054 4.91574
      vertex 2.6311 -3.88316 4.61749
    endloop
  endfacet
  facet normal -0.964191 -0.0871392 0.250485
    outer loop
      vertex 3.0775 -3.26005 4.92142
      vertex 3.23264 -3.57467 5.40915
      vertex 3.10605 -2.94028 5.14256
    endloop
  endfacet
  facet normal -0.964181 -0.0870015 0.25057
    outer loop
      vertex 3.23264 -3.57467 5.40915
      vertex 3.0775 -3.26005 4.92142
      vertex 3.23044 -3.59925 5.39215
    endloop
  endfacet
  facet normal -0.964191 -0.087139 0.250485
    outer loop
      vertex 3.25899 -3.27948 5.61327
      vertex 3.10605 -2.94028 5.14256
      vertex 3.23264 -3.57467 5.40915
    endloop
  endfacet
  facet normal -0.904557 -0.42615 -0.0131699
    outer loop
      vertex 3.10605 -2.94028 5.14256
      vertex 3.24905 -3.25892 5.63132
      vertex 2.9767 -2.67297 5.3772
    endloop
  endfacet
  facet normal -0.904655 -0.425947 -0.0130085
    outer loop
      vertex 3.24905 -3.25892 5.63132
      vertex 3.10605 -2.94028 5.14256
      vertex 3.25899 -3.27948 5.61327
    endloop
  endfacet
  facet normal -0.904554 -0.426154 -0.013182
    outer loop
      vertex 3.12964 -3.01216 5.8479
      vertex 2.9767 -2.67297 5.3772
      vertex 3.24905 -3.25892 5.63132
    endloop
  endfacet
  facet normal -0.685951 -0.677537 -0.265359
    outer loop
      vertex 3.12964 -3.01216 5.8479
      vertex 2.69563 -2.47894 5.60835
      vertex 2.9767 -2.67297 5.3772
    endloop
  endfacet
  facet normal -0.685956 -0.677536 -0.265348
    outer loop
      vertex 2.69563 -2.47894 5.60835
      vertex 3.12964 -3.01216 5.8479
      vertex 2.84856 -2.81811 6.07904
    endloop
  endfacet
  facet normal -0.430758 -0.79275 -0.431272
    outer loop
      vertex 2.69563 -2.47894 5.60835
      vertex 2.82234 -2.8112 6.09254
      vertex 2.3548 -2.38918 5.78378
    endloop
  endfacet
  facet normal -0.43092 -0.792702 -0.431197
    outer loop
      vertex 2.82234 -2.8112 6.09254
      vertex 2.69563 -2.47894 5.60835
      vertex 2.84856 -2.81811 6.07904
    endloop
  endfacet
  facet normal -0.430739 -0.792746 -0.431297
    outer loop
      vertex 2.50774 -2.72835 6.25445
      vertex 2.3548 -2.38918 5.78378
      vertex 2.82234 -2.8112 6.09254
    endloop
  endfacet
  facet normal -0.0648301 -0.819473 -0.569439
    outer loop
      vertex 2.3548 -2.38918 5.78378
      vertex 2.48178 -2.73088 6.26106
      vertex 2.01762 -2.42214 5.8696
    endloop
  endfacet
  facet normal -0.0651107 -0.819493 -0.569379
    outer loop
      vertex 2.48178 -2.73088 6.26106
      vertex 2.3548 -2.38918 5.78378
      vertex 2.50774 -2.72835 6.25445
    endloop
  endfacet
  facet normal -0.0648313 -0.819474 -0.569438
    outer loop
      vertex 2.17056 -2.7613 6.34027
      vertex 2.01762 -2.42214 5.8696
      vertex 2.48178 -2.73088 6.26106
    endloop
  endfacet
  facet normal 0.345913 -0.704306 -0.619917
    outer loop
      vertex 2.14682 -2.77259 6.33985
      vertex 2.01762 -2.42214 5.8696
      vertex 2.17056 -2.7613 6.34027
    endloop
  endfacet
  facet normal 0.345944 -0.704292 -0.619915
    outer loop
      vertex 2.01762 -2.42214 5.8696
      vertex 2.14682 -2.77259 6.33985
      vertex 1.70928 -2.56878 5.86413
    endloop
  endfacet
  facet normal 0.345926 -0.704312 -0.619903
    outer loop
      vertex 1.70928 -2.56878 5.86413
      vertex 2.05942 -2.81415 6.3383
      vertex 1.86221 -2.90793 6.3348
    endloop
  endfacet
  facet normal 0.34591 -0.704324 -0.619898
    outer loop
      vertex 2.05942 -2.81415 6.3383
      vertex 1.70928 -2.56878 5.86413
      vertex 2.14682 -2.77259 6.33985
    endloop
  endfacet
  facet normal 0.681975 -0.470072 -0.560306
    outer loop
      vertex 1.86221 -2.90793 6.3348
      vertex 1.45505 -2.82017 5.7656
      vertex 1.70928 -2.56878 5.86413
    endloop
  endfacet
  facet normal 0.682002 -0.470019 -0.560317
    outer loop
      vertex 1.45505 -2.82017 5.7656
      vertex 1.86221 -2.90793 6.3348
      vertex 1.84264 -2.92729 6.32722
    endloop
  endfacet
  facet normal 0.68197 -0.470078 -0.560307
    outer loop
      vertex 1.60798 -3.15933 6.23628
      vertex 1.45505 -2.82017 5.7656
      vertex 1.84264 -2.92729 6.32722
    endloop
  endfacet
  facet normal 0.867444 -0.22482 -0.443843
    outer loop
      vertex 1.59854 -3.17686 6.22671
      vertex 1.45505 -2.82017 5.7656
      vertex 1.60798 -3.15933 6.23628
    endloop
  endfacet
  facet normal 0.867371 -0.22495 -0.443921
    outer loop
      vertex 1.45505 -2.82017 5.7656
      vertex 1.59854 -3.17686 6.22671
      vertex 1.33239 -3.04793 5.64135
    endloop
  endfacet
  facet normal 0.867369 -0.224955 -0.443921
    outer loop
      vertex 1.48532 -3.3871 6.11203
      vertex 1.33239 -3.04793 5.64135
      vertex 1.59854 -3.17686 6.22671
    endloop
  endfacet
  facet normal 0.963459 0.0794239 -0.255808
    outer loop
      vertex 1.48532 -3.3871 6.11203
      vertex 1.31025 -3.26879 5.48939
      vertex 1.33239 -3.04793 5.64135
    endloop
  endfacet
  facet normal 0.963459 0.0794522 -0.255802
    outer loop
      vertex 1.31025 -3.26879 5.48939
      vertex 1.48532 -3.3871 6.11203
      vertex 1.46319 -3.60796 5.96008
    endloop
  endfacet
  facet normal -0.609114 -0.723981 -0.323777
    outer loop
      vertex 1.31025 -3.26879 5.48939
      vertex 1.42154 -3.58604 5.98941
      vertex 0.768954 -2.98386 5.8706
    endloop
  endfacet
  facet normal -0.609064 -0.72401 -0.323806
    outer loop
      vertex 1.42154 -3.58604 5.98941
      vertex 1.31025 -3.26879 5.48939
      vertex 1.46319 -3.60796 5.96008
    endloop
  endfacet
  facet normal -0.609115 -0.723982 -0.323773
    outer loop
      vertex 0.921883 -3.32301 6.34126
      vertex 0.768954 -2.98386 5.8706
      vertex 1.42154 -3.58604 5.98941
    endloop
  endfacet
  facet normal -0.788733 0.347793 0.506893
    outer loop
      vertex 0.768954 -2.98386 5.8706
      vertex 0.973404 -3.25412 6.37416
      vertex 1.43806 -2.08916 6.29786
    endloop
  endfacet
  facet normal -0.788733 0.347794 0.506893
    outer loop
      vertex 0.973404 -3.25412 6.37416
      vertex 0.768954 -2.98386 5.8706
      vertex 0.921883 -3.32301 6.34126
    endloop
  endfacet
  facet normal -0.788726 0.347791 0.506905
    outer loop
      vertex 1.43806 -2.08916 6.29786
      vertex 0.973404 -3.25412 6.37416
      vertex 1.59099 -2.4283 6.7685
    endloop
  endfacet
  facet normal -0.559416 -0.747972 -0.357201
    outer loop
      vertex 1.43806 -2.08916 6.29786
      vertex 1.56533 -2.41698 6.78499
      vertex 1.10501 -1.94229 6.51191
    endloop
  endfacet
  facet normal -0.559482 -0.747941 -0.357163
    outer loop
      vertex 1.56533 -2.41698 6.78499
      vertex 1.43806 -2.08916 6.29786
      vertex 1.59099 -2.4283 6.7685
    endloop
  endfacet
  facet normal -0.5594 -0.747971 -0.357227
    outer loop
      vertex 1.25792 -2.28142 6.98254
      vertex 1.10501 -1.94229 6.51191
      vertex 1.56533 -2.41698 6.78499
    endloop
  endfacet
  facet normal 0.788732 -0.347805 -0.506887
    outer loop
      vertex 1.25792 -2.28142 6.98254
      vertex 0.14767 -3.22239 5.90061
      vertex 1.10501 -1.94229 6.51191
    endloop
  endfacet
  facet normal 0.788732 -0.3478 -0.50689
    outer loop
      vertex 0.14767 -3.22239 5.90061
      vertex 1.25792 -2.28142 6.98254
      vertex 0.300595 -3.56154 6.37127
    endloop
  endfacet
  facet normal 0.606977 0.725101 0.32528
    outer loop
      vertex 0.393638 -3.61015 6.30601
      vertex 0.14767 -3.22239 5.90061
      vertex 0.300595 -3.56154 6.37127
    endloop
  endfacet
  facet normal 0.606986 0.725098 0.325271
    outer loop
      vertex 0.14767 -3.22239 5.90061
      vertex 0.393638 -3.61015 6.30601
      vertex 1.35597 -3.85368 5.05309
    endloop
  endfacet
  facet normal 0.606988 0.725096 0.325273
    outer loop
      vertex 1.35597 -3.85368 5.05309
      vertex 0.393638 -3.61015 6.30601
      vertex 1.50891 -4.19287 5.52381
    endloop
  endfacet
  facet normal -0.788733 0.347791 0.506894
    outer loop
      vertex 1.35597 -3.85368 5.05309
      vertex 1.53273 -4.16103 5.53901
      vertex 1.66565 -3.43959 5.25084
    endloop
  endfacet
  facet normal -0.788616 0.347961 0.506959
    outer loop
      vertex 1.53273 -4.16103 5.53901
      vertex 1.35597 -3.85368 5.05309
      vertex 1.50891 -4.19287 5.52381
    endloop
  endfacet
  facet normal -0.788725 0.347793 0.506905
    outer loop
      vertex 1.66565 -3.43959 5.25084
      vertex 1.53273 -4.16103 5.53901
      vertex 1.8186 -3.77877 5.72154
    endloop
  endfacet
  facet normal -0.96517 -0.198133 0.170852
    outer loop
      vertex 1.8186 -3.77877 5.72154
      vertex 1.65271 -3.26355 5.38189
      vertex 1.66565 -3.43959 5.25084
    endloop
  endfacet
  facet normal -0.965171 -0.198155 0.17082
    outer loop
      vertex 1.65271 -3.26355 5.38189
      vertex 1.8186 -3.77877 5.72154
      vertex 1.80565 -3.60273 5.85258
    endloop
  endfacet
  facet normal -0.888363 0.183495 0.42088
    outer loop
      vertex 1.65271 -3.26355 5.38189
      vertex 1.88948 -3.42618 5.95255
      vertex 1.73654 -3.087 5.48186
    endloop
  endfacet
  facet normal -0.888363 0.183495 0.42088
    outer loop
      vertex 1.88948 -3.42618 5.95255
      vertex 1.65271 -3.26355 5.38189
      vertex 1.80565 -3.60273 5.85258
    endloop
  endfacet
  facet normal -0.679518 0.472487 0.561259
    outer loop
      vertex 1.73654 -3.087 5.48186
      vertex 2.02251 -3.29542 6.00354
      vertex 1.86957 -2.95625 5.53285
    endloop
  endfacet
  facet normal -0.679531 0.472468 0.561259
    outer loop
      vertex 1.73654 -3.087 5.48186
      vertex 1.94043 -3.3761 5.97208
      vertex 2.02251 -3.29542 6.00354
    endloop
  endfacet
  facet normal -0.679535 0.472463 0.561257
    outer loop
      vertex 1.94043 -3.3761 5.97208
      vertex 1.73654 -3.087 5.48186
      vertex 1.88948 -3.42618 5.95255
    endloop
  endfacet
  facet normal -0.322322 0.715229 0.620126
    outer loop
      vertex 2.02901 -2.88437 5.53283
      vertex 2.02251 -3.29542 6.00354
      vertex 2.18195 -3.22355 6.00352
    endloop
  endfacet
  facet normal -0.322363 0.715218 0.620117
    outer loop
      vertex 2.02251 -3.29542 6.00354
      vertex 2.02901 -2.88437 5.53283
      vertex 1.86957 -2.95625 5.53285
    endloop
  endfacet
  facet normal 0.0953395 0.822043 0.561387
    outer loop
      vertex 2.19531 -3.2226 5.99986
      vertex 2.02901 -2.88437 5.53283
      vertex 2.18195 -3.22355 6.00352
    endloop
  endfacet
  facet normal 0.095352 0.822044 0.561384
    outer loop
      vertex 2.02901 -2.88437 5.53283
      vertex 2.19531 -3.2226 5.99986
      vertex 2.20272 -2.87204 5.48527
    endloop
  endfacet
  facet normal 0.0952674 0.822051 0.561387
    outer loop
      vertex 2.20272 -2.87204 5.48527
      vertex 2.19531 -3.2226 5.99986
      vertex 2.35566 -3.21121 5.95597
    endloop
  endfacet
  facet normal 0.438568 0.790658 0.427221
    outer loop
      vertex 2.36918 -3.2149 5.94892
      vertex 2.20272 -2.87204 5.48527
      vertex 2.35566 -3.21121 5.95597
    endloop
  endfacet
  facet normal 0.438141 0.790768 0.427455
    outer loop
      vertex 2.20272 -2.87204 5.48527
      vertex 2.36918 -3.2149 5.94892
      vertex 2.37854 -2.91992 5.39363
    endloop
  endfacet
  facet normal 0.438142 0.790768 0.427455
    outer loop
      vertex 2.37854 -2.91992 5.39363
      vertex 2.36918 -3.2149 5.94892
      vertex 2.53148 -3.2591 5.86433
    endloop
  endfacet
  facet normal 0.663688 0.692316 0.283228
    outer loop
      vertex 2.6911 -3.3609 5.73913
      vertex 2.37854 -2.91992 5.39363
      vertex 2.53148 -3.2591 5.86433
    endloop
  endfacet
  facet normal 0.663695 0.692313 0.283217
    outer loop
      vertex 2.37854 -2.91992 5.39363
      vertex 2.6911 -3.3609 5.73913
      vertex 2.53816 -3.02172 5.26842
    endloop
  endfacet
  facet normal 0.877552 0.475979 0.057848
    outer loop
      vertex 2.69705 -3.37077 5.73008
      vertex 2.53816 -3.02172 5.26842
      vertex 2.6911 -3.3609 5.73913
    endloop
  endfacet
  facet normal 0.877615 0.475876 0.0577487
    outer loop
      vertex 2.53816 -3.02172 5.26842
      vertex 2.69705 -3.37077 5.73008
      vertex 2.61546 -3.15001 5.15085
    endloop
  endfacet
  facet normal 0.877608 0.475887 0.0577537
    outer loop
      vertex 2.76841 -3.4892 5.62157
      vertex 2.61546 -3.15001 5.15085
      vertex 2.69705 -3.37077 5.73008
    endloop
  endfacet
  facet normal 0.966856 0.136842 -0.215553
    outer loop
      vertex 2.76821 -3.50042 5.61355
      vertex 2.61546 -3.15001 5.15085
      vertex 2.76841 -3.4892 5.62157
    endloop
  endfacet
  facet normal 0.966859 0.136967 -0.21546
    outer loop
      vertex 2.61546 -3.15001 5.15085
      vertex 2.76821 -3.50042 5.61355
      vertex 2.61289 -3.29583 5.04662
    endloop
  endfacet
  facet normal 0.966862 0.136923 -0.215476
    outer loop
      vertex 2.76583 -3.63502 5.51734
      vertex 2.61289 -3.29583 5.04662
      vertex 2.76821 -3.50042 5.61355
    endloop
  endfacet
  facet normal 0.874249 -0.211944 -0.436771
    outer loop
      vertex 2.75968 -3.64689 5.51079
      vertex 2.61289 -3.29583 5.04662
      vertex 2.76583 -3.63502 5.51734
    endloop
  endfacet
  facet normal 0.874337 -0.211779 -0.436674
    outer loop
      vertex 2.61289 -3.29583 5.04662
      vertex 2.75968 -3.64689 5.51079
      vertex 2.5329 -3.45025 4.96135
    endloop
  endfacet
  facet normal 0.874359 -0.211715 -0.436661
    outer loop
      vertex 2.68585 -3.78944 5.43207
      vertex 2.5329 -3.45025 4.96135
      vertex 2.75968 -3.64689 5.51079
    endloop
  endfacet
  facet normal 0.70885 -0.442575 -0.549235
    outer loop
      vertex 2.68585 -3.78944 5.43207
      vertex 2.4287 -3.56054 4.91574
      vertex 2.5329 -3.45025 4.96135
    endloop
  endfacet
  facet normal 0.708727 -0.442751 -0.549251
    outer loop
      vertex 2.4287 -3.56054 4.91574
      vertex 2.68585 -3.78944 5.43207
      vertex 2.67784 -3.79792 5.42857
    endloop
  endfacet
  facet normal 0.70888 -0.442538 -0.549227
    outer loop
      vertex 2.58165 -3.89974 5.38646
      vertex 2.4287 -3.56054 4.91574
      vertex 2.67784 -3.79792 5.42857
    endloop
  endfacet
  facet normal 0.464745 -0.63983 -0.612069
    outer loop
      vertex 2.46115 -3.97373 5.37231
      vertex 2.4287 -3.56054 4.91574
      vertex 2.58165 -3.89974 5.38646
    endloop
  endfacet
  facet normal 0.464785 -0.639814 -0.612057
    outer loop
      vertex 2.4287 -3.56054 4.91574
      vertex 2.46115 -3.97373 5.37231
      vertex 2.3082 -3.63453 4.90158
    endloop
  endfacet
  facet normal 0.107429 -0.789725 -0.603981
    outer loop
      vertex 2.3082 -3.63453 4.90158
      vertex 2.3226 -4.00808 5.39257
      vertex 2.16965 -3.66888 4.92185
    endloop
  endfacet
  facet normal 0.107472 -0.789721 -0.603979
    outer loop
      vertex 2.3226 -4.00808 5.39257
      vertex 2.3082 -3.63453 4.90158
      vertex 2.46115 -3.97373 5.37231
    endloop
  endfacet
  facet normal -0.232844 -0.823314 -0.517626
    outer loop
      vertex 2.0113 -3.66032 4.97947
      vertex 2.3226 -4.00808 5.39257
      vertex 2.16424 -3.99952 5.45019
    endloop
  endfacet
  facet normal -0.232856 -0.823316 -0.517619
    outer loop
      vertex 2.3226 -4.00808 5.39257
      vertex 2.0113 -3.66032 4.97947
      vertex 2.16965 -3.66888 4.92185
    endloop
  endfacet
  facet normal 0.831712 -0.285666 -0.476079
    outer loop
      vertex 2.14264 -4.03341 5.43279
      vertex 2.0113 -3.66032 4.97947
      vertex 2.16424 -3.99952 5.45019
    endloop
  endfacet
  facet normal 0.831742 -0.285622 -0.476052
    outer loop
      vertex 2.0113 -3.66032 4.97947
      vertex 2.14264 -4.03341 5.43279
      vertex 1.73034 -4.10119 4.7531
    endloop
  endfacet
  facet normal 0.831745 -0.285608 -0.476055
    outer loop
      vertex 1.88329 -4.44039 5.22383
      vertex 1.73034 -4.10119 4.7531
      vertex 2.14264 -4.03341 5.43279
    endloop
  endfacet
  facet normal 0.275171 0.820173 0.501594
    outer loop
      vertex 2.19913 -4.47038 5.0996
      vertex 1.73034 -4.10119 4.7531
      vertex 1.88329 -4.44039 5.22383
    endloop
  endfacet
  facet normal 0.275164 0.820171 0.501602
    outer loop
      vertex 1.73034 -4.10119 4.7531
      vertex 2.19913 -4.47038 5.0996
      vertex 2.04618 -4.13117 4.62886
    endloop
  endfacet
  facet normal -0.102192 0.791016 0.603201
    outer loop
      vertex 2.2224 -4.46472 5.09612
      vertex 2.04618 -4.13117 4.62886
      vertex 2.19913 -4.47038 5.0996
    endloop
  endfacet
  facet normal -0.102364 0.790969 0.603232
    outer loop
      vertex 2.04618 -4.13117 4.62886
      vertex 2.2224 -4.46472 5.09612
      vertex 2.34898 -4.05745 4.58358
    endloop
  endfacet
  facet normal -0.102399 0.79097 0.603225
    outer loop
      vertex 2.34898 -4.05745 4.58358
      vertex 2.2224 -4.46472 5.09612
      vertex 2.50194 -4.39666 5.05433
    endloop
  endfacet
  facet normal -0.46769 0.638026 0.61171
    outer loop
      vertex 2.6311 -3.88316 4.61749
      vertex 2.50194 -4.39666 5.05433
      vertex 2.78406 -4.22237 5.08824
    endloop
  endfacet
  facet normal -0.46769 0.638026 0.61171
    outer loop
      vertex 2.50194 -4.39666 5.05433
      vertex 2.6311 -3.88316 4.61749
      vertex 2.34898 -4.05745 4.58358
    endloop
  endfacet
  facet normal -0.71321 0.437938 0.547305
    outer loop
      vertex 2.6311 -3.88316 4.61749
      vertex 3.03783 -3.95068 5.20154
      vertex 2.88488 -3.61147 4.7308
    endloop
  endfacet
  facet normal -0.713212 0.437933 0.547306
    outer loop
      vertex 3.03783 -3.95068 5.20154
      vertex 2.6311 -3.88316 4.61749
      vertex 2.78406 -4.22237 5.08824
    endloop
  endfacet
  facet normal -0.864072 0.23103 0.447219
    outer loop
      vertex 2.88488 -3.61147 4.7308
      vertex 3.05263 -3.92367 5.21619
      vertex 3.0775 -3.26005 4.92142
    endloop
  endfacet
  facet normal -0.864116 0.230943 0.447178
    outer loop
      vertex 3.05263 -3.92367 5.21619
      vertex 2.88488 -3.61147 4.7308
      vertex 3.03783 -3.95068 5.20154
    endloop
  endfacet
  facet normal -0.864076 0.231027 0.447212
    outer loop
      vertex 3.0775 -3.26005 4.92142
      vertex 3.05263 -3.92367 5.21619
      vertex 3.23044 -3.59925 5.39215
    endloop
  endfacet
  facet normal -0.25494 0.565277 -0.784518
    outer loop
      vertex -1.8699 3.63572 -5.04315
      vertex -2.38549 3.26972 -5.13932
      vertex -2.22542 3.72919 -4.86027
    endloop
  endfacet
  facet normal -0.25493 0.565301 -0.784504
    outer loop
      vertex -1.97026 2.8693 -5.56278
      vertex -1.9717 3.00232 -5.46646
      vertex -1.47798 2.98107 -5.64221
    endloop
  endfacet
  facet normal -0.254917 0.565276 -0.784526
    outer loop
      vertex -1.60699 3.46451 -5.25194
      vertex -2.04835 3.11979 -5.35691
      vertex -1.8699 3.63572 -5.04315
    endloop
  endfacet
  facet normal -0.254932 0.565289 -0.784511
    outer loop
      vertex -1.90786 4.02702 -4.74885
      vertex -2.06725 4.67813 -4.22789
      vertex -1.58121 4.4638 -4.54027
    endloop
  endfacet
  facet normal -0.254927 0.565296 -0.784508
    outer loop
      vertex -1.62146 2.7042 -5.79509
      vertex -2.04287 2.72724 -5.64155
      vertex -1.97026 2.8693 -5.56278
    endloop
  endfacet
  facet normal -0.254927 0.565297 -0.784507
    outer loop
      vertex -1.74562 2.56651 -5.85396
      vertex -2.04287 2.72724 -5.64155
      vertex -1.62146 2.7042 -5.79509
    endloop
  endfacet
  facet normal -0.254916 0.565302 -0.784507
    outer loop
      vertex -2.048 2.38533 -5.88625
      vertex -2.21433 2.35064 -5.8572
      vertex -2.16122 2.61112 -5.68676
    endloop
  endfacet
  facet normal -0.254943 0.565298 -0.784501
    outer loop
      vertex -2.21433 2.35064 -5.8572
      vertex -2.65262 1.99126 -5.97373
      vertex -2.46372 2.52896 -5.64766
    endloop
  endfacet
  facet normal -0.254939 0.565278 -0.784517
    outer loop
      vertex -1.88978 2.45876 -5.88475
      vertex -2.16122 2.61112 -5.68676
      vertex -2.04287 2.72724 -5.64155
    endloop
  endfacet
  facet normal -0.254935 0.56528 -0.784517
    outer loop
      vertex -1.47798 2.98107 -5.64221
      vertex -1.9717 3.00232 -5.46646
      vertex -1.47476 3.24041 -5.45639
    endloop
  endfacet
  facet normal -0.254928 0.565275 -0.784523
    outer loop
      vertex -2.71093 3.20573 -5.07968
      vertex -3.17215 3.25737 -4.8926
      vertex -2.89736 3.53414 -4.78247
    endloop
  endfacet
  facet normal -0.25493 0.565287 -0.784514
    outer loop
      vertex -2.08789 1.81029 -6.28764
      vertex -2.65262 1.99126 -5.97373
      vertex -2.21433 2.35064 -5.8572
    endloop
  endfacet
  facet normal -0.254928 0.565292 -0.78451
    outer loop
      vertex -1.59515 1.79724 -6.45716
      vertex -2.08789 1.81029 -6.28764
      vertex -1.59482 2.20708 -6.16195
    endloop
  endfacet
  facet normal -0.254916 0.565294 -0.784513
    outer loop
      vertex -1.37317 2.26333 -6.19344
      vertex -1.59515 1.79724 -6.45716
      vertex -1.59482 2.20708 -6.16195
    endloop
  endfacet
  facet normal -0.25493 0.565286 -0.784514
    outer loop
      vertex -1.18139 1.94563 -6.48468
      vertex -1.37317 2.26333 -6.19344
      vertex -0.853582 2.24901 -6.3726
    endloop
  endfacet
  facet normal -0.254922 0.565286 -0.784517
    outer loop
      vertex -0.704078 2.50488 -6.23681
      vertex -1.21413 2.39594 -6.14957
      vertex -1.14688 2.58434 -6.03567
    endloop
  endfacet
  facet normal -0.254947 0.565297 -0.784501
    outer loop
      vertex -0.720843 2.93583 -5.92085
      vertex -1.24349 2.75055 -5.88451
      vertex -0.885025 3.12503 -5.73116
    endloop
  endfacet
  facet normal -0.254943 0.565287 -0.784509
    outer loop
      vertex -1.14688 2.58434 -6.03567
      vertex -1.24349 2.75055 -5.88451
      vertex -0.720843 2.93583 -5.92085
    endloop
  endfacet
  facet normal -0.254931 0.565276 -0.784521
    outer loop
      vertex -0.660175 2.73146 -6.08782
      vertex -1.14688 2.58434 -6.03567
      vertex -0.720843 2.93583 -5.92085
    endloop
  endfacet
  facet normal -0.25493 0.565269 -0.784526
    outer loop
      vertex -0.704078 2.50488 -6.23681
      vertex -1.14688 2.58434 -6.03567
      vertex -0.660175 2.73146 -6.08782
    endloop
  endfacet
  facet normal -0.254922 0.565291 -0.784513
    outer loop
      vertex -0.853582 2.24901 -6.3726
      vertex -1.21413 2.39594 -6.14957
      vertex -0.704078 2.50488 -6.23681
    endloop
  endfacet
  facet normal -0.254932 0.565277 -0.78452
    outer loop
      vertex -0.853582 2.24901 -6.3726
      vertex -1.37317 2.26333 -6.19344
      vertex -1.21413 2.39594 -6.14957
    endloop
  endfacet
  facet normal -0.254915 0.565294 -0.784513
    outer loop
      vertex -1.18139 1.94563 -6.48468
      vertex -1.59515 1.79724 -6.45716
      vertex -1.37317 2.26333 -6.19344
    endloop
  endfacet
  facet normal -0.254929 0.565294 -0.784509
    outer loop
      vertex -1.59482 2.20708 -6.16195
      vertex -2.08789 1.81029 -6.28764
      vertex -1.8762 2.23394 -6.05116
    endloop
  endfacet
  facet normal -0.254917 0.565291 -0.784515
    outer loop
      vertex -2.08789 1.81029 -6.28764
      vertex -2.21433 2.35064 -5.8572
      vertex -1.8762 2.23394 -6.05116
    endloop
  endfacet
  facet normal -0.254918 0.565269 -0.78453
    outer loop
      vertex -2.62038 2.56992 -5.56724
      vertex -3.09436 2.25312 -5.64149
      vertex -2.78292 2.67098 -5.44161
    endloop
  endfacet
  facet normal -0.254933 0.56528 -0.784517
    outer loop
      vertex -2.87854 2.80133 -5.31661
      vertex -3.35143 2.89404 -5.09614
      vertex -2.89832 2.94596 -5.20597
    endloop
  endfacet
  facet normal -0.254933 0.565284 -0.784515
    outer loop
      vertex -2.89832 2.94596 -5.20597
      vertex -3.35143 2.89404 -5.09614
      vertex -3.17215 3.25737 -4.8926
    endloop
  endfacet
  facet normal -0.254932 0.565285 -0.784514
    outer loop
      vertex -2.89832 2.94596 -5.20597
      vertex -3.17215 3.25737 -4.8926
      vertex -2.83332 3.08988 -5.12339
    endloop
  endfacet
  facet normal -0.254919 0.56528 -0.784522
    outer loop
      vertex -2.55849 3.26612 -5.0857
      vertex -2.57485 3.69336 -4.77254
      vertex -2.38549 3.26972 -5.13932
    endloop
  endfacet
  facet normal -0.254932 0.565297 -0.784505
    outer loop
      vertex -2.78292 2.67098 -5.44161
      vertex -3.32641 2.55668 -5.34736
      vertex -2.87854 2.80133 -5.31661
    endloop
  endfacet
  facet normal -0.254928 0.565291 -0.784511
    outer loop
      vertex -3.32641 2.55668 -5.34736
      vertex -3.35143 2.89404 -5.09614
      vertex -2.87854 2.80133 -5.31661
    endloop
  endfacet
  facet normal -0.25493 0.565275 -0.784522
    outer loop
      vertex -3.09436 2.25312 -5.64149
      vertex -3.32641 2.55668 -5.34736
      vertex -2.78292 2.67098 -5.44161
    endloop
  endfacet
  facet normal -0.254938 0.565294 -0.784506
    outer loop
      vertex -2.65262 1.99126 -5.97373
      vertex -3.09436 2.25312 -5.64149
      vertex -2.62038 2.56992 -5.56724
    endloop
  endfacet
  facet normal -0.25492 0.565296 -0.78451
    outer loop
      vertex -2.46372 2.52896 -5.64766
      vertex -2.65262 1.99126 -5.97373
      vertex -2.62038 2.56992 -5.56724
    endloop
  endfacet
  facet normal -0.254913 0.565302 -0.784508
    outer loop
      vertex -2.21433 2.35064 -5.8572
      vertex -2.3061 2.54386 -5.68815
      vertex -2.16122 2.61112 -5.68676
    endloop
  endfacet
  facet normal -0.254964 0.565279 -0.784508
    outer loop
      vertex -2.21433 2.35064 -5.8572
      vertex -2.46372 2.52896 -5.64766
      vertex -2.3061 2.54386 -5.68815
    endloop
  endfacet
  facet normal -0.254919 0.565301 -0.784507
    outer loop
      vertex -2.048 2.38533 -5.88625
      vertex -2.16122 2.61112 -5.68676
      vertex -1.88978 2.45876 -5.88475
    endloop
  endfacet
  facet normal -0.254946 0.565274 -0.784517
    outer loop
      vertex -1.88978 2.45876 -5.88475
      vertex -2.04287 2.72724 -5.64155
      vertex -1.74562 2.56651 -5.85396
    endloop
  endfacet
  facet normal -0.254929 0.565294 -0.784509
    outer loop
      vertex -1.62146 2.7042 -5.79509
      vertex -1.97026 2.8693 -5.56278
      vertex -1.47798 2.98107 -5.64221
    endloop
  endfacet
  facet normal -0.254934 0.565278 -0.784518
    outer loop
      vertex -1.9717 3.00232 -5.46646
      vertex -2.04835 3.11979 -5.35691
      vertex -1.47476 3.24041 -5.45639
    endloop
  endfacet
  facet normal -0.254936 0.565294 -0.784507
    outer loop
      vertex -1.47476 3.24041 -5.45639
      vertex -2.04835 3.11979 -5.35691
      vertex -1.60699 3.46451 -5.25194
    endloop
  endfacet
  facet normal -0.254925 0.565277 -0.784523
    outer loop
      vertex -2.04835 3.11979 -5.35691
      vertex -2.2014 3.21516 -5.23846
      vertex -1.8699 3.63572 -5.04315
    endloop
  endfacet
  facet normal -0.25495 0.565289 -0.784506
    outer loop
      vertex -2.2014 3.21516 -5.23846
      vertex -2.38549 3.26972 -5.13932
      vertex -1.8699 3.63572 -5.04315
    endloop
  endfacet
  facet normal -0.254929 0.565276 -0.784522
    outer loop
      vertex -2.38549 3.26972 -5.13932
      vertex -2.57485 3.69336 -4.77254
      vertex -2.22542 3.72919 -4.86027
    endloop
  endfacet
  facet normal -0.254918 0.56528 -0.784522
    outer loop
      vertex -2.55849 3.26612 -5.0857
      vertex -2.89736 3.53414 -4.78247
      vertex -2.57485 3.69336 -4.77254
    endloop
  endfacet
  facet normal -0.254918 0.565302 -0.784507
    outer loop
      vertex -2.83332 3.08988 -5.12339
      vertex -3.17215 3.25737 -4.8926
      vertex -2.71093 3.20573 -5.07968
    endloop
  endfacet
  facet normal -0.25492 0.565279 -0.784523
    outer loop
      vertex -2.71093 3.20573 -5.07968
      vertex -2.89736 3.53414 -4.78247
      vertex -2.55849 3.26612 -5.0857
    endloop
  endfacet
  facet normal -0.25492 0.565293 -0.784512
    outer loop
      vertex -1.90786 4.02702 -4.74885
      vertex -2.3939 4.24136 -4.43647
      vertex -2.06725 4.67813 -4.22789
    endloop
  endfacet
  facet normal 0.362757 -0.696151 -0.6195
    outer loop
      vertex -2.89736 3.53414 -4.78247
      vertex -3.02552 3.88558 -5.25244
      vertex -2.57485 3.69336 -4.77254
    endloop
  endfacet
  facet normal 0.362723 -0.696167 -0.619502
    outer loop
      vertex -3.02552 3.88558 -5.25244
      vertex -2.89736 3.53414 -4.78247
      vertex -3.05031 3.87334 -5.2532
    endloop
  endfacet
  facet normal 0.362746 -0.696163 -0.619494
    outer loop
      vertex -2.57485 3.69336 -4.77254
      vertex -3.02552 3.88558 -5.25244
      vertex -2.7278 4.03256 -5.24328
    endloop
  endfacet
  facet normal -0.0591032 -0.818907 -0.570875
    outer loop
      vertex -2.70094 4.03532 -5.25002
      vertex -2.57485 3.69336 -4.77254
      vertex -2.7278 4.03256 -5.24328
    endloop
  endfacet
  facet normal -0.0593432 -0.818925 -0.570824
    outer loop
      vertex -2.57485 3.69336 -4.77254
      vertex -2.70094 4.03532 -5.25002
      vertex -2.22542 3.72919 -4.86027
    endloop
  endfacet
  facet normal -0.059346 -0.818927 -0.570822
    outer loop
      vertex -2.22542 3.72919 -4.86027
      vertex -2.70094 4.03532 -5.25002
      vertex -2.37837 4.06839 -5.331
    endloop
  endfacet
  facet normal -0.430393 -0.792843 -0.431465
    outer loop
      vertex -2.35104 4.0612 -5.34505
      vertex -2.22542 3.72919 -4.86027
      vertex -2.37837 4.06839 -5.331
    endloop
  endfacet
  facet normal -0.430393 -0.792843 -0.431465
    outer loop
      vertex -2.22542 3.72919 -4.86027
      vertex -2.35104 4.0612 -5.34505
      vertex -1.8699 3.63572 -5.04315
    endloop
  endfacet
  facet normal -0.430392 -0.792842 -0.431467
    outer loop
      vertex -1.8699 3.63572 -5.04315
      vertex -2.35104 4.0612 -5.34505
      vertex -2.02285 3.97491 -5.51386
    endloop
  endfacet
  facet normal -0.66959 -0.688514 -0.278565
    outer loop
      vertex -2.02285 3.97491 -5.51386
      vertex -1.60699 3.46451 -5.25194
      vertex -1.8699 3.63572 -5.04315
    endloop
  endfacet
  facet normal -0.669586 -0.688514 -0.278572
    outer loop
      vertex -1.83899 3.85518 -5.65987
      vertex -1.60699 3.46451 -5.25194
      vertex -2.02285 3.97491 -5.51386
    endloop
  endfacet
  facet normal -0.669563 -0.688527 -0.278597
    outer loop
      vertex -1.60699 3.46451 -5.25194
      vertex -1.83899 3.85518 -5.65987
      vertex -1.75993 3.8037 -5.72265
    endloop
  endfacet
  facet normal -0.88057 -0.470917 -0.0532304
    outer loop
      vertex -1.74976 3.78646 -5.73837
      vertex -1.60699 3.46451 -5.25194
      vertex -1.75993 3.8037 -5.72265
    endloop
  endfacet
  facet normal -0.880542 -0.470964 -0.0532697
    outer loop
      vertex -1.60699 3.46451 -5.25194
      vertex -1.74976 3.78646 -5.73837
      vertex -1.47476 3.24041 -5.45639
    endloop
  endfacet
  facet normal -0.880548 -0.470956 -0.0532476
    outer loop
      vertex -1.47476 3.24041 -5.45639
      vertex -1.74976 3.78646 -5.73837
      vertex -1.6277 3.57958 -5.92708
    endloop
  endfacet
  facet normal -0.966913 -0.140562 0.21289
    outer loop
      vertex -1.63091 3.32024 -6.11289
      vertex -1.47476 3.24041 -5.45639
      vertex -1.6277 3.57958 -5.92708
    endloop
  endfacet
  facet normal -0.966916 -0.140536 0.212894
    outer loop
      vertex -1.47476 3.24041 -5.45639
      vertex -1.63091 3.32024 -6.11289
      vertex -1.47798 2.98107 -5.64221
    endloop
  endfacet
  facet normal -0.874334 0.211772 0.436684
    outer loop
      vertex -1.64195 3.29893 -6.12466
      vertex -1.47798 2.98107 -5.64221
      vertex -1.63091 3.32024 -6.11289
    endloop
  endfacet
  facet normal -0.874269 0.211904 0.436749
    outer loop
      vertex -1.47798 2.98107 -5.64221
      vertex -1.64195 3.29893 -6.12466
      vertex -1.62146 2.7042 -5.79509
    endloop
  endfacet
  facet normal -0.874258 0.211914 0.436767
    outer loop
      vertex -1.64195 3.29893 -6.12466
      vertex -1.77439 3.04336 -6.26576
      vertex -1.62146 2.7042 -5.79509
    endloop
  endfacet
  facet normal -0.726378 0.423588 0.541248
    outer loop
      vertex -1.89855 2.90567 -6.32463
      vertex -1.62146 2.7042 -5.79509
      vertex -1.77439 3.04336 -6.26576
    endloop
  endfacet
  facet normal -0.726378 0.423588 0.541248
    outer loop
      vertex -1.62146 2.7042 -5.79509
      vertex -1.89855 2.90567 -6.32463
      vertex -1.74562 2.56651 -5.85396
    endloop
  endfacet
  facet normal -0.558035 0.576574 0.59679
    outer loop
      vertex -1.90965 2.89738 -6.327
      vertex -1.74562 2.56651 -5.85396
      vertex -1.89855 2.90567 -6.32463
    endloop
  endfacet
  facet normal -0.55827 0.576394 0.596745
    outer loop
      vertex -1.74562 2.56651 -5.85396
      vertex -1.90965 2.89738 -6.327
      vertex -1.88978 2.45876 -5.88475
    endloop
  endfacet
  facet normal -0.558263 0.576397 0.596748
    outer loop
      vertex -1.90965 2.89738 -6.327
      vertex -2.04272 2.79792 -6.35542
      vertex -1.88978 2.45876 -5.88475
    endloop
  endfacet
  facet normal -0.335104 0.709384 0.620064
    outer loop
      vertex -2.04272 2.79792 -6.35542
      vertex -2.048 2.38533 -5.88625
      vertex -1.88978 2.45876 -5.88475
    endloop
  endfacet
  facet normal -0.335412 0.709304 0.61999
    outer loop
      vertex -2.048 2.38533 -5.88625
      vertex -2.04272 2.79792 -6.35542
      vertex -2.05489 2.79227 -6.35554
    endloop
  endfacet
  facet normal -0.335057 0.709402 0.620069
    outer loop
      vertex -2.06505 2.78755 -6.35563
      vertex -2.048 2.38533 -5.88625
      vertex -2.05489 2.79227 -6.35554
    endloop
  endfacet
  facet normal -0.335104 0.709388 0.62006
    outer loop
      vertex -2.048 2.38533 -5.88625
      vertex -2.06505 2.78755 -6.35563
      vertex -2.20093 2.72449 -6.35692
    endloop
  endfacet
  facet normal -0.0626087 0.799953 0.596787
    outer loop
      vertex -2.048 2.38533 -5.88625
      vertex -2.21374 2.72182 -6.35468
      vertex -2.21433 2.35064 -5.8572
    endloop
  endfacet
  facet normal -0.0623958 0.800001 0.596746
    outer loop
      vertex -2.21374 2.72182 -6.35468
      vertex -2.048 2.38533 -5.88625
      vertex -2.20093 2.72449 -6.35692
    endloop
  endfacet
  facet normal -0.0626278 0.799952 0.596786
    outer loop
      vertex -2.21374 2.72182 -6.35468
      vertex -2.36726 2.6898 -6.32787
      vertex -2.21433 2.35064 -5.8572
    endloop
  endfacet
  facet normal -0.494369 -0.773448 -0.396709
    outer loop
      vertex -2.34123 2.68082 -6.3428
      vertex -2.21433 2.35064 -5.8572
      vertex -2.36726 2.6898 -6.32787
    endloop
  endfacet
  facet normal -0.494464 -0.773412 -0.396659
    outer loop
      vertex -2.21433 2.35064 -5.8572
      vertex -2.34123 2.68082 -6.3428
      vertex -1.8762 2.23394 -6.05116
    endloop
  endfacet
  facet normal -0.494494 -0.773415 -0.396617
    outer loop
      vertex -2.10493 2.59925 -6.47835
      vertex -1.8762 2.23394 -6.05116
      vertex -2.34123 2.68082 -6.3428
    endloop
  endfacet
  facet normal -0.494414 -0.773435 -0.396677
    outer loop
      vertex -1.8762 2.23394 -6.05116
      vertex -2.10493 2.59925 -6.47835
      vertex -2.02913 2.57309 -6.52182
    endloop
  endfacet
  facet normal -0.275702 -0.820123 -0.501385
    outer loop
      vertex -2.02913 2.57309 -6.52182
      vertex -1.59482 2.20708 -6.16195
      vertex -1.8762 2.23394 -6.05116
    endloop
  endfacet
  facet normal -0.275688 -0.82012 -0.501397
    outer loop
      vertex -1.59482 2.20708 -6.16195
      vertex -2.02913 2.57309 -6.52182
      vertex -1.74775 2.54623 -6.6326
    endloop
  endfacet
  facet normal 0.114133 -0.788043 -0.604948
    outer loop
      vertex -1.73068 2.55056 -6.63502
      vertex -1.59482 2.20708 -6.16195
      vertex -1.74775 2.54623 -6.6326
    endloop
  endfacet
  facet normal 0.114049 -0.788062 -0.604939
    outer loop
      vertex -1.59482 2.20708 -6.16195
      vertex -1.73068 2.55056 -6.63502
      vertex -1.37317 2.26333 -6.19344
    endloop
  endfacet
  facet normal 0.114006 -0.788084 -0.604918
    outer loop
      vertex -1.37317 2.26333 -6.19344
      vertex -1.73068 2.55056 -6.63502
      vertex -1.52609 2.60247 -6.66409
    endloop
  endfacet
  facet normal 0.608658 -0.536624 -0.58444
    outer loop
      vertex -1.21413 2.39594 -6.14957
      vertex -1.52609 2.60247 -6.66409
      vertex -1.36705 2.73508 -6.62022
    endloop
  endfacet
  facet normal 0.608658 -0.536624 -0.58444
    outer loop
      vertex -1.52609 2.60247 -6.66409
      vertex -1.21413 2.39594 -6.14957
      vertex -1.37317 2.26333 -6.19344
    endloop
  endfacet
  facet normal 0.921777 -0.103079 -0.373767
    outer loop
      vertex -1.14688 2.58434 -6.03567
      vertex -1.36705 2.73508 -6.62022
      vertex -1.2998 2.92349 -6.50633
    endloop
  endfacet
  facet normal 0.921779 -0.103067 -0.373765
    outer loop
      vertex -1.36705 2.73508 -6.62022
      vertex -1.14688 2.58434 -6.03567
      vertex -1.21413 2.39594 -6.14957
    endloop
  endfacet
  facet normal 0.882594 0.46746 0.0500848
    outer loop
      vertex -1.14688 2.58434 -6.03567
      vertex -1.30724 2.93629 -6.49469
      vertex -1.24349 2.75055 -5.88451
    endloop
  endfacet
  facet normal 0.882594 0.467461 0.0500854
    outer loop
      vertex -1.30724 2.93629 -6.49469
      vertex -1.14688 2.58434 -6.03567
      vertex -1.2998 2.92349 -6.50633
    endloop
  endfacet
  facet normal 0.882603 0.467444 0.0500788
    outer loop
      vertex -1.30724 2.93629 -6.49469
      vertex -1.39641 3.08971 -6.35518
      vertex -1.24349 2.75055 -5.88451
    endloop
  endfacet
  facet normal 0.703807 -0.447873 -0.551421
    outer loop
      vertex -0.885025 3.12503 -5.73116
      vertex -1.39641 3.08971 -6.35518
      vertex -1.03796 3.46419 -6.20183
    endloop
  endfacet
  facet normal 0.703799 -0.447896 -0.551413
    outer loop
      vertex -1.39641 3.08971 -6.35518
      vertex -0.885025 3.12503 -5.73116
      vertex -1.24349 2.75055 -5.88451
    endloop
  endfacet
  facet normal -0.813635 -0.563795 -0.141893
    outer loop
      vertex -0.720843 2.93583 -5.92085
      vertex -1.03796 3.46419 -6.20183
      vertex -0.873771 3.27498 -6.39151
    endloop
  endfacet
  facet normal -0.813637 -0.563793 -0.141888
    outer loop
      vertex -1.03796 3.46419 -6.20183
      vertex -0.720843 2.93583 -5.92085
      vertex -0.885025 3.12503 -5.73116
    endloop
  endfacet
  facet normal -0.940667 -0.332899 0.0657619
    outer loop
      vertex -0.869099 3.25924 -6.40436
      vertex -0.720843 2.93583 -5.92085
      vertex -0.873771 3.27498 -6.39151
    endloop
  endfacet
  facet normal -0.940654 -0.332939 0.0657314
    outer loop
      vertex -0.720843 2.93583 -5.92085
      vertex -0.869099 3.25924 -6.40436
      vertex -0.660175 2.73146 -6.08782
    endloop
  endfacet
  facet normal -0.940652 -0.33295 0.065712
    outer loop
      vertex -0.660175 2.73146 -6.08782
      vertex -0.869099 3.25924 -6.40436
      vertex -0.813098 3.07061 -6.55847
    endloop
  endfacet
  facet normal -0.95365 -0.0127826 0.300648
    outer loop
      vertex -0.81648 3.05315 -6.56994
      vertex -0.660175 2.73146 -6.08782
      vertex -0.813098 3.07061 -6.55847
    endloop
  endfacet
  facet normal -0.953666 -0.0128721 0.300593
    outer loop
      vertex -0.660175 2.73146 -6.08782
      vertex -0.81648 3.05315 -6.56994
      vertex -0.704078 2.50488 -6.23681
    endloop
  endfacet
  facet normal -0.953668 -0.0128767 0.300586
    outer loop
      vertex -0.81648 3.05315 -6.56994
      vertex -0.856998 2.84402 -6.70745
      vertex -0.704078 2.50488 -6.23681
    endloop
  endfacet
  facet normal -0.851336 0.253518 0.459299
    outer loop
      vertex -0.868516 2.82431 -6.71792
      vertex -0.704078 2.50488 -6.23681
      vertex -0.856998 2.84402 -6.70745
    endloop
  endfacet
  facet normal -0.851278 0.253623 0.459349
    outer loop
      vertex -0.704078 2.50488 -6.23681
      vertex -0.868516 2.82431 -6.71792
      vertex -0.853582 2.24901 -6.3726
    endloop
  endfacet
  facet normal -0.851266 0.253633 0.459365
    outer loop
      vertex -0.868516 2.82431 -6.71792
      vertex -1.0065 2.58815 -6.84323
      vertex -0.853582 2.24901 -6.3726
    endloop
  endfacet
  facet normal -0.654489 0.496352 0.570333
    outer loop
      vertex -1.03176 2.56477 -6.85187
      vertex -0.853582 2.24901 -6.3726
      vertex -1.0065 2.58815 -6.84323
    endloop
  endfacet
  facet normal -0.654427 0.496413 0.57035
    outer loop
      vertex -0.853582 2.24901 -6.3726
      vertex -1.03176 2.56477 -6.85187
      vertex -1.18139 1.94563 -6.48468
    endloop
  endfacet
  facet normal -0.654428 0.496412 0.570349
    outer loop
      vertex -1.03176 2.56477 -6.85187
      vertex -1.33431 2.28476 -6.95531
      vertex -1.18139 1.94563 -6.48468
    endloop
  endfacet
  facet normal -0.228996 0.752936 0.616967
    outer loop
      vertex -1.18139 1.94563 -6.48468
      vertex -1.36619 2.27333 -6.95319
      vertex -1.59515 1.79724 -6.45716
    endloop
  endfacet
  facet normal -0.228933 0.752961 0.61696
    outer loop
      vertex -1.36619 2.27333 -6.95319
      vertex -1.18139 1.94563 -6.48468
      vertex -1.33431 2.28476 -6.95531
    endloop
  endfacet
  facet normal -0.229002 0.752936 0.616965
    outer loop
      vertex -1.36619 2.27333 -6.95319
      vertex -1.74807 2.13637 -6.92779
      vertex -1.59515 1.79724 -6.45716
    endloop
  endfacet
  facet normal 0.20349 0.824499 0.528009
    outer loop
      vertex -1.59515 1.79724 -6.45716
      vertex -1.78604 2.13738 -6.91473
      vertex -2.08789 1.81029 -6.28764
    endloop
  endfacet
  facet normal 0.203537 0.8245 0.52799
    outer loop
      vertex -1.78604 2.13738 -6.91473
      vertex -1.59515 1.79724 -6.45716
      vertex -1.74807 2.13637 -6.92779
    endloop
  endfacet
  facet normal 0.203455 0.824504 0.528014
    outer loop
      vertex -2.08789 1.81029 -6.28764
      vertex -2.2004 2.14836 -6.77219
      vertex -2.24081 2.14943 -6.75829
    endloop
  endfacet
  facet normal 0.203483 0.824502 0.528007
    outer loop
      vertex -2.2004 2.14836 -6.77219
      vertex -2.08789 1.81029 -6.28764
      vertex -1.78604 2.13738 -6.91473
    endloop
  endfacet
  facet normal 0.476063 0.779539 0.40704
    outer loop
      vertex -2.08789 1.81029 -6.28764
      vertex -2.28431 2.16337 -6.73411
      vertex -2.65262 1.99126 -5.97373
    endloop
  endfacet
  facet normal 0.476068 0.779538 0.407038
    outer loop
      vertex -2.28431 2.16337 -6.73411
      vertex -2.08789 1.81029 -6.28764
      vertex -2.24081 2.14943 -6.75829
    endloop
  endfacet
  facet normal 0.476054 0.779547 0.407038
    outer loop
      vertex -2.28431 2.16337 -6.73411
      vertex -2.80555 2.33041 -6.4444
      vertex -2.65262 1.99126 -5.97373
    endloop
  endfacet
  facet normal 0.642952 0.705072 0.299144
    outer loop
      vertex -2.65262 1.99126 -5.97373
      vertex -2.83956 2.35057 -6.41882
      vertex -3.09436 2.25312 -5.64149
    endloop
  endfacet
  facet normal 0.642945 0.705075 0.29915
    outer loop
      vertex -2.83956 2.35057 -6.41882
      vertex -2.65262 1.99126 -5.97373
      vertex -2.80555 2.33041 -6.4444
    endloop
  endfacet
  facet normal 0.642968 0.705056 0.299147
    outer loop
      vertex -2.83956 2.35057 -6.41882
      vertex -3.2473 2.5923 -6.11218
      vertex -3.09436 2.25312 -5.64149
    endloop
  endfacet
  facet normal 0.838711 0.533023 0.111578
    outer loop
      vertex -3.09436 2.25312 -5.64149
      vertex -3.26515 2.61565 -6.08955
      vertex -3.32641 2.55668 -5.34736
    endloop
  endfacet
  facet normal 0.838713 0.533022 0.111576
    outer loop
      vertex -3.26515 2.61565 -6.08955
      vertex -3.09436 2.25312 -5.64149
      vertex -3.2473 2.5923 -6.11218
    endloop
  endfacet
  facet normal 0.838708 0.533029 0.111578
    outer loop
      vertex -3.26515 2.61565 -6.08955
      vertex -3.47935 2.89586 -5.81807
      vertex -3.32641 2.55668 -5.34736
    endloop
  endfacet
  facet normal 0.965145 0.19855 -0.170508
    outer loop
      vertex -3.32641 2.55668 -5.34736
      vertex -3.48127 2.92181 -5.79875
      vertex -3.35143 2.89404 -5.09614
    endloop
  endfacet
  facet normal 0.965152 0.198429 -0.170608
    outer loop
      vertex -3.48127 2.92181 -5.79875
      vertex -3.32641 2.55668 -5.34736
      vertex -3.47935 2.89586 -5.81807
    endloop
  endfacet
  facet normal 0.96514 0.198578 -0.170506
    outer loop
      vertex -3.48127 2.92181 -5.79875
      vertex -3.50438 3.23324 -5.56686
      vertex -3.35143 2.89404 -5.09614
    endloop
  endfacet
  facet normal 0.88242 -0.195778 -0.427791
    outer loop
      vertex -3.17215 3.25737 -4.8926
      vertex -3.50438 3.23324 -5.56686
      vertex -3.3251 3.59657 -5.36333
    endloop
  endfacet
  facet normal 0.882422 -0.195766 -0.427792
    outer loop
      vertex -3.50438 3.23324 -5.56686
      vertex -3.17215 3.25737 -4.8926
      vertex -3.35143 2.89404 -5.09614
    endloop
  endfacet
  facet normal 0.68939 -0.462667 -0.557387
    outer loop
      vertex -2.89736 3.53414 -4.78247
      vertex -3.3251 3.59657 -5.36333
      vertex -3.05031 3.87334 -5.2532
    endloop
  endfacet
  facet normal 0.68939 -0.462667 -0.557387
    outer loop
      vertex -3.3251 3.59657 -5.36333
      vertex -2.89736 3.53414 -4.78247
      vertex -3.17215 3.25737 -4.8926
    endloop
  endfacet
  facet normal -0.960913 -0.238729 0.140192
    outer loop
      vertex -2.87854 2.80133 -5.31661
      vertex -3.05127 3.28514 -5.67668
      vertex -3.03148 3.14051 -5.78732
    endloop
  endfacet
  facet normal -0.960915 -0.238697 0.140237
    outer loop
      vertex -3.05127 3.28514 -5.67668
      vertex -2.87854 2.80133 -5.31661
      vertex -2.89832 2.94596 -5.20597
    endloop
  endfacet
  facet normal -0.846208 -0.523013 -0.101926
    outer loop
      vertex -2.78292 2.67098 -5.44161
      vertex -3.03148 3.14051 -5.78732
      vertex -2.93586 3.01016 -5.91231
    endloop
  endfacet
  facet normal -0.84621 -0.523011 -0.101921
    outer loop
      vertex -3.03148 3.14051 -5.78732
      vertex -2.78292 2.67098 -5.44161
      vertex -2.87854 2.80133 -5.31661
    endloop
  endfacet
  facet normal -0.656501 -0.69684 -0.288825
    outer loop
      vertex -2.78582 2.91687 -6.02827
      vertex -2.62038 2.56992 -5.56724
      vertex -2.78292 2.67098 -5.44161
    endloop
  endfacet
  facet normal -0.656431 -0.696883 -0.288883
    outer loop
      vertex -2.62038 2.56992 -5.56724
      vertex -2.78582 2.91687 -6.02827
      vertex -2.77332 2.9091 -6.03793
    endloop
  endfacet
  facet normal -0.656497 -0.696843 -0.288827
    outer loop
      vertex -2.78292 2.67098 -5.44161
      vertex -2.93586 3.01016 -5.91231
      vertex -2.78582 2.91687 -6.02827
    endloop
  endfacet
  facet normal -0.429188 -0.793153 -0.432095
    outer loop
      vertex -2.62871 2.87129 -6.11216
      vertex -2.46372 2.52896 -5.64766
      vertex -2.62038 2.56992 -5.56724
    endloop
  endfacet
  facet normal -0.429764 -0.79301 -0.431785
    outer loop
      vertex -2.46372 2.52896 -5.64766
      vertex -2.62871 2.87129 -6.11216
      vertex -2.61666 2.86813 -6.11835
    endloop
  endfacet
  facet normal -0.42918 -0.793156 -0.432097
    outer loop
      vertex -2.62038 2.56992 -5.56724
      vertex -2.77332 2.9091 -6.03793
      vertex -2.62871 2.87129 -6.11216
    endloop
  endfacet
  facet normal -0.0685016 -0.81983 -0.568495
    outer loop
      vertex -2.45904 2.88303 -6.15883
      vertex -2.46372 2.52896 -5.64766
      vertex -2.61666 2.86813 -6.11835
    endloop
  endfacet
  facet normal -0.0685376 -0.819828 -0.568494
    outer loop
      vertex -2.46372 2.52896 -5.64766
      vertex -2.45904 2.88303 -6.15883
      vertex -2.3061 2.54386 -5.68815
    endloop
  endfacet
  facet normal 0.335249 -0.709323 -0.620056
    outer loop
      vertex -2.3061 2.54386 -5.68815
      vertex -2.31416 2.95029 -6.15745
      vertex -2.16122 2.61112 -5.68676
    endloop
  endfacet
  facet normal 0.335112 -0.709361 -0.620086
    outer loop
      vertex -2.31416 2.95029 -6.15745
      vertex -2.3061 2.54386 -5.68815
      vertex -2.32531 2.94511 -6.15755
    endloop
  endfacet
  facet normal 0.335219 -0.70933 -0.620064
    outer loop
      vertex -2.3061 2.54386 -5.68815
      vertex -2.45904 2.88303 -6.15883
      vertex -2.32531 2.94511 -6.15755
    endloop
  endfacet
  facet normal 0.678941 -0.47306 -0.561474
    outer loop
      vertex -2.04287 2.72724 -5.64155
      vertex -2.20491 3.05747 -6.11572
      vertex -2.19581 3.0664 -6.11224
    endloop
  endfacet
  facet normal 0.678795 -0.473207 -0.561527
    outer loop
      vertex -2.20491 3.05747 -6.11572
      vertex -2.04287 2.72724 -5.64155
      vertex -2.16122 2.61112 -5.68676
    endloop
  endfacet
  facet normal 0.678759 -0.473232 -0.561549
    outer loop
      vertex -2.16122 2.61112 -5.68676
      vertex -2.31416 2.95029 -6.15745
      vertex -2.20491 3.05747 -6.11572
    endloop
  endfacet
  facet normal 0.87664 -0.207279 -0.43421
    outer loop
      vertex -1.97026 2.8693 -5.56278
      vertex -2.19581 3.0664 -6.11224
      vertex -2.1232 3.20848 -6.03347
    endloop
  endfacet
  facet normal 0.876632 -0.207301 -0.434214
    outer loop
      vertex -2.19581 3.0664 -6.11224
      vertex -1.97026 2.8693 -5.56278
      vertex -2.04287 2.72724 -5.64155
    endloop
  endfacet
  facet normal 0.966927 0.156361 -0.201503
    outer loop
      vertex -1.9717 3.00232 -5.46646
      vertex -2.1232 3.20848 -6.03347
      vertex -2.12464 3.3415 -5.93716
    endloop
  endfacet
  facet normal 0.966926 0.156373 -0.201498
    outer loop
      vertex -2.1232 3.20848 -6.03347
      vertex -1.9717 3.00232 -5.46646
      vertex -1.97026 2.8693 -5.56278
    endloop
  endfacet
  facet normal 0.865763 0.494769 0.0752194
    outer loop
      vertex -1.9717 3.00232 -5.46646
      vertex -2.20129 3.45897 -5.82761
      vertex -2.04835 3.11979 -5.35691
    endloop
  endfacet
  facet normal 0.865763 0.494769 0.0752194
    outer loop
      vertex -2.20129 3.45897 -5.82761
      vertex -1.9717 3.00232 -5.46646
      vertex -2.12464 3.3415 -5.93716
    endloop
  endfacet
  facet normal 0.657132 0.696445 0.288342
    outer loop
      vertex -2.04835 3.11979 -5.35691
      vertex -2.35434 3.55435 -5.70917
      vertex -2.2014 3.21516 -5.23846
    endloop
  endfacet
  facet normal 0.657291 0.696384 0.288129
    outer loop
      vertex -2.35434 3.55435 -5.70917
      vertex -2.04835 3.11979 -5.35691
      vertex -2.34257 3.54701 -5.71828
    endloop
  endfacet
  facet normal 0.65713 0.69645 0.288337
    outer loop
      vertex -2.20129 3.45897 -5.82761
      vertex -2.34257 3.54701 -5.71828
      vertex -2.04835 3.11979 -5.35691
    endloop
  endfacet
  facet normal 0.457438 0.78528 0.417237
    outer loop
      vertex -2.52428 3.60472 -5.61766
      vertex -2.38549 3.26972 -5.13932
      vertex -2.2014 3.21516 -5.23846
    endloop
  endfacet
  facet normal 0.457278 0.785329 0.417318
    outer loop
      vertex -2.38549 3.26972 -5.13932
      vertex -2.52428 3.60472 -5.61766
      vertex -2.53843 3.60891 -5.61004
    endloop
  endfacet
  facet normal 0.457433 0.78528 0.417241
    outer loop
      vertex -2.35434 3.55435 -5.70917
      vertex -2.52428 3.60472 -5.61766
      vertex -2.2014 3.21516 -5.23846
    endloop
  endfacet
  facet normal 0.151735 0.824642 0.544924
    outer loop
      vertex -2.69814 3.60559 -5.56054
      vertex -2.55849 3.26612 -5.0857
      vertex -2.38549 3.26972 -5.13932
    endloop
  endfacet
  facet normal 0.151467 0.82464 0.545001
    outer loop
      vertex -2.55849 3.26612 -5.0857
      vertex -2.69814 3.60559 -5.56054
      vertex -2.71144 3.60531 -5.55642
    endloop
  endfacet
  facet normal 0.151747 0.824645 0.544916
    outer loop
      vertex -2.53843 3.60891 -5.61004
      vertex -2.69814 3.60559 -5.56054
      vertex -2.38549 3.26972 -5.13932
    endloop
  endfacet
  facet normal -0.268005 0.738223 0.619031
    outer loop
      vertex -2.85216 3.54957 -5.55087
      vertex -2.71093 3.20573 -5.07968
      vertex -2.55849 3.26612 -5.0857
    endloop
  endfacet
  facet normal -0.268063 0.738202 0.619032
    outer loop
      vertex -2.71093 3.20573 -5.07968
      vertex -2.85216 3.54957 -5.55087
      vertex -2.86388 3.54492 -5.5504
    endloop
  endfacet
  facet normal -0.268001 0.738226 0.61903
    outer loop
      vertex -2.71144 3.60531 -5.55642
      vertex -2.85216 3.54957 -5.55087
      vertex -2.55849 3.26612 -5.0857
    endloop
  endfacet
  facet normal -0.663953 0.4875 0.567018
    outer loop
      vertex -2.98627 3.42907 -5.59411
      vertex -2.71093 3.20573 -5.07968
      vertex -2.86388 3.54492 -5.5504
    endloop
  endfacet
  facet normal -0.663953 0.4875 0.567018
    outer loop
      vertex -2.71093 3.20573 -5.07968
      vertex -2.98627 3.42907 -5.59411
      vertex -2.83332 3.08988 -5.12339
    endloop
  endfacet
  facet normal -0.895527 0.168034 0.412063
    outer loop
      vertex -3.05127 3.28514 -5.67668
      vertex -2.83332 3.08988 -5.12339
      vertex -2.98627 3.42907 -5.59411
    endloop
  endfacet
  facet normal -0.895531 0.168021 0.41206
    outer loop
      vertex -2.83332 3.08988 -5.12339
      vertex -3.05127 3.28514 -5.67668
      vertex -2.89832 2.94596 -5.20597
    endloop
  endfacet
  facet normal -0.788771 0.347743 0.506868
    outer loop
      vertex -1.75926 4.76945 -5.02704
      vertex -1.58121 4.4638 -4.54027
      vertex -1.73417 4.80301 -5.01102
    endloop
  endfacet
  facet normal -0.788732 0.3478 0.50689
    outer loop
      vertex -1.58121 4.4638 -4.54027
      vertex -1.75926 4.76945 -5.02704
      vertex -1.90786 4.02702 -4.74885
    endloop
  endfacet
  facet normal -0.788731 0.3478 0.506891
    outer loop
      vertex -1.75926 4.76945 -5.02704
      vertex -2.06081 4.36623 -5.21959
      vertex -1.90786 4.02702 -4.74885
    endloop
  endfacet
  facet normal 0.559425 0.747961 0.357209
    outer loop
      vertex -1.90786 4.02702 -4.74885
      vertex -2.09816 4.3827 -5.19558
      vertex -2.3939 4.24136 -4.43647
    endloop
  endfacet
  facet normal 0.559441 0.747954 0.357197
    outer loop
      vertex -2.09816 4.3827 -5.19558
      vertex -1.90786 4.02702 -4.74885
      vertex -2.06081 4.36623 -5.21959
    endloop
  endfacet
  facet normal 0.559414 0.74797 0.357207
    outer loop
      vertex -2.09816 4.3827 -5.19558
      vertex -2.54686 4.58058 -4.90723
      vertex -2.3939 4.24136 -4.43647
    endloop
  endfacet
  facet normal 0.788726 -0.347798 -0.506901
    outer loop
      vertex -2.3939 4.24136 -4.43647
      vertex -2.52177 4.61413 -4.8912
      vertex -2.06725 4.67813 -4.22789
    endloop
  endfacet
  facet normal 0.788792 -0.347717 -0.506853
    outer loop
      vertex -2.52177 4.61413 -4.8912
      vertex -2.3939 4.24136 -4.43647
      vertex -2.54686 4.58058 -4.90723
    endloop
  endfacet
  facet normal 0.788721 -0.347814 -0.506897
    outer loop
      vertex -2.06725 4.67813 -4.22789
      vertex -2.52177 4.61413 -4.8912
      vertex -2.22021 5.01736 -4.69866
    endloop
  endfacet
  facet normal -0.559476 -0.74794 -0.357173
    outer loop
      vertex -2.18289 5.0009 -4.72265
      vertex -2.06725 4.67813 -4.22789
      vertex -2.22021 5.01736 -4.69866
    endloop
  endfacet
  facet normal -0.559413 -0.747971 -0.357207
    outer loop
      vertex -2.06725 4.67813 -4.22789
      vertex -2.18289 5.0009 -4.72265
      vertex -1.58121 4.4638 -4.54027
    endloop
  endfacet
  facet normal -0.559417 -0.747972 -0.357198
    outer loop
      vertex -1.58121 4.4638 -4.54027
      vertex -2.18289 5.0009 -4.72265
      vertex -1.73417 4.80301 -5.01102
    endloop
  endfacet
  facet normal -0.824902 0.565276 -2.42218e-05
    outer loop
      vertex -5.228 3.84893 -1.55643
      vertex -5.37036 3.6412 -1.21509
      vertex -5.30962 3.72984 -1.1525
    endloop
  endfacet
  facet normal -0.82488 0.565308 -1.15074e-05
    outer loop
      vertex -6.25173 2.35507 -1.56728
      vertex -6.37982 2.16817 -1.31775
      vertex -6.17058 2.47349 -1.15668
    endloop
  endfacet
  facet normal -0.824892 0.56529 7.8612e-06
    outer loop
      vertex -5.26291 3.79799 -0.946381
      vertex -5.27399 3.78182 -0.82724
      vertex -5.05439 4.10227 -0.943024
    endloop
  endfacet
  facet normal -0.824896 0.565285 2.24832e-05
    outer loop
      vertex -6.37982 2.16817 -1.31775
      vertex -6.42251 2.10586 -0.95639
      vertex -6.20384 2.42496 -1.07072
    endloop
  endfacet
  facet normal -0.824902 0.565275 3.94142e-05
    outer loop
      vertex -6.21493 2.40878 -0.953049
      vertex -6.42251 2.10586 -0.95639
      vertex -6.20372 2.42513 -0.828491
    endloop
  endfacet
  facet normal -0.824866 0.565328 -6.71077e-06
    outer loop
      vertex -6.11114 2.56023 -0.676392
      vertex -6.12812 2.53546 -0.223648
      vertex -6.02386 2.68758 -0.635071
    endloop
  endfacet
  facet normal -0.824908 0.565267 -2.21494e-06
    outer loop
      vertex -5.90179 2.86572 -0.611923
      vertex -6.02386 2.68758 -0.635071
      vertex -5.95522 2.78775 -0.157303
    endloop
  endfacet
  facet normal -0.824898 0.565282 -1.47265e-06
    outer loop
      vertex -6.17012 2.47417 -0.738571
      vertex -6.40458 2.13203 -0.694336
      vertex -6.3508 2.21051 -0.489029
    endloop
  endfacet
  facet normal -0.82489 0.565293 0
    outer loop
      vertex -5.73845 3.10407 -0.604202
      vertex -5.90179 2.86572 -0.611923
      vertex -5.73845 3.10407 -0.135193
    endloop
  endfacet
  facet normal -0.824894 0.565288 -6.89121e-06
    outer loop
      vertex -5.57628 3.34071 -0.612335
      vertex -5.73845 3.10407 -0.135193
      vertex -5.45397 3.51919 -0.636734
    endloop
  endfacet
  facet normal -0.824893 0.565289 1.59397e-05
    outer loop
      vertex -5.36611 3.6474 -0.678894
      vertex -5.45397 3.51919 -0.636734
      vertex -5.2254 3.85272 -0.337158
    endloop
  endfacet
  facet normal -0.824893 0.565289 5.11889e-06
    outer loop
      vertex -5.05439 4.10227 -0.943024
      vertex -5.27399 3.78182 -0.82724
      vertex -5.2254 3.85272 -0.337158
    endloop
  endfacet
  facet normal -0.82489 0.565293 -1.52313e-05
    outer loop
      vertex -5.09779 4.03893 -1.30084
      vertex -5.27458 3.78096 -1.06467
      vertex -5.05439 4.10227 -0.943024
    endloop
  endfacet
  facet normal -0.824903 0.565274 1.65708e-06
    outer loop
      vertex -5.44242 3.53605 -1.70976
      vertex -5.58041 3.33468 -1.28206
      vertex -5.45916 3.51162 -1.25764
    endloop
  endfacet
  facet normal -0.824896 0.565285 0
    outer loop
      vertex -5.73845 3.10407 -1.76088
      vertex -5.90191 2.86554 -1.28227
      vertex -5.73845 3.10407 -1.29021
    endloop
  endfacet
  facet normal -0.824914 0.565259 1.16919e-05
    outer loop
      vertex -5.27399 3.78182 -0.82724
      vertex -5.30725 3.73328 -0.740234
      vertex -5.2254 3.85272 -0.337158
    endloop
  endfacet
  facet normal -0.824866 0.565329 -1.88877e-05
    outer loop
      vertex -5.30725 3.73328 -0.740234
      vertex -5.36611 3.6474 -0.678894
      vertex -5.2254 3.85272 -0.337158
    endloop
  endfacet
  facet normal -0.824888 0.565297 3.85801e-06
    outer loop
      vertex -5.45397 3.51919 -0.636734
      vertex -5.73845 3.10407 -0.135193
      vertex -5.2254 3.85272 -0.337158
    endloop
  endfacet
  facet normal -0.8249 0.565279 -9.7778e-06
    outer loop
      vertex -6.03802 2.66693 -1.71248
      vertex -6.25173 2.35507 -1.56728
      vertex -6.11185 2.5592 -1.21718
    endloop
  endfacet
  facet normal -0.824887 0.565297 0
    outer loop
      vertex -5.57628 3.34071 -0.612335
      vertex -5.73845 3.10407 -0.604202
      vertex -5.73845 3.10407 -0.135193
    endloop
  endfacet
  facet normal -0.824893 0.565288 3.2836e-06
    outer loop
      vertex -5.90179 2.86572 -0.611923
      vertex -5.95522 2.78775 -0.157303
      vertex -5.73845 3.10407 -0.135193
    endloop
  endfacet
  facet normal -0.824883 0.565303 0
    outer loop
      vertex -5.58041 3.33468 -1.28206
      vertex -5.73845 3.10407 -1.76088
      vertex -5.73845 3.10407 -1.29021
    endloop
  endfacet
  facet normal -0.824904 0.565272 -1.12279e-05
    outer loop
      vertex -6.11114 2.56023 -0.676392
      vertex -6.25927 2.34407 -0.334229
      vertex -6.12812 2.53546 -0.223648
    endloop
  endfacet
  facet normal -0.824878 0.565311 -1.59876e-05
    outer loop
      vertex -6.02386 2.68758 -0.635071
      vertex -6.12812 2.53546 -0.223648
      vertex -5.95522 2.78775 -0.157303
    endloop
  endfacet
  facet normal -0.824881 0.565306 2.01762e-05
    outer loop
      vertex -6.17012 2.47417 -0.738571
      vertex -6.25927 2.34407 -0.334229
      vertex -6.11114 2.56023 -0.676392
    endloop
  endfacet
  facet normal -0.824916 0.565255 1.09043e-05
    outer loop
      vertex -6.11185 2.5592 -1.21718
      vertex -6.25173 2.35507 -1.56728
      vertex -6.17058 2.47349 -1.15668
    endloop
  endfacet
  facet normal -0.824891 0.565291 1.31171e-05
    outer loop
      vertex -6.17012 2.47417 -0.738571
      vertex -6.3508 2.21051 -0.489029
      vertex -6.25927 2.34407 -0.334229
    endloop
  endfacet
  facet normal -0.824901 0.565277 -5.04541e-05
    outer loop
      vertex -6.20372 2.42513 -0.828491
      vertex -6.40458 2.13203 -0.694336
      vertex -6.17012 2.47417 -0.738571
    endloop
  endfacet
  facet normal -0.824893 0.565289 -1.25625e-05
    outer loop
      vertex -6.20372 2.42513 -0.828491
      vertex -6.42251 2.10586 -0.95639
      vertex -6.40458 2.13203 -0.694336
    endloop
  endfacet
  facet normal -0.824902 0.565275 -1.70623e-05
    outer loop
      vertex -6.20384 2.42496 -1.07072
      vertex -6.42251 2.10586 -0.95639
      vertex -6.21493 2.40878 -0.953049
    endloop
  endfacet
  facet normal -0.82488 0.565308 -1.27381e-05
    outer loop
      vertex -6.17058 2.47349 -1.15668
      vertex -6.37982 2.16817 -1.31775
      vertex -6.20384 2.42496 -1.07072
    endloop
  endfacet
  facet normal -0.824876 0.565314 1.39732e-06
    outer loop
      vertex -6.03802 2.66693 -1.71248
      vertex -6.11185 2.5592 -1.21718
      vertex -6.02434 2.68689 -1.25847
    endloop
  endfacet
  facet normal -0.824886 0.5653 2.31741e-06
    outer loop
      vertex -5.90191 2.86554 -1.28227
      vertex -6.03802 2.66693 -1.71248
      vertex -6.02434 2.68689 -1.25847
    endloop
  endfacet
  facet normal -0.82489 0.565294 6.37504e-06
    outer loop
      vertex -5.73845 3.10407 -1.76088
      vertex -6.03802 2.66693 -1.71248
      vertex -5.90191 2.86554 -1.28227
    endloop
  endfacet
  facet normal -0.824894 0.565287 1.11686e-05
    outer loop
      vertex -5.44242 3.53605 -1.70976
      vertex -5.73845 3.10407 -1.76088
      vertex -5.58041 3.33468 -1.28206
    endloop
  endfacet
  facet normal -0.824892 0.56529 2.97168e-06
    outer loop
      vertex -5.44242 3.53605 -1.70976
      vertex -5.45916 3.51162 -1.25764
      vertex -5.37036 3.6412 -1.21509
    endloop
  endfacet
  facet normal -0.824884 0.565302 -7.74613e-07
    outer loop
      vertex -5.228 3.84893 -1.55643
      vertex -5.44242 3.53605 -1.70976
      vertex -5.37036 3.6412 -1.21509
    endloop
  endfacet
  facet normal -0.824877 0.565312 -8.39692e-06
    outer loop
      vertex -5.228 3.84893 -1.55643
      vertex -5.30962 3.72984 -1.1525
      vertex -5.09779 4.03893 -1.30084
    endloop
  endfacet
  facet normal -0.824892 0.56529 -3.39728e-06
    outer loop
      vertex -5.05439 4.10227 -0.943024
      vertex -5.27458 3.78096 -1.06467
      vertex -5.26291 3.79799 -0.946381
    endloop
  endfacet
  facet normal -0.824866 0.565329 4.18958e-05
    outer loop
      vertex -5.09779 4.03893 -1.30084
      vertex -5.30962 3.72984 -1.1525
      vertex -5.27458 3.78096 -1.06467
    endloop
  endfacet
  facet normal -0.824891 0.565292 0
    outer loop
      vertex -5.27046 3.78697 0.589798
      vertex -5.07326 4.07473 0.0506897
      vertex -5.27046 3.78697 0.0506897
    endloop
  endfacet
  facet normal -0.824891 0.565292 0
    outer loop
      vertex -5.27046 3.78697 1.05882
      vertex -5.07326 4.07473 0.0506897
      vertex -5.27046 3.78697 0.589798
    endloop
  endfacet
  facet normal -0.824891 0.565292 0
    outer loop
      vertex -5.07326 4.07473 0.0506897
      vertex -5.27046 3.78697 1.05882
      vertex -5.07326 4.07473 1.64133
    endloop
  endfacet
  facet normal -0.824891 0.565292 0
    outer loop
      vertex -5.07326 4.07473 1.64133
      vertex -5.27046 3.78697 1.05882
      vertex -5.27046 3.78697 1.64133
    endloop
  endfacet
  facet normal -0.824888 0.565296 -3.93547e-07
    outer loop
      vertex -6.1772 2.46384 1.05882
      vertex -6.18663 2.45008 1.62297
      vertex -5.9781 2.75437 1.62297
    endloop
  endfacet
  facet normal -0.824894 0.565288 -6.91019e-07
    outer loop
      vertex -6.1772 2.46384 1.05882
      vertex -6.4027 2.13478 1.03377
      vertex -6.18663 2.45008 1.62297
    endloop
  endfacet
  facet normal -0.82489 0.565294 -6.43954e-06
    outer loop
      vertex -5.27046 3.78697 0.589798
      vertex -6.4027 2.13478 0.589798
      vertex -6.1772 2.46384 1.05882
    endloop
  endfacet
  facet normal -0.824888 0.565295 0
    outer loop
      vertex -5.27046 3.78697 0.589798
      vertex -6.1772 2.46384 1.05882
      vertex -5.27046 3.78697 1.05882
    endloop
  endfacet
  facet normal -0.824894 0.565288 0
    outer loop
      vertex -6.1772 2.46384 1.05882
      vertex -6.4027 2.13478 0.589798
      vertex -6.4027 2.13478 1.03377
    endloop
  endfacet
  facet normal -0.419863 -0.612666 0.669594
    outer loop
      vertex -5.60281 4.36358 -1.32046
      vertex -5.09779 4.03893 -1.30084
      vertex -5.59281 4.37817 -1.30084
    endloop
  endfacet
  facet normal -0.419927 -0.612774 0.669454
    outer loop
      vertex -5.09779 4.03893 -1.30084
      vertex -5.60281 4.36358 -1.32046
      vertex -5.228 3.84893 -1.55643
    endloop
  endfacet
  facet normal -0.419935 -0.612776 0.669447
    outer loop
      vertex -5.60281 4.36358 -1.32046
      vertex -5.72301 4.18816 -1.55643
      vertex -5.228 3.84893 -1.55643
    endloop
  endfacet
  facet normal -0.211811 -0.309077 0.92715
    outer loop
      vertex -5.73948 4.16414 -1.5682
      vertex -5.228 3.84893 -1.55643
      vertex -5.72301 4.18816 -1.55643
    endloop
  endfacet
  facet normal -0.211857 -0.309154 0.927114
    outer loop
      vertex -5.228 3.84893 -1.55643
      vertex -5.73948 4.16414 -1.5682
      vertex -5.44242 3.53605 -1.70976
    endloop
  endfacet
  facet normal -0.211862 -0.309156 0.927112
    outer loop
      vertex -5.73948 4.16414 -1.5682
      vertex -5.93742 3.87527 -1.70976
      vertex -5.44242 3.53605 -1.70976
    endloop
  endfacet
  facet normal -0.0549681 -0.080211 0.995261
    outer loop
      vertex -5.96016 3.84209 -1.71369
      vertex -5.44242 3.53605 -1.70976
      vertex -5.93742 3.87527 -1.70976
    endloop
  endfacet
  facet normal -0.0549256 -0.0801392 0.995269
    outer loop
      vertex -5.44242 3.53605 -1.70976
      vertex -5.96016 3.84209 -1.71369
      vertex -5.73845 3.10407 -1.76088
    endloop
  endfacet
  facet normal -0.0549178 -0.0801369 0.99527
    outer loop
      vertex -5.96016 3.84209 -1.71369
      vertex -6.23343 3.44328 -1.76088
      vertex -5.73845 3.10407 -1.76088
    endloop
  endfacet
  facet normal 0.0514154 0.075026 0.995855
    outer loop
      vertex -6.23343 3.44328 -1.76088
      vertex -6.03802 2.66693 -1.71248
      vertex -5.73845 3.10407 -1.76088
    endloop
  endfacet
  facet normal 0.0514161 0.0750262 0.995855
    outer loop
      vertex -6.03802 2.66693 -1.71248
      vertex -6.23343 3.44328 -1.76088
      vertex -6.53298 3.00613 -1.71248
    endloop
  endfacet
  facet normal 0.202679 0.295749 0.933517
    outer loop
      vertex -6.53298 3.00613 -1.71248
      vertex -6.25173 2.35507 -1.56728
      vertex -6.03802 2.66693 -1.71248
    endloop
  endfacet
  facet normal 0.202671 0.295746 0.93352
    outer loop
      vertex -6.25173 2.35507 -1.56728
      vertex -6.53298 3.00613 -1.71248
      vertex -6.74669 2.69426 -1.56728
    endloop
  endfacet
  facet normal 0.418501 0.610694 0.672242
    outer loop
      vertex -6.74669 2.69426 -1.56728
      vertex -6.37982 2.16817 -1.31775
      vertex -6.25173 2.35507 -1.56728
    endloop
  endfacet
  facet normal 0.418507 0.610696 0.672237
    outer loop
      vertex -6.37982 2.16817 -1.31775
      vertex -6.74669 2.69426 -1.56728
      vertex -6.87476 2.50735 -1.31775
    endloop
  endfacet
  facet normal 0.553335 0.80744 0.204598
    outer loop
      vertex -6.87476 2.50735 -1.31775
      vertex -6.42251 2.10586 -0.95639
      vertex -6.37982 2.16817 -1.31775
    endloop
  endfacet
  facet normal 0.553339 0.807439 0.204591
    outer loop
      vertex -6.42251 2.10586 -0.95639
      vertex -6.87476 2.50735 -1.31775
      vertex -6.91746 2.44505 -0.95639
    endloop
  endfacet
  facet normal 0.5612 0.818909 -0.120178
    outer loop
      vertex -6.42251 2.10586 -0.95639
      vertex -6.89953 2.47122 -0.694336
      vertex -6.40458 2.13203 -0.694336
    endloop
  endfacet
  facet normal 0.5612 0.818909 -0.120178
    outer loop
      vertex -6.89953 2.47122 -0.694336
      vertex -6.42251 2.10586 -0.95639
      vertex -6.91746 2.44505 -0.95639
    endloop
  endfacet
  facet normal 0.512903 0.748434 -0.420449
    outer loop
      vertex -6.40458 2.13203 -0.694336
      vertex -6.84575 2.5497 -0.489029
      vertex -6.3508 2.21051 -0.489029
    endloop
  endfacet
  facet normal 0.512903 0.748434 -0.420449
    outer loop
      vertex -6.84575 2.5497 -0.489029
      vertex -6.40458 2.13203 -0.694336
      vertex -6.89953 2.47122 -0.694336
    endloop
  endfacet
  facet normal 0.390643 0.570043 -0.722807
    outer loop
      vertex -6.3508 2.21051 -0.489029
      vertex -6.75423 2.68326 -0.334229
      vertex -6.25927 2.34407 -0.334229
    endloop
  endfacet
  facet normal 0.390656 0.570049 -0.722795
    outer loop
      vertex -6.75423 2.68326 -0.334229
      vertex -6.3508 2.21051 -0.489029
      vertex -6.84575 2.5497 -0.489029
    endloop
  endfacet
  facet normal 0.243218 0.354903 -0.902712
    outer loop
      vertex -6.25927 2.34407 -0.334229
      vertex -6.62308 2.87466 -0.223648
      vertex -6.12812 2.53546 -0.223648
    endloop
  endfacet
  facet normal 0.243206 0.354896 -0.902718
    outer loop
      vertex -6.62308 2.87466 -0.223648
      vertex -6.25927 2.34407 -0.334229
      vertex -6.75423 2.68326 -0.334229
    endloop
  endfacet
  facet normal 0.119837 0.174868 -0.977272
    outer loop
      vertex -6.12812 2.53546 -0.223648
      vertex -6.4502 3.12696 -0.157303
      vertex -5.95522 2.78775 -0.157303
    endloop
  endfacet
  facet normal 0.119839 0.174869 -0.977272
    outer loop
      vertex -6.4502 3.12696 -0.157303
      vertex -6.12812 2.53546 -0.223648
      vertex -6.62308 2.87466 -0.223648
    endloop
  endfacet
  facet normal 0.03254 0.0474824 -0.998342
    outer loop
      vertex -5.95522 2.78775 -0.157303
      vertex -6.23344 3.44329 -0.135193
      vertex -5.73845 3.10407 -0.135193
    endloop
  endfacet
  facet normal 0.0325396 0.0474822 -0.998342
    outer loop
      vertex -6.23344 3.44329 -0.135193
      vertex -5.95522 2.78775 -0.157303
      vertex -6.4502 3.12696 -0.157303
    endloop
  endfacet
  facet normal -0.122793 -0.179181 -0.976123
    outer loop
      vertex -5.73845 3.10407 -0.135193
      vertex -5.72042 4.19196 -0.337158
      vertex -5.2254 3.85272 -0.337158
    endloop
  endfacet
  facet normal -0.122794 -0.179181 -0.976123
    outer loop
      vertex -5.72042 4.19196 -0.337158
      vertex -5.73845 3.10407 -0.135193
      vertex -6.23344 3.44329 -0.135193
    endloop
  endfacet
  facet normal -0.505756 -0.738001 -0.446728
    outer loop
      vertex -5.54941 4.44151 -0.943024
      vertex -5.2254 3.85272 -0.337158
      vertex -5.72042 4.19196 -0.337158
    endloop
  endfacet
  facet normal -0.505756 -0.738001 -0.446728
    outer loop
      vertex -5.2254 3.85272 -0.337158
      vertex -5.54941 4.44151 -0.943024
      vertex -5.05439 4.10227 -0.943024
    endloop
  endfacet
  facet normal -0.552728 -0.806542 0.20972
    outer loop
      vertex -5.55274 4.43665 -0.970491
      vertex -5.05439 4.10227 -0.943024
      vertex -5.54941 4.44151 -0.943024
    endloop
  endfacet
  facet normal -0.55272 -0.806523 0.20981
    outer loop
      vertex -5.05439 4.10227 -0.943024
      vertex -5.55274 4.43665 -0.970491
      vertex -5.09779 4.03893 -1.30084
    endloop
  endfacet
  facet normal -0.552716 -0.806525 0.209817
    outer loop
      vertex -5.55274 4.43665 -0.970491
      vertex -5.59281 4.37817 -1.30084
      vertex -5.09779 4.03893 -1.30084
    endloop
  endfacet
  facet normal 0.468263 0.683297 0.56021
    outer loop
      vertex -5.30725 3.73328 -0.740234
      vertex -5.79971 4.07624 -0.746915
      vertex -5.80226 4.07251 -0.740234
    endloop
  endfacet
  facet normal 0.468263 0.683297 0.56021
    outer loop
      vertex -5.79971 4.07624 -0.746915
      vertex -5.30725 3.73328 -0.740234
      vertex -5.27399 3.78182 -0.82724
    endloop
  endfacet
  facet normal 0.468263 0.683297 0.56021
    outer loop
      vertex -5.769 4.12105 -0.82724
      vertex -5.79971 4.07624 -0.746915
      vertex -5.27399 3.78182 -0.82724
    endloop
  endfacet
  facet normal 0.286956 0.418718 0.861587
    outer loop
      vertex -5.85659 3.99323 -0.683605
      vertex -5.36611 3.6474 -0.678894
      vertex -5.30725 3.73328 -0.740234
    endloop
  endfacet
  facet normal 0.286868 0.418593 0.861677
    outer loop
      vertex -5.36611 3.6474 -0.678894
      vertex -5.85659 3.99323 -0.683605
      vertex -5.86111 3.98663 -0.678894
    endloop
  endfacet
  facet normal 0.28697 0.418751 0.861566
    outer loop
      vertex -5.80226 4.07251 -0.740234
      vertex -5.85659 3.99323 -0.683605
      vertex -5.30725 3.73328 -0.740234
    endloop
  endfacet
  facet normal 0.147992 0.215951 0.965124
    outer loop
      vertex -5.94222 3.86826 -0.639972
      vertex -5.45397 3.51919 -0.636734
      vertex -5.36611 3.6474 -0.678894
    endloop
  endfacet
  facet normal 0.148045 0.216025 0.965099
    outer loop
      vertex -5.45397 3.51919 -0.636734
      vertex -5.94222 3.86826 -0.639972
      vertex -5.94897 3.85842 -0.636734
    endloop
  endfacet
  facet normal 0.147989 0.215944 0.965126
    outer loop
      vertex -5.86111 3.98663 -0.678894
      vertex -5.94222 3.86826 -0.639972
      vertex -5.36611 3.6474 -0.678894
    endloop
  endfacet
  facet normal 0.0633452 0.0924338 0.993702
    outer loop
      vertex -6.06188 3.69364 -0.614209
      vertex -5.57628 3.34071 -0.612335
      vertex -5.45397 3.51919 -0.636734
    endloop
  endfacet
  facet normal 0.0633272 0.092409 0.993705
    outer loop
      vertex -5.57628 3.34071 -0.612335
      vertex -6.06188 3.69364 -0.614209
      vertex -6.07128 3.67993 -0.612335
    endloop
  endfacet
  facet normal 0.0633447 0.0924317 0.993702
    outer loop
      vertex -5.94897 3.85842 -0.636734
      vertex -6.06188 3.69364 -0.614209
      vertex -5.45397 3.51919 -0.636734
    endloop
  endfacet
  facet normal 0.0160197 0.0233765 0.999598
    outer loop
      vertex -6.07128 3.67993 -0.612335
      vertex -5.73845 3.10407 -0.604202
      vertex -5.57628 3.34071 -0.612335
    endloop
  endfacet
  facet normal 0.0160208 0.0233771 0.999598
    outer loop
      vertex -5.73845 3.10407 -0.604202
      vertex -6.07128 3.67993 -0.612335
      vertex -6.23343 3.44329 -0.604202
    endloop
  endfacet
  facet normal -0.0151003 -0.0220339 0.999643
    outer loop
      vertex -6.23343 3.44329 -0.604202
      vertex -5.90179 2.86572 -0.611923
      vertex -5.73845 3.10407 -0.604202
    endloop
  endfacet
  facet normal -0.0150988 -0.022033 0.999643
    outer loop
      vertex -5.90179 2.86572 -0.611923
      vertex -6.23343 3.44329 -0.604202
      vertex -6.39677 3.20492 -0.611923
    endloop
  endfacet
  facet normal -0.0602482 -0.0879177 0.994304
    outer loop
      vertex -6.39677 3.20492 -0.611923
      vertex -6.02386 2.68758 -0.635071
      vertex -5.90179 2.86572 -0.611923
    endloop
  endfacet
  facet normal -0.0602541 -0.0879219 0.994303
    outer loop
      vertex -6.02386 2.68758 -0.635071
      vertex -6.39677 3.20492 -0.611923
      vertex -6.51883 3.02679 -0.635071
    endloop
  endfacet
  facet normal -0.146152 -0.21327 0.966
    outer loop
      vertex -6.5994 2.90922 -0.673215
      vertex -6.11114 2.56023 -0.676392
      vertex -6.02386 2.68758 -0.635071
    endloop
  endfacet
  facet normal -0.14617 -0.213295 0.965992
    outer loop
      vertex -6.11114 2.56023 -0.676392
      vertex -6.5994 2.90922 -0.673215
      vertex -6.60611 2.89943 -0.676392
    endloop
  endfacet
  facet normal -0.146146 -0.213254 0.966004
    outer loop
      vertex -6.51883 3.02679 -0.635071
      vertex -6.5994 2.90922 -0.673215
      vertex -6.02386 2.68758 -0.635071
    endloop
  endfacet
  facet normal -0.289406 -0.422303 0.859013
    outer loop
      vertex -6.66054 2.81998 -0.733791
      vertex -6.17012 2.47417 -0.738571
      vertex -6.11114 2.56023 -0.676392
    endloop
  endfacet
  facet normal -0.289447 -0.42236 0.858972
    outer loop
      vertex -6.17012 2.47417 -0.738571
      vertex -6.66054 2.81998 -0.733791
      vertex -6.66508 2.81337 -0.738571
    endloop
  endfacet
  facet normal -0.289413 -0.422319 0.859004
    outer loop
      vertex -6.60611 2.89943 -0.676392
      vertex -6.66054 2.81998 -0.733791
      vertex -6.11114 2.56023 -0.676392
    endloop
  endfacet
  facet normal -0.471646 -0.688226 0.551267
    outer loop
      vertex -6.20372 2.42513 -0.828491
      vertex -6.6961 2.7681 -0.821577
      vertex -6.69868 2.76433 -0.828491
    endloop
  endfacet
  facet normal -0.471563 -0.68811 0.551483
    outer loop
      vertex -6.6961 2.7681 -0.821577
      vertex -6.20372 2.42513 -0.828491
      vertex -6.17012 2.47417 -0.738571
    endloop
  endfacet
  facet normal -0.471559 -0.688098 0.551502
    outer loop
      vertex -6.66508 2.81337 -0.738571
      vertex -6.6961 2.7681 -0.821577
      vertex -6.17012 2.47417 -0.738571
    endloop
  endfacet
  facet normal -0.55826 -0.81462 0.15729
    outer loop
      vertex -6.21493 2.40878 -0.953049
      vertex -6.70902 2.74923 -0.943471
      vertex -6.70988 2.74797 -0.953049
    endloop
  endfacet
  facet normal -0.558272 -0.814634 0.157176
    outer loop
      vertex -6.70902 2.74923 -0.943471
      vertex -6.21493 2.40878 -0.953049
      vertex -6.20372 2.42513 -0.828491
    endloop
  endfacet
  facet normal -0.558273 -0.814631 0.157188
    outer loop
      vertex -6.69868 2.76433 -0.828491
      vertex -6.70902 2.74923 -0.943471
      vertex -6.20372 2.42513 -0.828491
    endloop
  endfacet
  facet normal -0.557607 -0.813666 -0.164385
    outer loop
      vertex -6.6988 2.76415 -1.07072
      vertex -6.21493 2.40878 -0.953049
      vertex -6.70988 2.74797 -0.953049
    endloop
  endfacet
  facet normal -0.557595 -0.813665 -0.164432
    outer loop
      vertex -6.21493 2.40878 -0.953049
      vertex -6.6988 2.76415 -1.07072
      vertex -6.20384 2.42496 -1.07072
    endloop
  endfacet
  facet normal -0.466469 -0.68069 -0.564861
    outer loop
      vertex -6.66554 2.81269 -1.15668
      vertex -6.20384 2.42496 -1.07072
      vertex -6.6988 2.76415 -1.07072
    endloop
  endfacet
  facet normal -0.466499 -0.680714 -0.564807
    outer loop
      vertex -6.20384 2.42496 -1.07072
      vertex -6.66554 2.81269 -1.15668
      vertex -6.17058 2.47349 -1.15668
    endloop
  endfacet
  facet normal -0.284451 -0.415082 -0.864173
    outer loop
      vertex -6.17058 2.47349 -1.15668
      vertex -6.60681 2.89839 -1.21718
      vertex -6.11185 2.5592 -1.21718
    endloop
  endfacet
  facet normal -0.284473 -0.415103 -0.864156
    outer loop
      vertex -6.60681 2.89839 -1.21718
      vertex -6.17058 2.47349 -1.15668
      vertex -6.66554 2.81269 -1.15668
    endloop
  endfacet
  facet normal -0.145689 -0.212593 -0.966219
    outer loop
      vertex -6.11185 2.5592 -1.21718
      vertex -6.51931 3.02609 -1.25847
      vertex -6.02434 2.68689 -1.25847
    endloop
  endfacet
  facet normal -0.145685 -0.21259 -0.96622
    outer loop
      vertex -6.51931 3.02609 -1.25847
      vertex -6.11185 2.5592 -1.21718
      vertex -6.60681 2.89839 -1.21718
    endloop
  endfacet
  facet normal -0.0617488 -0.0901073 -0.994016
    outer loop
      vertex -6.02434 2.68689 -1.25847
      vertex -6.39689 3.20474 -1.28227
      vertex -5.90191 2.86554 -1.28227
    endloop
  endfacet
  facet normal -0.0617512 -0.0901091 -0.994016
    outer loop
      vertex -6.39689 3.20474 -1.28227
      vertex -6.02434 2.68689 -1.25847
      vertex -6.51931 3.02609 -1.25847
    endloop
  endfacet
  facet normal -0.0155163 -0.0226416 -0.999623
    outer loop
      vertex -5.90191 2.86554 -1.28227
      vertex -6.23343 3.44328 -1.29021
      vertex -5.73845 3.10407 -1.29021
    endloop
  endfacet
  facet normal -0.0155156 -0.0226412 -0.999623
    outer loop
      vertex -6.23343 3.44328 -1.29021
      vertex -5.90191 2.86554 -1.28227
      vertex -6.39689 3.20474 -1.28227
    endloop
  endfacet
  facet normal 0.0164725 0.0240372 -0.999575
    outer loop
      vertex -5.73845 3.10407 -1.29021
      vertex -6.07541 3.6739 -1.28206
      vertex -5.58041 3.33468 -1.28206
    endloop
  endfacet
  facet normal 0.0164728 0.0240374 -0.999575
    outer loop
      vertex -6.07541 3.6739 -1.28206
      vertex -5.73845 3.10407 -1.29021
      vertex -6.23343 3.44328 -1.29021
    endloop
  endfacet
  facet normal 0.0639501 0.0933046 -0.993582
    outer loop
      vertex -5.96347 3.83725 -1.25952
      vertex -5.45916 3.51162 -1.25764
      vertex -5.58041 3.33468 -1.28206
    endloop
  endfacet
  facet normal 0.064098 0.0935337 -0.993551
    outer loop
      vertex -5.45916 3.51162 -1.25764
      vertex -5.96347 3.83725 -1.25952
      vertex -5.95416 3.85084 -1.25764
    endloop
  endfacet
  facet normal 0.0639311 0.0932901 -0.993584
    outer loop
      vertex -5.58041 3.33468 -1.28206
      vertex -6.07541 3.6739 -1.28206
      vertex -5.96347 3.83725 -1.25952
    endloop
  endfacet
  facet normal 0.147797 0.215663 -0.965218
    outer loop
      vertex -5.87218 3.97047 -1.21836
      vertex -5.37036 3.6412 -1.21509
      vertex -5.45916 3.51162 -1.25764
    endloop
  endfacet
  facet normal 0.1479 0.215821 -0.965167
    outer loop
      vertex -5.37036 3.6412 -1.21509
      vertex -5.87218 3.97047 -1.21836
      vertex -5.86536 3.98042 -1.21509
    endloop
  endfacet
  facet normal 0.147785 0.215652 -0.965222
    outer loop
      vertex -5.45916 3.51162 -1.25764
      vertex -5.95416 3.85084 -1.25764
      vertex -5.87218 3.97047 -1.21836
    endloop
  endfacet
  facet normal 0.28452 0.415188 -0.864099
    outer loop
      vertex -5.37036 3.6412 -1.21509
      vertex -5.80463 4.06906 -1.1525
      vertex -5.30962 3.72984 -1.1525
    endloop
  endfacet
  facet normal 0.284535 0.415202 -0.864088
    outer loop
      vertex -5.80463 4.06906 -1.1525
      vertex -5.37036 3.6412 -1.21509
      vertex -5.86536 3.98042 -1.21509
    endloop
  endfacet
  facet normal 0.461881 0.673985 -0.57655
    outer loop
      vertex -5.30962 3.72984 -1.1525
      vertex -5.76959 4.12019 -1.06467
      vertex -5.27458 3.78096 -1.06467
    endloop
  endfacet
  facet normal 0.461852 0.673961 -0.576602
    outer loop
      vertex -5.76959 4.12019 -1.06467
      vertex -5.30962 3.72984 -1.1525
      vertex -5.80463 4.06906 -1.1525
    endloop
  endfacet
  facet normal 0.556889 0.812598 -0.17193
    outer loop
      vertex -5.27458 3.78096 -1.06467
      vertex -5.75792 4.13723 -0.946381
      vertex -5.26291 3.79799 -0.946381
    endloop
  endfacet
  facet normal 0.556871 0.812596 -0.171997
    outer loop
      vertex -5.75792 4.13723 -0.946381
      vertex -5.27458 3.78096 -1.06467
      vertex -5.76959 4.12019 -1.06467
    endloop
  endfacet
  facet normal 0.557808 0.813938 0.162344
    outer loop
      vertex -5.75792 4.13723 -0.946381
      vertex -5.27399 3.78182 -0.82724
      vertex -5.26291 3.79799 -0.946381
    endloop
  endfacet
  facet normal 0.55779 0.813937 0.162411
    outer loop
      vertex -5.27399 3.78182 -0.82724
      vertex -5.75792 4.13723 -0.946381
      vertex -5.769 4.12105 -0.82724
    endloop
  endfacet
  facet normal 0.565288 0.824894 -0
    outer loop
      vertex -5.27046 3.78697 0.0506897
      vertex -5.76548 4.1262 0.589798
      vertex -5.27046 3.78697 0.589798
    endloop
  endfacet
  facet normal 0.565288 0.824894 0
    outer loop
      vertex -5.76548 4.1262 0.589798
      vertex -5.27046 3.78697 0.0506897
      vertex -5.76548 4.1262 0.0506897
    endloop
  endfacet
  facet normal 0 0 1
    outer loop
      vertex -5.76548 4.1262 0.589798
      vertex -6.4027 2.13478 0.589798
      vertex -5.27046 3.78697 0.589798
    endloop
  endfacet
  facet normal 0 -0 1
    outer loop
      vertex -6.4027 2.13478 0.589798
      vertex -5.76548 4.1262 0.589798
      vertex -6.89765 2.47396 0.589798
    endloop
  endfacet
  facet normal 0.565285 0.824895 -0
    outer loop
      vertex -6.4027 2.13478 0.589798
      vertex -6.89765 2.47396 1.03377
      vertex -6.4027 2.13478 1.03377
    endloop
  endfacet
  facet normal 0.565285 0.824895 0
    outer loop
      vertex -6.89765 2.47396 1.03377
      vertex -6.4027 2.13478 0.589798
      vertex -6.89765 2.47396 0.589798
    endloop
  endfacet
  facet normal 0.474245 0.692024 -0.544238
    outer loop
      vertex -6.4027 2.13478 1.03377
      vertex -6.68158 2.78927 1.62297
      vertex -6.18663 2.45008 1.62297
    endloop
  endfacet
  facet normal 0.474232 0.692026 -0.544246
    outer loop
      vertex -6.68158 2.78927 1.62297
      vertex -6.4027 2.13478 1.03377
      vertex -6.89765 2.47396 1.03377
    endloop
  endfacet
  facet normal 0 0 -1
    outer loop
      vertex -6.18663 2.45008 1.62297
      vertex -6.47307 3.09357 1.62297
      vertex -5.9781 2.75437 1.62297
    endloop
  endfacet
  facet normal 0 -0 -1
    outer loop
      vertex -6.47307 3.09357 1.62297
      vertex -6.18663 2.45008 1.62297
      vertex -6.68158 2.78927 1.62297
    endloop
  endfacet
  facet normal -0.479511 -0.699723 0.529582
    outer loop
      vertex -6.1772 2.46384 1.05882
      vertex -6.47307 3.09357 1.62297
      vertex -6.67216 2.80303 1.05882
    endloop
  endfacet
  facet normal -0.479516 -0.699722 0.529579
    outer loop
      vertex -6.47307 3.09357 1.62297
      vertex -6.1772 2.46384 1.05882
      vertex -5.9781 2.75437 1.62297
    endloop
  endfacet
  facet normal 0 0 -1
    outer loop
      vertex -6.1772 2.46384 1.05882
      vertex -5.76548 4.1262 1.05882
      vertex -5.27046 3.78697 1.05882
    endloop
  endfacet
  facet normal 0 0 -1
    outer loop
      vertex -5.76548 4.1262 1.05882
      vertex -6.1772 2.46384 1.05882
      vertex -6.67216 2.80303 1.05882
    endloop
  endfacet
  facet normal 0.565295 0.824888 -0
    outer loop
      vertex -5.27046 3.78697 1.05882
      vertex -5.76547 4.1262 1.64133
      vertex -5.27046 3.78697 1.64133
    endloop
  endfacet
  facet normal 0.565288 0.824894 -9.70434e-06
    outer loop
      vertex -5.76547 4.1262 1.64133
      vertex -5.27046 3.78697 1.05882
      vertex -5.76548 4.1262 1.05882
    endloop
  endfacet
  facet normal 0 0 -1
    outer loop
      vertex -5.27046 3.78697 1.64133
      vertex -5.56828 4.41397 1.64133
      vertex -5.07326 4.07473 1.64133
    endloop
  endfacet
  facet normal 0 -0 -1
    outer loop
      vertex -5.56828 4.41397 1.64133
      vertex -5.27046 3.78697 1.64133
      vertex -5.76547 4.1262 1.64133
    endloop
  endfacet
  facet normal -0.565299 -0.824886 3.55391e-06
    outer loop
      vertex -5.56829 4.41397 0.0506897
      vertex -5.07326 4.07473 1.64133
      vertex -5.56828 4.41397 1.64133
    endloop
  endfacet
  facet normal -0.565291 -0.824891 -0
    outer loop
      vertex -5.07326 4.07473 1.64133
      vertex -5.56829 4.41397 0.0506897
      vertex -5.07326 4.07473 0.0506897
    endloop
  endfacet
  facet normal 0 0 1
    outer loop
      vertex -5.56829 4.41397 0.0506897
      vertex -5.27046 3.78697 0.0506897
      vertex -5.07326 4.07473 0.0506897
    endloop
  endfacet
  facet normal 0 0 1
    outer loop
      vertex -5.27046 3.78697 0.0506897
      vertex -5.56829 4.41397 0.0506897
      vertex -5.76548 4.1262 0.0506897
    endloop
  endfacet
  facet normal -0.667369 -0.565252 -0.484879
    outer loop
      vertex -3.83268 -3.63295 -3.87093
      vertex -4.14009 -3.62434 -3.45786
      vertex -4.11862 -3.2199 -3.95889
    endloop
  endfacet
  facet normal -0.667355 -0.565259 -0.484891
    outer loop
      vertex -4.45799 -2.72589 -4.06768
      vertex -4.79151 -2.56134 -3.80048
      vertex -4.5606 -2.45148 -4.24635
    endloop
  endfacet
  facet normal -0.667366 -0.565241 -0.484898
    outer loop
      vertex -4.44101 -2.86446 -3.92952
      vertex -4.73718 -2.70145 -3.71192
      vertex -4.45799 -2.72589 -4.06768
    endloop
  endfacet
  facet normal -0.66736 -0.565242 -0.484904
    outer loop
      vertex -3.82946 -4.4638 -2.90682
      vertex -3.92685 -4.02702 -3.28193
      vertex -3.38218 -4.67813 -3.27256
    endloop
  endfacet
  facet normal -0.667368 -0.565246 -0.484888
    outer loop
      vertex -5.33439 -2.162 -3.51882
      vertex -5.56142 -1.69382 -3.75212
      vertex -5.28224 -1.78424 -4.03096
    endloop
  endfacet
  facet normal -0.667354 -0.565282 -0.484866
    outer loop
      vertex -5.48835 -2.34014 -3.09924
      vertex -5.80862 -2.1961 -2.82636
      vertex -5.49162 -2.22636 -3.22739
    endloop
  endfacet
  facet normal -0.667359 -0.56525 -0.484896
    outer loop
      vertex -5.18328 -2.21636 -3.66343
      vertex -5.28224 -1.78424 -4.03096
      vertex -5.02429 -2.31042 -3.7726
    endloop
  endfacet
  facet normal -0.667371 -0.565246 -0.484885
    outer loop
      vertex -4.74309 -2.1904 -4.29954
      vertex -5.02429 -2.31042 -3.7726
      vertex -4.98908 -1.96167 -4.22761
    endloop
  endfacet
  facet normal -0.667377 -0.565229 -0.484895
    outer loop
      vertex -4.79151 -2.56134 -3.80048
      vertex -4.89045 -2.42822 -3.81948
      vertex -4.5606 -2.45148 -4.24635
    endloop
  endfacet
  facet normal -0.667322 -0.565247 -0.484951
    outer loop
      vertex -4.58781 -3.08347 -3.47216
      vertex -4.77698 -2.88417 -3.44415
      vertex -4.73196 -2.81514 -3.58656
    endloop
  endfacet
  facet normal -0.667354 -0.565263 -0.484888
    outer loop
      vertex -4.73718 -2.70145 -3.71192
      vertex -4.79151 -2.56134 -3.80048
      vertex -4.45799 -2.72589 -4.06768
    endloop
  endfacet
  facet normal -0.667386 -0.565249 -0.484861
    outer loop
      vertex -4.50664 -3.05472 -3.6174
      vertex -4.73196 -2.81514 -3.58656
      vertex -4.45746 -2.9779 -3.77465
    endloop
  endfacet
  facet normal -0.667367 -0.565229 -0.484909
    outer loop
      vertex -4.45746 -2.9779 -3.77465
      vertex -4.73718 -2.70145 -3.71192
      vertex -4.44101 -2.86446 -3.92952
    endloop
  endfacet
  facet normal -0.667364 -0.565247 -0.484893
    outer loop
      vertex -3.83268 -3.63295 -3.87093
      vertex -4.02033 -3.1629 -4.16061
      vertex -3.68396 -3.48049 -4.25334
    endloop
  endfacet
  facet normal -0.667365 -0.565254 -0.484884
    outer loop
      vertex -4.1069 -2.82462 -4.43581
      vertex -4.29032 -2.64967 -4.38731
      vertex -4.0867 -2.47103 -4.87581
    endloop
  endfacet
  facet normal -0.66736 -0.565256 -0.484888
    outer loop
      vertex -4.01407 -3.02501 -4.32997
      vertex -4.1069 -2.82462 -4.43581
      vertex -3.77605 -2.91111 -4.79034
    endloop
  endfacet
  facet normal -0.667369 -0.565235 -0.4849
    outer loop
      vertex -5.49162 -2.22636 -3.22739
      vertex -5.83301 -1.90316 -3.13428
      vertex -5.43872 -2.16616 -3.37037
    endloop
  endfacet
  facet normal -0.667396 -0.56523 -0.484869
    outer loop
      vertex -5.07108 -3.18278 -2.69126
      vertex -5.1755 -2.7541 -3.04726
      vertex -4.99818 -2.85849 -3.16964
    endloop
  endfacet
  facet normal -0.66736 -0.565246 -0.4849
    outer loop
      vertex -4.14009 -3.62434 -3.45786
      vertex -4.60919 -3.44579 -3.02038
      vertex -4.58781 -3.08347 -3.47216
    endloop
  endfacet
  facet normal -0.667367 -0.565228 -0.48491
    outer loop
      vertex -5.43108 -2.48316 -3.01135
      vertex -5.80862 -2.1961 -2.82636
      vertex -5.48835 -2.34014 -3.09924
    endloop
  endfacet
  facet normal -0.667361 -0.565258 -0.484884
    outer loop
      vertex -4.14009 -3.62434 -3.45786
      vertex -4.30808 -3.19408 -3.72823
      vertex -4.11862 -3.2199 -3.95889
    endloop
  endfacet
  facet normal -0.667372 -0.565255 -0.484872
    outer loop
      vertex -4.14009 -3.62434 -3.45786
      vertex -4.58781 -3.08347 -3.47216
      vertex -4.30808 -3.19408 -3.72823
    endloop
  endfacet
  facet normal -0.667358 -0.565249 -0.484899
    outer loop
      vertex -3.83268 -3.63295 -3.87093
      vertex -4.11862 -3.2199 -3.95889
      vertex -4.02033 -3.1629 -4.16061
    endloop
  endfacet
  facet normal -0.667365 -0.56525 -0.484889
    outer loop
      vertex -3.68396 -3.48049 -4.25334
      vertex -4.02033 -3.1629 -4.16061
      vertex -3.69101 -3.17576 -4.59887
    endloop
  endfacet
  facet normal -0.667363 -0.565254 -0.484887
    outer loop
      vertex -3.69101 -3.17576 -4.59887
      vertex -4.02033 -3.1629 -4.16061
      vertex -4.01407 -3.02501 -4.32997
    endloop
  endfacet
  facet normal -0.667363 -0.565256 -0.484884
    outer loop
      vertex -4.29032 -2.64967 -4.38731
      vertex -4.32504 -2.27667 -4.77435
      vertex -4.0867 -2.47103 -4.87581
    endloop
  endfacet
  facet normal -0.667366 -0.565253 -0.484883
    outer loop
      vertex -3.90583 -2.67935 -4.8819
      vertex -4.1069 -2.82462 -4.43581
      vertex -4.0867 -2.47103 -4.87581
    endloop
  endfacet
  facet normal -0.667357 -0.565264 -0.484883
    outer loop
      vertex -3.77605 -2.91111 -4.79034
      vertex -4.1069 -2.82462 -4.43581
      vertex -3.90583 -2.67935 -4.8819
    endloop
  endfacet
  facet normal -0.667363 -0.565252 -0.484888
    outer loop
      vertex -3.69101 -3.17576 -4.59887
      vertex -4.01407 -3.02501 -4.32997
      vertex -3.77605 -2.91111 -4.79034
    endloop
  endfacet
  facet normal -0.667362 -0.565259 -0.484882
    outer loop
      vertex -4.5606 -2.45148 -4.24635
      vertex -4.89045 -2.42822 -3.81948
      vertex -4.74309 -2.1904 -4.29954
    endloop
  endfacet
  facet normal -0.667358 -0.565263 -0.484882
    outer loop
      vertex -4.89045 -2.42822 -3.81948
      vertex -5.02429 -2.31042 -3.7726
      vertex -4.74309 -2.1904 -4.29954
    endloop
  endfacet
  facet normal -0.667367 -0.565249 -0.484887
    outer loop
      vertex -5.02429 -2.31042 -3.7726
      vertex -5.28224 -1.78424 -4.03096
      vertex -4.98908 -1.96167 -4.22761
    endloop
  endfacet
  facet normal -0.66737 -0.565245 -0.484887
    outer loop
      vertex -5.18328 -2.21636 -3.66343
      vertex -5.33439 -2.162 -3.51882
      vertex -5.28224 -1.78424 -4.03096
    endloop
  endfacet
  facet normal -0.667365 -0.565247 -0.484892
    outer loop
      vertex -5.33439 -2.162 -3.51882
      vertex -5.74781 -1.7346 -3.44805
      vertex -5.56142 -1.69382 -3.75212
    endloop
  endfacet
  facet normal -0.667373 -0.565258 -0.484867
    outer loop
      vertex -5.43872 -2.16616 -3.37037
      vertex -5.74781 -1.7346 -3.44805
      vertex -5.33439 -2.162 -3.51882
    endloop
  endfacet
  facet normal -0.667369 -0.565256 -0.484876
    outer loop
      vertex -5.43872 -2.16616 -3.37037
      vertex -5.83301 -1.90316 -3.13428
      vertex -5.74781 -1.7346 -3.44805
    endloop
  endfacet
  facet normal -0.667373 -0.565244 -0.484884
    outer loop
      vertex -5.80862 -2.1961 -2.82636
      vertex -5.83301 -1.90316 -3.13428
      vertex -5.49162 -2.22636 -3.22739
    endloop
  endfacet
  facet normal -0.667369 -0.565241 -0.484893
    outer loop
      vertex -5.66993 -2.56038 -2.5926
      vertex -5.80862 -2.1961 -2.82636
      vertex -5.43108 -2.48316 -3.01135
    endloop
  endfacet
  facet normal -0.667362 -0.56526 -0.484881
    outer loop
      vertex -5.42437 -2.88845 -2.54812
      vertex -5.66993 -2.56038 -2.5926
      vertex -5.32329 -2.62508 -2.99427
    endloop
  endfacet
  facet normal -0.667373 -0.565235 -0.484894
    outer loop
      vertex -5.32329 -2.62508 -2.99427
      vertex -5.66993 -2.56038 -2.5926
      vertex -5.43108 -2.48316 -3.01135
    endloop
  endfacet
  facet normal -0.667342 -0.565279 -0.484887
    outer loop
      vertex -5.1755 -2.7541 -3.04726
      vertex -5.42437 -2.88845 -2.54812
      vertex -5.32329 -2.62508 -2.99427
    endloop
  endfacet
  facet normal -0.66737 -0.565242 -0.484891
    outer loop
      vertex -5.07108 -3.18278 -2.69126
      vertex -5.42437 -2.88845 -2.54812
      vertex -5.1755 -2.7541 -3.04726
    endloop
  endfacet
  facet normal -0.66736 -0.565251 -0.484894
    outer loop
      vertex -4.60919 -3.44579 -3.02038
      vertex -4.99818 -2.85849 -3.16964
      vertex -4.86735 -2.9011 -3.30003
    endloop
  endfacet
  facet normal -0.667369 -0.565253 -0.48488
    outer loop
      vertex -4.60919 -3.44579 -3.02038
      vertex -5.07108 -3.18278 -2.69126
      vertex -4.99818 -2.85849 -3.16964
    endloop
  endfacet
  facet normal -0.667352 -0.565252 -0.484904
    outer loop
      vertex -4.60919 -3.44579 -3.02038
      vertex -4.86735 -2.9011 -3.30003
      vertex -4.58781 -3.08347 -3.47216
    endloop
  endfacet
  facet normal -0.667351 -0.565287 -0.484865
    outer loop
      vertex -4.58781 -3.08347 -3.47216
      vertex -4.86735 -2.9011 -3.30003
      vertex -4.77698 -2.88417 -3.44415
    endloop
  endfacet
  facet normal -0.667385 -0.56526 -0.484849
    outer loop
      vertex -4.73196 -2.81514 -3.58656
      vertex -4.73718 -2.70145 -3.71192
      vertex -4.45746 -2.9779 -3.77465
    endloop
  endfacet
  facet normal -0.667383 -0.565245 -0.484868
    outer loop
      vertex -4.58781 -3.08347 -3.47216
      vertex -4.73196 -2.81514 -3.58656
      vertex -4.50664 -3.05472 -3.6174
    endloop
  endfacet
  facet normal -0.66737 -0.56525 -0.484882
    outer loop
      vertex -3.38218 -4.67813 -3.27256
      vertex -3.92685 -4.02702 -3.28193
      vertex -3.47957 -4.24136 -3.64768
    endloop
  endfacet
  facet normal -0.662722 0.747776 0.040391
    outer loop
      vertex -3.68396 -3.48049 -4.25334
      vertex -4.23317 -3.97217 -4.16191
      vertex -3.83268 -3.63295 -3.87093
    endloop
  endfacet
  facet normal -0.662724 0.747775 0.04037
    outer loop
      vertex -4.23317 -3.97217 -4.16191
      vertex -3.68396 -3.48049 -4.25334
      vertex -4.08445 -3.81972 -4.54432
    endloop
  endfacet
  facet normal -0.445298 0.824741 -0.348585
    outer loop
      vertex -4.23317 -3.97217 -4.16191
      vertex -4.14009 -3.62434 -3.45786
      vertex -3.83268 -3.63295 -3.87093
    endloop
  endfacet
  facet normal -0.445307 0.824738 -0.348582
    outer loop
      vertex -4.14009 -3.62434 -3.45786
      vertex -4.23317 -3.97217 -4.16191
      vertex -4.54059 -3.96357 -3.74884
    endloop
  endfacet
  facet normal -0.241382 0.780102 -0.577213
    outer loop
      vertex -4.14009 -3.62434 -3.45786
      vertex -4.57661 -3.94985 -3.71524
      vertex -4.60919 -3.44579 -3.02038
    endloop
  endfacet
  facet normal -0.241341 0.780082 -0.577257
    outer loop
      vertex -4.57661 -3.94985 -3.71524
      vertex -4.14009 -3.62434 -3.45786
      vertex -4.54059 -3.96357 -3.74884
    endloop
  endfacet
  facet normal -0.241375 0.780103 -0.577216
    outer loop
      vertex -4.60919 -3.44579 -3.02038
      vertex -4.81175 -3.86035 -3.49595
      vertex -5.00968 -3.78501 -3.31136
    endloop
  endfacet
  facet normal -0.24138 0.780103 -0.577214
    outer loop
      vertex -4.81175 -3.86035 -3.49595
      vertex -4.60919 -3.44579 -3.02038
      vertex -4.57661 -3.94985 -3.71524
    endloop
  endfacet
  facet normal -0.0935933 0.709571 -0.69839
    outer loop
      vertex -5.00968 -3.78501 -3.31136
      vertex -5.07108 -3.18278 -2.69126
      vertex -4.60919 -3.44579 -3.02038
    endloop
  endfacet
  facet normal -0.0935933 0.709571 -0.69839
    outer loop
      vertex -5.07108 -3.18278 -2.69126
      vertex -5.00968 -3.78501 -3.31136
      vertex -5.47157 -3.522 -2.98224
    endloop
  endfacet
  facet normal 0.128258 0.554111 -0.822503
    outer loop
      vertex -5.49871 -3.49939 -2.97124
      vertex -5.07108 -3.18278 -2.69126
      vertex -5.47157 -3.522 -2.98224
    endloop
  endfacet
  facet normal 0.128325 0.554049 -0.822534
    outer loop
      vertex -5.07108 -3.18278 -2.69126
      vertex -5.49871 -3.49939 -2.97124
      vertex -5.42437 -2.88845 -2.54812
    endloop
  endfacet
  facet normal 0.128312 0.554051 -0.822535
    outer loop
      vertex -5.49871 -3.49939 -2.97124
      vertex -5.82486 -3.22767 -2.83909
      vertex -5.42437 -2.88845 -2.54812
    endloop
  endfacet
  facet normal 0.446976 0.216737 -0.867893
    outer loop
      vertex -5.84372 -3.20247 -2.84251
      vertex -5.42437 -2.88845 -2.54812
      vertex -5.82486 -3.22767 -2.83909
    endloop
  endfacet
  facet normal 0.446907 0.216838 -0.867903
    outer loop
      vertex -5.42437 -2.88845 -2.54812
      vertex -5.84372 -3.20247 -2.84251
      vertex -5.66993 -2.56038 -2.5926
    endloop
  endfacet
  facet normal 0.446896 0.216843 -0.867907
    outer loop
      vertex -5.84372 -3.20247 -2.84251
      vertex -6.07042 -2.8996 -2.88357
      vertex -5.66993 -2.56038 -2.5926
    endloop
  endfacet
  facet normal 0.679382 -0.195407 -0.707288
    outer loop
      vertex -6.08107 -2.87162 -2.90153
      vertex -5.66993 -2.56038 -2.5926
      vertex -6.07042 -2.8996 -2.88357
    endloop
  endfacet
  facet normal 0.67934 -0.195277 -0.707364
    outer loop
      vertex -5.66993 -2.56038 -2.5926
      vertex -6.08107 -2.87162 -2.90153
      vertex -5.80862 -2.1961 -2.82636
    endloop
  endfacet
  facet normal 0.679347 -0.195281 -0.707356
    outer loop
      vertex -6.08107 -2.87162 -2.90153
      vertex -6.20911 -2.53533 -3.11734
      vertex -5.80862 -2.1961 -2.82636
    endloop
  endfacet
  facet normal 0.742523 -0.454938 -0.49162
    outer loop
      vertex -5.80862 -2.1961 -2.82636
      vertex -6.23351 -2.24239 -3.42526
      vertex -5.83301 -1.90316 -3.13428
    endloop
  endfacet
  facet normal 0.74253 -0.454919 -0.491627
    outer loop
      vertex -6.23351 -2.24239 -3.42526
      vertex -5.80862 -2.1961 -2.82636
      vertex -6.20911 -2.53533 -3.11734
    endloop
  endfacet
  facet normal 0.707467 -0.68457 -0.175654
    outer loop
      vertex -5.83301 -1.90316 -3.13428
      vertex -6.22697 -2.22945 -3.44936
      vertex -5.74781 -1.7346 -3.44805
    endloop
  endfacet
  facet normal 0.70745 -0.684601 -0.175602
    outer loop
      vertex -6.22697 -2.22945 -3.44936
      vertex -5.83301 -1.90316 -3.13428
      vertex -6.23351 -2.24239 -3.42526
    endloop
  endfacet
  facet normal 0.707467 -0.68457 -0.175654
    outer loop
      vertex -5.74781 -1.7346 -3.44805
      vertex -6.22697 -2.22945 -3.44936
      vertex -6.14831 -2.07383 -3.73904
    endloop
  endfacet
  facet normal 0.533857 -0.817058 0.217742
    outer loop
      vertex -6.134 -2.0707 -3.76238
      vertex -5.74781 -1.7346 -3.44805
      vertex -6.14831 -2.07383 -3.73904
    endloop
  endfacet
  facet normal 0.533892 -0.81705 0.21769
    outer loop
      vertex -5.74781 -1.7346 -3.44805
      vertex -6.134 -2.0707 -3.76238
      vertex -5.56142 -1.69382 -3.75212
    endloop
  endfacet
  facet normal 0.533892 -0.817049 0.217693
    outer loop
      vertex -5.56142 -1.69382 -3.75212
      vertex -6.134 -2.0707 -3.76238
      vertex -5.96193 -2.03306 -4.04311
    endloop
  endfacet
  facet normal 0.281151 -0.794117 0.538825
    outer loop
      vertex -5.9405 -2.04 -4.06452
      vertex -5.56142 -1.69382 -3.75212
      vertex -5.96193 -2.03306 -4.04311
    endloop
  endfacet
  facet normal 0.281062 -0.794093 0.538907
    outer loop
      vertex -5.56142 -1.69382 -3.75212
      vertex -5.9405 -2.04 -4.06452
      vertex -5.28224 -1.78424 -4.03096
    endloop
  endfacet
  facet normal 0.281065 -0.7941 0.538895
    outer loop
      vertex -5.79472 -2.08721 -4.21012
      vertex -5.28224 -1.78424 -4.03096
      vertex -5.9405 -2.04 -4.06452
    endloop
  endfacet
  facet normal 0.281081 -0.794112 0.538869
    outer loop
      vertex -5.28224 -1.78424 -4.03096
      vertex -5.79472 -2.08721 -4.21012
      vertex -5.68275 -2.12347 -4.32196
    endloop
  endfacet
  facet normal 0.0635929 -0.691959 0.719131
    outer loop
      vertex -5.28224 -1.78424 -4.03096
      vertex -5.66025 -2.13709 -4.33705
      vertex -4.98908 -1.96167 -4.22761
    endloop
  endfacet
  facet normal 0.0635001 -0.691908 0.719188
    outer loop
      vertex -5.66025 -2.13709 -4.33705
      vertex -5.28224 -1.78424 -4.03096
      vertex -5.68275 -2.12347 -4.32196
    endloop
  endfacet
  facet normal 0.0635833 -0.691936 0.719154
    outer loop
      vertex -4.98908 -1.96167 -4.22761
      vertex -5.66025 -2.13709 -4.33705
      vertex -5.38959 -2.30091 -4.5186
    endloop
  endfacet
  facet normal -0.204496 -0.486963 0.849146
    outer loop
      vertex -4.98908 -1.96167 -4.22761
      vertex -5.14359 -2.52963 -4.59053
      vertex -4.74309 -2.1904 -4.29954
    endloop
  endfacet
  facet normal -0.204474 -0.48697 0.849147
    outer loop
      vertex -5.14359 -2.52963 -4.59053
      vertex -4.98908 -1.96167 -4.22761
      vertex -5.38959 -2.30091 -4.5186
    endloop
  endfacet
  facet normal -0.485095 -0.164082 0.85893
    outer loop
      vertex -4.74309 -2.1904 -4.29954
      vertex -5.12958 -2.54968 -4.58645
      vertex -4.5606 -2.45148 -4.24635
    endloop
  endfacet
  facet normal -0.485049 -0.164142 0.858944
    outer loop
      vertex -5.12958 -2.54968 -4.58645
      vertex -4.74309 -2.1904 -4.29954
      vertex -5.14359 -2.52963 -4.59053
    endloop
  endfacet
  facet normal -0.485096 -0.164075 0.85893
    outer loop
      vertex -4.5606 -2.45148 -4.24635
      vertex -5.12958 -2.54968 -4.58645
      vertex -4.9611 -2.79071 -4.53734
    endloop
  endfacet
  facet normal -0.682066 0.202486 0.702698
    outer loop
      vertex -4.9611 -2.79071 -4.53734
      vertex -4.45799 -2.72589 -4.06768
      vertex -4.5606 -2.45148 -4.24635
    endloop
  endfacet
  facet normal -0.682067 0.202484 0.702699
    outer loop
      vertex -4.45799 -2.72589 -4.06768
      vertex -4.9611 -2.79071 -4.53734
      vertex -4.95322 -2.81178 -4.52362
    endloop
  endfacet
  facet normal -0.682066 0.202486 0.702698
    outer loop
      vertex -4.45799 -2.72589 -4.06768
      vertex -4.95322 -2.81178 -4.52362
      vertex -4.85849 -3.06512 -4.35867
    endloop
  endfacet
  facet normal -0.739699 0.427512 0.51969
    outer loop
      vertex -4.85849 -3.06512 -4.35867
      vertex -4.44101 -2.86446 -3.92952
      vertex -4.45799 -2.72589 -4.06768
    endloop
  endfacet
  facet normal -0.739696 0.427536 0.519676
    outer loop
      vertex -4.44101 -2.86446 -3.92952
      vertex -4.85849 -3.06512 -4.35867
      vertex -4.84151 -3.20369 -4.2205
    endloop
  endfacet
  facet normal -0.739841 0.57771 0.344799
    outer loop
      vertex -4.84277 -3.2124 -4.20861
      vertex -4.44101 -2.86446 -3.92952
      vertex -4.84151 -3.20369 -4.2205
    endloop
  endfacet
  facet normal -0.739829 0.577812 0.344655
    outer loop
      vertex -4.44101 -2.86446 -3.92952
      vertex -4.84277 -3.2124 -4.20861
      vertex -4.45746 -2.9779 -3.77465
    endloop
  endfacet
  facet normal -0.739836 0.577791 0.344673
    outer loop
      vertex -4.84277 -3.2124 -4.20861
      vertex -4.85795 -3.31713 -4.06563
      vertex -4.45746 -2.9779 -3.77465
    endloop
  endfacet
  facet normal -0.693861 0.708445 0.129085
    outer loop
      vertex -4.45746 -2.9779 -3.77465
      vertex -4.86173 -3.32303 -4.05355
      vertex -4.50664 -3.05472 -3.6174
    endloop
  endfacet
  facet normal -0.693819 0.708513 0.128939
    outer loop
      vertex -4.86173 -3.32303 -4.05355
      vertex -4.45746 -2.9779 -3.77465
      vertex -4.85795 -3.31713 -4.06563
    endloop
  endfacet
  facet normal -0.693868 0.708437 0.129095
    outer loop
      vertex -4.86173 -3.32303 -4.05355
      vertex -4.90713 -3.39395 -3.90838
      vertex -4.50664 -3.05472 -3.6174
    endloop
  endfacet
  facet normal -0.568795 0.807139 -0.158109
    outer loop
      vertex -4.50664 -3.05472 -3.6174
      vertex -4.91337 -3.39616 -3.89723
      vertex -4.58781 -3.08347 -3.47216
    endloop
  endfacet
  facet normal -0.568702 0.807171 -0.158283
    outer loop
      vertex -4.91337 -3.39616 -3.89723
      vertex -4.50664 -3.05472 -3.6174
      vertex -4.90713 -3.39395 -3.90838
    endloop
  endfacet
  facet normal -0.568782 0.807146 -0.158124
    outer loop
      vertex -4.91337 -3.39616 -3.89723
      vertex -4.98831 -3.4227 -3.76314
      vertex -4.58781 -3.08347 -3.47216
    endloop
  endfacet
  facet normal 0.230811 -0.775997 0.586988
    outer loop
      vertex -4.96683 -3.43119 -3.78281
      vertex -4.58781 -3.08347 -3.47216
      vertex -4.98831 -3.4227 -3.76314
    endloop
  endfacet
  facet normal 0.230646 -0.775941 0.587126
    outer loop
      vertex -4.58781 -3.08347 -3.47216
      vertex -4.96683 -3.43119 -3.78281
      vertex -4.30808 -3.19408 -3.72823
    endloop
  endfacet
  facet normal 0.230639 -0.775926 0.58715
    outer loop
      vertex -4.30808 -3.19408 -3.72823
      vertex -4.96683 -3.43119 -3.78281
      vertex -4.70857 -3.53331 -4.01921
    endloop
  endfacet
  facet normal 0.393402 -0.820389 0.414967
    outer loop
      vertex -4.51911 -3.55913 -4.24987
      vertex -4.30808 -3.19408 -3.72823
      vertex -4.70857 -3.53331 -4.01921
    endloop
  endfacet
  facet normal 0.393402 -0.820389 0.414967
    outer loop
      vertex -4.30808 -3.19408 -3.72823
      vertex -4.51911 -3.55913 -4.24987
      vertex -4.11862 -3.2199 -3.95889
    endloop
  endfacet
  facet normal 0.611894 -0.78731 0.0756812
    outer loop
      vertex -4.51911 -3.55913 -4.24987
      vertex -4.02033 -3.1629 -4.16061
      vertex -4.11862 -3.2199 -3.95889
    endloop
  endfacet
  facet normal 0.611895 -0.78731 0.0756777
    outer loop
      vertex -4.02033 -3.1629 -4.16061
      vertex -4.51911 -3.55913 -4.24987
      vertex -4.42082 -3.50213 -4.4516
    endloop
  endfacet
  facet normal 0.74419 -0.531196 -0.404984
    outer loop
      vertex -4.02033 -3.1629 -4.16061
      vertex -4.42034 -3.49154 -4.4646
      vertex -4.01407 -3.02501 -4.32997
    endloop
  endfacet
  facet normal 0.744199 -0.531066 -0.405137
    outer loop
      vertex -4.42034 -3.49154 -4.4646
      vertex -4.02033 -3.1629 -4.16061
      vertex -4.42082 -3.50213 -4.4516
    endloop
  endfacet
  facet normal 0.744182 -0.531179 -0.405021
    outer loop
      vertex -4.01407 -3.02501 -4.32997
      vertex -4.42034 -3.49154 -4.4646
      vertex -4.41457 -3.36424 -4.62095
    endloop
  endfacet
  facet normal 0.641056 -0.10466 -0.760325
    outer loop
      vertex -4.4217 -3.34885 -4.62908
      vertex -4.01407 -3.02501 -4.32997
      vertex -4.41457 -3.36424 -4.62095
    endloop
  endfacet
  facet normal 0.641043 -0.104628 -0.76034
    outer loop
      vertex -4.01407 -3.02501 -4.32997
      vertex -4.4217 -3.34885 -4.62908
      vertex -4.1069 -2.82462 -4.43581
    endloop
  endfacet
  facet normal 0.641041 -0.104626 -0.760342
    outer loop
      vertex -4.4217 -3.34885 -4.62908
      vertex -4.5074 -3.16385 -4.72679
      vertex -4.1069 -2.82462 -4.43581
    endloop
  endfacet
  facet normal 0.222559 0.469933 -0.854184
    outer loop
      vertex -4.52148 -3.15042 -4.72307
      vertex -4.1069 -2.82462 -4.43581
      vertex -4.5074 -3.16385 -4.72679
    endloop
  endfacet
  facet normal 0.222466 0.470027 -0.854156
    outer loop
      vertex -4.1069 -2.82462 -4.43581
      vertex -4.52148 -3.15042 -4.72307
      vertex -4.29032 -2.64967 -4.38731
    endloop
  endfacet
  facet normal 0.222455 0.470033 -0.854156
    outer loop
      vertex -4.52148 -3.15042 -4.72307
      vertex -4.69082 -2.9889 -4.67829
      vertex -4.29032 -2.64967 -4.38731
    endloop
  endfacet
  facet normal 0.741942 -0.448275 -0.49857
    outer loop
      vertex -4.29032 -2.64967 -4.38731
      vertex -4.69348 -2.96026 -4.70801
      vertex -4.32504 -2.27667 -4.77435
    endloop
  endfacet
  facet normal 0.741944 -0.44837 -0.498482
    outer loop
      vertex -4.69348 -2.96026 -4.70801
      vertex -4.29032 -2.64967 -4.38731
      vertex -4.69082 -2.9889 -4.67829
    endloop
  endfacet
  facet normal 0.741941 -0.448275 -0.498571
    outer loop
      vertex -4.69348 -2.96026 -4.70801
      vertex -4.72554 -2.6159 -5.06534
      vertex -4.32504 -2.27667 -4.77435
    endloop
  endfacet
  facet normal -0.113903 -0.565931 0.816547
    outer loop
      vertex -4.32504 -2.27667 -4.77435
      vertex -4.4872 -2.81026 -5.16679
      vertex -4.0867 -2.47103 -4.87581
    endloop
  endfacet
  facet normal -0.11393 -0.565924 0.816548
    outer loop
      vertex -4.4872 -2.81026 -5.16679
      vertex -4.32504 -2.27667 -4.77435
      vertex -4.72554 -2.6159 -5.06534
    endloop
  endfacet
  facet normal -0.353571 -0.332541 0.874302
    outer loop
      vertex -4.0867 -2.47103 -4.87581
      vertex -4.30633 -3.01858 -5.17289
      vertex -3.90583 -2.67935 -4.8819
    endloop
  endfacet
  facet normal -0.353541 -0.332557 0.874308
    outer loop
      vertex -4.30633 -3.01858 -5.17289
      vertex -4.0867 -2.47103 -4.87581
      vertex -4.4872 -2.81026 -5.16679
    endloop
  endfacet
  facet normal -0.584175 -0.00648901 0.811602
    outer loop
      vertex -3.90583 -2.67935 -4.8819
      vertex -4.29636 -3.03637 -5.16585
      vertex -3.77605 -2.91111 -4.79034
    endloop
  endfacet
  facet normal -0.584285 -0.00630637 0.811524
    outer loop
      vertex -4.29636 -3.03637 -5.16585
      vertex -3.90583 -2.67935 -4.8819
      vertex -4.30633 -3.01858 -5.17289
    endloop
  endfacet
  facet normal -0.584177 -0.00647574 0.811601
    outer loop
      vertex -3.77605 -2.91111 -4.79034
      vertex -4.29636 -3.03637 -5.16585
      vertex -4.17655 -3.25034 -5.08132
    endloop
  endfacet
  facet normal -0.700804 0.25637 0.665694
    outer loop
      vertex -4.17002 -3.27066 -5.06662
      vertex -3.77605 -2.91111 -4.79034
      vertex -4.17655 -3.25034 -5.08132
    endloop
  endfacet
  facet normal -0.700817 0.256405 0.665666
    outer loop
      vertex -3.77605 -2.91111 -4.79034
      vertex -4.17002 -3.27066 -5.06662
      vertex -3.69101 -3.17576 -4.59887
    endloop
  endfacet
  facet normal -0.700817 0.256409 0.665665
    outer loop
      vertex -3.69101 -3.17576 -4.59887
      vertex -4.17002 -3.27066 -5.06662
      vertex -4.09151 -3.51499 -4.88985
    endloop
  endfacet
  facet normal -0.744574 0.493045 0.450018
    outer loop
      vertex -4.09151 -3.51499 -4.88985
      vertex -3.68396 -3.48049 -4.25334
      vertex -3.69101 -3.17576 -4.59887
    endloop
  endfacet
  facet normal -0.744582 0.493027 0.450024
    outer loop
      vertex -3.68396 -3.48049 -4.25334
      vertex -4.09151 -3.51499 -4.88985
      vertex -4.08445 -3.81972 -4.54432
    endloop
  endfacet
  facet normal 0.450963 0.211407 -0.867144
    outer loop
      vertex -5.28336 -2.77767 -4.10901
      vertex -4.89045 -2.42822 -3.81948
      vertex -4.79151 -2.56134 -3.80048
    endloop
  endfacet
  facet normal 0.45093 0.211451 -0.867151
    outer loop
      vertex -4.89045 -2.42822 -3.81948
      vertex -5.28336 -2.77767 -4.10901
      vertex -5.29096 -2.76745 -4.11047
    endloop
  endfacet
  facet normal 0.450982 0.211365 -0.867145
    outer loop
      vertex -5.19201 -2.90058 -4.09146
      vertex -5.28336 -2.77767 -4.10901
      vertex -4.79151 -2.56134 -3.80048
    endloop
  endfacet
  facet normal 0.166074 0.521704 -0.836806
    outer loop
      vertex -5.41452 -2.6587 -4.06718
      vertex -5.02429 -2.31042 -3.7726
      vertex -4.89045 -2.42822 -3.81948
    endloop
  endfacet
  facet normal 0.165976 0.521787 -0.836774
    outer loop
      vertex -5.02429 -2.31042 -3.7726
      vertex -5.41452 -2.6587 -4.06718
      vertex -5.42479 -2.64966 -4.06358
    endloop
  endfacet
  facet normal 0.166042 0.521752 -0.836783
    outer loop
      vertex -5.29096 -2.76745 -4.11047
      vertex -5.41452 -2.6587 -4.06718
      vertex -4.89045 -2.42822 -3.81948
    endloop
  endfacet
  facet normal -0.0750562 0.698789 -0.711379
    outer loop
      vertex -5.42479 -2.64966 -4.06358
      vertex -5.18328 -2.21636 -3.66343
      vertex -5.02429 -2.31042 -3.7726
    endloop
  endfacet
  facet normal -0.074998 0.698775 -0.711399
    outer loop
      vertex -5.51128 -2.59849 -4.0042
      vertex -5.18328 -2.21636 -3.66343
      vertex -5.42479 -2.64966 -4.06358
    endloop
  endfacet
  facet normal -0.0749798 0.698768 -0.711408
    outer loop
      vertex -5.18328 -2.21636 -3.66343
      vertex -5.51128 -2.59849 -4.0042
      vertex -5.58379 -2.55559 -3.95442
    endloop
  endfacet
  facet normal -0.256293 0.785618 -0.563133
    outer loop
      vertex -5.72329 -2.50541 -3.82091
      vertex -5.33439 -2.162 -3.51882
      vertex -5.18328 -2.21636 -3.66343
    endloop
  endfacet
  facet normal -0.256029 0.785531 -0.563374
    outer loop
      vertex -5.33439 -2.162 -3.51882
      vertex -5.72329 -2.50541 -3.82091
      vertex -5.73489 -2.50123 -3.80981
    endloop
  endfacet
  facet normal -0.256314 0.785637 -0.563097
    outer loop
      vertex -5.58379 -2.55559 -3.95442
      vertex -5.72329 -2.50541 -3.82091
      vertex -5.18328 -2.21636 -3.66343
    endloop
  endfacet
  facet normal -0.473477 0.824582 -0.309651
    outer loop
      vertex -5.83121 -2.50508 -3.67275
      vertex -5.43872 -2.16616 -3.37037
      vertex -5.33439 -2.162 -3.51882
    endloop
  endfacet
  facet normal -0.473534 0.824579 -0.309574
    outer loop
      vertex -5.43872 -2.16616 -3.37037
      vertex -5.83121 -2.50508 -3.67275
      vertex -5.83922 -2.5054 -3.66135
    endloop
  endfacet
  facet normal -0.473501 0.82459 -0.309594
    outer loop
      vertex -5.73489 -2.50123 -3.80981
      vertex -5.83121 -2.50508 -3.67275
      vertex -5.33439 -2.162 -3.51882
    endloop
  endfacet
  facet normal -0.671177 0.738643 0.0626733
    outer loop
      vertex -5.43872 -2.16616 -3.37037
      vertex -5.89212 -2.56559 -3.51837
      vertex -5.49162 -2.22636 -3.22739
    endloop
  endfacet
  facet normal -0.671171 0.738652 0.062628
    outer loop
      vertex -5.89212 -2.56559 -3.51837
      vertex -5.43872 -2.16616 -3.37037
      vertex -5.83922 -2.5054 -3.66135
    endloop
  endfacet
  facet normal -0.744486 0.489707 0.453791
    outer loop
      vertex -5.8891 -2.67063 -3.40006
      vertex -5.48835 -2.34014 -3.09924
      vertex -5.49162 -2.22636 -3.22739
    endloop
  endfacet
  facet normal -0.744486 0.489663 0.453839
    outer loop
      vertex -5.48835 -2.34014 -3.09924
      vertex -5.8891 -2.67063 -3.40006
      vertex -5.88885 -2.67937 -3.39022
    endloop
  endfacet
  facet normal -0.744487 0.48971 0.453787
    outer loop
      vertex -5.49162 -2.22636 -3.22739
      vertex -5.89212 -2.56559 -3.51837
      vertex -5.8891 -2.67063 -3.40006
    endloop
  endfacet
  facet normal -0.671082 0.174133 0.720643
    outer loop
      vertex -5.83597 -2.8114 -3.30908
      vertex -5.43108 -2.48316 -3.01135
      vertex -5.48835 -2.34014 -3.09924
    endloop
  endfacet
  facet normal -0.671225 0.174513 0.720418
    outer loop
      vertex -5.43108 -2.48316 -3.01135
      vertex -5.83597 -2.8114 -3.30908
      vertex -5.83158 -2.82238 -3.30233
    endloop
  endfacet
  facet normal -0.671068 0.174115 0.720661
    outer loop
      vertex -5.48835 -2.34014 -3.09924
      vertex -5.88885 -2.67937 -3.39022
      vertex -5.83597 -2.8114 -3.30908
    endloop
  endfacet
  facet normal -0.438294 -0.228262 0.869365
    outer loop
      vertex -5.83158 -2.82238 -3.30233
      vertex -5.32329 -2.62508 -2.99427
      vertex -5.43108 -2.48316 -3.01135
    endloop
  endfacet
  facet normal -0.438284 -0.228286 0.869363
    outer loop
      vertex -5.32329 -2.62508 -2.99427
      vertex -5.83158 -2.82238 -3.30233
      vertex -5.72378 -2.9643 -3.28525
    endloop
  endfacet
  facet normal -0.160443 -0.526648 0.834805
    outer loop
      vertex -5.58735 -3.08342 -3.33417
      vertex -5.1755 -2.7541 -3.04726
      vertex -5.32329 -2.62508 -2.99427
    endloop
  endfacet
  facet normal -0.160461 -0.526631 0.834812
    outer loop
      vertex -5.1755 -2.7541 -3.04726
      vertex -5.58735 -3.08342 -3.33417
      vertex -5.576 -3.09333 -3.33824
    endloop
  endfacet
  facet normal -0.160475 -0.526632 0.834809
    outer loop
      vertex -5.32329 -2.62508 -2.99427
      vertex -5.72378 -2.9643 -3.28525
      vertex -5.58735 -3.08342 -3.33417
    endloop
  endfacet
  facet normal 0.0775256 -0.700269 0.709657
    outer loop
      vertex -5.1755 -2.7541 -3.04726
      vertex -5.39868 -3.19771 -3.46062
      vertex -4.99818 -2.85849 -3.16964
    endloop
  endfacet
  facet normal 0.077882 -0.700343 0.709545
    outer loop
      vertex -5.39868 -3.19771 -3.46062
      vertex -5.1755 -2.7541 -3.04726
      vertex -5.41229 -3.1897 -3.45122
    endloop
  endfacet
  facet normal 0.077535 -0.700263 0.709662
    outer loop
      vertex -5.1755 -2.7541 -3.04726
      vertex -5.576 -3.09333 -3.33824
      vertex -5.41229 -3.1897 -3.45122
    endloop
  endfacet
  facet normal 0.279824 -0.793694 0.540138
    outer loop
      vertex -5.27789 -3.23705 -3.581
      vertex -4.86735 -2.9011 -3.30003
      vertex -4.99818 -2.85849 -3.16964
    endloop
  endfacet
  facet normal 0.279915 -0.793726 0.540043
    outer loop
      vertex -4.86735 -2.9011 -3.30003
      vertex -5.27789 -3.23705 -3.581
      vertex -5.26785 -3.24032 -3.59101
    endloop
  endfacet
  facet normal 0.279814 -0.793693 0.540144
    outer loop
      vertex -4.99818 -2.85849 -3.16964
      vertex -5.39868 -3.19771 -3.46062
      vertex -5.27789 -3.23705 -3.581
    endloop
  endfacet
  facet normal 0.524561 -0.818949 0.232721
    outer loop
      vertex -5.26785 -3.24032 -3.59101
      vertex -4.77698 -2.88417 -3.44415
      vertex -4.86735 -2.9011 -3.30003
    endloop
  endfacet
  facet normal 0.524545 -0.818946 0.232768
    outer loop
      vertex -4.77698 -2.88417 -3.44415
      vertex -5.26785 -3.24032 -3.59101
      vertex -5.17748 -3.2234 -3.73513
    endloop
  endfacet
  facet normal 0.692669 -0.710285 -0.125321
    outer loop
      vertex -5.13592 -3.15967 -3.86661
      vertex -4.73196 -2.81514 -3.58656
      vertex -4.77698 -2.88417 -3.44415
    endloop
  endfacet
  facet normal 0.692604 -0.710386 -0.125104
    outer loop
      vertex -4.73196 -2.81514 -3.58656
      vertex -5.13592 -3.15967 -3.86661
      vertex -5.13246 -3.15437 -3.87755
    endloop
  endfacet
  facet normal 0.692748 -0.710165 -0.125562
    outer loop
      vertex -5.17066 -3.21293 -3.75672
      vertex -4.77698 -2.88417 -3.44415
      vertex -5.17748 -3.2234 -3.73513
    endloop
  endfacet
  facet normal 0.692651 -0.710307 -0.125291
    outer loop
      vertex -4.77698 -2.88417 -3.44415
      vertex -5.17066 -3.21293 -3.75672
      vertex -5.13592 -3.15967 -3.86661
    endloop
  endfacet
  facet normal 0.744096 -0.479161 -0.465539
    outer loop
      vertex -5.13728 -3.04941 -3.99328
      vertex -4.73718 -2.70145 -3.71192
      vertex -4.73196 -2.81514 -3.58656
    endloop
  endfacet
  facet normal 0.744104 -0.479284 -0.465399
    outer loop
      vertex -4.73718 -2.70145 -3.71192
      vertex -5.13728 -3.04941 -3.99328
      vertex -5.13768 -3.04068 -4.00291
    endloop
  endfacet
  facet normal 0.744098 -0.479148 -0.465548
    outer loop
      vertex -5.13246 -3.15437 -3.87755
      vertex -5.13728 -3.04941 -3.99328
      vertex -4.73196 -2.81514 -3.58656
    endloop
  endfacet
  facet normal 0.67649 -0.187999 -0.712051
    outer loop
      vertex -5.19201 -2.90058 -4.09146
      vertex -4.73718 -2.70145 -3.71192
      vertex -5.18784 -2.91133 -4.08466
    endloop
  endfacet
  facet normal 0.676467 -0.187805 -0.712125
    outer loop
      vertex -4.73718 -2.70145 -3.71192
      vertex -5.19201 -2.90058 -4.09146
      vertex -4.79151 -2.56134 -3.80048
    endloop
  endfacet
  facet normal 0.676457 -0.18776 -0.712146
    outer loop
      vertex -5.13768 -3.04068 -4.00291
      vertex -5.18784 -2.91133 -4.08466
      vertex -4.73718 -2.70145 -3.71192
    endloop
  endfacet
  facet normal 0.725813 -0.347838 -0.593468
    outer loop
      vertex -3.82946 -4.4638 -2.90682
      vertex -4.23742 -4.76947 -3.2266
      vertex -3.92685 -4.02702 -3.28193
    endloop
  endfacet
  facet normal 0.72581 -0.347816 -0.593485
    outer loop
      vertex -4.23742 -4.76947 -3.2266
      vertex -3.82946 -4.4638 -2.90682
      vertex -4.22994 -4.80302 -3.19779
    endloop
  endfacet
  facet normal 0.72581 -0.347837 -0.593473
    outer loop
      vertex -4.23742 -4.76947 -3.2266
      vertex -4.32734 -4.36625 -3.5729
      vertex -3.92685 -4.02702 -3.28193
    endloop
  endfacet
  facet normal 0.166864 -0.747995 0.642386
    outer loop
      vertex -3.88006 -4.58058 -3.93865
      vertex -3.92685 -4.02702 -3.28193
      vertex -4.32734 -4.36625 -3.5729
    endloop
  endfacet
  facet normal 0.166847 -0.747998 0.642387
    outer loop
      vertex -3.92685 -4.02702 -3.28193
      vertex -3.88006 -4.58058 -3.93865
      vertex -3.47957 -4.24136 -3.64768
    endloop
  endfacet
  facet normal -0.725809 0.347856 0.593462
    outer loop
      vertex -3.88006 -4.58058 -3.93865
      vertex -3.38218 -4.67813 -3.27256
      vertex -3.47957 -4.24136 -3.64768
    endloop
  endfacet
  facet normal -0.725815 0.34784 0.593464
    outer loop
      vertex -3.38218 -4.67813 -3.27256
      vertex -3.88006 -4.58058 -3.93865
      vertex -3.78266 -5.01735 -3.56353
    endloop
  endfacet
  facet normal -0.166841 0.748004 -0.642381
    outer loop
      vertex -3.38218 -4.67813 -3.27256
      vertex -3.81702 -5.00088 -3.53544
      vertex -3.82946 -4.4638 -2.90682
    endloop
  endfacet
  facet normal -0.16673 0.74794 -0.642485
    outer loop
      vertex -3.81702 -5.00088 -3.53544
      vertex -3.38218 -4.67813 -3.27256
      vertex -3.78266 -5.01735 -3.56353
    endloop
  endfacet
  facet normal -0.16686 0.748002 -0.642379
    outer loop
      vertex -3.81702 -5.00088 -3.53544
      vertex -4.22994 -4.80302 -3.19779
      vertex -3.82946 -4.4638 -2.90682
    endloop
  endfacet
  facet normal -0.235804 -0.646312 0.725725
    outer loop
      vertex -2.62 -1.4631 8.8321
      vertex -3.0718 -1.4631 8.6853
      vertex -0.327 -11.9502 0.237599
    endloop
  endfacet
  facet normal -0.667372 -0.56526 0.484866
    outer loop
      vertex -5.77797 -2.87203 3.31823
      vertex -7.5131 1.0125 5.4586
      vertex -9.2095 -1.4631 0.237599
    endloop
  endfacet
  facet normal -0.667376 -0.56526 0.484862
    outer loop
      vertex -7.5131 1.0125 5.4586
      vertex -5.77797 -2.87203 3.31823
      vertex -5.43735 -2.73186 3.95048
    endloop
  endfacet
  facet normal -0.667415 -0.565205 0.484871
    outer loop
      vertex -5.64025 -2.88675 3.49064
      vertex -5.43735 -2.73186 3.95048
      vertex -5.77797 -2.87203 3.31823
    endloop
  endfacet
  facet normal -0.667082 -0.565609 0.48486
    outer loop
      vertex -5.6288 -2.88797 3.50497
      vertex -5.43735 -2.73186 3.95048
      vertex -5.64025 -2.88675 3.49064
    endloop
  endfacet
  facet normal -0.667371 -0.565265 0.484863
    outer loop
      vertex -9.2095 -1.4631 0.237599
      vertex -5.78653 -2.87648 3.30126
      vertex -5.77797 -2.87203 3.31823
    endloop
  endfacet
  facet normal -0.66737 -0.565266 0.484862
    outer loop
      vertex -9.2095 -1.4631 0.237599
      vertex -5.88955 -2.92998 3.09709
      vertex -5.78653 -2.87648 3.30126
    endloop
  endfacet
  facet normal -0.667431 -0.56503 0.485054
    outer loop
      vertex -9.2095 -1.4631 0.237599
      vertex -5.89538 -2.94325 3.07361
      vertex -5.88955 -2.92998 3.09709
    endloop
  endfacet
  facet normal -0.667368 -0.565279 0.48485
    outer loop
      vertex -9.2095 -1.4631 0.237599
      vertex -5.96547 -3.10303 2.79085
      vertex -5.89538 -2.94325 3.07361
    endloop
  endfacet
  facet normal -0.667373 -0.565255 0.484871
    outer loop
      vertex -9.2095 -1.4631 0.237599
      vertex -5.92248 -3.34528 2.56761
      vertex -5.96547 -3.10303 2.79085
    endloop
  endfacet
  facet normal -0.667371 -0.56527 0.484857
    outer loop
      vertex -9.2095 -1.4631 0.237599
      vertex -5.76498 -3.64397 2.43617
      vertex -5.92248 -3.34528 2.56761
    endloop
  endfacet
  facet normal -0.667373 -0.565235 0.484895
    outer loop
      vertex -9.2095 -1.4631 0.237599
      vertex -5.49743 -3.98634 2.40531
      vertex -5.76498 -3.64397 2.43617
    endloop
  endfacet
  facet normal -0.667373 -0.565659 0.4844
    outer loop
      vertex -9.2095 -1.4631 0.237599
      vertex -5.47392 -4.00977 2.41034
      vertex -5.49743 -3.98634 2.40531
    endloop
  endfacet
  facet normal -0.667372 -0.565236 0.484895
    outer loop
      vertex -9.2095 -1.4631 0.237599
      vertex -5.19082 -4.29203 2.47095
      vertex -5.47392 -4.00977 2.41034
    endloop
  endfacet
  facet normal -0.667377 -0.56526 0.48486
    outer loop
      vertex -4.92155 -4.4746 2.62873
      vertex -0.327 -11.9502 0.237599
      vertex -4.69956 -4.53059 2.86901
    endloop
  endfacet
  facet normal -0.66737 -0.565259 0.48487
    outer loop
      vertex -5.17017 -4.30603 2.48305
      vertex -0.327 -11.9502 0.237599
      vertex -4.92155 -4.4746 2.62873
    endloop
  endfacet
  facet normal -0.667353 -0.565256 0.484897
    outer loop
      vertex -5.19082 -4.29203 2.47095
      vertex -0.327 -11.9502 0.237599
      vertex -5.17017 -4.30603 2.48305
    endloop
  endfacet
  facet normal -0.667373 -0.56526 0.484866
    outer loop
      vertex -0.327 -11.9502 0.237599
      vertex -5.19082 -4.29203 2.47095
      vertex -9.2095 -1.4631 0.237599
    endloop
  endfacet
  facet normal -0.667386 -0.565246 0.484864
    outer loop
      vertex -5.43735 -2.73186 3.95048
      vertex -5.6288 -2.88797 3.50497
      vertex -5.43625 -2.76307 3.91561
    endloop
  endfacet
  facet normal -0.667287 -0.56537 0.484855
    outer loop
      vertex -5.43625 -2.76307 3.91561
      vertex -5.6288 -2.88797 3.50497
      vertex -5.43174 -2.77636 3.90632
    endloop
  endfacet
  facet normal -0.667381 -0.565249 0.484867
    outer loop
      vertex -5.6288 -2.88797 3.50497
      vertex -5.37747 -2.93626 3.79461
      vertex -5.43174 -2.77636 3.90632
    endloop
  endfacet
  facet normal -0.667383 -0.565245 0.484869
    outer loop
      vertex -5.46851 -2.96673 3.63378
      vertex -5.37747 -2.93626 3.79461
      vertex -5.6288 -2.88797 3.50497
    endloop
  endfacet
  facet normal -0.667047 -0.565726 0.48477
    outer loop
      vertex -5.45518 -2.97327 3.64449
      vertex -5.37747 -2.93626 3.79461
      vertex -5.46851 -2.96673 3.63378
    endloop
  endfacet
  facet normal -0.667394 -0.565261 0.484835
    outer loop
      vertex -5.28453 -3.11184 3.71784
      vertex -5.37747 -2.93626 3.79461
      vertex -5.45518 -2.97327 3.64449
    endloop
  endfacet
  facet normal -0.667365 -0.565262 0.484874
    outer loop
      vertex -5.28453 -3.11184 3.71784
      vertex -5.26759 -3.12056 3.73099
      vertex -5.37747 -2.93626 3.79461
    endloop
  endfacet
  facet normal -0.667335 -0.565422 0.484728
    outer loop
      vertex -5.26759 -3.12056 3.73099
      vertex -5.28453 -3.11184 3.71784
      vertex -5.27033 -3.12337 3.72394
    endloop
  endfacet
  facet normal -0.636194 0.740293 -0.217311
    outer loop
      vertex -4.53485 -4.45647 3.18212
      vertex -4.50891 -4.40664 3.27593
      vertex -4.53008 -4.44731 3.19936
    endloop
  endfacet
  facet normal -0.66736 -0.565259 0.484884
    outer loop
      vertex -0.327 -11.9502 0.237599
      vertex -4.68692 -4.5249 2.89304
      vertex -4.69956 -4.53059 2.86901
    endloop
  endfacet
  facet normal -0.667416 -0.56526 0.484806
    outer loop
      vertex -4.53485 -4.45647 3.18212
      vertex -0.327 -11.9502 0.237599
      vertex -4.50891 -4.40664 3.27593
    endloop
  endfacet
  facet normal -0.667367 -0.56526 0.484874
    outer loop
      vertex -4.68692 -4.5249 2.89304
      vertex -0.327 -11.9502 0.237599
      vertex -4.53485 -4.45647 3.18212
    endloop
  endfacet
  facet normal -0.667275 -0.565446 0.484783
    outer loop
      vertex -5.41034 -3.30855 3.31535
      vertex -5.30847 -3.31605 3.44682
      vertex -5.40386 -3.30494 3.32848
    endloop
  endfacet
  facet normal -0.66737 -0.565262 0.484867
    outer loop
      vertex -5.06121 -3.50306 3.56913
      vertex -5.30847 -3.31605 3.44682
      vertex -5.41034 -3.30855 3.31535
    endloop
  endfacet
  facet normal -0.667371 -0.565262 0.484866
    outer loop
      vertex -5.05119 -3.51273 3.57165
      vertex -5.41034 -3.30855 3.31535
      vertex -5.48825 -3.352 3.15746
    endloop
  endfacet
  facet normal -0.667378 -0.56537 0.484731
    outer loop
      vertex -4.86829 -3.80092 3.48742
      vertex -5.48825 -3.352 3.15746
      vertex -5.49252 -3.35934 3.14302
    endloop
  endfacet
  facet normal -0.667369 -0.56526 0.48487
    outer loop
      vertex -5.30847 -3.31605 3.44682
      vertex -5.06121 -3.50306 3.56913
      vertex -5.19091 -3.38136 3.53249
    endloop
  endfacet
  facet normal -0.667391 -0.565114 0.485011
    outer loop
      vertex -5.30847 -3.31605 3.44682
      vertex -5.19091 -3.38136 3.53249
      vertex -5.30054 -3.31697 3.45666
    endloop
  endfacet
  facet normal -0.667374 -0.565262 0.484862
    outer loop
      vertex -4.86829 -3.80092 3.48742
      vertex -5.49252 -3.35934 3.14302
      vertex -5.54389 -3.44777 2.96922
    endloop
  endfacet
  facet normal -0.667029 -0.564485 0.486239
    outer loop
      vertex -5.19091 -3.38136 3.53249
      vertex -5.06121 -3.50306 3.56913
      vertex -5.18179 -3.38671 3.53879
    endloop
  endfacet
  facet normal -0.667371 -0.565261 0.484867
    outer loop
      vertex -5.48825 -3.352 3.15746
      vertex -4.86829 -3.80092 3.48742
      vertex -5.05119 -3.51273 3.57165
    endloop
  endfacet
  facet normal -0.667644 -0.565071 0.484713
    outer loop
      vertex -5.53562 -3.57101 2.83694
      vertex -5.54389 -3.44777 2.96922
      vertex -5.54037 -3.5608 2.8423
    endloop
  endfacet
  facet normal -0.667371 -0.565241 0.48489
    outer loop
      vertex -5.54389 -3.44777 2.96922
      vertex -5.53562 -3.57101 2.83694
      vertex -4.90858 -4.00054 3.19925
    endloop
  endfacet
  facet normal -0.66743 -0.565257 0.484791
    outer loop
      vertex -5.46921 -3.70596 2.77102
      vertex -5.53562 -3.57101 2.83694
      vertex -5.47839 -3.69398 2.77235
    endloop
  endfacet
  facet normal -0.667371 -0.565264 0.484863
    outer loop
      vertex -5.53562 -3.57101 2.83694
      vertex -5.46921 -3.70596 2.77102
      vertex -4.90858 -4.00054 3.19925
    endloop
  endfacet
  facet normal -0.667385 -0.565158 0.484968
    outer loop
      vertex -5.41034 -3.30855 3.31535
      vertex -5.05119 -3.51273 3.57165
      vertex -5.06121 -3.50306 3.56913
    endloop
  endfacet
  facet normal -0.66737 -0.565296 0.484828
    outer loop
      vertex -4.99445 -4.0541 3.01861
      vertex -5.46921 -3.70596 2.77102
      vertex -5.35866 -3.85022 2.75499
    endloop
  endfacet
  facet normal -0.667606 -0.565715 0.484013
    outer loop
      vertex -5.21319 -3.98854 2.79397
      vertex -5.35866 -3.85022 2.75499
      vertex -5.22221 -3.9832 2.78777
    endloop
  endfacet
  facet normal -0.667381 -0.565233 0.484887
    outer loop
      vertex -5.00158 -4.05856 3.0036
      vertex -5.35866 -3.85022 2.75499
      vertex -5.21319 -3.98854 2.79397
    endloop
  endfacet
  facet normal -0.667375 -0.565254 0.484869
    outer loop
      vertex -5.54389 -3.44777 2.96922
      vertex -4.90858 -4.00054 3.19925
      vertex -4.86829 -3.80092 3.48742
    endloop
  endfacet
  facet normal -0.667298 -0.565703 0.484451
    outer loop
      vertex -5.09675 -4.05316 2.8789
      vertex -5.21319 -3.98854 2.79397
      vertex -5.10466 -4.05271 2.86853
    endloop
  endfacet
  facet normal -0.667358 -0.565297 0.484843
    outer loop
      vertex -5.00158 -4.05856 3.0036
      vertex -5.21319 -3.98854 2.79397
      vertex -5.09675 -4.05316 2.8789
    endloop
  endfacet
  facet normal -0.667369 -0.565278 0.48485
    outer loop
      vertex -5.46921 -3.70596 2.77102
      vertex -4.99445 -4.0541 3.01861
      vertex -4.90858 -4.00054 3.19925
    endloop
  endfacet
  facet normal -0.667388 -0.565168 0.484952
    outer loop
      vertex -5.35866 -3.85022 2.75499
      vertex -5.00158 -4.05856 3.0036
      vertex -4.99445 -4.0541 3.01861
    endloop
  endfacet
  facet normal -0.66742 -0.565527 0.48449
    outer loop
      vertex -4.68935 -3.77635 3.76234
      vertex -4.67373 -3.78363 3.77536
      vertex -4.6866 -3.77353 3.76942
    endloop
  endfacet
  facet normal -0.66748 -0.565272 0.484705
    outer loop
      vertex -4.56403 -3.97089 3.70804
      vertex -4.67373 -3.78363 3.77536
      vertex -4.68935 -3.77635 3.76234
    endloop
  endfacet
  facet normal -0.667348 -0.565264 0.484896
    outer loop
      vertex -4.67373 -3.78363 3.77536
      vertex -4.56403 -3.97089 3.70804
      vertex -4.51906 -3.90501 3.84673
    endloop
  endfacet
  facet normal -0.667333 -0.565279 0.484898
    outer loop
      vertex -4.56403 -3.97089 3.70804
      vertex -4.50694 -3.91062 3.85687
      vertex -4.51906 -3.90501 3.84673
    endloop
  endfacet
  facet normal -0.667527 -0.565061 0.484885
    outer loop
      vertex -4.5536 -3.98709 3.70352
      vertex -4.50694 -3.91062 3.85687
      vertex -4.56403 -3.97089 3.70804
    endloop
  endfacet
  facet normal -0.66737 -0.56522 0.484916
    outer loop
      vertex -4.50694 -3.91062 3.85687
      vertex -4.5536 -3.98709 3.70352
      vertex -4.36134 -3.97809 3.97861
    endloop
  endfacet
  facet normal -0.667328 -0.565293 0.484889
    outer loop
      vertex -4.48584 -4.16273 3.59201
      vertex -4.36134 -3.97809 3.97861
      vertex -4.5536 -3.98709 3.70352
    endloop
  endfacet
  facet normal -0.667638 -0.564973 0.484836
    outer loop
      vertex -4.4802 -4.17735 3.58274
      vertex -4.36134 -3.97809 3.97861
      vertex -4.48584 -4.16273 3.59201
    endloop
  endfacet
  facet normal -0.667136 -0.565477 0.484939
    outer loop
      vertex -4.36134 -3.97809 3.97861
      vertex -4.4802 -4.17735 3.58274
      vertex -4.35101 -3.97906 3.99169
    endloop
  endfacet
  facet normal -0.667346 -0.565257 0.484907
    outer loop
      vertex -5.05452 -2.50359 4.74347
      vertex -7.5131 1.0125 5.4586
      vertex -5.24306 -2.45214 4.54397
    endloop
  endfacet
  facet normal -0.667365 -0.565261 0.484875
    outer loop
      vertex -7.5131 1.0125 5.4586
      vertex -5.25439 -2.45694 4.52278
      vertex -5.24306 -2.45214 4.54397
    endloop
  endfacet
  facet normal -0.667365 -0.565261 0.484876
    outer loop
      vertex -7.5131 1.0125 5.4586
      vertex -5.3904 -2.51461 4.26835
      vertex -5.25439 -2.45694 4.52278
    endloop
  endfacet
  facet normal -0.667149 -0.56524 0.485197
    outer loop
      vertex -7.5131 1.0125 5.4586
      vertex -5.39432 -2.52249 4.25378
      vertex -5.3904 -2.51461 4.26835
    endloop
  endfacet
  facet normal -0.667373 -0.565261 0.484865
    outer loop
      vertex -7.5131 1.0125 5.4586
      vertex -5.44139 -2.61713 4.07866
      vertex -5.39432 -2.52249 4.25378
    endloop
  endfacet
  facet normal -0.667045 -0.56525 0.485328
    outer loop
      vertex -7.5131 1.0125 5.4586
      vertex -5.441 -2.62834 4.06614
      vertex -5.44139 -2.61713 4.07866
    endloop
  endfacet
  facet normal -0.667372 -0.56526 0.484867
    outer loop
      vertex -5.441 -2.62834 4.06614
      vertex -7.5131 1.0125 5.4586
      vertex -5.43735 -2.73186 3.95048
    endloop
  endfacet
  facet normal -0.667612 -0.565347 0.484435
    outer loop
      vertex -5.03882 -2.50788 4.7601
      vertex -7.5131 1.0125 5.4586
      vertex -5.05452 -2.50359 4.74347
    endloop
  endfacet
  facet normal -0.667358 -0.565259 0.484887
    outer loop
      vertex -7.5131 1.0125 5.4586
      vertex -5.03882 -2.50788 4.7601
      vertex -3.0718 -1.4631 8.6853
    endloop
  endfacet
  facet normal -0.667347 -0.565274 0.484885
    outer loop
      vertex -4.78931 -2.67864 4.90443
      vertex -3.0718 -1.4631 8.6853
      vertex -5.03882 -2.50788 4.7601
    endloop
  endfacet
  facet normal -0.667356 -0.565263 0.484886
    outer loop
      vertex -4.52804 -2.93949 4.95993
      vertex -3.0718 -1.4631 8.6853
      vertex -4.78931 -2.67864 4.90443
    endloop
  endfacet
  facet normal -0.667309 -0.565316 0.484888
    outer loop
      vertex -4.50625 -2.96124 4.96456
      vertex -3.0718 -1.4631 8.6853
      vertex -4.52804 -2.93949 4.95993
    endloop
  endfacet
  facet normal -0.667363 -0.565255 0.484885
    outer loop
      vertex -4.27166 -3.25936 4.9399
      vertex -3.0718 -1.4631 8.6853
      vertex -4.50625 -2.96124 4.96456
    endloop
  endfacet
  facet normal -0.667317 -0.565303 0.484893
    outer loop
      vertex -4.25209 -3.28422 4.93785
      vertex -3.0718 -1.4631 8.6853
      vertex -4.27166 -3.25936 4.9399
    endloop
  endfacet
  facet normal -0.66737 -0.565248 0.484883
    outer loop
      vertex -4.11424 -3.53968 4.82978
      vertex -3.0718 -1.4631 8.6853
      vertex -4.25209 -3.28422 4.93785
    endloop
  endfacet
  facet normal -0.667433 -0.565187 0.484867
    outer loop
      vertex -4.10274 -3.56099 4.82077
      vertex -3.0718 -1.4631 8.6853
      vertex -4.11424 -3.53968 4.82978
    endloop
  endfacet
  facet normal -0.66734 -0.565277 0.484891
    outer loop
      vertex -4.06415 -3.76578 4.63514
      vertex -3.0718 -1.4631 8.6853
      vertex -4.10274 -3.56099 4.82077
    endloop
  endfacet
  facet normal -0.667339 -0.565278 0.484892
    outer loop
      vertex -4.06093 -3.78286 4.61966
      vertex -3.0718 -1.4631 8.6853
      vertex -4.06415 -3.76578 4.63514
    endloop
  endfacet
  facet normal -0.667404 -0.565202 0.48489
    outer loop
      vertex -4.35101 -3.97906 3.99169
      vertex -4.4802 -4.17735 3.58274
      vertex -4.22696 -3.99079 4.14876
    endloop
  endfacet
  facet normal -0.667325 -0.565298 0.484887
    outer loop
      vertex -4.47273 -4.33715 3.40672
      vertex -4.22696 -3.99079 4.14876
      vertex -4.4802 -4.17735 3.58274
    endloop
  endfacet
  facet normal -0.666878 -0.565766 0.484957
    outer loop
      vertex -4.22696 -3.99079 4.14876
      vertex -4.47273 -4.33715 3.40672
      vertex -4.21946 -3.98697 4.16353
    endloop
  endfacet
  facet normal -0.667281 -0.565343 0.484896
    outer loop
      vertex -4.21946 -3.98697 4.16353
      vertex -4.47273 -4.33715 3.40672
      vertex -4.12947 -3.94115 4.34079
    endloop
  endfacet
  facet normal -0.667588 -0.565006 0.484866
    outer loop
      vertex -4.50891 -4.40664 3.27593
      vertex -4.12947 -3.94115 4.34079
      vertex -4.47273 -4.33715 3.40672
    endloop
  endfacet
  facet normal -0.667358 -0.56526 0.484886
    outer loop
      vertex -4.06093 -3.78286 4.61966
      vertex -0.327 -11.9502 0.237599
      vertex -3.0718 -1.4631 8.6853
    endloop
  endfacet
  facet normal -0.66736 -0.565259 0.484884
    outer loop
      vertex -4.1242 -3.92897 4.36225
      vertex -0.327 -11.9502 0.237599
      vertex -4.06093 -3.78286 4.61966
    endloop
  endfacet
  facet normal -0.667488 -0.565241 0.484729
    outer loop
      vertex -4.12947 -3.94115 4.34079
      vertex -0.327 -11.9502 0.237599
      vertex -4.1242 -3.92897 4.36225
    endloop
  endfacet
  facet normal -0.667353 -0.56526 0.484893
    outer loop
      vertex -0.327 -11.9502 0.237599
      vertex -4.12947 -3.94115 4.34079
      vertex -4.50891 -4.40664 3.27593
    endloop
  endfacet
  facet normal -0.667351 -0.565278 0.484875
    outer loop
      vertex -4.65825 -3.08643 4.60942
      vertex -4.86985 -2.92986 4.50072
      vertex -5.01792 -2.96029 4.26145
    endloop
  endfacet
  facet normal -0.667367 -0.56521 0.484932
    outer loop
      vertex -4.54863 -3.22058 4.60391
      vertex -5.01792 -2.96029 4.26145
      vertex -5.02119 -2.97382 4.24118
    endloop
  endfacet
  facet normal -0.667349 -0.565254 0.484905
    outer loop
      vertex -4.86985 -2.92986 4.50072
      vertex -4.65825 -3.08643 4.60942
      vertex -4.85752 -2.92732 4.52065
    endloop
  endfacet
  facet normal -0.667361 -0.565247 0.484897
    outer loop
      vertex -5.01792 -2.96029 4.26145
      vertex -4.54863 -3.22058 4.60391
      vertex -4.65825 -3.08643 4.60942
    endloop
  endfacet
  facet normal -0.667413 -0.565215 0.484862
    outer loop
      vertex -5.04894 -3.15504 3.99173
      vertex -5.02119 -2.97382 4.24118
      vertex -5.06046 -3.13629 3.99773
    endloop
  endfacet
  facet normal -0.667354 -0.565262 0.48489
    outer loop
      vertex -4.52326 -3.5089 4.30271
      vertex -5.02119 -2.97382 4.24118
      vertex -5.04894 -3.15504 3.99173
    endloop
  endfacet
  facet normal -0.667299 -0.565202 0.485035
    outer loop
      vertex -4.65825 -3.08643 4.60942
      vertex -4.54863 -3.22058 4.60391
      vertex -4.64164 -3.09969 4.61682
    endloop
  endfacet
  facet normal -0.667354 -0.565279 0.484869
    outer loop
      vertex -5.02119 -2.97382 4.24118
      vertex -4.49166 -3.33383 4.55029
      vertex -4.54863 -3.22058 4.60391
    endloop
  endfacet
  facet normal -0.667565 -0.565259 0.484602
    outer loop
      vertex -4.54863 -3.22058 4.60391
      vertex -4.49166 -3.33383 4.55029
      vertex -4.54088 -3.23065 4.60284
    endloop
  endfacet
  facet normal -0.667354 -0.565238 0.484916
    outer loop
      vertex -5.02119 -2.97382 4.24118
      vertex -4.48291 -3.42941 4.45092
      vertex -4.49166 -3.33383 4.55029
    endloop
  endfacet
  facet normal -0.667356 -0.565267 0.484882
    outer loop
      vertex -4.52665 -3.51492 4.29103
      vertex -5.04894 -3.15504 3.99173
      vertex -4.91045 -3.38032 3.91971
    endloop
  endfacet
  facet normal -0.667463 -0.564944 0.485109
    outer loop
      vertex -4.52665 -3.51492 4.29103
      vertex -4.91045 -3.38032 3.91971
      vertex -4.90156 -3.38902 3.92181
    endloop
  endfacet
  facet normal -0.667506 -0.565147 0.484815
    outer loop
      vertex -4.49166 -3.33383 4.55029
      vertex -4.48291 -3.42941 4.45092
      vertex -4.48756 -3.34243 4.54591
    endloop
  endfacet
  facet normal -0.667368 -0.56528 0.484849
    outer loop
      vertex -5.02119 -2.97382 4.24118
      vertex -4.52326 -3.5089 4.30271
      vertex -4.48252 -3.43666 4.44301
    endloop
  endfacet
  facet normal -0.667362 -0.565232 0.484912
    outer loop
      vertex -4.60563 -3.56292 4.12638
      vertex -4.90156 -3.38902 3.92181
      vertex -4.79479 -3.49354 3.94692
    endloop
  endfacet
  facet normal -0.667327 -0.565133 0.485077
    outer loop
      vertex -5.02119 -2.97382 4.24118
      vertex -4.48252 -3.43666 4.44301
      vertex -4.48291 -3.42941 4.45092
    endloop
  endfacet
  facet normal -0.667355 -0.565175 0.48499
    outer loop
      vertex -5.04894 -3.15504 3.99173
      vertex -4.52665 -3.51492 4.29103
      vertex -4.52326 -3.5089 4.30271
    endloop
  endfacet
  facet normal -0.667323 -0.565355 0.484823
    outer loop
      vertex -4.60563 -3.56292 4.12638
      vertex -4.79479 -3.49354 3.94692
      vertex -4.6941 -3.55508 4.01375
    endloop
  endfacet
  facet normal -0.667361 -0.565239 0.484905
    outer loop
      vertex -4.90156 -3.38902 3.92181
      vertex -4.60563 -3.56292 4.12638
      vertex -4.52665 -3.51492 4.29103
    endloop
  endfacet
  facet normal -0.951057 1.08754e-06 -0.309016
    outer loop
      vertex -9.2095 -1.4631 -0.237599
      vertex -7.5903 1.4631 -5.221
      vertex -7.5131 1.0125 -5.4586
    endloop
  endfacet
  facet normal -0.951057 5.63885e-07 -0.309016
    outer loop
      vertex -7.5903 1.4631 -5.221
      vertex -9.2095 -1.4631 -0.237599
      vertex -9.2867 -1.0125 0
    endloop
  endfacet
  facet normal 0.667995 0.564306 -0.485119
    outer loop
      vertex 4.41976 4.03779 -3.82861
      vertex 4.33867 4.01297 -3.96914
      vertex 4.34115 4.01876 -3.95899
    endloop
  endfacet
  facet normal 0.66735 0.565282 -0.484871
    outer loop
      vertex 4.78074 3.79193 -3.61841
      vertex 4.41976 4.03779 -3.82861
      vertex 4.54667 3.99587 -3.70281
    endloop
  endfacet
  facet normal 0.66735 0.565226 -0.484937
    outer loop
      vertex 4.8578 3.64971 -3.67813
      vertex 4.41976 4.03779 -3.82861
      vertex 4.78074 3.79193 -3.61841
    endloop
  endfacet
  facet normal 0.667356 0.565289 -0.484854
    outer loop
      vertex 4.33867 4.01297 -3.96914
      vertex 4.8578 3.64971 -3.67813
      vertex 4.30883 3.94348 -4.09123
    endloop
  endfacet
  facet normal 0.667366 0.565333 -0.48479
    outer loop
      vertex 4.78074 3.79193 -3.61841
      vertex 4.54667 3.99587 -3.70281
      vertex 4.66431 3.91832 -3.6313
    endloop
  endfacet
  facet normal 0.667268 0.565216 -0.485061
    outer loop
      vertex 4.78074 3.79193 -3.61841
      vertex 4.66431 3.91832 -3.6313
      vertex 4.6741 3.91186 -3.62536
    endloop
  endfacet
  facet normal 0.667355 0.565239 -0.484915
    outer loop
      vertex 4.41976 4.03779 -3.82861
      vertex 4.8578 3.64971 -3.67813
      vertex 4.33867 4.01297 -3.96914
    endloop
  endfacet
  facet normal 0.667353 0.565295 -0.484851
    outer loop
      vertex 4.86421 3.63788 -3.6831
      vertex 4.30974 3.93374 -4.10133
      vertex 4.8578 3.64971 -3.67813
    endloop
  endfacet
  facet normal 0.66737 0.565207 -0.484932
    outer loop
      vertex 4.30883 3.94348 -4.09123
      vertex 4.8578 3.64971 -3.67813
      vertex 4.30974 3.93374 -4.10133
    endloop
  endfacet
  facet normal 0.66736 0.565254 -0.484889
    outer loop
      vertex 4.91769 3.46583 -3.81006
      vertex 4.30974 3.93374 -4.10133
      vertex 4.86421 3.63788 -3.6831
    endloop
  endfacet
  facet normal 0.667361 0.565258 -0.484885
    outer loop
      vertex 4.30974 3.93374 -4.10133
      vertex 4.91769 3.46583 -3.81006
      vertex 4.32075 3.81662 -4.22271
    endloop
  endfacet
  facet normal 0.667362 0.565251 -0.484891
    outer loop
      vertex 4.32075 3.81662 -4.22271
      vertex 4.91769 3.46583 -3.81006
      vertex 4.3306 3.79534 -4.23396
    endloop
  endfacet
  facet normal 0.667353 0.565309 -0.484835
    outer loop
      vertex 4.92214 3.45152 -3.82062
      vertex 4.3306 3.79534 -4.23396
      vertex 4.91769 3.46583 -3.81006
    endloop
  endfacet
  facet normal 0.667284 0.565273 -0.484973
    outer loop
      vertex 4.3306 3.79534 -4.23396
      vertex 4.468 3.52307 -4.36226
      vertex 4.44901 3.53955 -4.36918
    endloop
  endfacet
  facet normal 0.667359 0.565266 -0.484878
    outer loop
      vertex 4.3306 3.79534 -4.23396
      vertex 4.92214 3.45152 -3.82062
      vertex 4.468 3.52307 -4.36226
    endloop
  endfacet
  facet normal 0.667365 0.565253 -0.484885
    outer loop
      vertex 4.95517 3.3034 -3.94783
      vertex 4.468 3.52307 -4.36226
      vertex 4.92214 3.45152 -3.82062
    endloop
  endfacet
  facet normal 0.667367 0.565244 -0.484892
    outer loop
      vertex 4.468 3.52307 -4.36226
      vertex 4.95517 3.3034 -3.94783
      vertex 4.6963 3.32487 -4.27909
    endloop
  endfacet
  facet normal 0.66731 0.565355 -0.484841
    outer loop
      vertex 4.95517 3.3034 -3.94783
      vertex 4.70089 3.29303 -4.3099
      vertex 4.6963 3.32487 -4.27909
    endloop
  endfacet
  facet normal 0.667369 0.565253 -0.484879
    outer loop
      vertex 5.18031 3.19551 -3.76373
      vertex 4.70089 3.29303 -4.3099
      vertex 4.95517 3.3034 -3.94783
    endloop
  endfacet
  facet normal 0.667369 0.565254 -0.484879
    outer loop
      vertex 5.18031 3.19551 -3.76373
      vertex 4.75602 2.9102 -4.68031
      vertex 4.70089 3.29303 -4.3099
    endloop
  endfacet
  facet normal 0.667363 0.565261 -0.484878
    outer loop
      vertex 7.5131 -1.0125 -5.4586
      vertex 4.75602 2.9102 -4.68031
      vertex 5.18031 3.19551 -3.76373
    endloop
  endfacet
  facet normal 0.667358 0.565259 -0.484886
    outer loop
      vertex 4.75602 2.9102 -4.68031
      vertex 7.5131 -1.0125 -5.4586
      vertex 3.0718 1.4631 -8.6853
    endloop
  endfacet
  facet normal 0.667261 0.565266 -0.485012
    outer loop
      vertex 0.327 11.9502 -0.237599
      vertex 4.19717 4.5116 -3.58262
      vertex 4.17824 4.5173 -3.60202
    endloop
  endfacet
  facet normal 0.667365 0.56526 -0.484878
    outer loop
      vertex 0.327 11.9502 -0.237599
      vertex 4.42466 4.44309 -3.34938
      vertex 4.19717 4.5116 -3.58262
    endloop
  endfacet
  facet normal 0.667358 0.56526 -0.484886
    outer loop
      vertex 4.42466 4.44309 -3.34938
      vertex 0.327 11.9502 -0.237599
      vertex 4.52352 4.38027 -3.28655
    endloop
  endfacet
  facet normal 0.667363 0.565259 -0.48488
    outer loop
      vertex 4.03191 4.46591 -3.86333
      vertex 0.327 11.9502 -0.237599
      vertex 4.17824 4.5173 -3.60202
    endloop
  endfacet
  facet normal 0.667341 0.565262 -0.484907
    outer loop
      vertex 4.01973 4.46164 -3.88507
      vertex 0.327 11.9502 -0.237599
      vertex 4.03191 4.46591 -3.86333
    endloop
  endfacet
  facet normal 0.66735 0.565261 -0.484896
    outer loop
      vertex 3.95402 4.28054 -4.18662
      vertex 0.327 11.9502 -0.237599
      vertex 4.01973 4.46164 -3.88507
    endloop
  endfacet
  facet normal 0.667321 0.565293 -0.484899
    outer loop
      vertex 3.0718 1.4631 -8.6853
      vertex 3.95402 4.28054 -4.18662
      vertex 3.98358 4.00158 -4.47115
    endloop
  endfacet
  facet normal 0.66783 0.564834 -0.484732
    outer loop
      vertex 3.0718 1.4631 -8.6853
      vertex 3.98358 4.00158 -4.47115
      vertex 3.98603 3.97837 -4.49482
    endloop
  endfacet
  facet normal 0.667348 0.56527 -0.484889
    outer loop
      vertex 3.0718 1.4631 -8.6853
      vertex 3.98603 3.97837 -4.49482
      vertex 4.08479 3.67716 -4.71004
    endloop
  endfacet
  facet normal 0.667368 0.56525 -0.484883
    outer loop
      vertex 3.0718 1.4631 -8.6853
      vertex 4.08479 3.67716 -4.71004
      vertex 4.09301 3.6521 -4.72794
    endloop
  endfacet
  facet normal 0.667252 0.565376 -0.484897
    outer loop
      vertex 3.0718 1.4631 -8.6853
      vertex 4.4668 3.12831 -4.8241
      vertex 4.48392 3.1091 -4.82294
    endloop
  endfacet
  facet normal 0.667359 0.565259 -0.484885
    outer loop
      vertex 3.95402 4.28054 -4.18662
      vertex 3.0718 1.4631 -8.6853
      vertex 0.327 11.9502 -0.237599
    endloop
  endfacet
  facet normal 0.66735 0.565268 -0.484888
    outer loop
      vertex 4.24805 3.38184 -4.82962
      vertex 3.0718 1.4631 -8.6853
      vertex 4.09301 3.6521 -4.72794
    endloop
  endfacet
  facet normal 0.667579 0.565036 -0.484842
    outer loop
      vertex 4.26094 3.35936 -4.83807
      vertex 3.0718 1.4631 -8.6853
      vertex 4.24805 3.38184 -4.82962
    endloop
  endfacet
  facet normal 0.667347 0.565272 -0.484887
    outer loop
      vertex 4.4668 3.12831 -4.8241
      vertex 3.0718 1.4631 -8.6853
      vertex 4.26094 3.35936 -4.83807
    endloop
  endfacet
  facet normal 0.667361 0.565256 -0.484886
    outer loop
      vertex 3.0718 1.4631 -8.6853
      vertex 4.48392 3.1091 -4.82294
      vertex 4.75602 2.9102 -4.68031
    endloop
  endfacet
  facet normal -0.824911 0.565262 1.41613e-05
    outer loop
      vertex -5.76548 4.1262 1.05882
      vertex -6.47307 3.09357 1.62297
      vertex -5.76547 4.1262 1.64133
    endloop
  endfacet
  facet normal -0.824914 0.565258 3.43474e-06
    outer loop
      vertex -6.47307 3.09357 1.62297
      vertex -5.76548 4.1262 1.05882
      vertex -6.67216 2.80303 1.05882
    endloop
  endfacet
  facet normal -0.824913 0.565259 -5.5737e-05
    outer loop
      vertex -0.4042 11.9502 0
      vertex -5.76548 4.1262 0.0506897
      vertex -5.56829 4.41397 0.0506897
    endloop
  endfacet
  facet normal -0.824914 0.565258 0
    outer loop
      vertex -5.76548 4.1262 0.0506897
      vertex -6.89765 2.47396 0.589798
      vertex -5.76548 4.1262 0.589798
    endloop
  endfacet
  facet normal -0.824913 0.56526 0
    outer loop
      vertex -9.2867 -1.0125 0
      vertex -6.89765 2.47396 1.03377
      vertex -6.89765 2.47396 0.589798
    endloop
  endfacet
  facet normal -0.824913 0.565259 5.19744e-06
    outer loop
      vertex -6.89765 2.47396 1.03377
      vertex -9.2867 -1.0125 0
      vertex -7.5903 1.4631 5.221
    endloop
  endfacet
  facet normal -0.824913 0.56526 5.36262e-06
    outer loop
      vertex -5.76548 4.1262 0.0506897
      vertex -9.2867 -1.0125 0
      vertex -6.89765 2.47396 0.589798
    endloop
  endfacet
  facet normal -0.824913 0.56526 1.97655e-05
    outer loop
      vertex -9.2867 -1.0125 0
      vertex -5.76548 4.1262 0.0506897
      vertex -0.4042 11.9502 0
    endloop
  endfacet
  facet normal -0.824913 0.56526 5.18604e-06
    outer loop
      vertex -5.56828 4.41397 1.64133
      vertex -0.4042 11.9502 0
      vertex -5.56829 4.41397 0.0506897
    endloop
  endfacet
  facet normal -0.824922 0.565246 -2.85499e-06
    outer loop
      vertex -7.5903 1.4631 5.221
      vertex -6.47307 3.09357 1.62297
      vertex -6.68158 2.78927 1.62297
    endloop
  endfacet
  facet normal -0.824913 0.565259 4.50828e-06
    outer loop
      vertex -5.56828 4.41397 1.64133
      vertex -7.5903 1.4631 5.221
      vertex -0.4042 11.9502 0
    endloop
  endfacet
  facet normal -0.824913 0.565259 4.29217e-06
    outer loop
      vertex -5.76547 4.1262 1.64133
      vertex -7.5903 1.4631 5.221
      vertex -5.56828 4.41397 1.64133
    endloop
  endfacet
  facet normal -0.824911 0.565262 7.78734e-06
    outer loop
      vertex -6.47307 3.09357 1.62297
      vertex -7.5903 1.4631 5.221
      vertex -5.76547 4.1262 1.64133
    endloop
  endfacet
  facet normal -0.824909 0.565265 7.34058e-06
    outer loop
      vertex -7.5903 1.4631 5.221
      vertex -6.68158 2.78927 1.62297
      vertex -6.89765 2.47396 1.03377
    endloop
  endfacet
  facet normal -0.985639 -0.168867 -0
    outer loop
      vertex -9.2095 -1.4631 0.237599
      vertex -9.2867 -1.0125 0
      vertex -9.2095 -1.4631 -0.237599
    endloop
  endfacet
  facet normal 0.617324 -0.646315 0.448539
    outer loop
      vertex 0.1249 -11.9502 0.384399
      vertex 7.5903 -1.4631 5.221
      vertex 7.311 -1.4631 5.6054
    endloop
  endfacet
  facet normal 0.617323 -0.646315 0.44854
    outer loop
      vertex 7.5903 -1.4631 5.221
      vertex 0.1249 -11.9502 0.384399
      vertex 0.4042 -11.9502 0
    endloop
  endfacet
  facet normal -0.235757 -0.646314 0.725739
    outer loop
      vertex 0.1249 -11.9502 0.384399
      vertex -2.62 -1.4631 8.8321
      vertex -0.327 -11.9502 0.237599
    endloop
  endfacet
  facet normal -0.304586 -0.168786 0.937411
    outer loop
      vertex -2.8697 -1.0125 8.8321
      vertex -3.0718 -1.4631 8.6853
      vertex -2.62 -1.4631 8.8321
    endloop
  endfacet
  facet normal 0.235804 0.646312 -0.725725
    outer loop
      vertex 2.62 1.4631 -8.8321
      vertex 0.327 11.9502 -0.237599
      vertex 3.0718 1.4631 -8.6853
    endloop
  endfacet
  facet normal -0.254892 0.565257 0.784548
    outer loop
      vertex -0.1249 11.9502 0.384399
      vertex -1.73583 4.61274 5.14757
      vertex -1.67858 4.61274 5.16617
    endloop
  endfacet
  facet normal -0.25491 0.565257 0.784542
    outer loop
      vertex -7.311 1.4631 5.6054
      vertex -1.73583 4.61274 5.14757
      vertex -0.1249 11.9502 0.384399
    endloop
  endfacet
  facet normal -0.254909 0.565255 0.784543
    outer loop
      vertex -2.61332 3.10263 5.95048
      vertex -1.73583 4.61274 5.14757
      vertex -7.311 1.4631 5.6054
    endloop
  endfacet
  facet normal -0.254969 0.565273 0.784511
    outer loop
      vertex -2.59654 3.12101 5.94269
      vertex -1.73583 4.61274 5.14757
      vertex -2.61332 3.10263 5.95048
    endloop
  endfacet
  facet normal -0.25493 0.565261 0.784532
    outer loop
      vertex -2.21301 3.59353 5.72686
      vertex -1.73583 4.61274 5.14757
      vertex -2.39459 3.35665 5.83853
    endloop
  endfacet
  facet normal -0.254809 0.565242 0.784585
    outer loop
      vertex -1.91839 4.08188 5.47073
      vertex -1.73583 4.61274 5.14757
      vertex -2.05367 3.83437 5.60511
    endloop
  endfacet
  facet normal -0.255101 0.565272 0.784469
    outer loop
      vertex -1.73583 4.61274 5.14757
      vertex -1.91839 4.08188 5.47073
      vertex -1.81112 4.34001 5.31961
    endloop
  endfacet
  facet normal -0.25493 0.565261 0.784532
    outer loop
      vertex -2.05367 3.83437 5.60511
      vertex -1.73583 4.61274 5.14757
      vertex -2.21301 3.59353 5.72686
    endloop
  endfacet
  facet normal -0.254908 0.565255 0.784543
    outer loop
      vertex -2.39459 3.35665 5.83853
      vertex -1.73583 4.61274 5.14757
      vertex -2.59654 3.12101 5.94269
    endloop
  endfacet
  facet normal -0.254907 0.565246 0.78455
    outer loop
      vertex -2.61332 3.10263 5.95048
      vertex -7.311 1.4631 5.6054
      vertex -2.81453 2.88224 6.04389
    endloop
  endfacet
  facet normal -0.254944 0.565404 0.784425
    outer loop
      vertex -2.81453 2.88224 6.04389
      vertex -7.311 1.4631 5.6054
      vertex -2.83221 2.86328 6.05181
    endloop
  endfacet
  facet normal -0.254905 0.565228 0.784564
    outer loop
      vertex -7.311 1.4631 5.6054
      vertex -3.05025 2.60735 6.16536
      vertex -3.04419 2.63597 6.14671
    endloop
  endfacet
  facet normal -0.25491 0.565257 0.784542
    outer loop
      vertex -3.05025 2.60735 6.16536
      vertex -7.311 1.4631 5.6054
      vertex -3.1229 2.2643 6.38892
    endloop
  endfacet
  facet normal -0.25491 0.565258 0.784541
    outer loop
      vertex -2.83221 2.86328 6.05181
      vertex -7.311 1.4631 5.6054
      vertex -3.04419 2.63597 6.14671
    endloop
  endfacet
  facet normal -0.254906 0.565257 0.784543
    outer loop
      vertex -2.98068 2.2643 6.43513
      vertex -2.8697 -1.0125 8.8321
      vertex -2.17585 2.26431 6.69662
    endloop
  endfacet
  facet normal -0.254912 0.565256 0.784541
    outer loop
      vertex -3.1229 2.2643 6.38892
      vertex -2.8697 -1.0125 8.8321
      vertex -2.98068 2.2643 6.43513
    endloop
  endfacet
  facet normal -0.25491 0.565257 0.784542
    outer loop
      vertex -2.8697 -1.0125 8.8321
      vertex -3.1229 2.2643 6.38892
      vertex -7.311 1.4631 5.6054
    endloop
  endfacet
  facet normal -0.254888 0.565252 0.784552
    outer loop
      vertex -2.04118 3.16245 6.09328
      vertex -2.09432 2.64934 6.4457
      vertex -1.96812 3.24532 6.05731
    endloop
  endfacet
  facet normal -0.254768 0.565262 0.784584
    outer loop
      vertex -2.06502 3.13541 6.10502
      vertex -2.09432 2.64934 6.4457
      vertex -2.04118 3.16245 6.09328
    endloop
  endfacet
  facet normal -0.254905 0.565247 0.784551
    outer loop
      vertex -2.50326 2.68675 6.28588
      vertex -2.09432 2.64934 6.4457
      vertex -2.06502 3.13541 6.10502
    endloop
  endfacet
  facet normal -0.254894 0.56528 0.78453
    outer loop
      vertex -2.09432 2.64934 6.4457
      vertex -2.50326 2.68675 6.28588
      vertex -2.53981 2.64934 6.30096
    endloop
  endfacet
  facet normal -0.667358 -0.56526 -0.484886
    outer loop
      vertex -4.72554 -2.6159 -5.06534
      vertex -7.5131 1.0125 -5.4586
      vertex -3.0718 -1.4631 -8.6853
    endloop
  endfacet
  facet normal -0.667365 -0.565261 -0.484876
    outer loop
      vertex -7.5131 1.0125 -5.4586
      vertex -5.68275 -2.12347 -4.32196
      vertex -5.79472 -2.08721 -4.21012
    endloop
  endfacet
  facet normal -0.667363 -0.565261 -0.484879
    outer loop
      vertex -7.5131 1.0125 -5.4586
      vertex -5.66025 -2.13709 -4.33705
      vertex -5.68275 -2.12347 -4.32196
    endloop
  endfacet
  facet normal -0.667357 -0.565259 -0.484888
    outer loop
      vertex -5.38959 -2.30091 -4.5186
      vertex -7.5131 1.0125 -5.4586
      vertex -4.72554 -2.6159 -5.06534
    endloop
  endfacet
  facet normal -0.667367 -0.565261 -0.484872
    outer loop
      vertex -7.5131 1.0125 -5.4586
      vertex -5.38959 -2.30091 -4.5186
      vertex -5.66025 -2.13709 -4.33705
    endloop
  endfacet
  facet normal -0.667351 -0.565285 -0.484866
    outer loop
      vertex -5.38959 -2.30091 -4.5186
      vertex -4.72554 -2.6159 -5.06534
      vertex -5.14359 -2.52963 -4.59053
    endloop
  endfacet
  facet normal -0.667445 -0.56507 -0.484987
    outer loop
      vertex -5.14359 -2.52963 -4.59053
      vertex -4.72554 -2.6159 -5.06534
      vertex -5.12958 -2.54968 -4.58645
    endloop
  endfacet
  facet normal -0.667353 -0.565266 -0.484886
    outer loop
      vertex -3.0718 -1.4631 -8.6853
      vertex -4.4872 -2.81026 -5.16679
      vertex -4.72554 -2.6159 -5.06534
    endloop
  endfacet
  facet normal -0.667377 -0.565239 -0.484885
    outer loop
      vertex -3.0718 -1.4631 -8.6853
      vertex -4.30633 -3.01858 -5.17289
      vertex -4.4872 -2.81026 -5.16679
    endloop
  endfacet
  facet normal -0.666961 -0.565686 -0.484936
    outer loop
      vertex -3.0718 -1.4631 -8.6853
      vertex -4.29636 -3.03637 -5.16585
      vertex -4.30633 -3.01858 -5.17289
    endloop
  endfacet
  facet normal -0.667374 -0.565244 -0.484883
    outer loop
      vertex -3.0718 -1.4631 -8.6853
      vertex -4.17655 -3.25034 -5.08132
      vertex -4.29636 -3.03637 -5.16585
    endloop
  endfacet
  facet normal -0.667375 -0.565243 -0.484883
    outer loop
      vertex -3.0718 -1.4631 -8.6853
      vertex -4.17002 -3.27066 -5.06662
      vertex -4.17655 -3.25034 -5.08132
    endloop
  endfacet
  facet normal -0.667366 -0.565252 -0.484884
    outer loop
      vertex -3.0718 -1.4631 -8.6853
      vertex -4.09151 -3.51499 -4.88985
      vertex -4.17002 -3.27066 -5.06662
    endloop
  endfacet
  facet normal -0.667356 -0.565261 -0.484887
    outer loop
      vertex -3.88006 -4.58058 -3.93865
      vertex -4.09151 -3.51499 -4.88985
      vertex -3.0718 -1.4631 -8.6853
    endloop
  endfacet
  facet normal -0.667364 -0.565256 -0.484882
    outer loop
      vertex -3.88006 -4.58058 -3.93865
      vertex -4.23317 -3.97217 -4.16191
      vertex -4.08445 -3.81972 -4.54432
    endloop
  endfacet
  facet normal -0.667362 -0.565256 -0.484884
    outer loop
      vertex -4.23317 -3.97217 -4.16191
      vertex -3.88006 -4.58058 -3.93865
      vertex -4.32734 -4.36625 -3.5729
    endloop
  endfacet
  facet normal -0.667378 -0.56525 -0.48487
    outer loop
      vertex -4.09151 -3.51499 -4.88985
      vertex -3.88006 -4.58058 -3.93865
      vertex -4.08445 -3.81972 -4.54432
    endloop
  endfacet
  facet normal -0.66735 -0.565267 -0.484889
    outer loop
      vertex -3.0718 -1.4631 -8.6853
      vertex -3.78266 -5.01735 -3.56353
      vertex -3.88006 -4.58058 -3.93865
    endloop
  endfacet
  facet normal -0.667359 -0.56526 -0.484886
    outer loop
      vertex -3.78266 -5.01735 -3.56353
      vertex -3.0718 -1.4631 -8.6853
      vertex -0.327 -11.9502 -0.237599
    endloop
  endfacet
  facet normal -0.667351 -0.565273 -0.48488
    outer loop
      vertex -4.69348 -2.96026 -4.70801
      vertex -5.12958 -2.54968 -4.58645
      vertex -4.72554 -2.6159 -5.06534
    endloop
  endfacet
  facet normal -0.667351 -0.565273 -0.48488
    outer loop
      vertex -5.12958 -2.54968 -4.58645
      vertex -4.69348 -2.96026 -4.70801
      vertex -4.9611 -2.79071 -4.53734
    endloop
  endfacet
  facet normal -0.66735 -0.5653 -0.484851
    outer loop
      vertex -4.9611 -2.79071 -4.53734
      vertex -4.69348 -2.96026 -4.70801
      vertex -4.95322 -2.81178 -4.52362
    endloop
  endfacet
  facet normal -0.667361 -0.56521 -0.48494
    outer loop
      vertex -4.69082 -2.9889 -4.67829
      vertex -4.95322 -2.81178 -4.52362
      vertex -4.69348 -2.96026 -4.70801
    endloop
  endfacet
  facet normal -0.667361 -0.565254 -0.484889
    outer loop
      vertex -4.69082 -2.9889 -4.67829
      vertex -4.85849 -3.06512 -4.35867
      vertex -4.95322 -2.81178 -4.52362
    endloop
  endfacet
  facet normal -0.667367 -0.565246 -0.48489
    outer loop
      vertex -4.52148 -3.15042 -4.72307
      vertex -4.85849 -3.06512 -4.35867
      vertex -4.69082 -2.9889 -4.67829
    endloop
  endfacet
  facet normal -0.667297 -0.565262 -0.484967
    outer loop
      vertex -4.4217 -3.34885 -4.62908
      vertex -4.52148 -3.15042 -4.72307
      vertex -4.5074 -3.16385 -4.72679
    endloop
  endfacet
  facet normal -0.667363 -0.565256 -0.484884
    outer loop
      vertex -4.52148 -3.15042 -4.72307
      vertex -4.4217 -3.34885 -4.62908
      vertex -4.85849 -3.06512 -4.35867
    endloop
  endfacet
  facet normal -0.667361 -0.565301 -0.484834
    outer loop
      vertex -4.41457 -3.36424 -4.62095
      vertex -4.85849 -3.06512 -4.35867
      vertex -4.4217 -3.34885 -4.62908
    endloop
  endfacet
  facet normal -0.667362 -0.565259 -0.484882
    outer loop
      vertex -4.85849 -3.06512 -4.35867
      vertex -4.41457 -3.36424 -4.62095
      vertex -4.84151 -3.20369 -4.2205
    endloop
  endfacet
  facet normal -0.667358 -0.565272 -0.484872
    outer loop
      vertex -4.42034 -3.49154 -4.4646
      vertex -4.84151 -3.20369 -4.2205
      vertex -4.41457 -3.36424 -4.62095
    endloop
  endfacet
  facet normal -0.667363 -0.565301 -0.484832
    outer loop
      vertex -4.84151 -3.20369 -4.2205
      vertex -4.42082 -3.50213 -4.4516
      vertex -4.84277 -3.2124 -4.20861
    endloop
  endfacet
  facet normal -0.667357 -0.565147 -0.485019
    outer loop
      vertex -4.42082 -3.50213 -4.4516
      vertex -4.84151 -3.20369 -4.2205
      vertex -4.42034 -3.49154 -4.4646
    endloop
  endfacet
  facet normal -0.667363 -0.56526 -0.48488
    outer loop
      vertex -4.51911 -3.55913 -4.24987
      vertex -4.84277 -3.2124 -4.20861
      vertex -4.42082 -3.50213 -4.4516
    endloop
  endfacet
  facet normal -0.667359 -0.565255 -0.484891
    outer loop
      vertex -4.84277 -3.2124 -4.20861
      vertex -4.51911 -3.55913 -4.24987
      vertex -4.85795 -3.31713 -4.06563
    endloop
  endfacet
  facet normal -0.667348 -0.565259 -0.484901
    outer loop
      vertex -4.85795 -3.31713 -4.06563
      vertex -4.70857 -3.53331 -4.01921
      vertex -4.86173 -3.32303 -4.05355
    endloop
  endfacet
  facet normal -0.667413 -0.565206 -0.484872
    outer loop
      vertex -4.91337 -3.39616 -3.89723
      vertex -4.96683 -3.43119 -3.78281
      vertex -4.98831 -3.4227 -3.76314
    endloop
  endfacet
  facet normal -0.667369 -0.565267 -0.484861
    outer loop
      vertex -4.86173 -3.32303 -4.05355
      vertex -4.70857 -3.53331 -4.01921
      vertex -4.90713 -3.39395 -3.90838
    endloop
  endfacet
  facet normal -0.667359 -0.565262 -0.484882
    outer loop
      vertex -4.70857 -3.53331 -4.01921
      vertex -4.85795 -3.31713 -4.06563
      vertex -4.51911 -3.55913 -4.24987
    endloop
  endfacet
  facet normal -0.667349 -0.565287 -0.484867
    outer loop
      vertex -4.91337 -3.39616 -3.89723
      vertex -4.70857 -3.53331 -4.01921
      vertex -4.96683 -3.43119 -3.78281
    endloop
  endfacet
  facet normal -0.667356 -0.564799 -0.485426
    outer loop
      vertex -4.90713 -3.39395 -3.90838
      vertex -4.70857 -3.53331 -4.01921
      vertex -4.91337 -3.39616 -3.89723
    endloop
  endfacet
  facet normal -0.66747 -0.565265 -0.484727
    outer loop
      vertex -4.32734 -4.36625 -3.5729
      vertex -4.57661 -3.94985 -3.71524
      vertex -4.54059 -3.96357 -3.74884
    endloop
  endfacet
  facet normal -0.667345 -0.565271 -0.484891
    outer loop
      vertex -4.32734 -4.36625 -3.5729
      vertex -4.54059 -3.96357 -3.74884
      vertex -4.23317 -3.97217 -4.16191
    endloop
  endfacet
  facet normal -0.667358 -0.565254 -0.484893
    outer loop
      vertex -4.57661 -3.94985 -3.71524
      vertex -4.32734 -4.36625 -3.5729
      vertex -4.81175 -3.86035 -3.49595
    endloop
  endfacet
  facet normal -0.667361 -0.565259 -0.484882
    outer loop
      vertex -4.23742 -4.76947 -3.2266
      vertex -4.81175 -3.86035 -3.49595
      vertex -4.32734 -4.36625 -3.5729
    endloop
  endfacet
  facet normal -0.667289 -0.565247 -0.484996
    outer loop
      vertex -4.22994 -4.80302 -3.19779
      vertex -4.81175 -3.86035 -3.49595
      vertex -4.23742 -4.76947 -3.2266
    endloop
  endfacet
  facet normal -0.667356 -0.56526 -0.484889
    outer loop
      vertex -0.327 -11.9502 -0.237599
      vertex -3.81702 -5.00088 -3.53544
      vertex -3.78266 -5.01735 -3.56353
    endloop
  endfacet
  facet normal -0.66738 -0.565259 -0.484856
    outer loop
      vertex -4.22994 -4.80302 -3.19779
      vertex -0.327 -11.9502 -0.237599
      vertex -4.81175 -3.86035 -3.49595
    endloop
  endfacet
  facet normal -0.667356 -0.56526 -0.484888
    outer loop
      vertex -3.81702 -5.00088 -3.53544
      vertex -0.327 -11.9502 -0.237599
      vertex -4.22994 -4.80302 -3.19779
    endloop
  endfacet
  facet normal -0.667374 -0.564946 -0.48523
    outer loop
      vertex -5.41452 -2.6587 -4.06718
      vertex -5.51128 -2.59849 -4.0042
      vertex -5.42479 -2.64966 -4.06358
    endloop
  endfacet
  facet normal -0.667474 -0.565558 -0.484379
    outer loop
      vertex -5.28336 -2.77767 -4.10901
      vertex -5.41452 -2.6587 -4.06718
      vertex -5.29096 -2.76745 -4.11047
    endloop
  endfacet
  facet normal -0.667354 -0.565233 -0.484923
    outer loop
      vertex -5.41452 -2.6587 -4.06718
      vertex -5.28336 -2.77767 -4.10901
      vertex -5.51128 -2.59849 -4.0042
    endloop
  endfacet
  facet normal -0.667643 -0.565371 -0.484363
    outer loop
      vertex -5.18784 -2.91133 -4.08466
      vertex -5.28336 -2.77767 -4.10901
      vertex -5.19201 -2.90058 -4.09146
    endloop
  endfacet
  facet normal -0.667358 -0.565262 -0.484883
    outer loop
      vertex -5.28336 -2.77767 -4.10901
      vertex -5.18784 -2.91133 -4.08466
      vertex -5.51128 -2.59849 -4.0042
    endloop
  endfacet
  facet normal -0.667353 -0.565251 -0.484903
    outer loop
      vertex -5.13768 -3.04068 -4.00291
      vertex -5.51128 -2.59849 -4.0042
      vertex -5.18784 -2.91133 -4.08466
    endloop
  endfacet
  facet normal -0.667417 -0.565306 -0.484751
    outer loop
      vertex -5.13728 -3.04941 -3.99328
      vertex -5.51128 -2.59849 -4.0042
      vertex -5.13768 -3.04068 -4.00291
    endloop
  endfacet
  facet normal -0.667286 -0.565318 -0.484917
    outer loop
      vertex -5.13592 -3.15967 -3.86661
      vertex -5.13728 -3.04941 -3.99328
      vertex -5.13246 -3.15437 -3.87755
    endloop
  endfacet
  facet normal -0.667365 -0.565265 -0.48487
    outer loop
      vertex -5.13728 -3.04941 -3.99328
      vertex -5.13592 -3.15967 -3.86661
      vertex -5.51128 -2.59849 -4.0042
    endloop
  endfacet
  facet normal -0.667331 -0.565256 -0.484927
    outer loop
      vertex -5.51128 -2.59849 -4.0042
      vertex -5.13592 -3.15967 -3.86661
      vertex -5.17066 -3.21293 -3.75672
    endloop
  endfacet
  facet normal 0.304586 0.168786 -0.937411
    outer loop
      vertex 2.8697 1.0125 -8.8321
      vertex 2.62 1.4631 -8.8321
      vertex 3.0718 1.4631 -8.6853
    endloop
  endfacet
  facet normal 0 -1 0
    outer loop
      vertex -0.327 -11.9502 0.237599
      vertex 0.4042 -11.9502 0
      vertex 0.1249 -11.9502 0.384399
    endloop
  endfacet
  facet normal 0 -1 0
    outer loop
      vertex -0.327 -11.9502 -0.237599
      vertex 0.4042 -11.9502 0
      vertex -0.327 -11.9502 0.237599
    endloop
  endfacet
  facet normal 0 -1 0
    outer loop
      vertex 0.4042 -11.9502 0
      vertex -0.327 -11.9502 -0.237599
      vertex 0.1249 -11.9502 -0.384399
    endloop
  endfacet
  facet normal -0.587758 4.30881e-05 -0.809036
    outer loop
      vertex -7.5131 1.0125 -5.4586
      vertex -2.8697 -1.0125 -8.8321
      vertex -3.0718 -1.4631 -8.6853
    endloop
  endfacet
  facet normal -0.587758 4.30881e-05 -0.809036
    outer loop
      vertex -2.8697 -1.0125 -8.8321
      vertex -7.5131 1.0125 -5.4586
      vertex -7.311 1.4631 -5.6054
    endloop
  endfacet
  facet normal 0.951057 -1.08754e-06 0.309016
    outer loop
      vertex 7.5903 -1.4631 5.221
      vertex 9.2095 1.4631 0.237599
      vertex 7.5131 -1.0125 5.4586
    endloop
  endfacet
  facet normal 0.951057 -5.63885e-07 0.309016
    outer loop
      vertex 9.2095 1.4631 0.237599
      vertex 7.5903 -1.4631 5.221
      vertex 9.2867 1.0125 0
    endloop
  endfacet
  facet normal -0.617324 0.646315 0.448539
    outer loop
      vertex -0.1249 11.9502 0.384399
      vertex -7.5903 1.4631 5.221
      vertex -7.311 1.4631 5.6054
    endloop
  endfacet
  facet normal -0.617323 0.646315 0.44854
    outer loop
      vertex -7.5903 1.4631 5.221
      vertex -0.1249 11.9502 0.384399
      vertex -0.4042 11.9502 0
    endloop
  endfacet
  facet normal -0.824913 0.565259 -7.29322e-06
    outer loop
      vertex -0.4042 11.9502 0
      vertex -5.55274 4.43665 -0.970491
      vertex -5.54941 4.44151 -0.943024
    endloop
  endfacet
  facet normal -0.824913 0.565259 -6.35033e-06
    outer loop
      vertex -0.4042 11.9502 0
      vertex -5.59281 4.37817 -1.30084
      vertex -5.55274 4.43665 -0.970491
    endloop
  endfacet
  facet normal -0.824923 0.565245 0.000117643
    outer loop
      vertex -0.4042 11.9502 0
      vertex -5.60281 4.36358 -1.32046
      vertex -5.59281 4.37817 -1.30084
    endloop
  endfacet
  facet normal -0.824912 0.565261 -1.50537e-05
    outer loop
      vertex -0.4042 11.9502 0
      vertex -5.72301 4.18816 -1.55643
      vertex -5.60281 4.36358 -1.32046
    endloop
  endfacet
  facet normal -0.824913 0.565259 -3.29605e-06
    outer loop
      vertex -7.5903 1.4631 -5.221
      vertex -5.72301 4.18816 -1.55643
      vertex -0.4042 11.9502 0
    endloop
  endfacet
  facet normal -0.824643 0.565653 -0.00043381
    outer loop
      vertex -5.72301 4.18816 -1.55643
      vertex -7.5903 1.4631 -5.221
      vertex -5.73948 4.16414 -1.5682
    endloop
  endfacet
  facet normal -0.824912 0.565261 -4.08644e-06
    outer loop
      vertex -9.2867 -1.0125 0
      vertex -6.87476 2.50735 -1.31775
      vertex -7.5903 1.4631 -5.221
    endloop
  endfacet
  facet normal -0.824926 0.565241 3.73576e-06
    outer loop
      vertex -6.74669 2.69426 -1.56728
      vertex -7.5903 1.4631 -5.221
      vertex -6.87476 2.50735 -1.31775
    endloop
  endfacet
  facet normal -0.824908 0.565267 -9.10662e-06
    outer loop
      vertex -6.53298 3.00613 -1.71248
      vertex -7.5903 1.4631 -5.221
      vertex -6.74669 2.69426 -1.56728
    endloop
  endfacet
  facet normal -0.824914 0.565259 -3.69188e-06
    outer loop
      vertex -6.23343 3.44328 -1.76088
      vertex -7.5903 1.4631 -5.221
      vertex -6.53298 3.00613 -1.71248
    endloop
  endfacet
  facet normal -0.824922 0.565247 6.11475e-06
    outer loop
      vertex -5.96016 3.84209 -1.71369
      vertex -7.5903 1.4631 -5.221
      vertex -6.23343 3.44328 -1.76088
    endloop
  endfacet
  facet normal -0.824864 0.565332 -7.85178e-05
    outer loop
      vertex -5.93742 3.87527 -1.70976
      vertex -7.5903 1.4631 -5.221
      vertex -5.96016 3.84209 -1.71369
    endloop
  endfacet
  facet normal -0.824919 0.565251 3.0845e-06
    outer loop
      vertex -5.73948 4.16414 -1.5682
      vertex -7.5903 1.4631 -5.221
      vertex -5.93742 3.87527 -1.70976
    endloop
  endfacet
  facet normal -0.824913 0.56526 -1.27448e-05
    outer loop
      vertex -5.72042 4.19196 -0.337158
      vertex -0.4042 11.9502 0
      vertex -5.54941 4.44151 -0.943024
    endloop
  endfacet
  facet normal -0.824913 0.56526 -1.71653e-05
    outer loop
      vertex -6.23344 3.44329 -0.135193
      vertex -0.4042 11.9502 0
      vertex -5.72042 4.19196 -0.337158
    endloop
  endfacet
  facet normal -0.824916 0.565256 -2.33871e-05
    outer loop
      vertex -6.87476 2.50735 -1.31775
      vertex -9.2867 -1.0125 0
      vertex -6.91746 2.44505 -0.95639
    endloop
  endfacet
  facet normal -0.824913 0.56526 2.88422e-05
    outer loop
      vertex -6.23344 3.44329 -0.135193
      vertex -9.2867 -1.0125 0
      vertex -0.4042 11.9502 0
    endloop
  endfacet
  facet normal -0.824914 0.565259 -4.06025e-06
    outer loop
      vertex -6.4502 3.12696 -0.157303
      vertex -9.2867 -1.0125 0
      vertex -6.23344 3.44329 -0.135193
    endloop
  endfacet
  facet normal -0.824914 0.565258 -5.01405e-05
    outer loop
      vertex -6.62308 2.87466 -0.223648
      vertex -9.2867 -1.0125 0
      vertex -6.4502 3.12696 -0.157303
    endloop
  endfacet
  facet normal -0.824914 0.565259 -2.76349e-05
    outer loop
      vertex -6.75423 2.68326 -0.334229
      vertex -9.2867 -1.0125 0
      vertex -6.62308 2.87466 -0.223648
    endloop
  endfacet
  facet normal -0.824913 0.56526 -9.87097e-07
    outer loop
      vertex -6.84575 2.5497 -0.489029
      vertex -9.2867 -1.0125 0
      vertex -6.75423 2.68326 -0.334229
    endloop
  endfacet
  facet normal -0.824912 0.565261 1.00311e-05
    outer loop
      vertex -6.89953 2.47122 -0.694336
      vertex -9.2867 -1.0125 0
      vertex -6.84575 2.5497 -0.489029
    endloop
  endfacet
  facet normal -0.824914 0.565259 -8.09707e-06
    outer loop
      vertex -6.91746 2.44505 -0.95639
      vertex -9.2867 -1.0125 0
      vertex -6.89953 2.47122 -0.694336
    endloop
  endfacet
  facet normal -0.824898 0.565281 -4.92599e-05
    outer loop
      vertex -5.87218 3.97047 -1.21836
      vertex -5.75792 4.13723 -0.946381
      vertex -5.76959 4.12019 -1.06467
    endloop
  endfacet
  facet normal -0.824871 0.565321 6.14023e-05
    outer loop
      vertex -5.75792 4.13723 -0.946381
      vertex -5.85659 3.99323 -0.683605
      vertex -5.769 4.12105 -0.82724
    endloop
  endfacet
  facet normal -0.824954 0.565201 -9.56775e-05
    outer loop
      vertex -5.769 4.12105 -0.82724
      vertex -5.85659 3.99323 -0.683605
      vertex -5.79971 4.07624 -0.746915
    endloop
  endfacet
  facet normal -0.824979 0.565164 0.000118811
    outer loop
      vertex -5.87218 3.97047 -1.21836
      vertex -5.76959 4.12019 -1.06467
      vertex -5.80463 4.06906 -1.1525
    endloop
  endfacet
  facet normal -0.82447 0.565904 0.00126061
    outer loop
      vertex -5.79971 4.07624 -0.746915
      vertex -5.85659 3.99323 -0.683605
      vertex -5.80226 4.07251 -0.740234
    endloop
  endfacet
  facet normal -0.82493 0.565235 -7.64635e-06
    outer loop
      vertex -5.75792 4.13723 -0.946381
      vertex -5.87218 3.97047 -1.21836
      vertex -5.85659 3.99323 -0.683605
    endloop
  endfacet
  facet normal -0.82474 0.565512 -0.000647321
    outer loop
      vertex -5.87218 3.97047 -1.21836
      vertex -5.80463 4.06906 -1.1525
      vertex -5.86536 3.98042 -1.21509
    endloop
  endfacet
  facet normal -0.824926 0.56524 -7.98515e-06
    outer loop
      vertex -5.94222 3.86826 -0.639972
      vertex -5.85659 3.99323 -0.683605
      vertex -5.87218 3.97047 -1.21836
    endloop
  endfacet
  facet normal -0.824794 0.565433 0.000805169
    outer loop
      vertex -5.85659 3.99323 -0.683605
      vertex -5.94222 3.86826 -0.639972
      vertex -5.86111 3.98663 -0.678894
    endloop
  endfacet
  facet normal -0.824897 0.565284 3.27446e-06
    outer loop
      vertex -5.95416 3.85084 -1.25764
      vertex -5.94222 3.86826 -0.639972
      vertex -5.87218 3.97047 -1.21836
    endloop
  endfacet
  facet normal -0.82498 0.565162 8.32739e-06
    outer loop
      vertex -5.96347 3.83725 -1.25952
      vertex -5.94222 3.86826 -0.639972
      vertex -5.95416 3.85084 -1.25764
    endloop
  endfacet
  facet normal -0.824633 0.565668 -2.89438e-05
    outer loop
      vertex -5.94222 3.86826 -0.639972
      vertex -5.96347 3.83725 -1.25952
      vertex -5.94897 3.85842 -0.636734
    endloop
  endfacet
  facet normal -0.824921 0.565248 -7.9588e-06
    outer loop
      vertex -5.96347 3.83725 -1.25952
      vertex -6.06188 3.69364 -0.614209
      vertex -5.94897 3.85842 -0.636734
    endloop
  endfacet
  facet normal -0.824897 0.565283 3.26395e-06
    outer loop
      vertex -6.07541 3.6739 -1.28206
      vertex -6.06188 3.69364 -0.614209
      vertex -5.96347 3.83725 -1.25952
    endloop
  endfacet
  facet normal -0.824761 0.565481 -5.35592e-06
    outer loop
      vertex -6.06188 3.69364 -0.614209
      vertex -6.07541 3.6739 -1.28206
      vertex -6.07128 3.67993 -0.612335
    endloop
  endfacet
  facet normal -0.82492 0.56525 -2.29629e-06
    outer loop
      vertex -6.07541 3.6739 -1.28206
      vertex -6.23343 3.44329 -0.604202
      vertex -6.07128 3.67993 -0.612335
    endloop
  endfacet
  facet normal -0.824928 0.565238 -8.23952e-06
    outer loop
      vertex -6.23343 3.44328 -1.29021
      vertex -6.23343 3.44329 -0.604202
      vertex -6.07541 3.6739 -1.28206
    endloop
  endfacet
  facet normal -0.824912 0.565261 -8.23986e-06
    outer loop
      vertex -6.23343 3.44328 -1.29021
      vertex -6.39677 3.20492 -0.611923
      vertex -6.23343 3.44329 -0.604202
    endloop
  endfacet
  facet normal -0.824907 0.565269 -4.11664e-06
    outer loop
      vertex -6.39689 3.20474 -1.28227
      vertex -6.39677 3.20492 -0.611923
      vertex -6.23343 3.44328 -1.29021
    endloop
  endfacet
  facet normal -0.824915 0.565257 -4.11198e-06
    outer loop
      vertex -6.39689 3.20474 -1.28227
      vertex -6.51883 3.02679 -0.635071
      vertex -6.39677 3.20492 -0.611923
    endloop
  endfacet
  facet normal -0.824907 0.565268 4.29535e-07
    outer loop
      vertex -6.51931 3.02609 -1.25847
      vertex -6.51883 3.02679 -0.635071
      vertex -6.39689 3.20474 -1.28227
    endloop
  endfacet
  facet normal -0.824891 0.565292 3.89554e-07
    outer loop
      vertex -6.51931 3.02609 -1.25847
      vertex -6.5994 2.90922 -0.673215
      vertex -6.51883 3.02679 -0.635071
    endloop
  endfacet
  facet normal -0.824927 0.565239 -1.52159e-05
    outer loop
      vertex -6.70902 2.74923 -0.943471
      vertex -6.5994 2.90922 -0.673215
      vertex -6.51931 3.02609 -1.25847
    endloop
  endfacet
  facet normal -0.82493 0.565235 -2.05417e-05
    outer loop
      vertex -6.70902 2.74923 -0.943471
      vertex -6.51931 3.02609 -1.25847
      vertex -6.60681 2.89839 -1.21718
    endloop
  endfacet
  facet normal -0.824873 0.565318 -8.35407e-05
    outer loop
      vertex -6.6961 2.7681 -0.821577
      vertex -6.5994 2.90922 -0.673215
      vertex -6.70902 2.74923 -0.943471
    endloop
  endfacet
  facet normal -0.825038 0.565078 0.000251696
    outer loop
      vertex -6.66054 2.81998 -0.733791
      vertex -6.5994 2.90922 -0.673215
      vertex -6.6961 2.7681 -0.821577
    endloop
  endfacet
  facet normal -0.824866 0.565328 6.93021e-05
    outer loop
      vertex -6.6988 2.76415 -1.07072
      vertex -6.60681 2.89839 -1.21718
      vertex -6.66554 2.81269 -1.15668
    endloop
  endfacet
  facet normal -0.824755 0.565489 -0.00063897
    outer loop
      vertex -6.5994 2.90922 -0.673215
      vertex -6.66054 2.81998 -0.733791
      vertex -6.60611 2.89943 -0.676392
    endloop
  endfacet
  facet normal -0.823891 0.566747 -0.00119909
    outer loop
      vertex -6.66054 2.81998 -0.733791
      vertex -6.6961 2.7681 -0.821577
      vertex -6.66508 2.81337 -0.738571
    endloop
  endfacet
  facet normal -0.824886 0.565299 3.08985e-05
    outer loop
      vertex -6.60681 2.89839 -1.21718
      vertex -6.6988 2.76415 -1.07072
      vertex -6.70902 2.74923 -0.943471
    endloop
  endfacet
  facet normal -0.825305 0.564688 5.96896e-05
    outer loop
      vertex -6.6961 2.7681 -0.821577
      vertex -6.70902 2.74923 -0.943471
      vertex -6.69868 2.76433 -0.828491
    endloop
  endfacet
  facet normal -0.825506 0.564393 -0.000125226
    outer loop
      vertex -6.70902 2.74923 -0.943471
      vertex -6.6988 2.76415 -1.07072
      vertex -6.70988 2.74797 -0.953049
    endloop
  endfacet
  facet normal 0.254908 -0.565256 -0.784543
    outer loop
      vertex 1.5811 -4.46516 -5.30417
      vertex 0.1249 -11.9502 -0.384399
      vertex 0.33864 -3.53939 -6.37487
    endloop
  endfacet
  facet normal 0.254908 -0.565256 -0.784542
    outer loop
      vertex 0.1249 -11.9502 -0.384399
      vertex 1.5811 -4.46516 -5.30417
      vertex 1.69883 -4.51708 -5.22851
    endloop
  endfacet
  facet normal 0.254978 -0.565294 -0.784493
    outer loop
      vertex 1.5811 -4.46516 -5.30417
      vertex 1.77201 -4.17151 -5.45372
      vertex 1.76067 -4.22503 -5.41884
    endloop
  endfacet
  facet normal 0.254898 -0.565266 -0.784539
    outer loop
      vertex 1.77201 -4.17151 -5.45372
      vertex 1.5811 -4.46516 -5.30417
      vertex 0.33864 -3.53939 -6.37487
    endloop
  endfacet
  facet normal 0.254899 -0.565256 -0.784546
    outer loop
      vertex 0.857154 -3.04487 -6.56269
      vertex 2.8697 1.0125 -8.8321
      vertex 2.04114 -2.9005 -6.28203
    endloop
  endfacet
  facet normal 0.254919 -0.56526 -0.784536
    outer loop
      vertex 0.693537 -3.06482 -6.60148
      vertex 2.8697 1.0125 -8.8321
      vertex 0.857154 -3.04487 -6.56269
    endloop
  endfacet
  facet normal 0.254905 -0.565256 -0.784544
    outer loop
      vertex -2.62 -1.4631 -8.8321
      vertex 0.693537 -3.06482 -6.60148
      vertex 0.365971 -3.50284 -6.39232
    endloop
  endfacet
  facet normal 0.254948 -0.565214 -0.784561
    outer loop
      vertex -2.62 -1.4631 -8.8321
      vertex 0.365971 -3.50284 -6.39232
      vertex 0.33864 -3.53939 -6.37487
    endloop
  endfacet
  facet normal 0.254905 -0.565257 -0.784544
    outer loop
      vertex 0.693537 -3.06482 -6.60148
      vertex -2.62 -1.4631 -8.8321
      vertex 2.8697 1.0125 -8.8321
    endloop
  endfacet
  facet normal 0.254903 -0.565257 -0.784544
    outer loop
      vertex -2.62 -1.4631 -8.8321
      vertex 0.33864 -3.53939 -6.37487
      vertex 0.1249 -11.9502 -0.384399
    endloop
  endfacet
  facet normal 0.254904 -0.565251 -0.784548
    outer loop
      vertex 1.87632 -3.67887 -5.77477
      vertex 1.40056 -3.29823 -6.20359
      vertex 1.97202 -3.22693 -6.06929
    endloop
  endfacet
  facet normal 0.254918 -0.565238 -0.784553
    outer loop
      vertex 1.36185 -3.45199 -6.10539
      vertex 1.40056 -3.29823 -6.20359
      vertex 1.87632 -3.67887 -5.77477
    endloop
  endfacet
  facet normal 0.254899 -0.565237 -0.784559
    outer loop
      vertex 1.27124 -3.41379 -6.16235
      vertex 1.40056 -3.29823 -6.20359
      vertex 1.36185 -3.45199 -6.10539
    endloop
  endfacet
  facet normal 0.254927 -0.565259 -0.784535
    outer loop
      vertex 1.27124 -3.41379 -6.16235
      vertex 1.18659 -3.31942 -6.25785
      vertex 1.40056 -3.29823 -6.20359
    endloop
  endfacet
  facet normal 0.254913 -0.565269 -0.784532
    outer loop
      vertex 1.17148 -3.37506 -6.22267
      vertex 1.18659 -3.31942 -6.25785
      vertex 1.27124 -3.41379 -6.16235
    endloop
  endfacet
  facet normal 0.255004 -0.565273 -0.784499
    outer loop
      vertex 1.16486 -3.37262 -6.22658
      vertex 1.18659 -3.31942 -6.25785
      vertex 1.17148 -3.37506 -6.22267
    endloop
  endfacet
  facet normal 0.254879 -0.565254 -0.784554
    outer loop
      vertex 1.08546 -3.34341 -6.27342
      vertex 1.18659 -3.31942 -6.25785
      vertex 1.16486 -3.37262 -6.22658
    endloop
  endfacet
  facet normal 0.254872 -0.565192 -0.784601
    outer loop
      vertex 1.08546 -3.34341 -6.27342
      vertex 1.04776 -3.3259 -6.29828
      vertex 1.18659 -3.31942 -6.25785
    endloop
  endfacet
  facet normal 0.255433 -0.564467 -0.784941
    outer loop
      vertex 1.04776 -3.3259 -6.29828
      vertex 1.08546 -3.34341 -6.27342
      vertex 1.03618 -3.32644 -6.30166
    endloop
  endfacet
  facet normal -0.951057 5.63885e-07 0.309016
    outer loop
      vertex -9.2095 -1.4631 0.237599
      vertex -7.5903 1.4631 5.221
      vertex -9.2867 -1.0125 0
    endloop
  endfacet
  facet normal -0.951057 1.08754e-06 0.309016
    outer loop
      vertex -7.5903 1.4631 5.221
      vertex -9.2095 -1.4631 0.237599
      vertex -7.5131 1.0125 5.4586
    endloop
  endfacet
  facet normal 0 0 1
    outer loop
      vertex 2.62 1.4631 8.8321
      vertex -2.62 -1.4631 8.8321
      vertex 2.8697 1.0125 8.8321
    endloop
  endfacet
  facet normal 0 -0 1
    outer loop
      vertex -2.62 -1.4631 8.8321
      vertex 2.62 1.4631 8.8321
      vertex -2.8697 -1.0125 8.8321
    endloop
  endfacet
  facet normal -0.667383 -0.565259 -0.484853
    outer loop
      vertex -6.134 -2.0707 -3.76238
      vertex -7.5131 1.0125 -5.4586
      vertex -5.96193 -2.03306 -4.04311
    endloop
  endfacet
  facet normal -0.667415 -0.565256 -0.484812
    outer loop
      vertex -7.5131 1.0125 -5.4586
      vertex -5.9405 -2.04 -4.06452
      vertex -5.96193 -2.03306 -4.04311
    endloop
  endfacet
  facet normal -0.667352 -0.565261 -0.484894
    outer loop
      vertex -5.9405 -2.04 -4.06452
      vertex -7.5131 1.0125 -5.4586
      vertex -5.79472 -2.08721 -4.21012
    endloop
  endfacet
  facet normal -0.667308 -0.565273 -0.484939
    outer loop
      vertex -6.14831 -2.07383 -3.73904
      vertex -7.5131 1.0125 -5.4586
      vertex -6.134 -2.0707 -3.76238
    endloop
  endfacet
  facet normal -0.667372 -0.56526 -0.484866
    outer loop
      vertex -7.5131 1.0125 -5.4586
      vertex -6.14831 -2.07383 -3.73904
      vertex -9.2095 -1.4631 -0.237599
    endloop
  endfacet
  facet normal -0.66738 -0.565242 -0.484877
    outer loop
      vertex -6.22697 -2.22945 -3.44936
      vertex -9.2095 -1.4631 -0.237599
      vertex -6.14831 -2.07383 -3.73904
    endloop
  endfacet
  facet normal -0.667274 -0.565507 -0.484715
    outer loop
      vertex -6.23351 -2.24239 -3.42526
      vertex -9.2095 -1.4631 -0.237599
      vertex -6.22697 -2.22945 -3.44936
    endloop
  endfacet
  facet normal -0.667375 -0.565253 -0.484871
    outer loop
      vertex -6.20911 -2.53533 -3.11734
      vertex -9.2095 -1.4631 -0.237599
      vertex -6.23351 -2.24239 -3.42526
    endloop
  endfacet
  facet normal -0.667374 -0.565256 -0.484869
    outer loop
      vertex -6.08107 -2.87162 -2.90153
      vertex -9.2095 -1.4631 -0.237599
      vertex -6.20911 -2.53533 -3.11734
    endloop
  endfacet
  facet normal -0.667374 -0.565254 -0.484871
    outer loop
      vertex -6.07042 -2.8996 -2.88357
      vertex -9.2095 -1.4631 -0.237599
      vertex -6.08107 -2.87162 -2.90153
    endloop
  endfacet
  facet normal -0.667372 -0.565264 -0.484862
    outer loop
      vertex -5.84372 -3.20247 -2.84251
      vertex -9.2095 -1.4631 -0.237599
      vertex -6.07042 -2.8996 -2.88357
    endloop
  endfacet
  facet normal -0.667371 -0.565271 -0.484856
    outer loop
      vertex -5.82486 -3.22767 -2.83909
      vertex -9.2095 -1.4631 -0.237599
      vertex -5.84372 -3.20247 -2.84251
    endloop
  endfacet
  facet normal -0.667376 -0.565241 -0.484883
    outer loop
      vertex -5.49871 -3.49939 -2.97124
      vertex -9.2095 -1.4631 -0.237599
      vertex -5.82486 -3.22767 -2.83909
    endloop
  endfacet
  facet normal -0.667388 -0.565165 -0.484956
    outer loop
      vertex -5.47157 -3.522 -2.98224
      vertex -9.2095 -1.4631 -0.237599
      vertex -5.49871 -3.49939 -2.97124
    endloop
  endfacet
  facet normal -0.667368 -0.56526 -0.484873
    outer loop
      vertex -0.327 -11.9502 -0.237599
      vertex -5.47157 -3.522 -2.98224
      vertex -5.00968 -3.78501 -3.31136
    endloop
  endfacet
  facet normal -0.667373 -0.56526 -0.484865
    outer loop
      vertex -5.47157 -3.522 -2.98224
      vertex -0.327 -11.9502 -0.237599
      vertex -9.2095 -1.4631 -0.237599
    endloop
  endfacet
  facet normal -0.667362 -0.565259 -0.484881
    outer loop
      vertex -0.327 -11.9502 -0.237599
      vertex -5.00968 -3.78501 -3.31136
      vertex -4.81175 -3.86035 -3.49595
    endloop
  endfacet
  facet normal -0.667663 -0.564743 -0.485069
    outer loop
      vertex -5.72329 -2.50541 -3.82091
      vertex -5.83121 -2.50508 -3.67275
      vertex -5.73489 -2.50123 -3.80981
    endloop
  endfacet
  facet normal -0.667376 -0.565263 -0.484858
    outer loop
      vertex -5.17066 -3.21293 -3.75672
      vertex -5.83121 -2.50508 -3.67275
      vertex -5.72329 -2.50541 -3.82091
    endloop
  endfacet
  facet normal -0.66732 -0.565429 -0.484742
    outer loop
      vertex -5.51128 -2.59849 -4.0042
      vertex -5.72329 -2.50541 -3.82091
      vertex -5.58379 -2.55559 -3.95442
    endloop
  endfacet
  facet normal -0.667365 -0.565256 -0.484881
    outer loop
      vertex -5.17066 -3.21293 -3.75672
      vertex -5.72329 -2.50541 -3.82091
      vertex -5.51128 -2.59849 -4.0042
    endloop
  endfacet
  facet normal -0.667373 -0.56526 -0.484866
    outer loop
      vertex -5.89212 -2.56559 -3.51837
      vertex -5.83121 -2.50508 -3.67275
      vertex -5.17066 -3.21293 -3.75672
    endloop
  endfacet
  facet normal -0.667486 -0.565132 -0.48486
    outer loop
      vertex -5.83121 -2.50508 -3.67275
      vertex -5.89212 -2.56559 -3.51837
      vertex -5.83922 -2.5054 -3.66135
    endloop
  endfacet
  facet normal -0.667379 -0.565277 -0.484838
    outer loop
      vertex -5.89212 -2.56559 -3.51837
      vertex -5.17066 -3.21293 -3.75672
      vertex -5.8891 -2.67063 -3.40006
    endloop
  endfacet
  facet normal -0.667377 -0.565253 -0.484869
    outer loop
      vertex -5.41229 -3.1897 -3.45122
      vertex -5.8891 -2.67063 -3.40006
      vertex -5.17066 -3.21293 -3.75672
    endloop
  endfacet
  facet normal -0.667378 -0.565254 -0.484866
    outer loop
      vertex -5.83597 -2.8114 -3.30908
      vertex -5.8891 -2.67063 -3.40006
      vertex -5.41229 -3.1897 -3.45122
    endloop
  endfacet
  facet normal -0.667053 -0.565349 -0.485202
    outer loop
      vertex -5.8891 -2.67063 -3.40006
      vertex -5.83597 -2.8114 -3.30908
      vertex -5.88885 -2.67937 -3.39022
    endloop
  endfacet
  facet normal -0.667372 -0.565238 -0.484892
    outer loop
      vertex -5.58735 -3.08342 -3.33417
      vertex -5.83597 -2.8114 -3.30908
      vertex -5.41229 -3.1897 -3.45122
    endloop
  endfacet
  facet normal -0.667391 -0.565261 -0.484839
    outer loop
      vertex -5.72378 -2.9643 -3.28525
      vertex -5.83597 -2.8114 -3.30908
      vertex -5.58735 -3.08342 -3.33417
    endloop
  endfacet
  facet normal -0.667084 -0.565126 -0.485419
    outer loop
      vertex -5.83597 -2.8114 -3.30908
      vertex -5.72378 -2.9643 -3.28525
      vertex -5.83158 -2.82238 -3.30233
    endloop
  endfacet
  facet normal -0.667377 -0.565186 -0.484947
    outer loop
      vertex -5.58735 -3.08342 -3.33417
      vertex -5.41229 -3.1897 -3.45122
      vertex -5.576 -3.09333 -3.33824
    endloop
  endfacet
  facet normal -0.667335 -0.565336 -0.484829
    outer loop
      vertex -5.27789 -3.23705 -3.581
      vertex -5.41229 -3.1897 -3.45122
      vertex -5.17066 -3.21293 -3.75672
    endloop
  endfacet
  facet normal -0.667494 -0.565094 -0.484893
    outer loop
      vertex -5.27789 -3.23705 -3.581
      vertex -5.17066 -3.21293 -3.75672
      vertex -5.17748 -3.2234 -3.73513
    endloop
  endfacet
  facet normal -0.667522 -0.564772 -0.485229
    outer loop
      vertex -5.41229 -3.1897 -3.45122
      vertex -5.27789 -3.23705 -3.581
      vertex -5.39868 -3.19771 -3.46062
    endloop
  endfacet
  facet normal -0.667494 -0.565094 -0.484893
    outer loop
      vertex -5.27789 -3.23705 -3.581
      vertex -5.17748 -3.2234 -3.73513
      vertex -5.26785 -3.24032 -3.59101
    endloop
  endfacet
  facet normal -0.76307 -0.646315 0
    outer loop
      vertex -0.327 -11.9502 -0.237599
      vertex -9.2095 -1.4631 0.237599
      vertex -9.2095 -1.4631 -0.237599
    endloop
  endfacet
  facet normal -0.76307 -0.646315 0
    outer loop
      vertex -9.2095 -1.4631 0.237599
      vertex -0.327 -11.9502 -0.237599
      vertex -0.327 -11.9502 0.237599
    endloop
  endfacet
  facet normal 0.617323 -0.646315 -0.44854
    outer loop
      vertex 0.1249 -11.9502 -0.384399
      vertex 7.5903 -1.4631 -5.221
      vertex 0.4042 -11.9502 0
    endloop
  endfacet
  facet normal 0.617324 -0.646315 -0.448539
    outer loop
      vertex 7.5903 -1.4631 -5.221
      vertex 0.1249 -11.9502 -0.384399
      vertex 7.311 -1.4631 -5.6054
    endloop
  endfacet
  facet normal 0.667305 0.565265 0.484953
    outer loop
      vertex 7.5131 -1.0125 5.4586
      vertex 5.70157 2.50126 3.85564
      vertex 5.68355 2.50673 3.87406
    endloop
  endfacet
  facet normal 0.667372 0.56526 0.484866
    outer loop
      vertex 6.07064 2.4859 3.36555
      vertex 7.5131 -1.0125 5.4586
      vertex 9.2095 1.4631 0.237599
    endloop
  endfacet
  facet normal 0.667381 0.565259 0.484855
    outer loop
      vertex 5.70157 2.50126 3.85564
      vertex 7.5131 -1.0125 5.4586
      vertex 5.91817 2.43547 3.6342
    endloop
  endfacet
  facet normal 0.667387 0.565259 0.484846
    outer loop
      vertex 5.55293 2.58148 3.96671
      vertex 7.5131 -1.0125 5.4586
      vertex 5.68355 2.50673 3.87406
    endloop
  endfacet
  facet normal 0.667189 0.565263 0.485116
    outer loop
      vertex 5.54207 2.58769 3.97441
      vertex 7.5131 -1.0125 5.4586
      vertex 5.55293 2.58148 3.96671
    endloop
  endfacet
  facet normal 0.667412 0.56526 0.484812
    outer loop
      vertex 7.5131 -1.0125 5.4586
      vertex 5.54207 2.58769 3.97441
      vertex 5.49865 2.62128 3.99502
    endloop
  endfacet
  facet normal 0.667373 0.565259 0.484865
    outer loop
      vertex 4.93954 3.62983 3.5888
      vertex 5.35388 3.94971 2.64558
      vertex 0.327 11.9502 0.237599
    endloop
  endfacet
  facet normal 0.667347 0.565316 0.484836
    outer loop
      vertex 5.42581 3.53326 3.03208
      vertex 4.93954 3.62983 3.5888
      vertex 4.96519 3.59606 3.59287
    endloop
  endfacet
  facet normal 0.667369 0.565264 0.484865
    outer loop
      vertex 4.93954 3.62983 3.5888
      vertex 5.42581 3.53326 3.03208
      vertex 5.35388 3.94971 2.64558
    endloop
  endfacet
  facet normal 0.667369 0.565269 0.48486
    outer loop
      vertex 5.1526 3.34941 3.62247
      vertex 5.42581 3.53326 3.03208
      vertex 4.96519 3.59606 3.59287
    endloop
  endfacet
  facet normal 0.667373 0.565264 0.484861
    outer loop
      vertex 5.77579 3.08255 3.07581
      vertex 5.42581 3.53326 3.03208
      vertex 5.1526 3.34941 3.62247
    endloop
  endfacet
  facet normal 0.667198 0.565163 0.485219
    outer loop
      vertex 5.42581 3.53326 3.03208
      vertex 5.77579 3.08255 3.07581
      vertex 5.43595 3.52608 3.0265
    endloop
  endfacet
  facet normal 0.667475 0.567085 0.482588
    outer loop
      vertex 5.43595 3.52608 3.0265
      vertex 5.56567 3.43197 2.95767
      vertex 5.55782 3.43978 2.95935
    endloop
  endfacet
  facet normal 0.667364 0.565233 0.484909
    outer loop
      vertex 5.43595 3.52608 3.0265
      vertex 5.73626 3.21478 2.97606
      vertex 5.56567 3.43197 2.95767
    endloop
  endfacet
  facet normal 0.667345 0.565366 0.484779
    outer loop
      vertex 5.77579 3.08255 3.07581
      vertex 5.1526 3.34941 3.62247
      vertex 5.16819 3.32889 3.62494
    endloop
  endfacet
  facet normal 0.667331 0.565214 0.484977
    outer loop
      vertex 5.56567 3.43197 2.95767
      vertex 5.73626 3.21478 2.97606
      vertex 5.65992 3.33805 2.93744
    endloop
  endfacet
  facet normal 0.667505 0.565237 0.48471
    outer loop
      vertex 5.65992 3.33805 2.93744
      vertex 5.73626 3.21478 2.97606
      vertex 5.73284 3.22465 2.96926
    endloop
  endfacet
  facet normal 0.667385 0.565229 0.484885
    outer loop
      vertex 5.77579 3.08255 3.07581
      vertex 5.16819 3.32889 3.62494
      vertex 5.3134 3.15759 3.62476
    endloop
  endfacet
  facet normal 0.667354 0.565388 0.484742
    outer loop
      vertex 5.74234 2.92089 3.31031
      vertex 5.3134 3.15759 3.62476
      vertex 5.32548 3.14334 3.62475
    endloop
  endfacet
  facet normal 0.667385 0.565264 0.484844
    outer loop
      vertex 5.43595 3.52608 3.0265
      vertex 5.77579 3.08255 3.07581
      vertex 5.73626 3.21478 2.97606
    endloop
  endfacet
  facet normal 0.66747 0.565231 0.484766
    outer loop
      vertex 5.73626 3.21478 2.97606
      vertex 5.77579 3.08255 3.07581
      vertex 5.77738 3.09617 3.05774
    endloop
  endfacet
  facet normal 0.667378 0.565244 0.484877
    outer loop
      vertex 5.74234 2.92089 3.31031
      vertex 5.32548 3.14334 3.62475
      vertex 5.44394 3.03096 3.59271
    endloop
  endfacet
  facet normal 0.667359 0.565929 0.484103
    outer loop
      vertex 5.56098 2.95171 3.52401
      vertex 5.44394 3.03096 3.59271
      vertex 5.45379 3.02162 3.59005
    endloop
  endfacet
  facet normal 0.667362 0.565294 0.484841
    outer loop
      vertex 5.44394 3.03096 3.59271
      vertex 5.56098 2.95171 3.52401
      vertex 5.74234 2.92089 3.31031
    endloop
  endfacet
  facet normal 0.66761 0.564755 0.485128
    outer loop
      vertex 5.74234 2.92089 3.31031
      vertex 5.56098 2.95171 3.52401
      vertex 5.5699 2.94589 3.51851
    endloop
  endfacet
  facet normal 0.667374 0.565253 0.484872
    outer loop
      vertex 5.3134 3.15759 3.62476
      vertex 5.74234 2.92089 3.31031
      vertex 5.77579 3.08255 3.07581
    endloop
  endfacet
  facet normal 0.667241 0.565362 0.484928
    outer loop
      vertex 5.77579 3.08255 3.07581
      vertex 5.74234 2.92089 3.31031
      vertex 5.75669 2.91881 3.29299
    endloop
  endfacet
  facet normal 0.667354 0.565256 0.484896
    outer loop
      vertex 5.62362 3.75482 2.50153
      vertex 0.327 11.9502 0.237599
      vertex 5.35388 3.94971 2.64558
    endloop
  endfacet
  facet normal 0.667375 0.565215 0.484914
    outer loop
      vertex 9.2095 1.4631 0.237599
      vertex 5.62362 3.75482 2.50153
      vertex 5.82498 3.53636 2.47904
    endloop
  endfacet
  facet normal 0.667362 0.565375 0.484747
    outer loop
      vertex 9.2095 1.4631 0.237599
      vertex 5.82498 3.53636 2.47904
      vertex 5.84174 3.51818 2.47717
    endloop
  endfacet
  facet normal 0.667085 0.565308 0.485206
    outer loop
      vertex 7.5131 -1.0125 5.4586
      vertex 5.92988 2.43935 3.61358
      vertex 5.91817 2.43547 3.6342
    endloop
  endfacet
  facet normal 0.667373 0.56526 0.484865
    outer loop
      vertex 5.62362 3.75482 2.50153
      vertex 9.2095 1.4631 0.237599
      vertex 0.327 11.9502 0.237599
    endloop
  endfacet
  facet normal 0.667371 0.565269 0.484858
    outer loop
      vertex 6.00377 3.24532 2.57226
      vertex 9.2095 1.4631 0.237599
      vertex 5.84174 3.51818 2.47717
    endloop
  endfacet
  facet normal 0.667373 0.565258 0.484868
    outer loop
      vertex 6.10519 2.94179 2.78652
      vertex 9.2095 1.4631 0.237599
      vertex 6.00377 3.24532 2.57226
    endloop
  endfacet
  facet normal 0.667373 0.565258 0.484868
    outer loop
      vertex 6.13498 2.65552 3.07925
      vertex 9.2095 1.4631 0.237599
      vertex 6.10519 2.94179 2.78652
    endloop
  endfacet
  facet normal 0.667373 0.565258 0.484868
    outer loop
      vertex 6.07064 2.4859 3.36555
      vertex 9.2095 1.4631 0.237599
      vertex 6.13498 2.65552 3.07925
    endloop
  endfacet
  facet normal 0.667395 0.565255 0.484841
    outer loop
      vertex 7.5131 -1.0125 5.4586
      vertex 6.07064 2.4859 3.36555
      vertex 5.92988 2.43935 3.61358
    endloop
  endfacet
  facet normal 0.254907 -0.565257 0.784543
    outer loop
      vertex 1.59099 -2.4283 6.7685
      vertex 2.05942 -2.81415 6.3383
      vertex 2.8697 1.0125 8.8321
    endloop
  endfacet
  facet normal 0.254884 -0.565276 0.784536
    outer loop
      vertex 2.05942 -2.81415 6.3383
      vertex 1.59099 -2.4283 6.7685
      vertex 1.86221 -2.90793 6.3348
    endloop
  endfacet
  facet normal 0.25518 -0.565122 0.784551
    outer loop
      vertex 1.86221 -2.90793 6.3348
      vertex 1.59099 -2.4283 6.7685
      vertex 1.84264 -2.92729 6.32722
    endloop
  endfacet
  facet normal 0.254903 -0.565256 0.784544
    outer loop
      vertex 1.84264 -2.92729 6.32722
      vertex 1.59099 -2.4283 6.7685
      vertex 1.60798 -3.15933 6.23628
    endloop
  endfacet
  facet normal 0.2549 -0.565257 0.784545
    outer loop
      vertex 0.973404 -3.25412 6.37416
      vertex 1.60798 -3.15933 6.23628
      vertex 1.59099 -2.4283 6.7685
    endloop
  endfacet
  facet normal 0.254833 -0.565247 0.784573
    outer loop
      vertex 2.8697 1.0125 8.8321
      vertex 1.56533 -2.41698 6.78499
      vertex 1.59099 -2.4283 6.7685
    endloop
  endfacet
  facet normal 0.254905 -0.565257 0.784543
    outer loop
      vertex 2.8697 1.0125 8.8321
      vertex 1.25792 -2.28142 6.98254
      vertex 1.56533 -2.41698 6.78499
    endloop
  endfacet
  facet normal 0.254905 -0.565257 0.784544
    outer loop
      vertex -2.62 -1.4631 8.8321
      vertex 1.25792 -2.28142 6.98254
      vertex 2.8697 1.0125 8.8321
    endloop
  endfacet
  facet normal 0.254904 -0.565257 0.784544
    outer loop
      vertex 0.300595 -3.56154 6.37127
      vertex -2.62 -1.4631 8.8321
      vertex 0.1249 -11.9502 0.384399
    endloop
  endfacet
  facet normal 0.254905 -0.565256 0.784544
    outer loop
      vertex 1.25792 -2.28142 6.98254
      vertex -2.62 -1.4631 8.8321
      vertex 0.300595 -3.56154 6.37127
    endloop
  endfacet
  facet normal 0.254899 -0.565478 0.784386
    outer loop
      vertex 1.60798 -3.15933 6.23628
      vertex 0.973404 -3.25412 6.37416
      vertex 1.59854 -3.17686 6.22671
    endloop
  endfacet
  facet normal 0.25495 -0.565283 0.78451
    outer loop
      vertex 1.48532 -3.3871 6.11203
      vertex 1.42154 -3.58604 5.98941
      vertex 1.46319 -3.60796 5.96008
    endloop
  endfacet
  facet normal 0.25491 -0.565231 0.78456
    outer loop
      vertex 1.59854 -3.17686 6.22671
      vertex 0.973404 -3.25412 6.37416
      vertex 1.48532 -3.3871 6.11203
    endloop
  endfacet
  facet normal 0.254885 -0.565277 0.784535
    outer loop
      vertex 1.48532 -3.3871 6.11203
      vertex 0.973404 -3.25412 6.37416
      vertex 1.42154 -3.58604 5.98941
    endloop
  endfacet
  facet normal 0.254876 -0.565286 0.784532
    outer loop
      vertex 1.42154 -3.58604 5.98941
      vertex 0.973404 -3.25412 6.37416
      vertex 0.921883 -3.32301 6.34126
    endloop
  endfacet
  facet normal 0.254851 -0.565259 0.784559
    outer loop
      vertex 1.88948 -3.42618 5.95255
      vertex 1.80565 -3.60273 5.85258
      vertex 1.8186 -3.77877 5.72154
    endloop
  endfacet
  facet normal 0.254875 -0.565259 0.784551
    outer loop
      vertex 1.8186 -3.77877 5.72154
      vertex 1.94043 -3.3761 5.97208
      vertex 1.88948 -3.42618 5.95255
    endloop
  endfacet
  facet normal 0.254949 -0.565256 0.78453
    outer loop
      vertex 0.1249 -11.9502 0.384399
      vertex 1.53273 -4.16103 5.53901
      vertex 1.50891 -4.19287 5.52381
    endloop
  endfacet
  facet normal 0.254837 -0.565257 0.784565
    outer loop
      vertex 1.8186 -3.77877 5.72154
      vertex 0.1249 -11.9502 0.384399
      vertex 1.94043 -3.3761 5.97208
    endloop
  endfacet
  facet normal 0.254916 -0.565256 0.78454
    outer loop
      vertex 1.53273 -4.16103 5.53901
      vertex 0.1249 -11.9502 0.384399
      vertex 1.8186 -3.77877 5.72154
    endloop
  endfacet
  facet normal 0.254901 -0.565257 0.784545
    outer loop
      vertex 0.393638 -3.61015 6.30601
      vertex 0.1249 -11.9502 0.384399
      vertex 1.50891 -4.19287 5.52381
    endloop
  endfacet
  facet normal 0.254955 -0.56525 0.784532
    outer loop
      vertex 0.1249 -11.9502 0.384399
      vertex 0.393638 -3.61015 6.30601
      vertex 0.300595 -3.56154 6.37127
    endloop
  endfacet
  facet normal 0.255454 -0.565199 0.784407
    outer loop
      vertex 2.76821 -3.50042 5.61355
      vertex 2.75968 -3.64689 5.51079
      vertex 2.76583 -3.63502 5.51734
    endloop
  endfacet
  facet normal 0.254749 -0.565328 0.784543
    outer loop
      vertex 2.69705 -3.37077 5.73008
      vertex 2.76821 -3.50042 5.61355
      vertex 2.76841 -3.4892 5.62157
    endloop
  endfacet
  facet normal 0.254875 -0.565264 0.784548
    outer loop
      vertex 2.76821 -3.50042 5.61355
      vertex 2.69705 -3.37077 5.73008
      vertex 2.75968 -3.64689 5.51079
    endloop
  endfacet
  facet normal 0.25431 -0.565844 0.784313
    outer loop
      vertex 2.53148 -3.2591 5.86433
      vertex 2.69705 -3.37077 5.73008
      vertex 2.6911 -3.3609 5.73913
    endloop
  endfacet
  facet normal 0.254936 -0.565245 0.784542
    outer loop
      vertex 2.69705 -3.37077 5.73008
      vertex 2.67784 -3.79792 5.42857
      vertex 2.75968 -3.64689 5.51079
    endloop
  endfacet
  facet normal 0.256276 -0.565596 0.783852
    outer loop
      vertex 2.75968 -3.64689 5.51079
      vertex 2.67784 -3.79792 5.42857
      vertex 2.68585 -3.78944 5.43207
    endloop
  endfacet
  facet normal 0.254904 -0.565249 0.784549
    outer loop
      vertex 2.69705 -3.37077 5.73008
      vertex 2.53148 -3.2591 5.86433
      vertex 2.67784 -3.79792 5.42857
    endloop
  endfacet
  facet normal 0.254881 -0.565257 0.784551
    outer loop
      vertex 2.67784 -3.79792 5.42857
      vertex 2.53148 -3.2591 5.86433
      vertex 2.58165 -3.89974 5.38646
    endloop
  endfacet
  facet normal 0.254962 -0.56524 0.784537
    outer loop
      vertex 2.36918 -3.2149 5.94892
      vertex 2.58165 -3.89974 5.38646
      vertex 2.53148 -3.2591 5.86433
    endloop
  endfacet
  facet normal 0.254948 -0.565245 0.784538
    outer loop
      vertex 2.58165 -3.89974 5.38646
      vertex 2.36918 -3.2149 5.94892
      vertex 2.46115 -3.97373 5.37231
    endloop
  endfacet
  facet normal 0.254908 -0.565129 0.784635
    outer loop
      vertex 2.19531 -3.2226 5.99986
      vertex 2.36918 -3.2149 5.94892
      vertex 2.35566 -3.21121 5.95597
    endloop
  endfacet
  facet normal 0.254888 -0.565259 0.784547
    outer loop
      vertex 2.36918 -3.2149 5.94892
      vertex 2.19531 -3.2226 5.99986
      vertex 2.46115 -3.97373 5.37231
    endloop
  endfacet
  facet normal 0.254867 -0.565267 0.784548
    outer loop
      vertex 2.46115 -3.97373 5.37231
      vertex 2.19531 -3.2226 5.99986
      vertex 2.3226 -4.00808 5.39257
    endloop
  endfacet
  facet normal 0.255061 -0.565623 0.784229
    outer loop
      vertex 2.02251 -3.29542 6.00354
      vertex 2.19531 -3.2226 5.99986
      vertex 2.18195 -3.22355 6.00352
    endloop
  endfacet
  facet normal 0.254905 -0.565257 0.784543
    outer loop
      vertex 2.19531 -3.2226 5.99986
      vertex 2.16424 -3.99952 5.45019
      vertex 2.3226 -4.00808 5.39257
    endloop
  endfacet
  facet normal 0.254914 -0.565256 0.784541
    outer loop
      vertex 2.19531 -3.2226 5.99986
      vertex 2.02251 -3.29542 6.00354
      vertex 2.16424 -3.99952 5.45019
    endloop
  endfacet
  facet normal 0.254913 -0.565256 0.784541
    outer loop
      vertex 1.94043 -3.3761 5.97208
      vertex 2.16424 -3.99952 5.45019
      vertex 2.02251 -3.29542 6.00354
    endloop
  endfacet
  facet normal 0.254895 -0.565263 0.784542
    outer loop
      vertex 2.16424 -3.99952 5.45019
      vertex 1.94043 -3.3761 5.97208
      vertex 2.14264 -4.03341 5.43279
    endloop
  endfacet
  facet normal 0.25491 -0.565258 0.784541
    outer loop
      vertex 1.94043 -3.3761 5.97208
      vertex 1.88329 -4.44039 5.22383
      vertex 2.14264 -4.03341 5.43279
    endloop
  endfacet
  facet normal 0.254921 -0.565257 0.784538
    outer loop
      vertex 1.88329 -4.44039 5.22383
      vertex 1.94043 -3.3761 5.97208
      vertex 0.1249 -11.9502 0.384399
    endloop
  endfacet
  facet normal 0.25497 -0.565392 0.784425
    outer loop
      vertex 7.311 -1.4631 5.6054
      vertex 3.24905 -3.25892 5.63132
      vertex 3.25899 -3.27948 5.61327
    endloop
  endfacet
  facet normal 0.254906 -0.565245 0.784552
    outer loop
      vertex 7.311 -1.4631 5.6054
      vertex 3.12964 -3.01216 5.8479
      vertex 3.24905 -3.25892 5.63132
    endloop
  endfacet
  facet normal 0.25491 -0.565257 0.784542
    outer loop
      vertex 2.8697 1.0125 8.8321
      vertex 3.12964 -3.01216 5.8479
      vertex 7.311 -1.4631 5.6054
    endloop
  endfacet
  facet normal 0.254912 -0.565257 0.784541
    outer loop
      vertex 2.8697 1.0125 8.8321
      vertex 2.84856 -2.81811 6.07904
      vertex 3.12964 -3.01216 5.8479
    endloop
  endfacet
  facet normal 0.254969 -0.565248 0.784529
    outer loop
      vertex 2.8697 1.0125 8.8321
      vertex 2.82234 -2.8112 6.09254
      vertex 2.84856 -2.81811 6.07904
    endloop
  endfacet
  facet normal 0.254907 -0.565257 0.784542
    outer loop
      vertex 2.8697 1.0125 8.8321
      vertex 2.50774 -2.72835 6.25445
      vertex 2.82234 -2.8112 6.09254
    endloop
  endfacet
  facet normal 0.254855 -0.565262 0.784556
    outer loop
      vertex 2.8697 1.0125 8.8321
      vertex 2.48178 -2.73088 6.26106
      vertex 2.50774 -2.72835 6.25445
    endloop
  endfacet
  facet normal 0.254927 -0.565256 0.784537
    outer loop
      vertex 2.8697 1.0125 8.8321
      vertex 2.17056 -2.7613 6.34027
      vertex 2.48178 -2.73088 6.26106
    endloop
  endfacet
  facet normal 0.254938 -0.565256 0.784533
    outer loop
      vertex 2.8697 1.0125 8.8321
      vertex 2.14682 -2.77259 6.33985
      vertex 2.17056 -2.7613 6.34027
    endloop
  endfacet
  facet normal 0.254874 -0.565257 0.784553
    outer loop
      vertex 2.14682 -2.77259 6.33985
      vertex 2.8697 1.0125 8.8321
      vertex 2.05942 -2.81415 6.3383
    endloop
  endfacet
  facet normal 0.254909 -0.565255 0.784543
    outer loop
      vertex 3.23264 -3.57467 5.40915
      vertex 7.311 -1.4631 5.6054
      vertex 3.25899 -3.27948 5.61327
    endloop
  endfacet
  facet normal 0.254968 -0.56536 0.784448
    outer loop
      vertex 3.23044 -3.59925 5.39215
      vertex 7.311 -1.4631 5.6054
      vertex 3.23264 -3.57467 5.40915
    endloop
  endfacet
  facet normal 0.254898 -0.565238 0.784559
    outer loop
      vertex 3.05263 -3.92367 5.21619
      vertex 7.311 -1.4631 5.6054
      vertex 3.23044 -3.59925 5.39215
    endloop
  endfacet
  facet normal 0.254881 -0.565212 0.784583
    outer loop
      vertex 3.03783 -3.95068 5.20154
      vertex 7.311 -1.4631 5.6054
      vertex 3.05263 -3.92367 5.21619
    endloop
  endfacet
  facet normal 0.254919 -0.565269 0.78453
    outer loop
      vertex 2.78406 -4.22237 5.08824
      vertex 7.311 -1.4631 5.6054
      vertex 3.03783 -3.95068 5.20154
    endloop
  endfacet
  facet normal 0.254908 -0.565256 0.784543
    outer loop
      vertex 0.1249 -11.9502 0.384399
      vertex 2.78406 -4.22237 5.08824
      vertex 2.50194 -4.39666 5.05433
    endloop
  endfacet
  facet normal 0.25491 -0.565257 0.784542
    outer loop
      vertex 2.78406 -4.22237 5.08824
      vertex 0.1249 -11.9502 0.384399
      vertex 7.311 -1.4631 5.6054
    endloop
  endfacet
  facet normal 0.254909 -0.565256 0.784542
    outer loop
      vertex 2.2224 -4.46472 5.09612
      vertex 0.1249 -11.9502 0.384399
      vertex 2.50194 -4.39666 5.05433
    endloop
  endfacet
  facet normal 0.254819 -0.565252 0.784575
    outer loop
      vertex 2.19913 -4.47038 5.0996
      vertex 0.1249 -11.9502 0.384399
      vertex 2.2224 -4.46472 5.09612
    endloop
  endfacet
  facet normal 0.254912 -0.565256 0.784541
    outer loop
      vertex 0.1249 -11.9502 0.384399
      vertex 2.19913 -4.47038 5.0996
      vertex 1.88329 -4.44039 5.22383
    endloop
  endfacet
  facet normal 0.985639 0.168867 0
    outer loop
      vertex 9.2867 1.0125 0
      vertex 9.2095 1.4631 -0.237599
      vertex 9.2095 1.4631 0.237599
    endloop
  endfacet
  facet normal 0.82492 -0.565249 -2.80493e-07
    outer loop
      vertex 7.5903 -1.4631 5.221
      vertex 6.49964 -3.0548 1.37465
      vertex 6.77509 -2.65281 1.14802
    endloop
  endfacet
  facet normal 0.824907 -0.565268 1.14092e-05
    outer loop
      vertex 7.5903 -1.4631 5.221
      vertex 6.02379 -3.74922 1.2559
      vertex 6.49964 -3.0548 1.37465
    endloop
  endfacet
  facet normal 0.824912 -0.56526 1.59984e-05
    outer loop
      vertex 6.02379 -3.74922 1.2559
      vertex 0.4042 -11.9502 0
      vertex 5.91736 -3.90455 0.851018
    endloop
  endfacet
  facet normal 0.824913 -0.565259 3.89301e-06
    outer loop
      vertex 0.4042 -11.9502 0
      vertex 6.02379 -3.74922 1.2559
      vertex 7.5903 -1.4631 5.221
    endloop
  endfacet
  facet normal 0.824913 -0.56526 4.56476e-06
    outer loop
      vertex 6.77509 -2.65281 1.14802
      vertex 9.2867 1.0125 0
      vertex 7.5903 -1.4631 5.221
    endloop
  endfacet
  facet normal 0.824913 -0.565259 8.05483e-06
    outer loop
      vertex 9.2867 1.0125 0
      vertex 6.77509 -2.65281 1.14802
      vertex 6.47331 -3.09323 0
    endloop
  endfacet
  facet normal 0.824918 -0.565253 5.96628e-06
    outer loop
      vertex 5.91736 -3.90455 0.851018
      vertex 6.11937 -3.60975 0
      vertex 6.36899 -3.24545 0.949604
    endloop
  endfacet
  facet normal 0.824913 -0.56526 2.57874e-06
    outer loop
      vertex 6.11937 -3.60975 0
      vertex 5.91736 -3.90455 0.851018
      vertex 0.4042 -11.9502 0
    endloop
  endfacet
  facet normal 0.951057 -5.63885e-07 -0.309016
    outer loop
      vertex 7.5903 -1.4631 -5.221
      vertex 9.2095 1.4631 -0.237599
      vertex 9.2867 1.0125 0
    endloop
  endfacet
  facet normal 0.951057 -1.08754e-06 -0.309016
    outer loop
      vertex 9.2095 1.4631 -0.237599
      vertex 7.5903 -1.4631 -5.221
      vertex 7.5131 -1.0125 -5.4586
    endloop
  endfacet
  facet normal 0.824915 -0.565256 -1.92858e-06
    outer loop
      vertex 6.11937 -3.60975 0
      vertex 5.54479 -4.44827 -0.51356
      vertex 5.9062 -3.92084 -0.810917
    endloop
  endfacet
  facet normal 0.824913 -0.56526 -1.2035e-05
    outer loop
      vertex 5.54479 -4.44827 -0.51356
      vertex 0.4042 -11.9502 0
      vertex 5.44413 -4.59516 -0.896461
    endloop
  endfacet
  facet normal 0.824913 -0.56526 5.50557e-06
    outer loop
      vertex 0.4042 -11.9502 0
      vertex 5.54479 -4.44827 -0.51356
      vertex 6.11937 -3.60975 0
    endloop
  endfacet
  facet normal 0.824913 -0.56526 -4.63842e-06
    outer loop
      vertex 9.2867 1.0125 0
      vertex 6.53168 -3.00803 -1.32555
      vertex 7.5903 -1.4631 -5.221
    endloop
  endfacet
  facet normal 0.824913 -0.565259 -7.48284e-06
    outer loop
      vertex 6.47331 -3.09323 0
      vertex 6.53168 -3.00803 -1.32555
      vertex 9.2867 1.0125 0
    endloop
  endfacet
  facet normal 0.824894 -0.565288 -1.01935e-05
    outer loop
      vertex 6.53168 -3.00803 -1.32555
      vertex 6.47331 -3.09323 0
      vertex 6.50603 -3.04546 -1.30445
    endloop
  endfacet
  facet normal 0.824913 -0.56526 -8.69532e-06
    outer loop
      vertex 6.24154 -3.43145 -0.881659
      vertex 6.50603 -3.04546 -1.30445
      vertex 6.47331 -3.09323 0
    endloop
  endfacet
  facet normal 0.824931 -0.565234 2.67286e-05
    outer loop
      vertex 6.50603 -3.04546 -1.30445
      vertex 6.24154 -3.43145 -0.881659
      vertex 6.1972 -3.49617 -1.05034
    endloop
  endfacet
  facet normal 0.824908 -0.565267 -8.47905e-06
    outer loop
      vertex 6.43102 -3.15492 -1.70845
      vertex 7.5903 -1.4631 -5.221
      vertex 6.53168 -3.00803 -1.32555
    endloop
  endfacet
  facet normal 0.824917 -0.565254 2.65796e-07
    outer loop
      vertex 5.44413 -4.59516 -0.896461
      vertex 7.5903 -1.4631 -5.221
      vertex 6.43102 -3.15492 -1.70845
    endloop
  endfacet
  facet normal 0.824913 -0.56526 -5.60267e-06
    outer loop
      vertex 7.5903 -1.4631 -5.221
      vertex 5.44413 -4.59516 -0.896461
      vertex 0.4042 -11.9502 0
    endloop
  endfacet
  facet normal 0.235757 0.646314 -0.725739
    outer loop
      vertex 2.62 1.4631 -8.8321
      vertex -0.1249 11.9502 -0.384399
      vertex 0.327 11.9502 -0.237599
    endloop
  endfacet
  facet normal -0.235757 -0.646314 -0.725739
    outer loop
      vertex -0.327 -11.9502 -0.237599
      vertex -2.62 -1.4631 -8.8321
      vertex 0.1249 -11.9502 -0.384399
    endloop
  endfacet
  facet normal -0.235804 -0.646312 -0.725725
    outer loop
      vertex -0.327 -11.9502 -0.237599
      vertex -3.0718 -1.4631 -8.6853
      vertex -2.62 -1.4631 -8.8321
    endloop
  endfacet
  facet normal 0 0 -1
    outer loop
      vertex -2.62 -1.4631 -8.8321
      vertex 2.62 1.4631 -8.8321
      vertex 2.8697 1.0125 -8.8321
    endloop
  endfacet
  facet normal 0 0 -1
    outer loop
      vertex 2.62 1.4631 -8.8321
      vertex -2.62 -1.4631 -8.8321
      vertex -2.8697 -1.0125 -8.8321
    endloop
  endfacet
  facet normal -0.304586 -0.168786 -0.937411
    outer loop
      vertex -2.62 -1.4631 -8.8321
      vertex -3.0718 -1.4631 -8.6853
      vertex -2.8697 -1.0125 -8.8321
    endloop
  endfacet
  facet normal -0.254962 0.565241 -0.784536
    outer loop
      vertex -1.36705 2.73508 -6.62022
      vertex -1.30724 2.93629 -6.49469
      vertex -1.2998 2.92349 -6.50633
    endloop
  endfacet
  facet normal -0.254938 0.565239 -0.784545
    outer loop
      vertex -1.36705 2.73508 -6.62022
      vertex -1.39641 3.08971 -6.35518
      vertex -1.30724 2.93629 -6.49469
    endloop
  endfacet
  facet normal -0.254906 0.565254 -0.784545
    outer loop
      vertex -1.77439 3.04336 -6.26576
      vertex -1.36705 2.73508 -6.62022
      vertex -1.52609 2.60247 -6.66409
    endloop
  endfacet
  facet normal -0.254878 0.565288 -0.784529
    outer loop
      vertex -0.869099 3.25924 -6.40436
      vertex 2.62 1.4631 -8.8321
      vertex -0.813098 3.07061 -6.55847
    endloop
  endfacet
  facet normal -0.255165 0.56492 -0.784702
    outer loop
      vertex 2.62 1.4631 -8.8321
      vertex -0.81648 3.05315 -6.56994
      vertex -0.813098 3.07061 -6.55847
    endloop
  endfacet
  facet normal -0.254908 0.565252 -0.784545
    outer loop
      vertex 2.62 1.4631 -8.8321
      vertex -0.856998 2.84402 -6.70745
      vertex -0.81648 3.05315 -6.56994
    endloop
  endfacet
  facet normal -0.254715 0.565529 -0.784409
    outer loop
      vertex 2.62 1.4631 -8.8321
      vertex -0.868516 2.82431 -6.71792
      vertex -0.856998 2.84402 -6.70745
    endloop
  endfacet
  facet normal -0.254916 0.565238 -0.784553
    outer loop
      vertex 2.62 1.4631 -8.8321
      vertex -1.0065 2.58815 -6.84323
      vertex -0.868516 2.82431 -6.71792
    endloop
  endfacet
  facet normal -0.254882 0.565295 -0.784523
    outer loop
      vertex 2.62 1.4631 -8.8321
      vertex -1.03176 2.56477 -6.85187
      vertex -1.0065 2.58815 -6.84323
    endloop
  endfacet
  facet normal -0.254908 0.565251 -0.784547
    outer loop
      vertex 2.62 1.4631 -8.8321
      vertex -1.33431 2.28476 -6.95531
      vertex -1.03176 2.56477 -6.85187
    endloop
  endfacet
  facet normal -0.254905 0.565257 -0.784543
    outer loop
      vertex -2.8697 -1.0125 -8.8321
      vertex -1.33431 2.28476 -6.95531
      vertex 2.62 1.4631 -8.8321
    endloop
  endfacet
  facet normal -0.254832 0.565243 -0.784577
    outer loop
      vertex -1.33431 2.28476 -6.95531
      vertex -2.8697 -1.0125 -8.8321
      vertex -1.36619 2.27333 -6.95319
    endloop
  endfacet
  facet normal -0.25491 0.565258 -0.784541
    outer loop
      vertex -1.36619 2.27333 -6.95319
      vertex -2.8697 -1.0125 -8.8321
      vertex -1.74807 2.13637 -6.92779
    endloop
  endfacet
  facet normal -0.254824 0.565248 -0.784576
    outer loop
      vertex -1.74807 2.13637 -6.92779
      vertex -2.8697 -1.0125 -8.8321
      vertex -1.78604 2.13738 -6.91473
    endloop
  endfacet
  facet normal -0.254905 0.565257 -0.784544
    outer loop
      vertex -1.78604 2.13738 -6.91473
      vertex -2.8697 -1.0125 -8.8321
      vertex -2.2004 2.14836 -6.77219
    endloop
  endfacet
  facet normal -0.255218 0.564879 -0.784714
    outer loop
      vertex -0.873771 3.27498 -6.39151
      vertex 2.62 1.4631 -8.8321
      vertex -0.869099 3.25924 -6.40436
    endloop
  endfacet
  facet normal -0.254856 0.565313 -0.784519
    outer loop
      vertex -1.03796 3.46419 -6.20183
      vertex 2.62 1.4631 -8.8321
      vertex -0.873771 3.27498 -6.39151
    endloop
  endfacet
  facet normal -0.254905 0.565256 -0.784544
    outer loop
      vertex 2.62 1.4631 -8.8321
      vertex -1.03796 3.46419 -6.20183
      vertex -0.1249 11.9502 -0.384399
    endloop
  endfacet
  facet normal -0.254906 0.565264 -0.784538
    outer loop
      vertex -1.63091 3.32024 -6.11289
      vertex -1.03796 3.46419 -6.20183
      vertex -1.39641 3.08971 -6.35518
    endloop
  endfacet
  facet normal -0.254917 0.565244 -0.784549
    outer loop
      vertex -1.36705 2.73508 -6.62022
      vertex -1.77439 3.04336 -6.26576
      vertex -1.39641 3.08971 -6.35518
    endloop
  endfacet
  facet normal -0.254911 0.565245 -0.78455
    outer loop
      vertex -1.74976 3.78646 -5.73837
      vertex -1.03796 3.46419 -6.20183
      vertex -1.6277 3.57958 -5.92708
    endloop
  endfacet
  facet normal -0.255098 0.565 -0.784666
    outer loop
      vertex -1.75993 3.8037 -5.72265
      vertex -1.03796 3.46419 -6.20183
      vertex -1.74976 3.78646 -5.73837
    endloop
  endfacet
  facet normal -0.254809 0.56537 -0.784493
    outer loop
      vertex -1.83899 3.85518 -5.65987
      vertex -1.03796 3.46419 -6.20183
      vertex -1.75993 3.8037 -5.72265
    endloop
  endfacet
  facet normal -0.2549 0.565257 -0.784545
    outer loop
      vertex -1.03796 3.46419 -6.20183
      vertex -1.83899 3.85518 -5.65987
      vertex -0.1249 11.9502 -0.384399
    endloop
  endfacet
  facet normal -0.254905 0.565258 -0.784542
    outer loop
      vertex -1.03796 3.46419 -6.20183
      vertex -1.63091 3.32024 -6.11289
      vertex -1.6277 3.57958 -5.92708
    endloop
  endfacet
  facet normal -0.254827 0.565325 -0.78452
    outer loop
      vertex -1.39641 3.08971 -6.35518
      vertex -1.64195 3.29893 -6.12466
      vertex -1.63091 3.32024 -6.11289
    endloop
  endfacet
  facet normal -0.254896 0.565253 -0.784549
    outer loop
      vertex -1.89855 2.90567 -6.32463
      vertex -1.52609 2.60247 -6.66409
      vertex -1.73068 2.55056 -6.63502
    endloop
  endfacet
  facet normal -0.254638 0.565374 -0.784545
    outer loop
      vertex -1.90965 2.89738 -6.327
      vertex -1.73068 2.55056 -6.63502
      vertex -1.74775 2.54623 -6.6326
    endloop
  endfacet
  facet normal -0.254916 0.565248 -0.784546
    outer loop
      vertex -1.39641 3.08971 -6.35518
      vertex -1.77439 3.04336 -6.26576
      vertex -1.64195 3.29893 -6.12466
    endloop
  endfacet
  facet normal -0.254878 0.565268 -0.784544
    outer loop
      vertex -1.52609 2.60247 -6.66409
      vertex -1.89855 2.90567 -6.32463
      vertex -1.77439 3.04336 -6.26576
    endloop
  endfacet
  facet normal -0.25471 0.565339 -0.784547
    outer loop
      vertex -1.73068 2.55056 -6.63502
      vertex -1.90965 2.89738 -6.327
      vertex -1.89855 2.90567 -6.32463
    endloop
  endfacet
  facet normal -0.254921 0.565246 -0.784546
    outer loop
      vertex -2.04272 2.79792 -6.35542
      vertex -1.74775 2.54623 -6.6326
      vertex -2.02913 2.57309 -6.52182
    endloop
  endfacet
  facet normal -0.254922 0.565245 -0.784547
    outer loop
      vertex -1.74775 2.54623 -6.6326
      vertex -2.04272 2.79792 -6.35542
      vertex -1.90965 2.89738 -6.327
    endloop
  endfacet
  facet normal -0.254702 0.565288 -0.784586
    outer loop
      vertex -2.02913 2.57309 -6.52182
      vertex -2.05489 2.79227 -6.35554
      vertex -2.04272 2.79792 -6.35542
    endloop
  endfacet
  facet normal -0.25557 0.565084 -0.784451
    outer loop
      vertex -2.02913 2.57309 -6.52182
      vertex -2.06505 2.78755 -6.35563
      vertex -2.05489 2.79227 -6.35554
    endloop
  endfacet
  facet normal -0.254835 0.565282 -0.784548
    outer loop
      vertex -2.06505 2.78755 -6.35563
      vertex -2.02913 2.57309 -6.52182
      vertex -2.10493 2.59925 -6.47835
    endloop
  endfacet
  facet normal -0.254897 0.565257 -0.784546
    outer loop
      vertex -2.8697 -1.0125 -8.8321
      vertex -2.24081 2.14943 -6.75829
      vertex -2.2004 2.14836 -6.77219
    endloop
  endfacet
  facet normal -0.254948 0.565256 -0.78453
    outer loop
      vertex -2.8697 -1.0125 -8.8321
      vertex -2.28431 2.16337 -6.73411
      vertex -2.24081 2.14943 -6.75829
    endloop
  endfacet
  facet normal -0.25491 0.565257 -0.784542
    outer loop
      vertex -2.8697 -1.0125 -8.8321
      vertex -2.80555 2.33041 -6.4444
      vertex -2.28431 2.16337 -6.73411
    endloop
  endfacet
  facet normal -0.255005 0.565243 -0.78452
    outer loop
      vertex -2.8697 -1.0125 -8.8321
      vertex -2.83956 2.35057 -6.41882
      vertex -2.80555 2.33041 -6.4444
    endloop
  endfacet
  facet normal -0.254899 0.565259 -0.784544
    outer loop
      vertex -2.8697 -1.0125 -8.8321
      vertex -3.2473 2.5923 -6.11218
      vertex -2.83956 2.35057 -6.41882
    endloop
  endfacet
  facet normal -0.25491 0.565257 -0.784542
    outer loop
      vertex -7.311 1.4631 -5.6054
      vertex -3.2473 2.5923 -6.11218
      vertex -2.8697 -1.0125 -8.8321
    endloop
  endfacet
  facet normal -0.254932 0.565376 -0.784448
    outer loop
      vertex -3.2473 2.5923 -6.11218
      vertex -7.311 1.4631 -5.6054
      vertex -3.26515 2.61565 -6.08955
    endloop
  endfacet
  facet normal -0.254909 0.565254 -0.784544
    outer loop
      vertex -3.48127 2.92181 -5.79875
      vertex -7.311 1.4631 -5.6054
      vertex -3.50438 3.23324 -5.56686
    endloop
  endfacet
  facet normal -0.254906 0.565245 -0.784551
    outer loop
      vertex -3.47935 2.89586 -5.81807
      vertex -7.311 1.4631 -5.6054
      vertex -3.48127 2.92181 -5.79875
    endloop
  endfacet
  facet normal -0.254907 0.565248 -0.784549
    outer loop
      vertex -3.26515 2.61565 -6.08955
      vertex -7.311 1.4631 -5.6054
      vertex -3.47935 2.89586 -5.81807
    endloop
  endfacet
  facet normal -0.25493 0.565257 -0.784535
    outer loop
      vertex -1.83899 3.85518 -5.65987
      vertex -1.73417 4.80301 -5.01102
      vertex -0.1249 11.9502 -0.384399
    endloop
  endfacet
  facet normal -0.25517 0.565239 -0.78447
    outer loop
      vertex -1.83899 3.85518 -5.65987
      vertex -1.75926 4.76945 -5.02704
      vertex -1.73417 4.80301 -5.01102
    endloop
  endfacet
  facet normal -0.254949 0.565239 -0.784542
    outer loop
      vertex -2.06081 4.36623 -5.21959
      vertex -1.83899 3.85518 -5.65987
      vertex -2.02285 3.97491 -5.51386
    endloop
  endfacet
  facet normal -0.254891 0.565265 -0.784542
    outer loop
      vertex -1.83899 3.85518 -5.65987
      vertex -2.06081 4.36623 -5.21959
      vertex -1.75926 4.76945 -5.02704
    endloop
  endfacet
  facet normal -0.254926 0.565244 -0.784546
    outer loop
      vertex -2.35104 4.0612 -5.34505
      vertex -2.06081 4.36623 -5.21959
      vertex -2.02285 3.97491 -5.51386
    endloop
  endfacet
  facet normal -0.255015 0.5653 -0.784477
    outer loop
      vertex -2.06081 4.36623 -5.21959
      vertex -2.35104 4.0612 -5.34505
      vertex -2.09816 4.3827 -5.19558
    endloop
  endfacet
  facet normal -0.254712 0.565155 -0.784679
    outer loop
      vertex -2.37837 4.06839 -5.331
      vertex -2.09816 4.3827 -5.19558
      vertex -2.35104 4.0612 -5.34505
    endloop
  endfacet
  facet normal -0.254892 0.565259 -0.784546
    outer loop
      vertex -2.37837 4.06839 -5.331
      vertex -2.54686 4.58058 -4.90723
      vertex -2.09816 4.3827 -5.19558
    endloop
  endfacet
  facet normal -0.254907 0.565254 -0.784545
    outer loop
      vertex -2.54686 4.58058 -4.90723
      vertex -2.37837 4.06839 -5.331
      vertex -2.70094 4.03532 -5.25002
    endloop
  endfacet
  facet normal -0.254904 0.565257 -0.784544
    outer loop
      vertex -2.18289 5.0009 -4.72265
      vertex -0.1249 11.9502 -0.384399
      vertex -1.73417 4.80301 -5.01102
    endloop
  endfacet
  facet normal -0.25499 0.565262 -0.784512
    outer loop
      vertex -2.22021 5.01736 -4.69866
      vertex -0.1249 11.9502 -0.384399
      vertex -2.18289 5.0009 -4.72265
    endloop
  endfacet
  facet normal -0.254905 0.56525 -0.784548
    outer loop
      vertex -7.311 1.4631 -5.6054
      vertex -2.22021 5.01736 -4.69866
      vertex -2.52177 4.61413 -4.8912
    endloop
  endfacet
  facet normal -0.255118 0.565515 -0.784288
    outer loop
      vertex -7.311 1.4631 -5.6054
      vertex -2.52177 4.61413 -4.8912
      vertex -2.54686 4.58058 -4.90723
    endloop
  endfacet
  facet normal -0.254946 0.565256 -0.784531
    outer loop
      vertex -2.7278 4.03256 -5.24328
      vertex -2.54686 4.58058 -4.90723
      vertex -2.70094 4.03532 -5.25002
    endloop
  endfacet
  facet normal -0.254919 0.565253 -0.784541
    outer loop
      vertex -3.02552 3.88558 -5.25244
      vertex -2.54686 4.58058 -4.90723
      vertex -2.7278 4.03256 -5.24328
    endloop
  endfacet
  facet normal -0.255073 0.565313 -0.784448
    outer loop
      vertex -3.05031 3.87334 -5.2532
      vertex -2.54686 4.58058 -4.90723
      vertex -3.02552 3.88558 -5.25244
    endloop
  endfacet
  facet normal -0.254847 0.565221 -0.784588
    outer loop
      vertex -3.3251 3.59657 -5.36333
      vertex -2.54686 4.58058 -4.90723
      vertex -3.05031 3.87334 -5.2532
    endloop
  endfacet
  facet normal -0.254905 0.565248 -0.784549
    outer loop
      vertex -2.54686 4.58058 -4.90723
      vertex -3.3251 3.59657 -5.36333
      vertex -7.311 1.4631 -5.6054
    endloop
  endfacet
  facet normal -0.254914 0.565264 -0.784535
    outer loop
      vertex -7.311 1.4631 -5.6054
      vertex -3.3251 3.59657 -5.36333
      vertex -3.50438 3.23324 -5.56686
    endloop
  endfacet
  facet normal -0.25491 0.565257 -0.784542
    outer loop
      vertex -2.22021 5.01736 -4.69866
      vertex -7.311 1.4631 -5.6054
      vertex -0.1249 11.9502 -0.384399
    endloop
  endfacet
  facet normal -0.254891 0.565282 -0.78453
    outer loop
      vertex -2.10493 2.59925 -6.47835
      vertex -2.20093 2.72449 -6.35692
      vertex -2.06505 2.78755 -6.35563
    endloop
  endfacet
  facet normal -0.254996 0.565215 -0.784544
    outer loop
      vertex -2.10493 2.59925 -6.47835
      vertex -2.21374 2.72182 -6.35468
      vertex -2.20093 2.72449 -6.35692
    endloop
  endfacet
  facet normal -0.254897 0.565285 -0.784526
    outer loop
      vertex -2.34123 2.68082 -6.3428
      vertex -2.21374 2.72182 -6.35468
      vertex -2.10493 2.59925 -6.47835
    endloop
  endfacet
  facet normal -0.254913 0.565348 -0.784475
    outer loop
      vertex -2.21374 2.72182 -6.35468
      vertex -2.34123 2.68082 -6.3428
      vertex -2.36726 2.6898 -6.32787
    endloop
  endfacet
  facet normal -0.254456 0.565128 -0.784782
    outer loop
      vertex -2.20491 3.05747 -6.11572
      vertex -2.1232 3.20848 -6.03347
      vertex -2.19581 3.0664 -6.11224
    endloop
  endfacet
  facet normal -0.254976 0.565254 -0.784522
    outer loop
      vertex -2.1232 3.20848 -6.03347
      vertex -2.20129 3.45897 -5.82761
      vertex -2.12464 3.3415 -5.93716
    endloop
  endfacet
  facet normal -0.254961 0.56526 -0.784523
    outer loop
      vertex -2.1232 3.20848 -6.03347
      vertex -2.20491 3.05747 -6.11572
      vertex -2.20129 3.45897 -5.82761
    endloop
  endfacet
  facet normal -0.255911 0.565981 -0.783693
    outer loop
      vertex -2.32531 2.94511 -6.15755
      vertex -2.20491 3.05747 -6.11572
      vertex -2.31416 2.95029 -6.15745
    endloop
  endfacet
  facet normal -0.254936 0.56525 -0.784538
    outer loop
      vertex -2.20491 3.05747 -6.11572
      vertex -2.32531 2.94511 -6.15755
      vertex -2.34257 3.54701 -5.71828
    endloop
  endfacet
  facet normal -0.254866 0.565274 -0.784544
    outer loop
      vertex -2.20491 3.05747 -6.11572
      vertex -2.34257 3.54701 -5.71828
      vertex -2.20129 3.45897 -5.82761
    endloop
  endfacet
  facet normal -0.254742 0.565284 -0.784577
    outer loop
      vertex -2.32531 2.94511 -6.15755
      vertex -2.35434 3.55435 -5.70917
      vertex -2.34257 3.54701 -5.71828
    endloop
  endfacet
  facet normal -0.254893 0.565255 -0.784548
    outer loop
      vertex -2.45904 2.88303 -6.15883
      vertex -2.35434 3.55435 -5.70917
      vertex -2.32531 2.94511 -6.15755
    endloop
  endfacet
  facet normal -0.254922 0.565254 -0.78454
    outer loop
      vertex -2.45904 2.88303 -6.15883
      vertex -2.52428 3.60472 -5.61766
      vertex -2.35434 3.55435 -5.70917
    endloop
  endfacet
  facet normal -0.254911 0.565257 -0.784542
    outer loop
      vertex -2.62871 2.87129 -6.11216
      vertex -2.52428 3.60472 -5.61766
      vertex -2.45904 2.88303 -6.15883
    endloop
  endfacet
  facet normal -0.254942 0.564993 -0.784721
    outer loop
      vertex -2.62871 2.87129 -6.11216
      vertex -2.45904 2.88303 -6.15883
      vertex -2.61666 2.86813 -6.11835
    endloop
  endfacet
  facet normal -0.254921 0.565256 -0.784539
    outer loop
      vertex -2.78582 2.91687 -6.02827
      vertex -2.52428 3.60472 -5.61766
      vertex -2.62871 2.87129 -6.11216
    endloop
  endfacet
  facet normal -0.254924 0.565256 -0.784538
    outer loop
      vertex -2.69814 3.60559 -5.56054
      vertex -2.52428 3.60472 -5.61766
      vertex -2.78582 2.91687 -6.02827
    endloop
  endfacet
  facet normal -0.25483 0.565683 -0.78426
    outer loop
      vertex -2.52428 3.60472 -5.61766
      vertex -2.69814 3.60559 -5.56054
      vertex -2.53843 3.60891 -5.61004
    endloop
  endfacet
  facet normal -0.254911 0.565273 -0.78453
    outer loop
      vertex -2.78582 2.91687 -6.02827
      vertex -2.62871 2.87129 -6.11216
      vertex -2.77332 2.9091 -6.03793
    endloop
  endfacet
  facet normal -0.254854 0.565261 -0.784557
    outer loop
      vertex -2.85216 3.54957 -5.55087
      vertex -2.69814 3.60559 -5.56054
      vertex -2.78582 2.91687 -6.02827
    endloop
  endfacet
  facet normal -0.254901 0.565411 -0.784433
    outer loop
      vertex -2.69814 3.60559 -5.56054
      vertex -2.85216 3.54957 -5.55087
      vertex -2.71144 3.60531 -5.55642
    endloop
  endfacet
  facet normal -0.254893 0.565252 -0.784551
    outer loop
      vertex -2.93586 3.01016 -5.91231
      vertex -2.85216 3.54957 -5.55087
      vertex -2.78582 2.91687 -6.02827
    endloop
  endfacet
  facet normal -0.254934 0.56525 -0.784539
    outer loop
      vertex -2.98627 3.42907 -5.59411
      vertex -2.85216 3.54957 -5.55087
      vertex -2.93586 3.01016 -5.91231
    endloop
  endfacet
  facet normal -0.256035 0.566122 -0.783551
    outer loop
      vertex -2.85216 3.54957 -5.55087
      vertex -2.98627 3.42907 -5.59411
      vertex -2.86388 3.54492 -5.5504
    endloop
  endfacet
  facet normal -0.254962 0.565244 -0.784534
    outer loop
      vertex -3.03148 3.14051 -5.78732
      vertex -2.98627 3.42907 -5.59411
      vertex -2.93586 3.01016 -5.91231
    endloop
  endfacet
  facet normal -0.255048 0.56524 -0.784509
    outer loop
      vertex -2.98627 3.42907 -5.59411
      vertex -3.03148 3.14051 -5.78732
      vertex -3.05127 3.28514 -5.67668
    endloop
  endfacet
  facet normal -0.797379 0.168885 0.579365
    outer loop
      vertex -7.311 1.4631 5.6054
      vertex -7.5903 1.4631 5.221
      vertex -7.5131 1.0125 5.4586
    endloop
  endfacet
  facet normal -0.587758 4.30881e-05 0.809036
    outer loop
      vertex -7.5131 1.0125 5.4586
      vertex -2.8697 -1.0125 8.8321
      vertex -7.311 1.4631 5.6054
    endloop
  endfacet
  facet normal -0.587758 4.30881e-05 0.809036
    outer loop
      vertex -2.8697 -1.0125 8.8321
      vertex -7.5131 1.0125 5.4586
      vertex -3.0718 -1.4631 8.6853
    endloop
  endfacet
  facet normal 0.797379 -0.168885 -0.579365
    outer loop
      vertex 7.5903 -1.4631 -5.221
      vertex 7.311 -1.4631 -5.6054
      vertex 7.5131 -1.0125 -5.4586
    endloop
  endfacet
  facet normal 0.587758 -4.30881e-05 -0.809036
    outer loop
      vertex 2.8697 1.0125 -8.8321
      vertex 7.5131 -1.0125 -5.4586
      vertex 7.311 -1.4631 -5.6054
    endloop
  endfacet
  facet normal 0.587758 -4.30881e-05 -0.809036
    outer loop
      vertex 7.5131 -1.0125 -5.4586
      vertex 2.8697 1.0125 -8.8321
      vertex 3.0718 1.4631 -8.6853
    endloop
  endfacet
  facet normal 0.254912 -0.565258 -0.78454
    outer loop
      vertex 7.311 -1.4631 -5.6054
      vertex 2.88692 -4.12455 -5.1253
      vertex 3.15404 -2.95409 -5.88182
    endloop
  endfacet
  facet normal 0.254955 -0.56532 -0.784482
    outer loop
      vertex 7.311 -1.4631 -5.6054
      vertex 2.86364 -4.15567 -5.11044
      vertex 2.88692 -4.12455 -5.1253
    endloop
  endfacet
  facet normal 0.254919 -0.565269 -0.78453
    outer loop
      vertex 7.311 -1.4631 -5.6054
      vertex 2.584 -4.5296 -4.93188
      vertex 2.86364 -4.15567 -5.11044
    endloop
  endfacet
  facet normal 0.254919 -0.565262 -0.784535
    outer loop
      vertex 2.54887 -4.5141 -4.95446
      vertex 1.91416 -4.61204 -5.09013
      vertex 2.12665 -4.3279 -5.22581
    endloop
  endfacet
  facet normal 0.254919 -0.565197 -0.784582
    outer loop
      vertex 2.584 -4.5296 -4.93188
      vertex 1.91416 -4.61204 -5.09013
      vertex 2.54887 -4.5141 -4.95446
    endloop
  endfacet
  facet normal 0.254904 -0.565256 -0.784544
    outer loop
      vertex 1.91416 -4.61204 -5.09013
      vertex 0.1249 -11.9502 -0.384399
      vertex 1.69883 -4.51708 -5.22851
    endloop
  endfacet
  facet normal 0.254916 -0.565257 -0.78454
    outer loop
      vertex 2.584 -4.5296 -4.93188
      vertex 0.1249 -11.9502 -0.384399
      vertex 1.91416 -4.61204 -5.09013
    endloop
  endfacet
  facet normal 0.254908 -0.565256 -0.784543
    outer loop
      vertex 0.1249 -11.9502 -0.384399
      vertex 2.584 -4.5296 -4.93188
      vertex 7.311 -1.4631 -5.6054
    endloop
  endfacet
  facet normal 0.254911 -0.565256 -0.784542
    outer loop
      vertex 3.15404 -2.95409 -5.88182
      vertex 2.8697 1.0125 -8.8321
      vertex 7.311 -1.4631 -5.6054
    endloop
  endfacet
  facet normal 0.254899 -0.565258 -0.784544
    outer loop
      vertex 2.81778 -2.80579 -6.09792
      vertex 2.8697 1.0125 -8.8321
      vertex 3.15404 -2.95409 -5.88182
    endloop
  endfacet
  facet normal 0.254915 -0.565256 -0.784541
    outer loop
      vertex 2.8697 1.0125 -8.8321
      vertex 2.81778 -2.80579 -6.09792
      vertex 2.04114 -2.9005 -6.28203
    endloop
  endfacet
  facet normal 0.254912 -0.565258 -0.78454
    outer loop
      vertex 2.46472 -3.93836 -5.39663
      vertex 3.15404 -2.95409 -5.88182
      vertex 2.88692 -4.12455 -5.1253
    endloop
  endfacet
  facet normal 0.254783 -0.565207 -0.784619
    outer loop
      vertex 3.15404 -2.95409 -5.88182
      vertex 2.46472 -3.93836 -5.39663
      vertex 2.42956 -3.92285 -5.41922
    endloop
  endfacet
  facet normal 0.255075 -0.565294 -0.784461
    outer loop
      vertex 1.79359 -4.18102 -5.43985
      vertex 1.76067 -4.22503 -5.41884
      vertex 1.77201 -4.17151 -5.45372
    endloop
  endfacet
  facet normal 0.254919 -0.565249 -0.784544
    outer loop
      vertex 2.0965 -3.77597 -5.63327
      vertex 1.97202 -3.22693 -6.06929
      vertex 2.56215 -3.1533 -5.93059
    endloop
  endfacet
  facet normal 0.254915 -0.565251 -0.784544
    outer loop
      vertex 1.97202 -3.22693 -6.06929
      vertex 2.0965 -3.77597 -5.63327
      vertex 1.87632 -3.67887 -5.77477
    endloop
  endfacet
  facet normal -0.797379 0.168885 -0.579365
    outer loop
      vertex -7.5131 1.0125 -5.4586
      vertex -7.5903 1.4631 -5.221
      vertex -7.311 1.4631 -5.6054
    endloop
  endfacet
  facet normal 0 1 0
    outer loop
      vertex 0.327 11.9502 0.237599
      vertex -0.4042 11.9502 0
      vertex -0.1249 11.9502 0.384399
    endloop
  endfacet
  facet normal 0 1 -0
    outer loop
      vertex 0.327 11.9502 -0.237599
      vertex -0.4042 11.9502 0
      vertex 0.327 11.9502 0.237599
    endloop
  endfacet
  facet normal 0 1 0
    outer loop
      vertex -0.4042 11.9502 0
      vertex 0.327 11.9502 -0.237599
      vertex -0.1249 11.9502 -0.384399
    endloop
  endfacet
  facet normal -0.617323 0.646315 -0.44854
    outer loop
      vertex -0.1249 11.9502 -0.384399
      vertex -7.5903 1.4631 -5.221
      vertex -0.4042 11.9502 0
    endloop
  endfacet
  facet normal -0.617324 0.646315 -0.448539
    outer loop
      vertex -7.5903 1.4631 -5.221
      vertex -0.1249 11.9502 -0.384399
      vertex -7.311 1.4631 -5.6054
    endloop
  endfacet
  facet normal 0.76307 0.646315 0
    outer loop
      vertex 9.2095 1.4631 0.237599
      vertex 0.327 11.9502 -0.237599
      vertex 0.327 11.9502 0.237599
    endloop
  endfacet
  facet normal 0.76307 0.646315 0
    outer loop
      vertex 0.327 11.9502 -0.237599
      vertex 9.2095 1.4631 0.237599
      vertex 9.2095 1.4631 -0.237599
    endloop
  endfacet
  facet normal 0.667375 0.56526 -0.484863
    outer loop
      vertex 5.4105 3.92207 -2.59987
      vertex 4.52352 4.38027 -3.28655
      vertex 0.327 11.9502 -0.237599
    endloop
  endfacet
  facet normal 0.667381 0.565226 -0.484894
    outer loop
      vertex 4.52352 4.38027 -3.28655
      vertex 5.4105 3.92207 -2.59987
      vertex 4.61368 4.32298 -3.22924
    endloop
  endfacet
  facet normal 0.66736 0.56533 -0.484801
    outer loop
      vertex 5.25375 3.97304 -2.75621
      vertex 4.61368 4.32298 -3.22924
      vertex 5.4105 3.92207 -2.59987
    endloop
  endfacet
  facet normal 0.667315 0.565621 -0.484524
    outer loop
      vertex 4.61368 4.32298 -3.22924
      vertex 5.2407 3.97729 -2.76922
      vertex 4.6266 4.30999 -3.22661
    endloop
  endfacet
  facet normal 0.667373 0.565252 -0.484875
    outer loop
      vertex 5.12781 3.95895 -2.94598
      vertex 4.78189 4.15379 -3.19496
      vertex 5.2407 3.97729 -2.76922
    endloop
  endfacet
  facet normal 0.667377 0.565239 -0.484884
    outer loop
      vertex 4.6266 4.30999 -3.22661
      vertex 5.2407 3.97729 -2.76922
      vertex 4.78189 4.15379 -3.19496
    endloop
  endfacet
  facet normal 0.667338 0.565473 -0.484666
    outer loop
      vertex 5.2407 3.97729 -2.76922
      vertex 4.61368 4.32298 -3.22924
      vertex 5.25375 3.97304 -2.75621
    endloop
  endfacet
  facet normal 0.667135 0.565219 -0.485241
    outer loop
      vertex 0.327 11.9502 -0.237599
      vertex 5.42899 3.90999 -2.58852
      vertex 5.4105 3.92207 -2.59987
    endloop
  endfacet
  facet normal 0.667385 0.565262 -0.484847
    outer loop
      vertex 0.327 11.9502 -0.237599
      vertex 5.65105 3.76479 -2.45214
      vertex 5.42899 3.90999 -2.58852
    endloop
  endfacet
  facet normal 0.667372 0.565259 -0.484867
    outer loop
      vertex 9.2095 1.4631 -0.237599
      vertex 5.65105 3.76479 -2.45214
      vertex 0.327 11.9502 -0.237599
    endloop
  endfacet
  facet normal 0.667367 0.565297 -0.484831
    outer loop
      vertex 9.2095 1.4631 -0.237599
      vertex 6.02391 3.23904 -2.55186
      vertex 6.016 3.26325 -2.53452
    endloop
  endfacet
  facet normal 0.667407 0.565104 -0.485
    outer loop
      vertex 9.2095 1.4631 -0.237599
      vertex 6.12081 2.92776 -2.78137
      vertex 6.11884 2.94823 -2.76023
    endloop
  endfacet
  facet normal 0.667411 0.565129 -0.484965
    outer loop
      vertex 9.2095 1.4631 -0.237599
      vertex 6.13968 2.66873 -3.05738
      vertex 6.14453 2.68183 -3.03544
    endloop
  endfacet
  facet normal 0.667372 0.56526 -0.484866
    outer loop
      vertex 7.5131 -1.0125 -5.4586
      vertex 6.08137 2.51131 -3.32116
      vertex 9.2095 1.4631 -0.237599
    endloop
  endfacet
  facet normal 0.667372 0.565261 -0.484866
    outer loop
      vertex 6.13968 2.66873 -3.05738
      vertex 9.2095 1.4631 -0.237599
      vertex 6.08137 2.51131 -3.32116
    endloop
  endfacet
  facet normal 0.667369 0.565272 -0.484856
    outer loop
      vertex 6.12081 2.92776 -2.78137
      vertex 9.2095 1.4631 -0.237599
      vertex 6.14453 2.68183 -3.03544
    endloop
  endfacet
  facet normal 0.667372 0.565264 -0.484862
    outer loop
      vertex 6.02391 3.23904 -2.55186
      vertex 9.2095 1.4631 -0.237599
      vertex 6.11884 2.94823 -2.76023
    endloop
  endfacet
  facet normal 0.667373 0.565253 -0.484873
    outer loop
      vertex 5.86873 3.51902 -2.43905
      vertex 9.2095 1.4631 -0.237599
      vertex 6.016 3.26325 -2.53452
    endloop
  endfacet
  facet normal 0.667367 0.565335 -0.484787
    outer loop
      vertex 5.85647 3.54031 -2.4311
      vertex 9.2095 1.4631 -0.237599
      vertex 5.86873 3.51902 -2.43905
    endloop
  endfacet
  facet normal 0.667372 0.565262 -0.484864
    outer loop
      vertex 5.65105 3.76479 -2.45214
      vertex 9.2095 1.4631 -0.237599
      vertex 5.85647 3.54031 -2.4311
    endloop
  endfacet
  facet normal 0.667356 0.565378 -0.484751
    outer loop
      vertex 5.11842 3.95743 -2.96068
      vertex 4.78189 4.15379 -3.19496
      vertex 5.12781 3.95895 -2.94598
    endloop
  endfacet
  facet normal 0.667387 0.565111 -0.48502
    outer loop
      vertex 4.78189 4.15379 -3.19496
      vertex 5.11842 3.95743 -2.96068
      vertex 4.79256 4.13767 -3.19906
    endloop
  endfacet
  facet normal 0.667363 0.56527 -0.484867
    outer loop
      vertex 5.11842 3.95743 -2.96068
      vertex 4.92087 3.94395 -3.2483
      vertex 4.79256 4.13767 -3.19906
    endloop
  endfacet
  facet normal 0.667361 0.565274 -0.484865
    outer loop
      vertex 5.04655 3.86415 -3.16835
      vertex 4.92087 3.94395 -3.2483
      vertex 5.11842 3.95743 -2.96068
    endloop
  endfacet
  facet normal 0.667356 0.565358 -0.484775
    outer loop
      vertex 4.92087 3.94395 -3.2483
      vertex 5.04655 3.86415 -3.16835
      vertex 4.92865 3.92536 -3.25927
    endloop
  endfacet
  facet normal 0.667376 0.565248 -0.484875
    outer loop
      vertex 5.02944 3.71176 -3.36955
      vertex 4.92865 3.92536 -3.25927
      vertex 5.04655 3.86415 -3.16835
    endloop
  endfacet
  facet normal 0.667435 0.565239 -0.484804
    outer loop
      vertex 5.02944 3.71176 -3.36955
      vertex 5.02216 3.70189 -3.39108
      vertex 4.92865 3.92536 -3.25927
    endloop
  endfacet
  facet normal 0.664303 0.568533 -0.485255
    outer loop
      vertex 5.02944 3.71176 -3.36955
      vertex 5.02261 3.70168 -3.39071
      vertex 5.02216 3.70189 -3.39108
    endloop
  endfacet
  facet normal 0.668148 0.564566 -0.484607
    outer loop
      vertex 5.02261 3.70168 -3.39071
      vertex 5.02944 3.71176 -3.36955
      vertex 5.02802 3.69908 -3.38628
    endloop
  endfacet
  facet normal 0.667549 0.564755 -0.485212
    outer loop
      vertex 5.44647 3.51858 -3.02077
      vertex 5.33546 3.54802 -3.13923
      vertex 5.34105 3.55009 -3.12913
    endloop
  endfacet
  facet normal 0.667366 0.565217 -0.484925
    outer loop
      vertex 5.74057 3.23945 -2.94137
      vertex 5.33546 3.54802 -3.13923
      vertex 5.44647 3.51858 -3.02077
    endloop
  endfacet
  facet normal 0.667393 0.56541 -0.484663
    outer loop
      vertex 5.56409 3.44868 -2.94035
      vertex 5.44647 3.51858 -3.02077
      vertex 5.45524 3.51596 -3.01175
    endloop
  endfacet
  facet normal 0.667389 0.565445 -0.484627
    outer loop
      vertex 5.44647 3.51858 -3.02077
      vertex 5.56409 3.44868 -2.94035
      vertex 5.66418 3.35414 -2.91282
    endloop
  endfacet
  facet normal 0.667321 0.565295 -0.484895
    outer loop
      vertex 5.66418 3.35414 -2.91282
      vertex 5.56409 3.44868 -2.94035
      vertex 5.57315 3.44308 -2.93441
    endloop
  endfacet
  facet normal 0.667371 0.565266 -0.484861
    outer loop
      vertex 5.33546 3.54802 -3.13923
      vertex 5.74057 3.23945 -2.94137
      vertex 5.26829 3.5232 -3.26062
    endloop
  endfacet
  facet normal 0.667372 0.565256 -0.484871
    outer loop
      vertex 5.78852 3.10827 -3.0283
      vertex 5.26829 3.5232 -3.26062
      vertex 5.74057 3.23945 -2.94137
    endloop
  endfacet
  facet normal 0.667365 0.565217 -0.484927
    outer loop
      vertex 5.44647 3.51858 -3.02077
      vertex 5.66418 3.35414 -2.91282
      vertex 5.74057 3.23945 -2.94137
    endloop
  endfacet
  facet normal 0.667768 0.565317 -0.484254
    outer loop
      vertex 5.74057 3.23945 -2.94137
      vertex 5.66418 3.35414 -2.91282
      vertex 5.67175 3.34674 -2.91102
    endloop
  endfacet
  facet normal 0.667374 0.565269 -0.484853
    outer loop
      vertex 5.26829 3.5232 -3.26062
      vertex 5.78852 3.10827 -3.0283
      vertex 5.23948 3.43442 -3.40378
    endloop
  endfacet
  facet normal 0.667379 0.565221 -0.484902
    outer loop
      vertex 5.23948 3.43442 -3.40378
      vertex 5.78852 3.10827 -3.0283
      vertex 5.24083 3.42278 -3.41549
    endloop
  endfacet
  facet normal 0.66768 0.565161 -0.484558
    outer loop
      vertex 5.78852 3.10827 -3.0283
      vertex 5.74057 3.23945 -2.94137
      vertex 5.7463 3.23052 -2.94389
    endloop
  endfacet
  facet normal 0.667344 0.565499 -0.484626
    outer loop
      vertex 5.79204 3.0981 -3.03532
      vertex 5.24083 3.42278 -3.41549
      vertex 5.78852 3.10827 -3.0283
    endloop
  endfacet
  facet normal 0.667372 0.565247 -0.484882
    outer loop
      vertex 5.80094 2.98769 -3.15178
      vertex 5.24083 3.42278 -3.41549
      vertex 5.79204 3.0981 -3.03532
    endloop
  endfacet
  facet normal 0.667375 0.565258 -0.484865
    outer loop
      vertex 5.70481 2.51707 -3.83274
      vertex 5.26251 3.15612 -3.69652
      vertex 5.28807 3.14387 -3.67562
    endloop
  endfacet
  facet normal 0.667374 0.565261 -0.484863
    outer loop
      vertex 5.24083 3.42278 -3.41549
      vertex 5.80094 2.98769 -3.15178
      vertex 5.25706 3.28293 -3.55619
    endloop
  endfacet
  facet normal 0.667373 0.565263 -0.484861
    outer loop
      vertex 5.76901 2.91948 -3.27525
      vertex 5.25706 3.28293 -3.55619
      vertex 5.80094 2.98769 -3.15178
    endloop
  endfacet
  facet normal 0.667373 0.565256 -0.48487
    outer loop
      vertex 5.69814 2.89659 -3.39948
      vertex 5.25706 3.28293 -3.55619
      vertex 5.76901 2.91948 -3.27525
    endloop
  endfacet
  facet normal 0.667376 0.565258 -0.484863
    outer loop
      vertex 5.70481 2.51707 -3.83274
      vertex 5.28807 3.14387 -3.67562
      vertex 5.59028 2.92212 -3.51817
    endloop
  endfacet
  facet normal 0.667349 0.56525 -0.484911
    outer loop
      vertex 5.26251 3.15612 -3.69652
      vertex 5.70481 2.51707 -3.83274
      vertex 5.18031 3.19551 -3.76373
    endloop
  endfacet
  facet normal 0.667468 0.565317 -0.484668
    outer loop
      vertex 5.71434 2.48339 -3.8589
      vertex 5.18031 3.19551 -3.76373
      vertex 5.70481 2.51707 -3.83274
    endloop
  endfacet
  facet normal 0.667375 0.56526 -0.484864
    outer loop
      vertex 6.08137 2.51131 -3.32116
      vertex 7.5131 -1.0125 -5.4586
      vertex 5.93584 2.44304 -3.60106
    endloop
  endfacet
  facet normal 0.667353 0.565261 -0.484892
    outer loop
      vertex 5.71434 2.48339 -3.8589
      vertex 7.5131 -1.0125 -5.4586
      vertex 5.18031 3.19551 -3.76373
    endloop
  endfacet
  facet normal 0.667378 0.565259 -0.484859
    outer loop
      vertex 5.93584 2.44304 -3.60106
      vertex 7.5131 -1.0125 -5.4586
      vertex 5.71434 2.48339 -3.8589
    endloop
  endfacet
  facet normal 0.667375 0.56525 -0.484873
    outer loop
      vertex 5.25706 3.28293 -3.55619
      vertex 5.59028 2.92212 -3.51817
      vertex 5.28807 3.14387 -3.67562
    endloop
  endfacet
  facet normal 0.667381 0.565282 -0.484828
    outer loop
      vertex 5.59857 2.92016 -3.50906
      vertex 5.25706 3.28293 -3.55619
      vertex 5.69814 2.89659 -3.39948
    endloop
  endfacet
  facet normal 0.667138 0.564961 -0.485538
    outer loop
      vertex 5.59028 2.92212 -3.51817
      vertex 5.25706 3.28293 -3.55619
      vertex 5.59857 2.92016 -3.50906
    endloop
  endfacet
  facet normal 0.797379 -0.168885 0.579365
    outer loop
      vertex 7.5131 -1.0125 5.4586
      vertex 7.311 -1.4631 5.6054
      vertex 7.5903 -1.4631 5.221
    endloop
  endfacet
  facet normal 0.587758 -4.30881e-05 0.809036
    outer loop
      vertex 2.8697 1.0125 8.8321
      vertex 7.5131 -1.0125 5.4586
      vertex 3.0718 1.4631 8.6853
    endloop
  endfacet
  facet normal 0.587758 -4.30881e-05 0.809036
    outer loop
      vertex 7.5131 -1.0125 5.4586
      vertex 2.8697 1.0125 8.8321
      vertex 7.311 -1.4631 5.6054
    endloop
  endfacet
  facet normal 0.667358 0.56526 0.484886
    outer loop
      vertex 3.0718 1.4631 8.6853
      vertex 3.84233 4.69024 3.86274
      vertex 0.327 11.9502 0.237599
    endloop
  endfacet
  facet normal 0.667358 0.565252 0.484894
    outer loop
      vertex 4.49647 3.11366 4.80034
      vertex 5.28019 2.81273 4.07251
      vertex 5.1579 2.94625 4.08517
    endloop
  endfacet
  facet normal 0.667375 0.565211 0.484921
    outer loop
      vertex 4.5134 3.03776 4.86552
      vertex 5.40792 2.69146 4.03807
      vertex 5.28019 2.81273 4.07251
    endloop
  endfacet
  facet normal 0.667335 0.565342 0.484823
    outer loop
      vertex 4.5134 3.03776 4.86552
      vertex 5.49865 2.62128 3.99502
      vertex 5.40792 2.69146 4.03807
    endloop
  endfacet
  facet normal 0.667358 0.56526 0.484886
    outer loop
      vertex 3.84233 4.69024 3.86274
      vertex 3.0718 1.4631 8.6853
      vertex 4.17464 3.20009 5.14253
    endloop
  endfacet
  facet normal 0.667358 0.56526 0.484886
    outer loop
      vertex 7.5131 -1.0125 5.4586
      vertex 4.17464 3.20009 5.14253
      vertex 3.0718 1.4631 8.6853
    endloop
  endfacet
  facet normal 0.667361 0.565262 0.484879
    outer loop
      vertex 4.17464 3.20009 5.14253
      vertex 7.5131 -1.0125 5.4586
      vertex 4.5134 3.03776 4.86552
    endloop
  endfacet
  facet normal 0.667357 0.56526 0.484887
    outer loop
      vertex 4.5134 3.03776 4.86552
      vertex 7.5131 -1.0125 5.4586
      vertex 5.49865 2.62128 3.99502
    endloop
  endfacet
  facet normal 0.667361 0.565259 0.484882
    outer loop
      vertex 4.10632 4.56374 3.64687
      vertex 0.327 11.9502 0.237599
      vertex 3.84233 4.69024 3.86274
    endloop
  endfacet
  facet normal 0.667479 0.56525 0.484731
    outer loop
      vertex 4.12828 4.55321 3.62891
      vertex 0.327 11.9502 0.237599
      vertex 4.10632 4.56374 3.64687
    endloop
  endfacet
  facet normal 0.667341 0.565261 0.484909
    outer loop
      vertex 4.3108 4.38274 3.57644
      vertex 0.327 11.9502 0.237599
      vertex 4.12828 4.55321 3.62891
    endloop
  endfacet
  facet normal 0.667003 0.565278 0.485352
    outer loop
      vertex 4.32599 4.36856 3.57208
      vertex 0.327 11.9502 0.237599
      vertex 4.3108 4.38274 3.57644
    endloop
  endfacet
  facet normal 0.6674 0.565258 0.484831
    outer loop
      vertex 4.51167 4.16758 3.5508
      vertex 0.327 11.9502 0.237599
      vertex 4.32599 4.36856 3.57208
    endloop
  endfacet
  facet normal 0.667288 0.565262 0.484981
    outer loop
      vertex 4.52712 4.15086 3.54903
      vertex 0.327 11.9502 0.237599
      vertex 4.51167 4.16758 3.5508
    endloop
  endfacet
  facet normal 0.667316 0.565261 0.484943
    outer loop
      vertex 4.72188 3.9147 3.5563
      vertex 0.327 11.9502 0.237599
      vertex 4.52712 4.15086 3.54903
    endloop
  endfacet
  facet normal 0.667692 0.565255 0.484432
    outer loop
      vertex 4.73808 3.89505 3.5569
      vertex 0.327 11.9502 0.237599
      vertex 4.72188 3.9147 3.5563
    endloop
  endfacet
  facet normal 0.667385 0.565259 0.484849
    outer loop
      vertex 0.327 11.9502 0.237599
      vertex 4.73808 3.89505 3.5569
      vertex 4.93954 3.62983 3.5888
    endloop
  endfacet
  facet normal 0.667366 0.565254 0.484882
    outer loop
      vertex 4.30099 4.01865 4.01438
      vertex 4.50071 3.81121 3.98132
      vertex 4.3973 3.92842 3.98701
    endloop
  endfacet
  facet normal 0.667377 0.565251 0.484869
    outer loop
      vertex 4.49647 3.11366 4.80034
      vertex 4.30099 4.01865 4.01438
      vertex 4.29298 4.02616 4.01665
    endloop
  endfacet
  facet normal 0.667407 0.565312 0.484758
    outer loop
      vertex 4.30099 4.01865 4.01438
      vertex 4.60436 3.6797 3.99198
      vertex 4.50071 3.81121 3.98132
    endloop
  endfacet
  facet normal 0.667358 0.565261 0.484885
    outer loop
      vertex 4.30099 4.01865 4.01438
      vertex 4.49647 3.11366 4.80034
      vertex 4.60436 3.6797 3.99198
    endloop
  endfacet
  facet normal 0.667458 0.56518 0.484842
    outer loop
      vertex 4.60436 3.6797 3.99198
      vertex 4.49647 3.11366 4.80034
      vertex 4.61243 3.6689 3.99346
    endloop
  endfacet
  facet normal 0.66736 0.565261 0.484883
    outer loop
      vertex 4.61243 3.6689 3.99346
      vertex 4.49647 3.11366 4.80034
      vertex 4.70937 3.53913 4.01132
    endloop
  endfacet
  facet normal 0.666941 0.565665 0.484988
    outer loop
      vertex 4.70937 3.53913 4.01132
      vertex 4.49647 3.11366 4.80034
      vertex 4.71761 3.52782 4.01318
    endloop
  endfacet
  facet normal 0.667374 0.565241 0.484886
    outer loop
      vertex 4.71761 3.52782 4.01318
      vertex 4.49647 3.11366 4.80034
      vertex 4.81658 3.39176 4.03557
    endloop
  endfacet
  facet normal 0.667338 0.565283 0.484887
    outer loop
      vertex 4.81658 3.39176 4.03557
      vertex 4.49647 3.11366 4.80034
      vertex 4.82504 3.3801 4.03752
    endloop
  endfacet
  facet normal 0.667369 0.565246 0.484887
    outer loop
      vertex 4.82504 3.3801 4.03752
      vertex 4.49647 3.11366 4.80034
      vertex 4.92673 3.23993 4.06096
    endloop
  endfacet
  facet normal 0.66716 0.565553 0.484818
    outer loop
      vertex 4.92673 3.23993 4.06096
      vertex 4.49647 3.11366 4.80034
      vertex 4.93546 3.22838 4.06242
    endloop
  endfacet
  facet normal 0.66738 0.565224 0.484898
    outer loop
      vertex 4.49647 3.11366 4.80034
      vertex 5.04034 3.08948 4.07998
      vertex 4.93546 3.22838 4.06242
    endloop
  endfacet
  facet normal 0.667094 0.565762 0.484664
    outer loop
      vertex 4.49647 3.11366 4.80034
      vertex 5.04937 3.07849 4.08038
      vertex 5.04034 3.08948 4.07998
    endloop
  endfacet
  facet normal 0.667356 0.565261 0.484888
    outer loop
      vertex 5.28019 2.81273 4.07251
      vertex 4.49647 3.11366 4.80034
      vertex 4.5134 3.03776 4.86552
    endloop
  endfacet
  facet normal 0.667354 0.565264 0.484887
    outer loop
      vertex 4.49647 3.11366 4.80034
      vertex 5.1579 2.94625 4.08517
      vertex 5.04937 3.07849 4.08038
    endloop
  endfacet
  facet normal 0.235757 0.646314 0.725739
    outer loop
      vertex 0.327 11.9502 0.237599
      vertex -0.1249 11.9502 0.384399
      vertex 2.62 1.4631 8.8321
    endloop
  endfacet
  facet normal -0.255107 0.565067 0.784615
    outer loop
      vertex -1.256 4.32418 5.51137
      vertex 2.62 1.4631 8.8321
      vertex -1.2496 4.34637 5.49747
    endloop
  endfacet
  facet normal -0.254904 0.565258 0.784543
    outer loop
      vertex 2.62 1.4631 8.8321
      vertex -1.256 4.32418 5.51137
      vertex -1.19467 2.64935 6.738
    endloop
  endfacet
  facet normal -0.254919 0.565255 0.78454
    outer loop
      vertex -1.37173 4.06667 5.6593
      vertex -1.19467 2.64935 6.738
      vertex -1.256 4.32418 5.51137
    endloop
  endfacet
  facet normal -0.254449 0.565368 0.784611
    outer loop
      vertex -1.38137 4.04522 5.67163
      vertex -1.19467 2.64935 6.738
      vertex -1.37173 4.06667 5.6593
    endloop
  endfacet
  facet normal -0.254927 0.56525 0.784541
    outer loop
      vertex -1.54806 3.76854 5.81681
      vertex -1.19467 2.64935 6.738
      vertex -1.38137 4.04522 5.67163
    endloop
  endfacet
  facet normal -0.254887 0.565265 0.784543
    outer loop
      vertex -1.75519 3.48687 5.95246
      vertex -1.19467 2.64935 6.738
      vertex -1.54806 3.76854 5.81681
    endloop
  endfacet
  facet normal -0.254907 0.565253 0.784545
    outer loop
      vertex -1.96812 3.24532 6.05731
      vertex -1.19467 2.64935 6.738
      vertex -1.75519 3.48687 5.95246
    endloop
  endfacet
  facet normal -0.254908 0.565252 0.784545
    outer loop
      vertex -1.19467 2.64935 6.738
      vertex -1.96812 3.24532 6.05731
      vertex -2.09432 2.64934 6.4457
    endloop
  endfacet
  facet normal -0.254902 0.565257 0.784544
    outer loop
      vertex -0.1249 11.9502 0.384399
      vertex -1.67858 4.61274 5.16617
      vertex -1.1728 4.61274 5.3305
    endloop
  endfacet
  facet normal -0.254905 0.565256 0.784544
    outer loop
      vertex -1.1728 4.61274 5.3305
      vertex 2.62 1.4631 8.8321
      vertex -0.1249 11.9502 0.384399
    endloop
  endfacet
  facet normal -0.254892 0.565268 0.78454
    outer loop
      vertex -1.2496 4.34637 5.49747
      vertex 2.62 1.4631 8.8321
      vertex -1.1728 4.61274 5.3305
    endloop
  endfacet
  facet normal -0.254905 0.565257 0.784544
    outer loop
      vertex -1.26993 2.29395 6.96961
      vertex 2.62 1.4631 8.8321
      vertex -1.19467 2.64935 6.738
    endloop
  endfacet
  facet normal -0.254913 0.565239 0.784553
    outer loop
      vertex -1.2762 2.26432 6.98892
      vertex 2.62 1.4631 8.8321
      vertex -1.26993 2.29395 6.96961
    endloop
  endfacet
  facet normal -0.254907 0.565257 0.784542
    outer loop
      vertex -2.8697 -1.0125 8.8321
      vertex -1.2762 2.26432 6.98892
      vertex -2.17585 2.26431 6.69662
    endloop
  endfacet
  facet normal -0.254905 0.565257 0.784543
    outer loop
      vertex -1.2762 2.26432 6.98892
      vertex -2.8697 -1.0125 8.8321
      vertex 2.62 1.4631 8.8321
    endloop
  endfacet
  facet normal 0.304586 0.168786 0.937411
    outer loop
      vertex 3.0718 1.4631 8.6853
      vertex 2.62 1.4631 8.8321
      vertex 2.8697 1.0125 8.8321
    endloop
  endfacet
  facet normal 0.235804 0.646312 0.725725
    outer loop
      vertex 3.0718 1.4631 8.6853
      vertex 0.327 11.9502 0.237599
      vertex 2.62 1.4631 8.8321
    endloop
  endfacet
endsolid OpenSCAD_Model
