solid OpenSCAD_Model
  facet normal 0 0.850679 0.525685
    outer loop
      vertex 1.1853 8.39187 2.94224
      vertex 0.216949 8.087 3.43559
      vertex 1.1853 8.087 3.43559
    endloop
  endfacet
  facet normal -0 0.850679 0.525685
    outer loop
      vertex -1.45897 8.39187 2.94224
      vertex 0.216949 8.087 3.43559
      vertex 1.1853 8.39187 2.94224
    endloop
  endfacet
  facet normal 0 0.850679 0.525685
    outer loop
      vertex 0.216949 8.087 3.43559
      vertex -1.45897 8.39187 2.94224
      vertex -0.562759 8.087 3.43559
    endloop
  endfacet
  facet normal 0 0.850679 0.525685
    outer loop
      vertex -0.562759 8.087 3.43559
      vertex -1.45897 8.39187 2.94224
      vertex -1.45897 8.087 3.43559
    endloop
  endfacet
  facet normal -3.60542e-06 0.850677 0.525689
    outer loop
      vertex 1.15479 6.99302 5.2059
      vertex 0.216949 6.68522 5.70398
      vertex 1.15479 6.67064 5.72758
    endloop
  endfacet
  facet normal -3.26563e-06 0.850683 0.525679
    outer loop
      vertex 0.216949 6.68522 5.70398
      vertex 0.175293 6.33661 6.26812
      vertex 1.15479 6.67064 5.72758
    endloop
  endfacet
  facet normal 6.44449e-06 0.850679 0.525686
    outer loop
      vertex -0.562759 8.087 3.43559
      vertex -0.562759 6.33661 6.26812
      vertex 0.216949 6.68522 5.70398
    endloop
  endfacet
  facet normal 0 0.850683 0.525679
    outer loop
      vertex 0.216949 6.68522 5.70398
      vertex -0.562759 6.33661 6.26812
      vertex 0.175293 6.33661 6.26812
    endloop
  endfacet
  facet normal 0 0.850678 0.525687
    outer loop
      vertex 0.216949 8.087 3.43559
      vertex -0.562759 8.087 3.43559
      vertex 0.216949 6.68522 5.70398
    endloop
  endfacet
  facet normal 0 0.525677 -0.850684
    outer loop
      vertex -1.45897 8.087 3.43559
      vertex -0.562759 8.59753 3.75107
      vertex -0.562759 8.087 3.43559
    endloop
  endfacet
  facet normal 0 0.525677 -0.850684
    outer loop
      vertex -0.562759 8.59753 3.75107
      vertex -1.45897 8.087 3.43559
      vertex -1.45897 8.59753 3.75107
    endloop
  endfacet
  facet normal 1 0 0
    outer loop
      vertex -0.562759 6.84699 6.58352
      vertex -0.562759 8.087 3.43559
      vertex -0.562759 8.59753 3.75107
    endloop
  endfacet
  facet normal 1 0 0
    outer loop
      vertex -0.562759 8.087 3.43559
      vertex -0.562759 6.84699 6.58352
      vertex -0.562759 6.33661 6.26812
    endloop
  endfacet
  facet normal 0 0.525692 -0.850675
    outer loop
      vertex -0.562759 6.33661 6.26812
      vertex 0.175293 6.84699 6.58352
      vertex 0.175293 6.33661 6.26812
    endloop
  endfacet
  facet normal 0 0.525692 -0.850675
    outer loop
      vertex 0.175293 6.84699 6.58352
      vertex -0.562759 6.33661 6.26812
      vertex -0.562759 6.84699 6.58352
    endloop
  endfacet
  facet normal -0.544234 0.441013 -0.713664
    outer loop
      vertex 0.175293 6.33661 6.26812
      vertex 0.250702 6.87271 6.5419
      vertex 1.15479 6.67064 5.72758
    endloop
  endfacet
  facet normal -0.544285 0.441004 -0.713632
    outer loop
      vertex 0.250702 6.87271 6.5419
      vertex 0.175293 6.33661 6.26812
      vertex 0.175293 6.84699 6.58352
    endloop
  endfacet
  facet normal -0.544235 0.441012 -0.713665
    outer loop
      vertex 1.15479 6.67064 5.72758
      vertex 0.250702 6.87271 6.5419
      vertex 1.15479 7.18105 6.04299
    endloop
  endfacet
  facet normal -1 0 0
    outer loop
      vertex 1.15479 6.99302 5.2059
      vertex 1.15479 7.18105 6.04299
      vertex 1.15479 7.50345 5.52133
    endloop
  endfacet
  facet normal -1 0 0
    outer loop
      vertex 1.15479 7.18105 6.04299
      vertex 1.15479 6.99302 5.2059
      vertex 1.15479 6.67064 5.72758
    endloop
  endfacet
  facet normal 0.529585 -0.445921 0.721591
    outer loop
      vertex 0.216949 7.19563 6.0194
      vertex 1.15479 6.99302 5.2059
      vertex 1.15479 7.50345 5.52133
    endloop
  endfacet
  facet normal 0.529584 -0.445924 0.721591
    outer loop
      vertex 1.15479 6.99302 5.2059
      vertex 0.216949 7.19563 6.0194
      vertex 0.216949 6.68522 5.70398
    endloop
  endfacet
  facet normal -1 0 0
    outer loop
      vertex 0.216949 8.087 3.43559
      vertex 0.216949 7.19563 6.0194
      vertex 0.216949 8.59753 3.75107
    endloop
  endfacet
  facet normal -1 0 -0
    outer loop
      vertex 0.216949 7.19563 6.0194
      vertex 0.216949 8.087 3.43559
      vertex 0.216949 6.68522 5.70398
    endloop
  endfacet
  facet normal 0 0.525677 -0.850684
    outer loop
      vertex 0.216949 8.087 3.43559
      vertex 1.1853 8.59753 3.75107
      vertex 1.1853 8.087 3.43559
    endloop
  endfacet
  facet normal 0 0.525677 -0.850684
    outer loop
      vertex 1.1853 8.59753 3.75107
      vertex 0.216949 8.087 3.43559
      vertex 0.216949 8.59753 3.75107
    endloop
  endfacet
  facet normal -1 0 0
    outer loop
      vertex 1.1853 8.39187 2.94224
      vertex 1.1853 8.59753 3.75107
      vertex 1.1853 8.90242 3.25774
    endloop
  endfacet
  facet normal -1 0 0
    outer loop
      vertex 1.1853 8.59753 3.75107
      vertex 1.1853 8.39187 2.94224
      vertex 1.1853 8.087 3.43559
    endloop
  endfacet
  facet normal 0 -0.525686 0.850679
    outer loop
      vertex -1.45897 8.90242 3.25774
      vertex 1.1853 8.39187 2.94224
      vertex 1.1853 8.90242 3.25774
    endloop
  endfacet
  facet normal 0 -0.525686 0.850679
    outer loop
      vertex 1.1853 8.39187 2.94224
      vertex -1.45897 8.90242 3.25774
      vertex -1.45897 8.39187 2.94224
    endloop
  endfacet
  facet normal 1 0 0
    outer loop
      vertex -1.45897 8.59753 3.75107
      vertex -1.45897 8.39187 2.94224
      vertex -1.45897 8.90242 3.25774
    endloop
  endfacet
  facet normal 1 0 -0
    outer loop
      vertex -1.45897 8.39187 2.94224
      vertex -1.45897 8.59753 3.75107
      vertex -1.45897 8.087 3.43559
    endloop
  endfacet
  facet normal 0.85066 0.525716 -2.05535e-05
    outer loop
      vertex 7.47419 4.42726 0.579354
      vertex 7.1074 5.02077 0.77727
      vertex 7.14317 4.9629 1.01706
    endloop
  endfacet
  facet normal 0.850666 0.525707 -6.36033e-07
    outer loop
      vertex 6.9678 5.24668 -1.10653
      vertex 6.13446 6.59514 -0.0152264
      vertex 6.40707 6.15402 0.361539
    endloop
  endfacet
  facet normal 0.850666 0.525706 -1.93083e-06
    outer loop
      vertex 8.34485 3.01841 -0.134051
      vertex 7.92116 3.704 0.0841837
      vertex 8.00213 3.57298 0.272855
    endloop
  endfacet
  facet normal 0.850667 0.525705 2.34054e-06
    outer loop
      vertex 7.20995 4.85485 -1.9105
      vertex 6.9678 5.24668 -1.10653
      vertex 7.29386 4.71907 -1.56605
    endloop
  endfacet
  facet normal 0.85066 0.525716 -3.12984e-06
    outer loop
      vertex 7.52708 4.34167 0.805531
      vertex 7.27067 4.75657 1.44621
      vertex 7.60372 4.21766 0.962472
    endloop
  endfacet
  facet normal 0.850657 0.525721 1.10706e-06
    outer loop
      vertex 7.60372 4.21766 0.962472
      vertex 7.37352 4.59014 1.6218
      vertex 7.59676 4.22892 1.82572
    endloop
  endfacet
  facet normal 0.850671 0.525699 1.05926e-05
    outer loop
      vertex 8.04208 3.50832 1.61808
      vertex 7.80624 3.88996 1.08372
      vertex 7.8227 3.86331 1.8242
    endloop
  endfacet
  facet normal 0.850671 0.525698 1.05574e-05
    outer loop
      vertex 7.80624 3.88996 1.08372
      vertex 7.59676 4.22892 1.82572
      vertex 7.8227 3.86331 1.8242
    endloop
  endfacet
  facet normal 0.850671 0.525699 8.56639e-06
    outer loop
      vertex 8.24553 3.17911 1.20815
      vertex 7.97948 3.60963 0.847301
      vertex 8.04208 3.50832 1.61808
    endloop
  endfacet
  facet normal 0.850666 0.525706 1.27161e-05
    outer loop
      vertex 7.60372 4.21766 0.962472
      vertex 7.27067 4.75657 1.44621
      vertex 7.37352 4.59014 1.6218
    endloop
  endfacet
  facet normal 0.850675 0.525692 -2.2829e-05
    outer loop
      vertex 8.04013 3.51149 0.459569
      vertex 8.03322 3.52268 0.649371
      vertex 8.37708 2.96625 0.742199
    endloop
  endfacet
  facet normal 0.850676 0.52569 2.00226e-05
    outer loop
      vertex 7.52708 4.34167 0.805531
      vertex 7.19574 4.87783 1.24233
      vertex 7.27067 4.75657 1.44621
    endloop
  endfacet
  facet normal 0.850668 0.525703 3.77461e-06
    outer loop
      vertex 8.34485 3.01841 -0.134051
      vertex 8.00213 3.57298 0.272855
      vertex 8.40991 2.91313 0.291556
    endloop
  endfacet
  facet normal 0.850667 0.525704 6.79791e-06
    outer loop
      vertex 8.18268 3.28083 -0.524989
      vertex 7.92116 3.704 0.0841837
      vertex 8.34485 3.01841 -0.134051
    endloop
  endfacet
  facet normal 0.850665 0.525707 2.44897e-05
    outer loop
      vertex 7.43974 4.48302 0.251821
      vertex 7.08546 5.05628 0.526139
      vertex 7.47419 4.42726 0.579354
    endloop
  endfacet
  facet normal 0.85066 0.525717 1.31721e-05
    outer loop
      vertex 7.43974 4.48302 0.251821
      vertex 7.06848 5.08376 0.00706482
      vertex 7.07431 5.07432 0.266786
    endloop
  endfacet
  facet normal 0.850667 0.525705 1.52305e-05
    outer loop
      vertex 7.41844 4.51748 -0.209333
      vertex 7.06249 5.09346 -0.245157
      vertex 7.06848 5.08376 0.00706482
    endloop
  endfacet
  facet normal 0.850668 0.525704 -9.26328e-06
    outer loop
      vertex 7.41844 4.51748 -0.209333
      vertex 7.05344 5.1081 -0.486976
      vertex 7.06249 5.09346 -0.245157
    endloop
  endfacet
  facet normal 0.850666 0.525707 1.49313e-05
    outer loop
      vertex 7.39467 4.55595 -0.725346
      vertex 7.03847 5.13233 -0.715629
      vertex 7.05344 5.1081 -0.486976
    endloop
  endfacet
  facet normal 0.850656 0.525722 -1.9562e-05
    outer loop
      vertex 7.35428 4.62131 -1.1743
      vertex 7.01181 5.17546 -0.924364
      vertex 7.03847 5.13233 -0.715629
    endloop
  endfacet
  facet normal 0.850668 0.525703 6.42601e-07
    outer loop
      vertex 8.40991 2.91313 0.291556
      vertex 8.00213 3.57298 0.272855
      vertex 8.04013 3.51149 0.459569
    endloop
  endfacet
  facet normal 0.850668 0.525703 4.71532e-06
    outer loop
      vertex 8.40991 2.91313 0.291556
      vertex 8.04013 3.51149 0.459569
      vertex 8.37708 2.96625 0.742199
    endloop
  endfacet
  facet normal 0.850672 0.525697 1.31914e-05
    outer loop
      vertex 8.37708 2.96625 0.742199
      vertex 8.03322 3.52268 0.649371
      vertex 8.24553 3.17911 1.20815
    endloop
  endfacet
  facet normal 0.850665 0.525708 2.25988e-05
    outer loop
      vertex 8.03322 3.52268 0.649371
      vertex 7.97948 3.60963 0.847301
      vertex 8.24553 3.17911 1.20815
    endloop
  endfacet
  facet normal 0.850672 0.525697 8.10326e-06
    outer loop
      vertex 7.97948 3.60963 0.847301
      vertex 7.80624 3.88996 1.08372
      vertex 8.04208 3.50832 1.61808
    endloop
  endfacet
  facet normal 0.850662 0.525713 1.24733e-06
    outer loop
      vertex 7.60372 4.21766 0.962472
      vertex 7.59676 4.22892 1.82572
      vertex 7.80624 3.88996 1.08372
    endloop
  endfacet
  facet normal 0.850672 0.525697 1.07382e-05
    outer loop
      vertex 7.47419 4.42726 0.579354
      vertex 7.14317 4.9629 1.01706
      vertex 7.52708 4.34167 0.805531
    endloop
  endfacet
  facet normal 0.850671 0.525699 6.26184e-06
    outer loop
      vertex 7.52708 4.34167 0.805531
      vertex 7.14317 4.9629 1.01706
      vertex 7.19574 4.87783 1.24233
    endloop
  endfacet
  facet normal 0.850666 0.525707 1.6915e-05
    outer loop
      vertex 7.47419 4.42726 0.579354
      vertex 7.08546 5.05628 0.526139
      vertex 7.1074 5.02077 0.77727
    endloop
  endfacet
  facet normal 0.850659 0.525717 -3.53165e-06
    outer loop
      vertex 7.43974 4.48302 0.251821
      vertex 7.07431 5.07432 0.266786
      vertex 7.08546 5.05628 0.526139
    endloop
  endfacet
  facet normal 0.850663 0.525711 -6.78505e-06
    outer loop
      vertex 7.41844 4.51748 -0.209333
      vertex 7.06848 5.08376 0.00706482
      vertex 7.43974 4.48302 0.251821
    endloop
  endfacet
  facet normal 0.850664 0.525709 7.26785e-06
    outer loop
      vertex 7.39467 4.55595 -0.725346
      vertex 7.05344 5.1081 -0.486976
      vertex 7.41844 4.51748 -0.209333
    endloop
  endfacet
  facet normal 0.850666 0.525707 4.07882e-06
    outer loop
      vertex 7.35428 4.62131 -1.1743
      vertex 7.03847 5.13233 -0.715629
      vertex 7.39467 4.55595 -0.725346
    endloop
  endfacet
  facet normal 0.850664 0.52571 1.84241e-05
    outer loop
      vertex 7.35428 4.62131 -1.1743
      vertex 6.9678 5.24668 -1.10653
      vertex 7.01181 5.17546 -0.924364
    endloop
  endfacet
  facet normal 0.850663 0.525712 -8.69075e-06
    outer loop
      vertex 7.29386 4.71907 -1.56605
      vertex 6.9678 5.24668 -1.10653
      vertex 7.35428 4.62131 -1.1743
    endloop
  endfacet
  facet normal 0.85067 0.5257 5.9644e-06
    outer loop
      vertex 6.97984 5.22721 -2.22853
      vertex 6.9678 5.24668 -1.10653
      vertex 7.20995 4.85485 -1.9105
    endloop
  endfacet
  facet normal 0.850668 0.525703 5.88997e-06
    outer loop
      vertex 6.97984 5.22721 -2.22853
      vertex 6.13446 6.59514 -0.0152264
      vertex 6.9678 5.24668 -1.10653
    endloop
  endfacet
  facet normal -0.425297 0.688208 -0.587786
    outer loop
      vertex 6.9678 5.24668 -1.10653
      vertex 6.91749 6.46944 0.361539
      vertex 7.47824 5.56212 -1.10653
    endloop
  endfacet
  facet normal -0.425288 0.688211 -0.587788
    outer loop
      vertex 6.91749 6.46944 0.361539
      vertex 6.9678 5.24668 -1.10653
      vertex 6.40707 6.15402 0.361539
    endloop
  endfacet
  facet normal 0.477665 -0.77295 -0.417594
    outer loop
      vertex 7.47824 5.56212 -1.10653
      vertex 7.01181 5.17546 -0.924364
      vertex 6.9678 5.24668 -1.10653
    endloop
  endfacet
  facet normal 0.477653 -0.772945 -0.417616
    outer loop
      vertex 7.01181 5.17546 -0.924364
      vertex 7.47824 5.56212 -1.10653
      vertex 7.52226 5.4909 -0.924364
    endloop
  endfacet
  facet normal 0.510833 -0.826638 -0.236049
    outer loop
      vertex 7.52226 5.4909 -0.924364
      vertex 7.03847 5.13233 -0.715629
      vertex 7.01181 5.17546 -0.924364
    endloop
  endfacet
  facet normal 0.510843 -0.826638 -0.236026
    outer loop
      vertex 7.03847 5.13233 -0.715629
      vertex 7.52226 5.4909 -0.924364
      vertex 7.54891 5.44777 -0.715629
    endloop
  endfacet
  facet normal 0.521661 -0.844151 -0.123607
    outer loop
      vertex 7.03847 5.13233 -0.715629
      vertex 7.55007 5.44591 -0.698052
      vertex 7.05344 5.1081 -0.486976
    endloop
  endfacet
  facet normal 0.521655 -0.844134 -0.123753
    outer loop
      vertex 7.55007 5.44591 -0.698052
      vertex 7.03847 5.13233 -0.715629
      vertex 7.54891 5.44777 -0.715629
    endloop
  endfacet
  facet normal 0.521656 -0.844152 -0.123619
    outer loop
      vertex 7.56389 5.42354 -0.486976
      vertex 7.05344 5.1081 -0.486976
      vertex 7.55007 5.44591 -0.698052
    endloop
  endfacet
  facet normal 0.524373 -0.848524 -0.0709951
    outer loop
      vertex 7.05344 5.1081 -0.486976
      vertex 7.56458 5.42242 -0.468387
      vertex 7.06249 5.09346 -0.245157
    endloop
  endfacet
  facet normal 0.524377 -0.848555 -0.0705902
    outer loop
      vertex 7.56458 5.42242 -0.468387
      vertex 7.05344 5.1081 -0.486976
      vertex 7.56389 5.42354 -0.486976
    endloop
  endfacet
  facet normal 0.524361 -0.848529 -0.0710288
    outer loop
      vertex 7.57294 5.4089 -0.245157
      vertex 7.06249 5.09346 -0.245157
      vertex 7.56458 5.42242 -0.468387
    endloop
  endfacet
  facet normal 0.525152 -0.84981 -0.045154
    outer loop
      vertex 7.57294 5.4089 -0.245157
      vertex 7.06848 5.08376 0.00706482
      vertex 7.06249 5.09346 -0.245157
    endloop
  endfacet
  facet normal 0.525152 -0.84981 -0.045154
    outer loop
      vertex 7.06848 5.08376 0.00706482
      vertex 7.57294 5.4089 -0.245157
      vertex 7.57893 5.3992 0.00706482
    endloop
  endfacet
  facet normal 0.525215 -0.849899 -0.0426806
    outer loop
      vertex 7.06848 5.08376 0.00706482
      vertex 7.57938 5.39848 0.0270281
      vertex 7.07431 5.07432 0.266786
    endloop
  endfacet
  facet normal 0.525214 -0.849909 -0.042492
    outer loop
      vertex 7.57938 5.39848 0.0270281
      vertex 7.06848 5.08376 0.00706482
      vertex 7.57893 5.3992 0.00706482
    endloop
  endfacet
  facet normal 0.525209 -0.849901 -0.0426963
    outer loop
      vertex 7.58476 5.38976 0.266786
      vertex 7.07431 5.07432 0.266786
      vertex 7.57938 5.39848 0.0270281
    endloop
  endfacet
  facet normal 0.523945 -0.847844 -0.0814993
    outer loop
      vertex 7.07431 5.07432 0.266786
      vertex 7.58562 5.38838 0.28672
      vertex 7.08546 5.05628 0.526139
    endloop
  endfacet
  facet normal 0.523948 -0.847861 -0.0813005
    outer loop
      vertex 7.58562 5.38838 0.28672
      vertex 7.07431 5.07432 0.266786
      vertex 7.58476 5.38976 0.266786
    endloop
  endfacet
  facet normal 0.523939 -0.847846 -0.0815159
    outer loop
      vertex 7.59591 5.37172 0.526139
      vertex 7.08546 5.05628 0.526139
      vertex 7.58562 5.38838 0.28672
    endloop
  endfacet
  facet normal 0.518574 -0.839165 -0.163963
    outer loop
      vertex 7.59591 5.37172 0.526139
      vertex 7.1074 5.02077 0.77727
      vertex 7.08546 5.05628 0.526139
    endloop
  endfacet
  facet normal 0.51858 -0.839163 -0.163951
    outer loop
      vertex 7.1074 5.02077 0.77727
      vertex 7.59591 5.37172 0.526139
      vertex 7.61786 5.33622 0.77727
    endloop
  endfacet
  facet normal 0.505732 -0.818374 -0.272944
    outer loop
      vertex 7.61786 5.33622 0.77727
      vertex 7.14317 4.9629 1.01706
      vertex 7.1074 5.02077 0.77727
    endloop
  endfacet
  facet normal 0.505742 -0.818374 -0.272925
    outer loop
      vertex 7.14317 4.9629 1.01706
      vertex 7.61786 5.33622 0.77727
      vertex 7.65362 5.27835 1.01706
    endloop
  endfacet
  facet normal 0.480484 -0.777502 -0.40574
    outer loop
      vertex 7.65362 5.27835 1.01706
      vertex 7.19574 4.87783 1.24233
      vertex 7.14317 4.9629 1.01706
    endloop
  endfacet
  facet normal 0.480263 -0.777451 -0.4061
    outer loop
      vertex 7.19574 4.87783 1.24233
      vertex 7.65362 5.27835 1.01706
      vertex 7.65767 5.27181 1.03437
    endloop
  endfacet
  facet normal 0.480461 -0.777505 -0.405761
    outer loop
      vertex 7.7062 5.19327 1.24233
      vertex 7.19574 4.87783 1.24233
      vertex 7.65767 5.27181 1.03437
    endloop
  endfacet
  facet normal 0.430826 -0.697184 -0.572995
    outer loop
      vertex 7.7062 5.19327 1.24233
      vertex 7.27067 4.75657 1.44621
      vertex 7.19574 4.87783 1.24233
    endloop
  endfacet
  facet normal 0.43081 -0.697177 -0.573016
    outer loop
      vertex 7.27067 4.75657 1.44621
      vertex 7.7062 5.19327 1.24233
      vertex 7.71196 5.18395 1.258
    endloop
  endfacet
  facet normal 0.430834 -0.697188 -0.572984
    outer loop
      vertex 7.78114 5.07202 1.44621
      vertex 7.27067 4.75657 1.44621
      vertex 7.71196 5.18395 1.258
    endloop
  endfacet
  facet normal 0.351112 -0.568191 -0.744231
    outer loop
      vertex 7.37352 4.59014 1.6218
      vertex 7.78114 5.07202 1.44621
      vertex 7.884 4.90559 1.6218
    endloop
  endfacet
  facet normal 0.351123 -0.568196 -0.744222
    outer loop
      vertex 7.78114 5.07202 1.44621
      vertex 7.37352 4.59014 1.6218
      vertex 7.27067 4.75657 1.44621
    endloop
  endfacet
  facet normal 0.227568 -0.368253 -0.901445
    outer loop
      vertex 7.37352 4.59014 1.6218
      vertex 7.90115 4.87784 1.63747
      vertex 7.59676 4.22892 1.82572
    endloop
  endfacet
  facet normal 0.227613 -0.368337 -0.901399
    outer loop
      vertex 7.90115 4.87784 1.63747
      vertex 7.37352 4.59014 1.6218
      vertex 7.884 4.90559 1.6218
    endloop
  endfacet
  facet normal 0.227568 -0.368253 -0.901445
    outer loop
      vertex 8.10724 4.54438 1.82572
      vertex 7.59676 4.22892 1.82572
      vertex 7.90115 4.87784 1.63747
    endloop
  endfacet
  facet normal -0.0018496 0.00301439 -0.999994
    outer loop
      vertex 7.59676 4.22892 1.82572
      vertex 8.12459 4.5163 1.82561
      vertex 7.8227 3.86331 1.8242
    endloop
  endfacet
  facet normal -0.00175188 0.00283491 -0.999994
    outer loop
      vertex 8.12459 4.5163 1.82561
      vertex 7.59676 4.22892 1.82572
      vertex 8.10724 4.54438 1.82572
    endloop
  endfacet
  facet normal -0.00186797 0.00302288 -0.999994
    outer loop
      vertex 8.3332 4.17877 1.8242
      vertex 7.8227 3.86331 1.8242
      vertex 8.12459 4.5163 1.82561
    endloop
  endfacet
  facet normal -0.232801 0.376726 -0.896594
    outer loop
      vertex 7.8227 3.86331 1.8242
      vertex 8.35004 4.15151 1.80837
      vertex 8.04208 3.50832 1.61808
    endloop
  endfacet
  facet normal -0.232839 0.376796 -0.896555
    outer loop
      vertex 8.35004 4.15151 1.80837
      vertex 7.8227 3.86331 1.8242
      vertex 8.3332 4.17877 1.8242
    endloop
  endfacet
  facet normal -0.232803 0.376727 -0.896593
    outer loop
      vertex 8.55258 3.82379 1.61808
      vertex 8.04208 3.50832 1.61808
      vertex 8.35004 4.15151 1.80837
    endloop
  endfacet
  facet normal -0.382245 0.618569 -0.686485
    outer loop
      vertex 8.24553 3.17911 1.20815
      vertex 8.55258 3.82379 1.61808
      vertex 8.75604 3.49458 1.20815
    endloop
  endfacet
  facet normal -0.382253 0.61857 -0.68648
    outer loop
      vertex 8.55258 3.82379 1.61808
      vertex 8.24553 3.17911 1.20815
      vertex 8.04208 3.50832 1.61808
    endloop
  endfacet
  facet normal -0.463123 0.749449 -0.473121
    outer loop
      vertex 8.76614 3.47824 1.17238
      vertex 8.24553 3.17911 1.20815
      vertex 8.75604 3.49458 1.20815
    endloop
  endfacet
  facet normal -0.463122 0.749449 -0.473122
    outer loop
      vertex 8.24553 3.17911 1.20815
      vertex 8.76614 3.47824 1.17238
      vertex 8.37708 2.96625 0.742199
    endloop
  endfacet
  facet normal -0.463137 0.749448 -0.473108
    outer loop
      vertex 8.88759 3.28173 0.742199
      vertex 8.37708 2.96625 0.742199
      vertex 8.76614 3.47824 1.17238
    endloop
  endfacet
  facet normal -0.520695 0.842632 -0.13729
    outer loop
      vertex 8.40991 2.91313 0.291556
      vertex 8.88759 3.28173 0.742199
      vertex 8.92043 3.2286 0.291556
    endloop
  endfacet
  facet normal -0.520716 0.842623 -0.13726
    outer loop
      vertex 8.88759 3.28173 0.742199
      vertex 8.40991 2.91313 0.291556
      vertex 8.37708 2.96625 0.742199
    endloop
  endfacet
  facet normal -0.50476 0.816846 0.279249
    outer loop
      vertex 8.85536 3.33389 -0.134051
      vertex 8.40991 2.91313 0.291556
      vertex 8.92043 3.2286 0.291556
    endloop
  endfacet
  facet normal -0.504784 0.816841 0.279221
    outer loop
      vertex 8.40991 2.91313 0.291556
      vertex 8.85536 3.33389 -0.134051
      vertex 8.34485 3.01841 -0.134051
    endloop
  endfacet
  facet normal -0.41271 0.667847 0.619396
    outer loop
      vertex 8.84291 3.35403 -0.164062
      vertex 8.34485 3.01841 -0.134051
      vertex 8.85536 3.33389 -0.134051
    endloop
  endfacet
  facet normal -0.412679 0.667807 0.619459
    outer loop
      vertex 8.34485 3.01841 -0.134051
      vertex 8.84291 3.35403 -0.164062
      vertex 8.18268 3.28083 -0.524989
    endloop
  endfacet
  facet normal -0.412679 0.667806 0.61946
    outer loop
      vertex 8.69318 3.5963 -0.524989
      vertex 8.18268 3.28083 -0.524989
      vertex 8.84291 3.35403 -0.164062
    endloop
  endfacet
  facet normal 0.407169 -0.658896 0.63251
    outer loop
      vertex 8.18268 3.28083 -0.524989
      vertex 8.43165 4.01946 0.0841837
      vertex 7.92116 3.704 0.0841837
    endloop
  endfacet
  facet normal 0.407173 -0.658896 0.632508
    outer loop
      vertex 8.43165 4.01946 0.0841837
      vertex 8.18268 3.28083 -0.524989
      vertex 8.69318 3.5963 -0.524989
    endloop
  endfacet
  facet normal 0.407222 -0.658984 -0.632385
    outer loop
      vertex 8.43165 4.01946 0.0841837
      vertex 8.00213 3.57298 0.272855
      vertex 7.92116 3.704 0.0841837
    endloop
  endfacet
  facet normal 0.407222 -0.658984 -0.632385
    outer loop
      vertex 8.00213 3.57298 0.272855
      vertex 8.43165 4.01946 0.0841837
      vertex 8.51262 3.88844 0.272855
    endloop
  endfacet
  facet normal 0.490228 -0.793306 -0.361028
    outer loop
      vertex 8.51262 3.88844 0.272855
      vertex 8.04013 3.51149 0.459569
      vertex 8.00213 3.57298 0.272855
    endloop
  endfacet
  facet normal 0.490234 -0.793308 -0.361017
    outer loop
      vertex 8.04013 3.51149 0.459569
      vertex 8.51262 3.88844 0.272855
      vertex 8.51554 3.88372 0.287192
    endloop
  endfacet
  facet normal 0.490216 -0.793302 -0.361054
    outer loop
      vertex 8.55063 3.82695 0.459569
      vertex 8.04013 3.51149 0.459569
      vertex 8.51554 3.88372 0.287192
    endloop
  endfacet
  facet normal 0.524418 -0.84865 0.0691253
    outer loop
      vertex 8.04013 3.51149 0.459569
      vertex 8.5501 3.82781 0.474143
      vertex 8.03322 3.52268 0.649371
    endloop
  endfacet
  facet normal 0.524417 -0.848649 0.0691491
    outer loop
      vertex 8.5501 3.82781 0.474143
      vertex 8.04013 3.51149 0.459569
      vertex 8.55063 3.82695 0.459569
    endloop
  endfacet
  facet normal 0.524424 -0.848644 0.0691531
    outer loop
      vertex 8.54371 3.83814 0.649371
      vertex 8.03322 3.52268 0.649371
      vertex 8.5501 3.82781 0.474143
    endloop
  endfacet
  facet normal 0.467075 -0.75584 0.458854
    outer loop
      vertex 8.03322 3.52268 0.649371
      vertex 8.53959 3.84482 0.664569
      vertex 7.97948 3.60963 0.847301
    endloop
  endfacet
  facet normal 0.467079 -0.755847 0.458838
    outer loop
      vertex 8.53959 3.84482 0.664569
      vertex 8.03322 3.52268 0.649371
      vertex 8.54371 3.83814 0.649371
    endloop
  endfacet
  facet normal 0.467075 -0.755839 0.458855
    outer loop
      vertex 8.48997 3.92509 0.847301
      vertex 7.97948 3.60963 0.847301
      vertex 8.53959 3.84482 0.664569
    endloop
  endfacet
  facet normal 0.306426 -0.495872 0.812536
    outer loop
      vertex 8.47667 3.94662 0.865456
      vertex 7.97948 3.60963 0.847301
      vertex 8.48997 3.92509 0.847301
    endloop
  endfacet
  facet normal 0.306433 -0.495881 0.812527
    outer loop
      vertex 7.97948 3.60963 0.847301
      vertex 8.47667 3.94662 0.865456
      vertex 7.80624 3.88996 1.08372
    endloop
  endfacet
  facet normal 0.306434 -0.495874 0.812531
    outer loop
      vertex 8.31672 4.20542 1.08372
      vertex 7.80624 3.88996 1.08372
      vertex 8.47667 3.94662 0.865456
    endloop
  endfacet
  facet normal -0.157794 0.255343 0.953887
    outer loop
      vertex 8.30117 4.23059 1.07441
      vertex 7.80624 3.88996 1.08372
      vertex 8.31672 4.20542 1.08372
    endloop
  endfacet
  facet normal -0.157827 0.255391 0.953869
    outer loop
      vertex 7.80624 3.88996 1.08372
      vertex 8.30117 4.23059 1.07441
      vertex 7.60372 4.21766 0.962472
    endloop
  endfacet
  facet normal -0.157827 0.255404 0.953865
    outer loop
      vertex 8.1142 4.53311 0.962472
      vertex 7.60372 4.21766 0.962472
      vertex 8.30117 4.23059 1.07441
    endloop
  endfacet
  facet normal -0.385152 0.623276 0.680577
    outer loop
      vertex 8.03756 4.65712 0.805531
      vertex 7.60372 4.21766 0.962472
      vertex 8.1142 4.53311 0.962472
    endloop
  endfacet
  facet normal -0.385152 0.623276 0.680577
    outer loop
      vertex 7.60372 4.21766 0.962472
      vertex 8.03756 4.65712 0.805531
      vertex 7.52708 4.34167 0.805531
    endloop
  endfacet
  facet normal -0.480223 0.777126 0.406768
    outer loop
      vertex 8.03349 4.6637 0.788155
      vertex 7.52708 4.34167 0.805531
      vertex 8.03756 4.65712 0.805531
    endloop
  endfacet
  facet normal -0.480309 0.777244 0.406442
    outer loop
      vertex 7.52708 4.34167 0.805531
      vertex 8.03349 4.6637 0.788155
      vertex 7.47419 4.42726 0.579354
    endloop
  endfacet
  facet normal -0.480308 0.777248 0.406434
    outer loop
      vertex 7.98466 4.74271 0.579354
      vertex 7.47419 4.42726 0.579354
      vertex 8.03349 4.6637 0.788155
    endloop
  endfacet
  facet normal -0.515464 0.834139 0.196238
    outer loop
      vertex 7.9502 4.79847 0.251821
      vertex 7.47419 4.42726 0.579354
      vertex 7.98466 4.74271 0.579354
    endloop
  endfacet
  facet normal -0.515473 0.834137 0.196223
    outer loop
      vertex 7.47419 4.42726 0.579354
      vertex 7.9502 4.79847 0.251821
      vertex 7.43974 4.48302 0.251821
    endloop
  endfacet
  facet normal -0.523677 0.847412 0.0874998
    outer loop
      vertex 7.92891 4.83293 -0.209333
      vertex 7.43974 4.48302 0.251821
      vertex 7.9502 4.79847 0.251821
    endloop
  endfacet
  facet normal -0.523669 0.847415 0.0875111
    outer loop
      vertex 7.43974 4.48302 0.251821
      vertex 7.92891 4.83293 -0.209333
      vertex 7.41844 4.51748 -0.209333
    endloop
  endfacet
  facet normal -0.523679 0.847432 0.0872949
    outer loop
      vertex 7.90513 4.87139 -0.725346
      vertex 7.41844 4.51748 -0.209333
      vertex 7.92891 4.83293 -0.209333
    endloop
  endfacet
  facet normal -0.523674 0.847434 0.0873011
    outer loop
      vertex 7.41844 4.51748 -0.209333
      vertex 7.90513 4.87139 -0.725346
      vertex 7.39467 4.55595 -0.725346
    endloop
  endfacet
  facet normal -0.518148 0.838492 0.168685
    outer loop
      vertex 7.86474 4.93675 -1.1743
      vertex 7.39467 4.55595 -0.725346
      vertex 7.90513 4.87139 -0.725346
    endloop
  endfacet
  facet normal -0.518148 0.838492 0.168685
    outer loop
      vertex 7.39467 4.55595 -0.725346
      vertex 7.86474 4.93675 -1.1743
      vertex 7.35428 4.62131 -1.1743
    endloop
  endfacet
  facet normal -0.50442 0.816277 0.281517
    outer loop
      vertex 7.80432 5.03452 -1.56605
      vertex 7.35428 4.62131 -1.1743
      vertex 7.86474 4.93675 -1.1743
    endloop
  endfacet
  facet normal -0.504435 0.816275 0.281498
    outer loop
      vertex 7.35428 4.62131 -1.1743
      vertex 7.80432 5.03452 -1.56605
      vertex 7.29386 4.71907 -1.56605
    endloop
  endfacet
  facet normal -0.47699 0.771863 0.420367
    outer loop
      vertex 7.79787 5.04495 -1.59252
      vertex 7.29386 4.71907 -1.56605
      vertex 7.80432 5.03452 -1.56605
    endloop
  endfacet
  facet normal -0.476967 0.771835 0.420444
    outer loop
      vertex 7.29386 4.71907 -1.56605
      vertex 7.79787 5.04495 -1.59252
      vertex 7.20995 4.85485 -1.9105
    endloop
  endfacet
  facet normal -0.476963 0.771845 0.420431
    outer loop
      vertex 7.72041 5.17029 -1.9105
      vertex 7.20995 4.85485 -1.9105
      vertex 7.79787 5.04495 -1.59252
    endloop
  endfacet
  facet normal -0.308945 0.49995 0.809075
    outer loop
      vertex 7.70272 5.19891 -1.93494
      vertex 7.20995 4.85485 -1.9105
      vertex 7.72041 5.17029 -1.9105
    endloop
  endfacet
  facet normal -0.308997 0.500019 0.809013
    outer loop
      vertex 7.20995 4.85485 -1.9105
      vertex 7.70272 5.19891 -1.93494
      vertex 6.97984 5.22721 -2.22853
    endloop
  endfacet
  facet normal -0.308994 0.500025 0.80901
    outer loop
      vertex 6.97984 5.22721 -2.22853
      vertex 7.65325 5.27894 -2.0033
      vertex 7.49028 5.54264 -2.22853
    endloop
  endfacet
  facet normal -0.308993 0.500034 0.809005
    outer loop
      vertex 7.65325 5.27894 -2.0033
      vertex 6.97984 5.22721 -2.22853
      vertex 7.70272 5.19891 -1.93494
    endloop
  endfacet
  facet normal 0.425285 -0.688215 0.587787
    outer loop
      vertex 6.13446 6.59514 -0.0152264
      vertex 7.3273 5.80635 -1.80185
      vertex 6.64487 6.91055 -0.0152264
    endloop
  endfacet
  facet normal 0.425291 -0.688209 0.587789
    outer loop
      vertex 6.97984 5.22721 -2.22853
      vertex 7.3273 5.80635 -1.80185
      vertex 6.13446 6.59514 -0.0152264
    endloop
  endfacet
  facet normal 0.425283 -0.688209 0.587795
    outer loop
      vertex 7.3273 5.80635 -1.80185
      vertex 6.97984 5.22721 -2.22853
      vertex 7.49028 5.54264 -2.22853
    endloop
  endfacet
  facet normal 0.308998 -0.500027 -0.809007
    outer loop
      vertex 6.40707 6.15402 0.361539
      vertex 6.64487 6.91055 -0.0152264
      vertex 6.91749 6.46944 0.361539
    endloop
  endfacet
  facet normal 0.308994 -0.500027 -0.809009
    outer loop
      vertex 6.64487 6.91055 -0.0152264
      vertex 6.40707 6.15402 0.361539
      vertex 6.13446 6.59514 -0.0152264
    endloop
  endfacet
  facet normal 0.52574 -1.15083e-05 -0.850646
    outer loop
      vertex 4.79287 -0.36359 -7.24823
      vertex 4.64843 0.316125 -7.33751
      vertex 4.9767 0.0578432 -7.13462
    endloop
  endfacet
  facet normal 0.525743 -5.8299e-06 -0.850643
    outer loop
      vertex 5.27218 0.276101 -6.952
      vertex 4.81075 0.487551 -7.23719
      vertex 4.88073 0.692232 -7.19394
    endloop
  endfacet
  facet normal 0.525742 -8.31201e-06 -0.850644
    outer loop
      vertex 4.9767 0.0578432 -7.13462
      vertex 4.81075 0.487551 -7.23719
      vertex 5.27218 0.276101 -6.952
    endloop
  endfacet
  facet normal 0.525739 -1.56759e-05 -0.850646
    outer loop
      vertex 4.88073 0.692232 -7.19394
      vertex 4.85836 0.925836 -7.20777
      vertex 5.53368 0.871993 -6.79039
    endloop
  endfacet
  facet normal 0.525739 -4.25172e-06 -0.850646
    outer loop
      vertex 5.53368 0.871993 -6.79039
      vertex 4.85836 0.925836 -7.20777
      vertex 5.49244 1.21764 -6.81588
    endloop
  endfacet
  facet normal 0.525745 -1.37069e-05 -0.850642
    outer loop
      vertex 4.67317 -2.05158 -7.32218
      vertex 4.2829 -1.97525 -7.56339
      vertex 4.58949 -1.36507 -7.37391
    endloop
  endfacet
  facet normal 0.525711 -1.94267e-05 -0.850663
    outer loop
      vertex 4.67317 -2.05158 -7.32218
      vertex 4.58949 -1.36507 -7.37391
      vertex 4.75465 -1.40702 -7.27184
    endloop
  endfacet
  facet normal 0.525731 8.53222e-07 -0.850651
    outer loop
      vertex 5.26013 -0.932744 -6.95943
      vertex 5.23073 -0.717516 -6.9776
      vertex 5.896 -0.565512 -6.56644
    endloop
  endfacet
  facet normal 0.52574 -1.21774e-05 -0.850645
    outer loop
      vertex 5.81747 -1.3993 -6.61496
      vertex 5.26013 -0.932744 -6.95943
      vertex 5.94056 -1.0062 -6.53889
    endloop
  endfacet
  facet normal 0.525733 -1.56704e-05 -0.850649
    outer loop
      vertex 5.53831 -1.72369 -6.78749
      vertex 5.11451 -1.95813 -7.04941
      vertex 5.11466 -1.26842 -7.04933
    endloop
  endfacet
  facet normal 0.525747 -1.5485e-05 -0.850641
    outer loop
      vertex 4.2829 -1.97525 -7.56339
      vertex 3.96386 -1.73899 -7.76058
      vertex 4.45263 -1.2481 -7.4585
    endloop
  endfacet
  facet normal 0.525746 -1.42041e-05 -0.850642
    outer loop
      vertex 4.45263 -1.2481 -7.4585
      vertex 3.96386 -1.73899 -7.76058
      vertex 4.35224 -1.05887 -7.52055
    endloop
  endfacet
  facet normal 0.525733 -4.77481e-06 -0.85065
    outer loop
      vertex 4.99056 -0.39637 -7.12605
      vertex 4.79287 -0.36359 -7.24823
      vertex 4.97961 0.0472927 -7.13282
    endloop
  endfacet
  facet normal 0.525749 -9.09313e-06 -0.85064
    outer loop
      vertex 4.54592 -0.421813 -7.40086
      vertex 4.39381 0.182402 -7.49488
      vertex 4.79287 -0.36359 -7.24823
    endloop
  endfacet
  facet normal 0.525733 -3.08338e-05 -0.85065
    outer loop
      vertex 3.91059 1.00805 -7.79354
      vertex 3.62977 1.63791 -7.96712
      vertex 4.23214 1.27894 -7.59482
    endloop
  endfacet
  facet normal 0.525741 -1.00031e-05 -0.850645
    outer loop
      vertex 3.96386 -1.73899 -7.76058
      vertex 3.73607 -1.3526 -7.90137
      vertex 4.35224 -1.05887 -7.52055
    endloop
  endfacet
  facet normal 0.525746 -1.36065e-05 -0.850642
    outer loop
      vertex 5.76478 -0.264793 -6.64754
      vertex 5.13713 -0.515822 -7.03546
      vertex 5.56372 -0.05931 -6.77181
    endloop
  endfacet
  facet normal 0.525748 -1.57863e-05 -0.850641
    outer loop
      vertex 4.58949 -1.36507 -7.37391
      vertex 4.2829 -1.97525 -7.56339
      vertex 4.45263 -1.2481 -7.4585
    endloop
  endfacet
  facet normal 0.525747 -6.4219e-06 -0.850641
    outer loop
      vertex 5.13713 -0.515822 -7.03546
      vertex 4.99056 -0.39637 -7.12605
      vertex 5.29971 0.0462828 -6.93498
    endloop
  endfacet
  facet normal 0.525745 -2.53298e-05 -0.850642
    outer loop
      vertex 5.11451 -1.95813 -7.04941
      vertex 4.67317 -2.05158 -7.32218
      vertex 4.75465 -1.40702 -7.27184
    endloop
  endfacet
  facet normal 0.525746 -1.56741e-05 -0.850642
    outer loop
      vertex 5.11451 -1.95813 -7.04941
      vertex 4.9399 -1.37127 -7.15734
      vertex 5.11466 -1.26842 -7.04933
    endloop
  endfacet
  facet normal 0.525763 -8.78689e-06 -0.850631
    outer loop
      vertex 5.11451 -1.95813 -7.04941
      vertex 4.75465 -1.40702 -7.27184
      vertex 4.9399 -1.37127 -7.15734
    endloop
  endfacet
  facet normal 0.525736 -1.22633e-05 -0.850648
    outer loop
      vertex 5.53831 -1.72369 -6.78749
      vertex 5.11466 -1.26842 -7.04933
      vertex 5.22142 -1.11931 -6.98335
    endloop
  endfacet
  facet normal 0.525736 -1.9941e-05 -0.850648
    outer loop
      vertex 5.81747 -1.3993 -6.61496
      vertex 5.22142 -1.11931 -6.98335
      vertex 5.26013 -0.932744 -6.95943
    endloop
  endfacet
  facet normal 0.525739 -1.01693e-05 -0.850646
    outer loop
      vertex 5.53831 -1.72369 -6.78749
      vertex 5.22142 -1.11931 -6.98335
      vertex 5.81747 -1.3993 -6.61496
    endloop
  endfacet
  facet normal 0.52574 -1.88841e-05 -0.850645
    outer loop
      vertex 5.94056 -1.0062 -6.53889
      vertex 5.26013 -0.932744 -6.95943
      vertex 5.896 -0.565512 -6.56644
    endloop
  endfacet
  facet normal 0.525753 -3.69353e-05 -0.850638
    outer loop
      vertex 5.23073 -0.717516 -6.9776
      vertex 5.13713 -0.515822 -7.03546
      vertex 5.76478 -0.264793 -6.64754
    endloop
  endfacet
  facet normal 0.525732 -3.79613e-06 -0.85065
    outer loop
      vertex 5.896 -0.565512 -6.56644
      vertex 5.23073 -0.717516 -6.9776
      vertex 5.76478 -0.264793 -6.64754
    endloop
  endfacet
  facet normal 0.525737 -2.3315e-06 -0.850647
    outer loop
      vertex 5.56372 -0.05931 -6.77181
      vertex 5.13713 -0.515822 -7.03546
      vertex 5.29971 0.0462828 -6.93498
    endloop
  endfacet
  facet normal 0.525745 -4.36686e-06 -0.850642
    outer loop
      vertex 4.99056 -0.39637 -7.12605
      vertex 4.97961 0.0472927 -7.13282
      vertex 5.29971 0.0462828 -6.93498
    endloop
  endfacet
  facet normal 0.525849 -7.76191e-05 -0.850578
    outer loop
      vertex 4.97961 0.0472927 -7.13282
      vertex 4.79287 -0.36359 -7.24823
      vertex 4.9767 0.0578432 -7.13462
    endloop
  endfacet
  facet normal 0.525744 -8.79618e-06 -0.850643
    outer loop
      vertex 4.3394 -0.500694 -7.5285
      vertex 4.17381 0.0983715 -7.63085
      vertex 4.54592 -0.421813 -7.40086
    endloop
  endfacet
  facet normal 0.525741 -1.16952e-05 -0.850644
    outer loop
      vertex 4.54592 -0.421813 -7.40086
      vertex 4.17381 0.0983715 -7.63085
      vertex 4.39381 0.182402 -7.49488
    endloop
  endfacet
  facet normal 0.525727 -3.22055e-06 -0.850654
    outer loop
      vertex 4.76144 1.1507 -7.26768
      vertex 4.62101 1.28161 -7.35447
      vertex 4.97739 1.91372 -7.13422
    endloop
  endfacet
  facet normal 0.525749 -8.6256e-06 -0.85064
    outer loop
      vertex 4.79287 -0.36359 -7.24823
      vertex 4.39381 0.182402 -7.49488
      vertex 4.64843 0.316125 -7.33751
    endloop
  endfacet
  facet normal 0.525741 -9.16841e-06 -0.850645
    outer loop
      vertex 4.9767 0.0578432 -7.13462
      vertex 4.64843 0.316125 -7.33751
      vertex 4.81075 0.487551 -7.23719
    endloop
  endfacet
  facet normal 0.525739 -1.93008e-05 -0.850646
    outer loop
      vertex 5.45903 0.552828 -6.83652
      vertex 4.88073 0.692232 -7.19394
      vertex 5.53368 0.871993 -6.79039
    endloop
  endfacet
  facet normal 0.525741 -8.42513e-06 -0.850645
    outer loop
      vertex 5.27218 0.276101 -6.952
      vertex 4.88073 0.692232 -7.19394
      vertex 5.45903 0.552828 -6.83652
    endloop
  endfacet
  facet normal 0.525747 -2.86462e-05 -0.850641
    outer loop
      vertex 4.85836 0.925836 -7.20777
      vertex 4.76144 1.1507 -7.26768
      vertex 5.49244 1.21764 -6.81588
    endloop
  endfacet
  facet normal 0.525745 -1.03671e-05 -0.850642
    outer loop
      vertex 5.29145 1.65292 -6.94011
      vertex 4.76144 1.1507 -7.26768
      vertex 4.97739 1.91372 -7.13422
    endloop
  endfacet
  facet normal 0.525746 -1.24347e-05 -0.850641
    outer loop
      vertex 5.49244 1.21764 -6.81588
      vertex 4.76144 1.1507 -7.26768
      vertex 5.29145 1.65292 -6.94011
    endloop
  endfacet
  facet normal 0.525745 -1.71781e-05 -0.850642
    outer loop
      vertex 4.62101 1.28161 -7.35447
      vertex 4.56476 1.99246 -7.38925
      vertex 4.97739 1.91372 -7.13422
    endloop
  endfacet
  facet normal 0.525766 -1.48788e-05 -0.850629
    outer loop
      vertex 4.62101 1.28161 -7.35447
      vertex 4.44272 1.32291 -7.46467
      vertex 4.56476 1.99246 -7.38925
    endloop
  endfacet
  facet normal 0.525735 -7.26641e-06 -0.850648
    outer loop
      vertex 4.44272 1.32291 -7.46467
      vertex 4.06806 1.88153 -7.69623
      vertex 4.56476 1.99246 -7.38925
    endloop
  endfacet
  facet normal 0.525744 5.97508e-07 -0.850643
    outer loop
      vertex 4.23214 1.27894 -7.59482
      vertex 4.06806 1.88153 -7.69623
      vertex 4.44272 1.32291 -7.46467
    endloop
  endfacet
  facet normal 0.525745 -8.10183e-06 -0.850642
    outer loop
      vertex 3.86172 0.545168 -7.82374
      vertex 3.18855 0.86834 -8.2398
      vertex 3.91059 1.00805 -7.79354
    endloop
  endfacet
  facet normal 0.525741 -1.85747e-05 -0.850645
    outer loop
      vertex 3.20146 0.365951 -8.23181
      vertex 3.18855 0.86834 -8.2398
      vertex 3.86172 0.545168 -7.82374
    endloop
  endfacet
  facet normal 0.525745 -1.08727e-05 -0.850642
    outer loop
      vertex 3.91059 1.00805 -7.79354
      vertex 3.18855 0.86834 -8.2398
      vertex 3.33395 1.29626 -8.14994
    endloop
  endfacet
  facet normal 0.525739 -2.68911e-05 -0.850646
    outer loop
      vertex 3.91059 1.00805 -7.79354
      vertex 3.33395 1.29626 -8.14994
      vertex 3.62977 1.63791 -7.96712
    endloop
  endfacet
  facet normal 0.525747 1.79677e-06 -0.850641
    outer loop
      vertex 4.23214 1.27894 -7.59482
      vertex 3.62977 1.63791 -7.96712
      vertex 4.06806 1.88153 -7.69623
    endloop
  endfacet
  facet normal -0.136297 -0.98708 -0.084235
    outer loop
      vertex 4.56476 1.99246 -7.38925
      vertex 4.91192 1.98641 -7.88008
      vertex 4.97739 1.91372 -7.13422
    endloop
  endfacet
  facet normal -0.136225 -0.987095 -0.0841841
    outer loop
      vertex 4.91192 1.98641 -7.88008
      vertex 4.56476 1.99246 -7.38925
      vertex 4.8802 1.99246 -7.89969
    endloop
  endfacet
  facet normal -0.136311 -0.987079 -0.0842336
    outer loop
      vertex 4.97739 1.91372 -7.13422
      vertex 4.91192 1.98641 -7.88008
      vertex 5.29283 1.91372 -7.64468
    endloop
  endfacet
  facet normal -0.490801 -0.816775 -0.303302
    outer loop
      vertex 4.97739 1.91372 -7.13422
      vertex 5.31697 1.89368 -7.62976
      vertex 5.29145 1.65292 -6.94011
    endloop
  endfacet
  facet normal -0.490705 -0.816859 -0.303232
    outer loop
      vertex 5.31697 1.89368 -7.62976
      vertex 4.97739 1.91372 -7.13422
      vertex 5.29283 1.91372 -7.64468
    endloop
  endfacet
  facet normal -0.490814 -0.816768 -0.3033
    outer loop
      vertex 5.60689 1.65292 -7.45057
      vertex 5.29145 1.65292 -6.94011
      vertex 5.31697 1.89368 -7.62976
    endloop
  endfacet
  facet normal -0.74763 -0.477081 -0.462
    outer loop
      vertex 5.62234 1.61947 -7.44103
      vertex 5.29145 1.65292 -6.94011
      vertex 5.60689 1.65292 -7.45057
    endloop
  endfacet
  facet normal -0.747632 -0.477075 -0.462002
    outer loop
      vertex 5.29145 1.65292 -6.94011
      vertex 5.62234 1.61947 -7.44103
      vertex 5.49244 1.21764 -6.81588
    endloop
  endfacet
  facet normal -0.747628 -0.47708 -0.462004
    outer loop
      vertex 5.80789 1.21764 -7.32635
      vertex 5.49244 1.21764 -6.81588
      vertex 5.62234 1.61947 -7.44103
    endloop
  endfacet
  facet normal -0.842425 -0.138962 -0.520585
    outer loop
      vertex 5.81106 1.19108 -7.32439
      vertex 5.49244 1.21764 -6.81588
      vertex 5.80789 1.21764 -7.32635
    endloop
  endfacet
  facet normal -0.842431 -0.138904 -0.520592
    outer loop
      vertex 5.49244 1.21764 -6.81588
      vertex 5.81106 1.19108 -7.32439
      vertex 5.53368 0.871993 -6.79039
    endloop
  endfacet
  facet normal -0.842433 -0.138899 -0.52059
    outer loop
      vertex 5.84913 0.871993 -7.30086
      vertex 5.53368 0.871993 -6.79039
      vertex 5.81106 1.19108 -7.32439
    endloop
  endfacet
  facet normal -0.820242 0.265123 -0.506867
    outer loop
      vertex 5.45903 0.552828 -6.83652
      vertex 5.84913 0.871993 -7.30086
      vertex 5.77448 0.552828 -7.347
    endloop
  endfacet
  facet normal -0.820241 0.265108 -0.506876
    outer loop
      vertex 5.84913 0.871993 -7.30086
      vertex 5.45903 0.552828 -6.83652
      vertex 5.53368 0.871993 -6.79039
    endloop
  endfacet
  facet normal -0.666323 0.621609 -0.411843
    outer loop
      vertex 5.27218 0.276101 -6.952
      vertex 5.77448 0.552828 -7.347
      vertex 5.76013 0.531569 -7.35587
    endloop
  endfacet
  facet normal -0.666295 0.621712 -0.411735
    outer loop
      vertex 5.77448 0.552828 -7.347
      vertex 5.27218 0.276101 -6.952
      vertex 5.45903 0.552828 -6.83652
    endloop
  endfacet
  facet normal -0.666289 0.62172 -0.411732
    outer loop
      vertex 5.58763 0.276101 -7.46248
      vertex 5.27218 0.276101 -6.952
      vertex 5.76013 0.531569 -7.35587
    endloop
  endfacet
  facet normal -0.452587 0.846727 -0.279675
    outer loop
      vertex 5.58763 0.276101 -7.46248
      vertex 4.9767 0.0578432 -7.13462
      vertex 5.27218 0.276101 -6.952
    endloop
  endfacet
  facet normal -0.45259 0.846723 -0.279682
    outer loop
      vertex 4.9767 0.0578432 -7.13462
      vertex 5.58763 0.276101 -7.46248
      vertex 5.29215 0.0578432 -7.64509
    endloop
  endfacet
  facet normal -0.809814 -0.306217 -0.500432
    outer loop
      vertex 5.29237 0.0570326 -7.64495
      vertex 4.9767 0.0578432 -7.13462
      vertex 5.29215 0.0578432 -7.64509
    endloop
  endfacet
  facet normal -0.809189 -0.308499 -0.500042
    outer loop
      vertex 4.9767 0.0578432 -7.13462
      vertex 5.29237 0.0570326 -7.64495
      vertex 4.97961 0.0472927 -7.13282
    endloop
  endfacet
  facet normal -0.80892 -0.30944 -0.499896
    outer loop
      vertex 5.29507 0.0472927 -7.64329
      vertex 4.97961 0.0472927 -7.13282
      vertex 5.29237 0.0570326 -7.64495
    endloop
  endfacet
  facet normal -0.00228298 -0.999996 -0.0014108
    outer loop
      vertex 4.97961 0.0472927 -7.13282
      vertex 5.31966 0.0472151 -7.62809
      vertex 5.29971 0.0462828 -6.93498
    endloop
  endfacet
  facet normal -0.00228347 -0.999996 -0.00141114
    outer loop
      vertex 5.31966 0.0472151 -7.62809
      vertex 4.97961 0.0472927 -7.13282
      vertex 5.29507 0.0472927 -7.64329
    endloop
  endfacet
  facet normal -0.00228297 -0.999996 -0.0014108
    outer loop
      vertex 5.61517 0.0462828 -7.44546
      vertex 5.29971 0.0462828 -6.93498
      vertex 5.31966 0.0472151 -7.62809
    endloop
  endfacet
  facet normal -0.273996 -0.946709 -0.16932
    outer loop
      vertex 5.29971 0.0462828 -6.93498
      vertex 5.87918 -0.05931 -7.28229
      vertex 5.56372 -0.05931 -6.77181
    endloop
  endfacet
  facet normal -0.273996 -0.946709 -0.16932
    outer loop
      vertex 5.87918 -0.05931 -7.28229
      vertex 5.29971 0.0462828 -6.93498
      vertex 5.61517 0.0462828 -7.44546
    endloop
  endfacet
  facet normal -0.558119 -0.754687 -0.344893
    outer loop
      vertex 5.56372 -0.05931 -6.77181
      vertex 5.89462 -0.0750926 -7.27275
      vertex 5.76478 -0.264793 -6.64754
    endloop
  endfacet
  facet normal -0.558204 -0.754597 -0.344952
    outer loop
      vertex 5.89462 -0.0750926 -7.27275
      vertex 5.56372 -0.05931 -6.77181
      vertex 5.87918 -0.05931 -7.28229
    endloop
  endfacet
  facet normal -0.55812 -0.754686 -0.344893
    outer loop
      vertex 6.08024 -0.264793 -7.15803
      vertex 5.76478 -0.264793 -6.64754
      vertex 5.89462 -0.0750926 -7.27275
    endloop
  endfacet
  facet normal -0.756867 -0.456508 -0.46771
    outer loop
      vertex 6.09032 -0.287888 -7.1518
      vertex 5.76478 -0.264793 -6.64754
      vertex 6.08024 -0.264793 -7.15803
    endloop
  endfacet
  facet normal -0.756903 -0.45642 -0.467737
    outer loop
      vertex 5.76478 -0.264793 -6.64754
      vertex 6.09032 -0.287888 -7.1518
      vertex 5.896 -0.565512 -6.56644
    endloop
  endfacet
  facet normal -0.756908 -0.456413 -0.467736
    outer loop
      vertex 6.21146 -0.565512 -7.07693
      vertex 5.896 -0.565512 -6.56644
      vertex 6.09032 -0.287888 -7.1518
    endloop
  endfacet
  facet normal -0.844745 -0.117925 -0.522015
    outer loop
      vertex 6.21488 -0.599351 -7.07482
      vertex 5.896 -0.565512 -6.56644
      vertex 6.21146 -0.565512 -7.07693
    endloop
  endfacet
  facet normal -0.844736 -0.118049 -0.522001
    outer loop
      vertex 5.896 -0.565512 -6.56644
      vertex 6.21488 -0.599351 -7.07482
      vertex 5.94056 -1.0062 -6.53889
    endloop
  endfacet
  facet normal -0.844728 -0.118067 -0.52201
    outer loop
      vertex 6.25603 -1.0062 -7.04939
      vertex 5.94056 -1.0062 -6.53889
      vertex 6.21488 -0.599351 -7.07482
    endloop
  endfacet
  facet normal -0.798312 0.345438 -0.493327
    outer loop
      vertex 5.81747 -1.3993 -6.61496
      vertex 6.25603 -1.0062 -7.04939
      vertex 6.13294 -1.3993 -7.12546
    endloop
  endfacet
  facet normal -0.798312 0.345438 -0.493327
    outer loop
      vertex 6.25603 -1.0062 -7.04939
      vertex 5.81747 -1.3993 -6.61496
      vertex 5.94056 -1.0062 -6.53889
    endloop
  endfacet
  facet normal -0.598024 0.711193 -0.369556
    outer loop
      vertex 6.13294 -1.3993 -7.12546
      vertex 5.53831 -1.72369 -6.78749
      vertex 5.81747 -1.3993 -6.61496
    endloop
  endfacet
  facet normal -0.598024 0.711193 -0.369556
    outer loop
      vertex 5.53831 -1.72369 -6.78749
      vertex 6.13294 -1.3993 -7.12546
      vertex 5.85378 -1.72369 -7.29799
    endloop
  endfacet
  facet normal -0.362197 0.904829 -0.223824
    outer loop
      vertex 5.50311 -1.91767 -7.51471
      vertex 5.53831 -1.72369 -6.78749
      vertex 5.85378 -1.72369 -7.29799
    endloop
  endfacet
  facet normal -0.362208 0.904825 -0.223823
    outer loop
      vertex 5.53831 -1.72369 -6.78749
      vertex 5.50311 -1.91767 -7.51471
      vertex 5.11451 -1.95813 -7.04941
    endloop
  endfacet
  facet normal -0.362238 0.904807 -0.22385
    outer loop
      vertex 5.11451 -1.95813 -7.04941
      vertex 5.50311 -1.91767 -7.51471
      vertex 5.42998 -1.95813 -7.55991
    endloop
  endfacet
  facet normal -0.150889 0.984143 -0.0932437
    outer loop
      vertex 5.39609 -1.96531 -7.58085
      vertex 5.11451 -1.95813 -7.04941
      vertex 5.42998 -1.95813 -7.55991
    endloop
  endfacet
  facet normal -0.150791 0.984163 -0.0931921
    outer loop
      vertex 5.11451 -1.95813 -7.04941
      vertex 5.39609 -1.96531 -7.58085
      vertex 4.67317 -2.05158 -7.32218
    endloop
  endfacet
  facet normal -0.150791 0.984163 -0.0931928
    outer loop
      vertex 5.35642 -1.97371 -7.60537
      vertex 4.67317 -2.05158 -7.32218
      vertex 5.39609 -1.96531 -7.58085
    endloop
  endfacet
  facet normal -0.150787 0.984165 -0.0931827
    outer loop
      vertex 4.67317 -2.05158 -7.32218
      vertex 5.35642 -1.97371 -7.60537
      vertex 4.98864 -2.05158 -7.83267
    endloop
  endfacet
  facet normal 0.139524 0.986458 0.0862225
    outer loop
      vertex 4.95866 -2.04572 -7.8512
      vertex 4.67317 -2.05158 -7.32218
      vertex 4.98864 -2.05158 -7.83267
    endloop
  endfacet
  facet normal 0.139611 0.986441 0.0862692
    outer loop
      vertex 4.67317 -2.05158 -7.32218
      vertex 4.95866 -2.04572 -7.8512
      vertex 4.2829 -1.97525 -7.56339
    endloop
  endfacet
  facet normal 0.139614 0.98644 0.0862772
    outer loop
      vertex 4.59836 -1.97525 -8.07387
      vertex 4.2829 -1.97525 -7.56339
      vertex 4.95866 -2.04572 -7.8512
    endloop
  endfacet
  facet normal 0.453485 0.84606 0.280239
    outer loop
      vertex 4.57386 -1.9571 -8.08902
      vertex 4.2829 -1.97525 -7.56339
      vertex 4.59836 -1.97525 -8.07387
    endloop
  endfacet
  facet normal 0.4534 0.84612 0.280194
    outer loop
      vertex 4.2829 -1.97525 -7.56339
      vertex 4.57386 -1.9571 -8.08902
      vertex 3.96386 -1.73899 -7.76058
    endloop
  endfacet
  facet normal 0.453393 0.846131 0.280173
    outer loop
      vertex 4.27931 -1.73899 -8.27106
      vertex 3.96386 -1.73899 -7.76058
      vertex 4.57386 -1.9571 -8.08902
    endloop
  endfacet
  facet normal 0.699177 0.569622 0.432067
    outer loop
      vertex 3.96386 -1.73899 -7.76058
      vertex 4.26181 -1.7093 -8.28187
      vertex 3.73607 -1.3526 -7.90137
    endloop
  endfacet
  facet normal 0.699261 0.569489 0.432107
    outer loop
      vertex 4.26181 -1.7093 -8.28187
      vertex 3.96386 -1.73899 -7.76058
      vertex 4.27931 -1.73899 -8.27106
    endloop
  endfacet
  facet normal 0.699177 0.569625 0.432063
    outer loop
      vertex 4.05152 -1.3526 -8.41184
      vertex 3.73607 -1.3526 -7.90137
      vertex 4.26181 -1.7093 -8.28187
    endloop
  endfacet
  facet normal 0.319675 -0.926707 0.197541
    outer loop
      vertex 3.73607 -1.3526 -7.90137
      vertex 4.09886 -1.33003 -8.38258
      vertex 4.35224 -1.05887 -7.52055
    endloop
  endfacet
  facet normal 0.319703 -0.926692 0.197564
    outer loop
      vertex 4.09886 -1.33003 -8.38258
      vertex 3.73607 -1.3526 -7.90137
      vertex 4.05152 -1.3526 -8.41184
    endloop
  endfacet
  facet normal 0.319664 -0.92671 0.197546
    outer loop
      vertex 4.35224 -1.05887 -7.52055
      vertex 4.09886 -1.33003 -8.38258
      vertex 4.6677 -1.05887 -8.03102
    endloop
  endfacet
  facet normal -0.72182 -0.529148 -0.44607
    outer loop
      vertex 4.67541 -1.0734 -8.02626
      vertex 4.35224 -1.05887 -7.52055
      vertex 4.6677 -1.05887 -8.03102
    endloop
  endfacet
  facet normal -0.721798 -0.529192 -0.446054
    outer loop
      vertex 4.35224 -1.05887 -7.52055
      vertex 4.67541 -1.0734 -8.02626
      vertex 4.45263 -1.2481 -7.4585
    endloop
  endfacet
  facet normal -0.721809 -0.529177 -0.446054
    outer loop
      vertex 4.76809 -1.2481 -7.96898
      vertex 4.45263 -1.2481 -7.4585
      vertex 4.67541 -1.0734 -8.02626
    endloop
  endfacet
  facet normal -0.500226 -0.808837 -0.309123
    outer loop
      vertex 4.45263 -1.2481 -7.4585
      vertex 4.90495 -1.36507 -7.88439
      vertex 4.58949 -1.36507 -7.37391
    endloop
  endfacet
  facet normal -0.500226 -0.808837 -0.309123
    outer loop
      vertex 4.90495 -1.36507 -7.88439
      vertex 4.45263 -1.2481 -7.4585
      vertex 4.76809 -1.2481 -7.96898
    endloop
  endfacet
  facet normal -0.179653 -0.977445 -0.111025
    outer loop
      vertex 4.58949 -1.36507 -7.37391
      vertex 4.91764 -1.36829 -7.87655
      vertex 4.75465 -1.40702 -7.27184
    endloop
  endfacet
  facet normal -0.1795 -0.977484 -0.110925
    outer loop
      vertex 4.91764 -1.36829 -7.87655
      vertex 4.58949 -1.36507 -7.37391
      vertex 4.90495 -1.36507 -7.88439
    endloop
  endfacet
  facet normal -0.179668 -0.977441 -0.111029
    outer loop
      vertex 5.07011 -1.40702 -7.78232
      vertex 4.75465 -1.40702 -7.27184
      vertex 4.91764 -1.36829 -7.87655
    endloop
  endfacet
  facet normal 0.137801 -0.986793 0.0851548
    outer loop
      vertex 4.75465 -1.40702 -7.27184
      vertex 5.25536 -1.37127 -7.66783
      vertex 4.9399 -1.37127 -7.15734
    endloop
  endfacet
  facet normal 0.137803 -0.986792 0.085158
    outer loop
      vertex 5.25536 -1.37127 -7.66783
      vertex 4.75465 -1.40702 -7.27184
      vertex 5.07011 -1.40702 -7.78232
    endloop
  endfacet
  facet normal 0.380815 -0.894204 0.235327
    outer loop
      vertex 4.9399 -1.37127 -7.15734
      vertex 5.43012 -1.26842 -7.55982
      vertex 5.11466 -1.26842 -7.04933
    endloop
  endfacet
  facet normal 0.380815 -0.894204 0.235327
    outer loop
      vertex 5.43012 -1.26842 -7.55982
      vertex 4.9399 -1.37127 -7.15734
      vertex 5.25536 -1.37127 -7.66783
    endloop
  endfacet
  facet normal 0.650825 -0.643946 0.402194
    outer loop
      vertex 5.11466 -1.26842 -7.04933
      vertex 5.53689 -1.11931 -7.49384
      vertex 5.22142 -1.11931 -6.98335
    endloop
  endfacet
  facet normal 0.650813 -0.643972 0.402173
    outer loop
      vertex 5.53689 -1.11931 -7.49384
      vertex 5.11466 -1.26842 -7.04933
      vertex 5.43012 -1.26842 -7.55982
    endloop
  endfacet
  facet normal 0.826447 -0.236958 0.510721
    outer loop
      vertex 5.22142 -1.11931 -6.98335
      vertex 5.53986 -1.10498 -7.492
      vertex 5.26013 -0.932744 -6.95943
    endloop
  endfacet
  facet normal 0.826464 -0.23687 0.510734
    outer loop
      vertex 5.53986 -1.10498 -7.492
      vertex 5.22142 -1.11931 -6.98335
      vertex 5.53689 -1.11931 -7.49384
    endloop
  endfacet
  facet normal 0.826434 -0.236993 0.510726
    outer loop
      vertex 5.5756 -0.932744 -7.46991
      vertex 5.26013 -0.932744 -6.95943
      vertex 5.53986 -1.10498 -7.492
    endloop
  endfacet
  facet normal 0.839912 0.15855 0.519047
    outer loop
      vertex 5.26013 -0.932744 -6.95943
      vertex 5.57334 -0.916214 -7.47131
      vertex 5.23073 -0.717516 -6.9776
    endloop
  endfacet
  facet normal 0.839876 0.158788 0.519032
    outer loop
      vertex 5.57334 -0.916214 -7.47131
      vertex 5.26013 -0.932744 -6.95943
      vertex 5.5756 -0.932744 -7.46991
    endloop
  endfacet
  facet normal 0.839912 0.158556 0.519045
    outer loop
      vertex 5.5462 -0.717516 -7.48809
      vertex 5.23073 -0.717516 -6.9776
      vertex 5.57334 -0.916214 -7.47131
    endloop
  endfacet
  facet normal 0.746764 0.478935 0.461481
    outer loop
      vertex 5.5462 -0.717516 -7.48809
      vertex 5.13713 -0.515822 -7.03546
      vertex 5.23073 -0.717516 -6.9776
    endloop
  endfacet
  facet normal 0.746688 0.479258 0.461269
    outer loop
      vertex 5.13713 -0.515822 -7.03546
      vertex 5.5462 -0.717516 -7.48809
      vertex 5.539 -0.702025 -7.49253
    endloop
  endfacet
  facet normal 0.746765 0.478951 0.461462
    outer loop
      vertex 5.45258 -0.515822 -7.54594
      vertex 5.13713 -0.515822 -7.03546
      vertex 5.539 -0.702025 -7.49253
    endloop
  endfacet
  facet normal 0.484597 0.821883 0.299456
    outer loop
      vertex 5.44132 -0.506647 -7.5529
      vertex 5.13713 -0.515822 -7.03546
      vertex 5.45258 -0.515822 -7.54594
    endloop
  endfacet
  facet normal 0.484667 0.821827 0.299496
    outer loop
      vertex 5.13713 -0.515822 -7.03546
      vertex 5.44132 -0.506647 -7.5529
      vertex 4.99056 -0.39637 -7.12605
    endloop
  endfacet
  facet normal 0.484679 0.821814 0.299512
    outer loop
      vertex 5.30601 -0.39637 -7.63652
      vertex 4.99056 -0.39637 -7.12605
      vertex 5.44132 -0.506647 -7.5529
    endloop
  endfacet
  facet normal 0.118827 0.990196 0.0734306
    outer loop
      vertex 5.29083 -0.393852 -7.64591
      vertex 4.99056 -0.39637 -7.12605
      vertex 5.30601 -0.39637 -7.63652
    endloop
  endfacet
  facet normal 0.118812 0.990198 0.0734219
    outer loop
      vertex 4.99056 -0.39637 -7.12605
      vertex 5.29083 -0.393852 -7.64591
      vertex 4.79287 -0.36359 -7.24823
    endloop
  endfacet
  facet normal 0.118815 0.990198 0.0734252
    outer loop
      vertex 5.10833 -0.36359 -7.7587
      vertex 4.79287 -0.36359 -7.24823
      vertex 5.29083 -0.393852 -7.64591
    endloop
  endfacet
  facet normal -0.167275 0.980476 -0.103372
    outer loop
      vertex 5.10833 -0.36359 -7.7587
      vertex 4.54592 -0.421813 -7.40086
      vertex 4.79287 -0.36359 -7.24823
    endloop
  endfacet
  facet normal -0.167272 0.980477 -0.103367
    outer loop
      vertex 4.54592 -0.421813 -7.40086
      vertex 5.10833 -0.36359 -7.7587
      vertex 4.86137 -0.421813 -7.91133
    endloop
  endfacet
  facet normal -0.262865 0.95106 -0.16244
    outer loop
      vertex 4.86137 -0.421813 -7.91133
      vertex 4.3394 -0.500694 -7.5285
      vertex 4.54592 -0.421813 -7.40086
    endloop
  endfacet
  facet normal -0.262868 0.951058 -0.162445
    outer loop
      vertex 4.3394 -0.500694 -7.5285
      vertex 4.86137 -0.421813 -7.91133
      vertex 4.65485 -0.500694 -8.03896
    endloop
  endfacet
  facet normal 0.809032 0.309045 0.499959
    outer loop
      vertex 4.65485 -0.500694 -8.03896
      vertex 4.17381 0.0983715 -7.63085
      vertex 4.3394 -0.500694 -7.5285
    endloop
  endfacet
  facet normal 0.809035 0.309057 0.499945
    outer loop
      vertex 4.17381 0.0983715 -7.63085
      vertex 4.65485 -0.500694 -8.03896
      vertex 4.48925 0.0983715 -8.14131
    endloop
  endfacet
  facet normal 0.262866 -0.951059 0.162444
    outer loop
      vertex 4.17381 0.0983715 -7.63085
      vertex 4.70926 0.182402 -8.00534
      vertex 4.39381 0.182402 -7.49488
    endloop
  endfacet
  facet normal 0.26286 -0.951062 0.162435
    outer loop
      vertex 4.70926 0.182402 -8.00534
      vertex 4.17381 0.0983715 -7.63085
      vertex 4.48925 0.0983715 -8.14131
    endloop
  endfacet
  facet normal 0.346986 -0.91303 0.214422
    outer loop
      vertex 4.39381 0.182402 -7.49488
      vertex 4.72882 0.192678 -7.99325
      vertex 4.64843 0.316125 -7.33751
    endloop
  endfacet
  facet normal 0.347073 -0.912983 0.214481
    outer loop
      vertex 4.72882 0.192678 -7.99325
      vertex 4.39381 0.182402 -7.49488
      vertex 4.70926 0.182402 -8.00534
    endloop
  endfacet
  facet normal 0.346983 -0.913031 0.214422
    outer loop
      vertex 4.96388 0.316125 -7.84798
      vertex 4.64843 0.316125 -7.33751
      vertex 4.72882 0.192678 -7.99325
    endloop
  endfacet
  facet normal 0.568505 -0.743897 0.351311
    outer loop
      vertex 4.64843 0.316125 -7.33751
      vertex 4.97635 0.329298 -7.84027
      vertex 4.81075 0.487551 -7.23719
    endloop
  endfacet
  facet normal 0.568552 -0.743846 0.351342
    outer loop
      vertex 4.97635 0.329298 -7.84027
      vertex 4.64843 0.316125 -7.33751
      vertex 4.96388 0.316125 -7.84798
    endloop
  endfacet
  facet normal 0.568488 -0.743911 0.351309
    outer loop
      vertex 5.1262 0.487551 -7.74765
      vertex 4.81075 0.487551 -7.23719
      vertex 4.97635 0.329298 -7.84027
    endloop
  endfacet
  facet normal 0.789306 -0.37293 0.48777
    outer loop
      vertex 4.81075 0.487551 -7.23719
      vertex 5.13158 0.503279 -7.74433
      vertex 4.88073 0.692232 -7.19394
    endloop
  endfacet
  facet normal 0.789298 -0.372953 0.487764
    outer loop
      vertex 5.13158 0.503279 -7.74433
      vertex 4.81075 0.487551 -7.23719
      vertex 5.1262 0.487551 -7.74765
    endloop
  endfacet
  facet normal 0.789319 -0.372906 0.487767
    outer loop
      vertex 5.19618 0.692232 -7.70441
      vertex 4.88073 0.692232 -7.19394
      vertex 5.13158 0.503279 -7.74433
    endloop
  endfacet
  facet normal 0.845338 0.111877 0.522386
    outer loop
      vertex 4.88073 0.692232 -7.19394
      vertex 5.19446 0.710183 -7.70547
      vertex 4.85836 0.925836 -7.20777
    endloop
  endfacet
  facet normal 0.845342 0.111844 0.522387
    outer loop
      vertex 5.19446 0.710183 -7.70547
      vertex 4.88073 0.692232 -7.19394
      vertex 5.19618 0.692232 -7.70441
    endloop
  endfacet
  facet normal 0.845342 0.111918 0.522371
    outer loop
      vertex 5.1738 0.925836 -7.71824
      vertex 4.85836 0.925836 -7.20777
      vertex 5.19446 0.710183 -7.70547
    endloop
  endfacet
  facet normal 0.758828 0.451998 0.468911
    outer loop
      vertex 5.1738 0.925836 -7.71824
      vertex 4.76144 1.1507 -7.26768
      vertex 4.85836 0.925836 -7.20777
    endloop
  endfacet
  facet normal 0.758834 0.451965 0.468933
    outer loop
      vertex 4.76144 1.1507 -7.26768
      vertex 5.1738 0.925836 -7.71824
      vertex 5.07688 1.1507 -7.77813
    endloop
  endfacet
  facet normal 0.528586 0.783517 0.326647
    outer loop
      vertex 5.06609 1.16076 -7.7848
      vertex 4.76144 1.1507 -7.26768
      vertex 5.07688 1.1507 -7.77813
    endloop
  endfacet
  facet normal 0.528557 0.783543 0.326631
    outer loop
      vertex 4.76144 1.1507 -7.26768
      vertex 5.06609 1.16076 -7.7848
      vertex 4.62101 1.28161 -7.35447
    endloop
  endfacet
  facet normal 0.528556 0.783545 0.326629
    outer loop
      vertex 4.93645 1.28161 -7.86492
      vertex 4.62101 1.28161 -7.35447
      vertex 5.06609 1.16076 -7.7848
    endloop
  endfacet
  facet normal 0.16477 0.981062 0.101822
    outer loop
      vertex 4.92275 1.28479 -7.87339
      vertex 4.62101 1.28161 -7.35447
      vertex 4.93645 1.28161 -7.86492
    endloop
  endfacet
  facet normal 0.164453 0.981134 0.101638
    outer loop
      vertex 4.62101 1.28161 -7.35447
      vertex 4.92275 1.28479 -7.87339
      vertex 4.44272 1.32291 -7.46467
    endloop
  endfacet
  facet normal 0.164427 0.981142 0.101607
    outer loop
      vertex 4.75815 1.32291 -7.97512
      vertex 4.44272 1.32291 -7.46467
      vertex 4.92275 1.28479 -7.87339
    endloop
  endfacet
  facet normal -0.148768 0.98459 -0.0919306
    outer loop
      vertex 4.75815 1.32291 -7.97512
      vertex 4.23214 1.27894 -7.59482
      vertex 4.44272 1.32291 -7.46467
    endloop
  endfacet
  facet normal -0.148771 0.984589 -0.0919338
    outer loop
      vertex 4.23214 1.27894 -7.59482
      vertex 4.75815 1.32291 -7.97512
      vertex 4.54757 1.27894 -8.10526
    endloop
  endfacet
  facet normal -0.495519 0.812832 -0.30621
    outer loop
      vertex 4.52286 1.25812 -8.12054
      vertex 4.23214 1.27894 -7.59482
      vertex 4.54757 1.27894 -8.10526
    endloop
  endfacet
  facet normal -0.495525 0.812827 -0.306213
    outer loop
      vertex 4.23214 1.27894 -7.59482
      vertex 4.52286 1.25812 -8.12054
      vertex 3.91059 1.00805 -7.79354
    endloop
  endfacet
  facet normal -0.495527 0.812824 -0.306218
    outer loop
      vertex 4.22603 1.00805 -8.30399
      vertex 3.91059 1.00805 -7.79354
      vertex 4.52286 1.25812 -8.12054
    endloop
  endfacet
  facet normal -0.844195 0.123215 -0.521683
    outer loop
      vertex 4.22227 0.972466 -8.30631
      vertex 3.91059 1.00805 -7.79354
      vertex 4.22603 1.00805 -8.30399
    endloop
  endfacet
  facet normal -0.844202 0.123165 -0.521683
    outer loop
      vertex 3.91059 1.00805 -7.79354
      vertex 4.22227 0.972466 -8.30631
      vertex 3.86172 0.545168 -7.82374
    endloop
  endfacet
  facet normal -0.844201 0.123161 -0.521686
    outer loop
      vertex 4.17716 0.545168 -8.33419
      vertex 3.86172 0.545168 -7.82374
      vertex 4.22227 0.972466 -8.30631
    endloop
  endfacet
  facet normal -0.191371 0.974367 -0.118261
    outer loop
      vertex 4.1264 0.531391 -8.36556
      vertex 3.86172 0.545168 -7.82374
      vertex 4.17716 0.545168 -8.33419
    endloop
  endfacet
  facet normal -0.191382 0.974364 -0.118266
    outer loop
      vertex 3.86172 0.545168 -7.82374
      vertex 4.1264 0.531391 -8.36556
      vertex 3.20146 0.365951 -8.23181
    endloop
  endfacet
  facet normal -0.191382 0.974365 -0.118263
    outer loop
      vertex 3.51689 0.365951 -8.74226
      vertex 3.20146 0.365951 -8.23181
      vertex 4.1264 0.531391 -8.36556
    endloop
  endfacet
  facet normal 0.850293 0.0302068 0.525443
    outer loop
      vertex 3.20146 0.365951 -8.23181
      vertex 3.5159 0.404578 -8.74287
      vertex 3.18855 0.86834 -8.2398
    endloop
  endfacet
  facet normal 0.850299 0.0300907 0.525438
    outer loop
      vertex 3.5159 0.404578 -8.74287
      vertex 3.20146 0.365951 -8.23181
      vertex 3.51689 0.365951 -8.74226
    endloop
  endfacet
  facet normal 0.850299 0.0302235 0.525432
    outer loop
      vertex 3.50397 0.86834 -8.75024
      vertex 3.18855 0.86834 -8.2398
      vertex 3.5159 0.404578 -8.74287
    endloop
  endfacet
  facet normal 0.789991 -0.370939 0.488179
    outer loop
      vertex 3.18855 0.86834 -8.2398
      vertex 3.51516 0.901246 -8.74333
      vertex 3.33395 1.29626 -8.14994
    endloop
  endfacet
  facet normal 0.789933 -0.371128 0.488129
    outer loop
      vertex 3.51516 0.901246 -8.74333
      vertex 3.18855 0.86834 -8.2398
      vertex 3.50397 0.86834 -8.75024
    endloop
  endfacet
  facet normal 0.790002 -0.370924 0.488172
    outer loop
      vertex 3.64937 1.29626 -8.66038
      vertex 3.33395 1.29626 -8.14994
      vertex 3.51516 0.901246 -8.74333
    endloop
  endfacet
  facet normal 0.596175 -0.713339 0.368405
    outer loop
      vertex 3.33395 1.29626 -8.14994
      vertex 3.67212 1.32253 -8.64632
      vertex 3.62977 1.63791 -7.96712
    endloop
  endfacet
  facet normal 0.596124 -0.713402 0.368367
    outer loop
      vertex 3.67212 1.32253 -8.64632
      vertex 3.33395 1.29626 -8.14994
      vertex 3.64937 1.29626 -8.66038
    endloop
  endfacet
  facet normal 0.596174 -0.71334 0.368406
    outer loop
      vertex 3.94519 1.63791 -8.47755
      vertex 3.62977 1.63791 -7.96712
      vertex 3.67212 1.32253 -8.64632
    endloop
  endfacet
  facet normal 0.363623 -0.904039 0.224703
    outer loop
      vertex 3.62977 1.63791 -7.96712
      vertex 4.38349 1.88153 -8.20667
      vertex 4.06806 1.88153 -7.69623
    endloop
  endfacet
  facet normal 0.363622 -0.90404 0.2247
    outer loop
      vertex 4.38349 1.88153 -8.20667
      vertex 3.62977 1.63791 -7.96712
      vertex 3.94519 1.63791 -8.47755
    endloop
  endfacet
  facet normal 0.158772 -0.982428 0.0981123
    outer loop
      vertex 4.06806 1.88153 -7.69623
      vertex 4.42168 1.89006 -8.18307
      vertex 4.56476 1.99246 -7.38925
    endloop
  endfacet
  facet normal 0.158792 -0.982424 0.0981268
    outer loop
      vertex 4.42168 1.89006 -8.18307
      vertex 4.06806 1.88153 -7.69623
      vertex 4.38349 1.88153 -8.20667
    endloop
  endfacet
  facet normal 0.158766 -0.982429 0.0981136
    outer loop
      vertex 4.56476 1.99246 -7.38925
      vertex 4.42168 1.89006 -8.18307
      vertex 4.8802 1.99246 -7.89969
    endloop
  endfacet
  facet normal -0.525754 -1.34883e-05 -0.850636
    outer loop
      vertex -3.14262 0.0164652 -8.26818
      vertex -3.56463 0.177656 -8.00735
      vertex -2.99016 0.568033 -8.36242
    endloop
  endfacet
  facet normal -0.525754 -1.34883e-05 -0.850636
    outer loop
      vertex -2.99016 0.568033 -8.36242
      vertex -3.56463 0.177656 -8.00735
      vertex -3.41217 0.729223 -8.10159
    endloop
  endfacet
  facet normal -0.525739 -9.94629e-06 -0.850646
    outer loop
      vertex -4.16624 0.40744 -7.63553
      vertex -5.09108 0.760685 -7.06394
      vertex -4.01377 0.959007 -7.72977
    endloop
  endfacet
  facet normal -0.525752 -1.93958e-05 -0.850638
    outer loop
      vertex -4.71959 -0.831274 -7.29351
      vertex -5.60658 0.951729 -6.74533
      vertex -5.09108 0.760685 -7.06394
    endloop
  endfacet
  facet normal -0.525746 -1.48947e-05 -0.850641
    outer loop
      vertex -3.41217 0.729223 -8.10159
      vertex -4.01377 0.959007 -7.72977
      vertex -3.20281 1.48662 -8.231
    endloop
  endfacet
  facet normal -0.525742 -2.33581e-05 -0.850644
    outer loop
      vertex -3.20281 1.48662 -8.231
      vertex -4.01377 0.959007 -7.72977
      vertex -3.80442 1.71641 -7.85918
    endloop
  endfacet
  facet normal -0.525741 -1.86638e-05 -0.850645
    outer loop
      vertex -4.16624 0.40744 -7.63553
      vertex -3.41217 0.729223 -8.10159
      vertex -3.56463 0.177656 -8.00735
    endloop
  endfacet
  facet normal -0.525744 -7.85723e-06 -0.850643
    outer loop
      vertex -3.41217 0.729223 -8.10159
      vertex -4.16624 0.40744 -7.63553
      vertex -4.01377 0.959007 -7.72977
    endloop
  endfacet
  facet normal -0.52575 -1.13398e-05 -0.850639
    outer loop
      vertex -5.09108 0.760685 -7.06394
      vertex -5.60658 0.951729 -6.74533
      vertex -5.45266 1.50859 -6.84047
    endloop
  endfacet
  facet normal -0.525718 6.13495e-06 -0.850659
    outer loop
      vertex -4.23064 -2.23177 -7.59569
      vertex -4.62677 -1.33936 -7.35087
      vertex -4.61075 -1.26015 -7.36077
    endloop
  endfacet
  facet normal -0.52574 -4.21302e-06 -0.850646
    outer loop
      vertex -5.09108 0.760685 -7.06394
      vertex -5.45266 1.50859 -6.84047
      vertex -4.01377 0.959007 -7.72977
    endloop
  endfacet
  facet normal -0.525739 -1.02647e-05 -0.850646
    outer loop
      vertex -4.93549 -1.96255 -7.16006
      vertex -5.60658 0.951729 -6.74533
      vertex -4.71959 -0.831274 -7.29351
    endloop
  endfacet
  facet normal -0.525744 -1.01493e-05 -0.850643
    outer loop
      vertex -4.23064 -2.23177 -7.59569
      vertex -4.50252 -0.809154 -7.42767
      vertex -3.56463 0.177656 -8.00735
    endloop
  endfacet
  facet normal -0.525755 -6.04453e-06 -0.850636
    outer loop
      vertex -4.65872 -1.12732 -7.33113
      vertex -4.93549 -1.96255 -7.16006
      vertex -4.71959 -0.831274 -7.29351
    endloop
  endfacet
  facet normal -0.525741 -7.71048e-06 -0.850645
    outer loop
      vertex -4.23064 -2.23177 -7.59569
      vertex -4.93549 -1.96255 -7.16006
      vertex -4.62677 -1.33936 -7.35087
    endloop
  endfacet
  facet normal -0.525719 -2.23864e-05 -0.850658
    outer loop
      vertex -4.62677 -1.33936 -7.35087
      vertex -4.93549 -1.96255 -7.16006
      vertex -4.65872 -1.12732 -7.33113
    endloop
  endfacet
  facet normal -0.525787 -3.08031e-05 -0.850616
    outer loop
      vertex -4.23064 -2.23177 -7.59569
      vertex -4.61075 -1.26015 -7.36077
      vertex -4.58002 -1.12087 -7.37977
    endloop
  endfacet
  facet normal -0.525784 -2.96118e-05 -0.850618
    outer loop
      vertex -4.23064 -2.23177 -7.59569
      vertex -4.58002 -1.12087 -7.37977
      vertex -4.54159 -0.958323 -7.40353
    endloop
  endfacet
  facet normal -0.525661 1.20183e-05 -0.850694
    outer loop
      vertex -4.23064 -2.23177 -7.59569
      vertex -4.54159 -0.958323 -7.40353
      vertex -4.50252 -0.809154 -7.42767
    endloop
  endfacet
  facet normal -0.52574 -1.57948e-05 -0.850645
    outer loop
      vertex -3.56463 0.177656 -8.00735
      vertex -4.50252 -0.809154 -7.42767
      vertex -4.16624 0.40744 -7.63553
    endloop
  endfacet
  facet normal -0.26291 -0.951043 0.162467
    outer loop
      vertex -3.69516 0.71683 -8.63208
      vertex -3.41217 0.729223 -8.10159
      vertex -3.7276 0.729223 -8.61203
    endloop
  endfacet
  facet normal -0.262864 -0.95106 0.162443
    outer loop
      vertex -3.41217 0.729223 -8.10159
      vertex -3.69516 0.71683 -8.63208
      vertex -2.99016 0.568033 -8.36242
    endloop
  endfacet
  facet normal -0.262862 -0.951062 0.162435
    outer loop
      vertex -2.99016 0.568033 -8.36242
      vertex -3.69516 0.71683 -8.63208
      vertex -3.30558 0.568033 -8.87285
    endloop
  endfacet
  facet normal -0.808998 0.309197 0.49992
    outer loop
      vertex -3.31731 0.52562 -8.8656
      vertex -2.99016 0.568033 -8.36242
      vertex -3.30558 0.568033 -8.87285
    endloop
  endfacet
  facet normal -0.809033 0.309048 0.499955
    outer loop
      vertex -2.99016 0.568033 -8.36242
      vertex -3.31731 0.52562 -8.8656
      vertex -3.14262 0.0164652 -8.26818
    endloop
  endfacet
  facet normal -0.809038 0.309041 0.499951
    outer loop
      vertex -3.31731 0.52562 -8.8656
      vertex -3.45805 0.0164652 -8.77862
      vertex -3.14262 0.0164652 -8.26818
    endloop
  endfacet
  facet normal 0.262866 0.951059 -0.162442
    outer loop
      vertex -3.14262 0.0164652 -8.26818
      vertex -3.4905 0.0288577 -8.75857
      vertex -3.56463 0.177656 -8.00735
    endloop
  endfacet
  facet normal 0.262848 0.951067 -0.162429
    outer loop
      vertex -3.4905 0.0288577 -8.75857
      vertex -3.14262 0.0164652 -8.26818
      vertex -3.45805 0.0164652 -8.77862
    endloop
  endfacet
  facet normal 0.262866 0.951059 -0.162442
    outer loop
      vertex -3.4905 0.0288577 -8.75857
      vertex -3.88007 0.177656 -8.5178
      vertex -3.56463 0.177656 -8.00735
    endloop
  endfacet
  facet normal -0.809028 0.309067 0.499951
    outer loop
      vertex -3.93127 -0.00754875 -8.48616
      vertex -3.56463 0.177656 -8.00735
      vertex -3.88007 0.177656 -8.5178
    endloop
  endfacet
  facet normal -0.80903 0.309051 0.499958
    outer loop
      vertex -3.56463 0.177656 -8.00735
      vertex -3.93127 -0.00754875 -8.48616
      vertex -4.23064 -2.23177 -7.59569
    endloop
  endfacet
  facet normal -0.809032 0.30905 0.499955
    outer loop
      vertex -3.93127 -0.00754875 -8.48616
      vertex -4.5461 -2.23177 -8.10617
      vertex -4.23064 -2.23177 -7.59569
    endloop
  endfacet
  facet normal 0.262863 0.95106 -0.162443
    outer loop
      vertex -4.23064 -2.23177 -7.59569
      vertex -5.25096 -1.96255 -7.67055
      vertex -4.93549 -1.96255 -7.16006
    endloop
  endfacet
  facet normal 0.262863 0.95106 -0.162441
    outer loop
      vertex -5.25096 -1.96255 -7.67055
      vertex -4.23064 -2.23177 -7.59569
      vertex -4.5461 -2.23177 -8.10617
    endloop
  endfacet
  facet normal 0.821118 0.261297 -0.507434
    outer loop
      vertex -4.93549 -1.96255 -7.16006
      vertex -5.92204 0.951729 -7.2558
      vertex -5.60658 0.951729 -6.74533
    endloop
  endfacet
  facet normal 0.821119 0.261298 -0.507431
    outer loop
      vertex -5.92204 0.951729 -7.2558
      vertex -4.93549 -1.96255 -7.16006
      vertex -5.25096 -1.96255 -7.67055
    endloop
  endfacet
  facet normal 0.809034 -0.30904 -0.499958
    outer loop
      vertex -5.60658 0.951729 -6.74533
      vertex -5.91021 0.994511 -7.26311
      vertex -5.45266 1.50859 -6.84047
    endloop
  endfacet
  facet normal 0.809006 -0.309129 -0.499949
    outer loop
      vertex -5.91021 0.994511 -7.26311
      vertex -5.60658 0.951729 -6.74533
      vertex -5.92204 0.951729 -7.2558
    endloop
  endfacet
  facet normal 0.809039 -0.309061 -0.499938
    outer loop
      vertex -5.45266 1.50859 -6.84047
      vertex -5.91021 0.994511 -7.26311
      vertex -5.7681 1.50859 -7.35094
    endloop
  endfacet
  facet normal -0.26286 -0.951063 0.162432
    outer loop
      vertex -5.65753 1.46636 -7.41927
      vertex -5.45266 1.50859 -6.84047
      vertex -5.7681 1.50859 -7.35094
    endloop
  endfacet
  facet normal -0.262866 -0.951061 0.162434
    outer loop
      vertex -5.45266 1.50859 -6.84047
      vertex -5.65753 1.46636 -7.41927
      vertex -4.01377 0.959007 -7.72977
    endloop
  endfacet
  facet normal -0.262864 -0.95106 0.162441
    outer loop
      vertex -4.01377 0.959007 -7.72977
      vertex -5.65753 1.46636 -7.41927
      vertex -4.32921 0.959007 -8.24022
    endloop
  endfacet
  facet normal 0.809033 -0.309044 -0.499957
    outer loop
      vertex -4.01377 0.959007 -7.72977
      vertex -4.31312 1.01723 -8.25017
      vertex -3.80442 1.71641 -7.85918
    endloop
  endfacet
  facet normal 0.809041 -0.30902 -0.499959
    outer loop
      vertex -4.31312 1.01723 -8.25017
      vertex -4.01377 0.959007 -7.72977
      vertex -4.32921 0.959007 -8.24022
    endloop
  endfacet
  facet normal 0.809033 -0.309043 -0.499958
    outer loop
      vertex -3.80442 1.71641 -7.85918
      vertex -4.31312 1.01723 -8.25017
      vertex -4.11985 1.71641 -8.36961
    endloop
  endfacet
  facet normal -0.262877 -0.951055 0.16245
    outer loop
      vertex -4.07359 1.69874 -8.3982
      vertex -3.80442 1.71641 -7.85918
      vertex -4.11985 1.71641 -8.36961
    endloop
  endfacet
  facet normal -0.262867 -0.951059 0.162445
    outer loop
      vertex -3.80442 1.71641 -7.85918
      vertex -4.07359 1.69874 -8.3982
      vertex -3.20281 1.48662 -8.231
    endloop
  endfacet
  facet normal -0.262867 -0.951058 0.162447
    outer loop
      vertex -3.20281 1.48662 -8.231
      vertex -4.07359 1.69874 -8.3982
      vertex -3.51824 1.48662 -8.74142
    endloop
  endfacet
  facet normal -0.809036 0.309016 0.499969
    outer loop
      vertex -3.53434 1.42837 -8.73147
      vertex -3.20281 1.48662 -8.231
      vertex -3.51824 1.48662 -8.74142
    endloop
  endfacet
  facet normal -0.809028 0.309056 0.499959
    outer loop
      vertex -3.20281 1.48662 -8.231
      vertex -3.53434 1.42837 -8.73147
      vertex -3.41217 0.729223 -8.10159
    endloop
  endfacet
  facet normal -0.809037 0.309046 0.49995
    outer loop
      vertex -3.53434 1.42837 -8.73147
      vertex -3.7276 0.729223 -8.61203
      vertex -3.41217 0.729223 -8.10159
    endloop
  endfacet
  facet normal -0.820378 -0.26451 0.506967
    outer loop
      vertex -4.71959 -0.831274 -7.29351
      vertex -5.06358 -0.708979 -7.78635
      vertex -5.03505 -0.831274 -7.80399
    endloop
  endfacet
  facet normal -0.820374 -0.264543 0.506956
    outer loop
      vertex -5.06358 -0.708979 -7.78635
      vertex -4.71959 -0.831274 -7.29351
      vertex -5.09108 0.760685 -7.06394
    endloop
  endfacet
  facet normal -0.820372 -0.264544 0.506957
    outer loop
      vertex -5.09108 0.760685 -7.06394
      vertex -5.40653 0.760685 -7.57441
      vertex -5.06358 -0.708979 -7.78635
    endloop
  endfacet
  facet normal -0.826903 -0.234759 0.510999
    outer loop
      vertex -4.65872 -1.12732 -7.33113
      vertex -4.97885 -1.10458 -7.83872
      vertex -4.97418 -1.12732 -7.84161
    endloop
  endfacet
  facet normal -0.826869 -0.234944 0.510969
    outer loop
      vertex -4.97885 -1.10458 -7.83872
      vertex -4.65872 -1.12732 -7.33113
      vertex -4.71959 -0.831274 -7.29351
    endloop
  endfacet
  facet normal -0.826862 -0.234959 0.510974
    outer loop
      vertex -4.71959 -0.831274 -7.29351
      vertex -5.03505 -0.831274 -7.80399
      vertex -4.97885 -1.10458 -7.83872
    endloop
  endfacet
  facet normal -0.837662 -0.174284 0.517637
    outer loop
      vertex -4.62677 -1.33936 -7.35087
      vertex -4.94468 -1.32307 -7.85984
      vertex -4.94223 -1.33936 -7.86136
    endloop
  endfacet
  facet normal -0.837645 -0.174404 0.517623
    outer loop
      vertex -4.94468 -1.32307 -7.85984
      vertex -4.62677 -1.33936 -7.35087
      vertex -4.65872 -1.12732 -7.33113
    endloop
  endfacet
  facet normal -0.837633 -0.17444 0.51763
    outer loop
      vertex -4.65872 -1.12732 -7.33113
      vertex -4.97418 -1.12732 -7.84161
      vertex -4.94468 -1.32307 -7.85984
    endloop
  endfacet
  facet normal 0.827597 -0.231354 -0.511428
    outer loop
      vertex -4.61075 -1.26015 -7.36077
      vertex -4.92744 -1.26623 -7.87049
      vertex -4.92621 -1.26015 -7.87125
    endloop
  endfacet
  facet normal 0.827607 -0.231303 -0.511435
    outer loop
      vertex -4.92744 -1.26623 -7.87049
      vertex -4.61075 -1.26015 -7.36077
      vertex -4.62677 -1.33936 -7.35087
    endloop
  endfacet
  facet normal 0.827626 -0.231232 -0.511436
    outer loop
      vertex -4.62677 -1.33936 -7.35087
      vertex -4.94223 -1.33936 -7.86136
      vertex -4.92744 -1.26623 -7.87049
    endloop
  endfacet
  facet normal 0.823423 -0.251091 -0.508849
    outer loop
      vertex -4.92621 -1.26015 -7.87125
      vertex -4.58002 -1.12087 -7.37977
      vertex -4.61075 -1.26015 -7.36077
    endloop
  endfacet
  facet normal 0.823423 -0.251091 -0.508849
    outer loop
      vertex -4.58002 -1.12087 -7.37977
      vertex -4.92621 -1.26015 -7.87125
      vertex -4.89548 -1.12087 -7.89025
    endloop
  endfacet
  facet normal 0.819603 -0.267809 -0.506488
    outer loop
      vertex -4.89548 -1.12087 -7.89025
      vertex -4.54159 -0.958323 -7.40353
      vertex -4.58002 -1.12087 -7.37977
    endloop
  endfacet
  facet normal 0.819601 -0.267826 -0.506481
    outer loop
      vertex -4.54159 -0.958323 -7.40353
      vertex -4.89548 -1.12087 -7.89025
      vertex -4.85704 -0.958323 -7.914
    endloop
  endfacet
  facet normal 0.813018 -0.294249 -0.502413
    outer loop
      vertex -4.85704 -0.958323 -7.914
      vertex -4.50252 -0.809154 -7.42767
      vertex -4.54159 -0.958323 -7.40353
    endloop
  endfacet
  facet normal 0.813021 -0.29423 -0.50242
    outer loop
      vertex -4.50252 -0.809154 -7.42767
      vertex -4.85704 -0.958323 -7.914
      vertex -4.81798 -0.809154 -7.93815
    endloop
  endfacet
  facet normal 0.809043 -0.309029 -0.49995
    outer loop
      vertex -4.16624 0.40744 -7.63553
      vertex -4.50752 0.313938 -8.13001
      vertex -4.48168 0.40744 -8.14599
    endloop
  endfacet
  facet normal 0.80904 -0.309045 -0.499945
    outer loop
      vertex -4.50752 0.313938 -8.13001
      vertex -4.16624 0.40744 -7.63553
      vertex -4.50252 -0.809154 -7.42767
    endloop
  endfacet
  facet normal 0.809032 -0.309052 -0.499955
    outer loop
      vertex -4.50252 -0.809154 -7.42767
      vertex -4.81798 -0.809154 -7.93815
      vertex -4.50752 0.313938 -8.13001
    endloop
  endfacet
  facet normal 0.262851 0.951066 -0.162431
    outer loop
      vertex -5.09108 0.760685 -7.06394
      vertex -5.33546 0.733542 -7.61833
      vertex -5.40653 0.760685 -7.57441
    endloop
  endfacet
  facet normal 0.262866 0.95106 -0.162438
    outer loop
      vertex -5.33546 0.733542 -7.61833
      vertex -5.09108 0.760685 -7.06394
      vertex -4.16624 0.40744 -7.63553
    endloop
  endfacet
  facet normal 0.262866 0.95106 -0.162439
    outer loop
      vertex -4.48168 0.40744 -8.14599
      vertex -5.33546 0.733542 -7.61833
      vertex -4.16624 0.40744 -7.63553
    endloop
  endfacet
  facet normal -0.850673 -0.525695 1.30157e-05
    outer loop
      vertex -6.79545 -5.5256 2.22879
      vertex -7.06176 -5.09466 2.22879
      vertex -6.8075 -5.50612 1.45407
    endloop
  endfacet
  facet normal -0.850672 -0.525697 1.29252e-05
    outer loop
      vertex -6.79545 -5.5256 2.22879
      vertex -6.8075 -5.50612 1.45407
      vertex -6.51951 -5.97214 1.41966
    endloop
  endfacet
  facet normal -0.850678 -0.525687 -9.51703e-06
    outer loop
      vertex -6.8075 -5.50612 1.45407
      vertex -7.96548 -3.63224 0.809952
      vertex -6.51951 -5.97214 0.809952
    endloop
  endfacet
  facet normal -0.850672 -0.525697 -0
    outer loop
      vertex -6.51951 -5.97214 1.41966
      vertex -6.8075 -5.50612 1.45407
      vertex -6.51951 -5.97214 0.809952
    endloop
  endfacet
  facet normal -0.85068 -0.525685 -0
    outer loop
      vertex -7.96548 -3.63224 1.45407
      vertex -7.96548 -3.63224 0.809952
      vertex -6.8075 -5.50612 1.45407
    endloop
  endfacet
  facet normal -0.850682 -0.52568 -0
    outer loop
      vertex -7.96548 -3.63224 0.809952
      vertex -8.21732 -3.2247 0.0696106
      vertex -7.96548 -3.63224 0.0696106
    endloop
  endfacet
  facet normal -0.850682 -0.52568 -0
    outer loop
      vertex -7.96548 -3.63224 1.45407
      vertex -8.21732 -3.2247 0.0696106
      vertex -7.96548 -3.63224 0.809952
    endloop
  endfacet
  facet normal -0.850682 -0.52568 0
    outer loop
      vertex -8.21732 -3.2247 0.0696106
      vertex -7.96548 -3.63224 1.45407
      vertex -8.21732 -3.2247 2.25401
    endloop
  endfacet
  facet normal -0.850682 -0.52568 0
    outer loop
      vertex -8.21732 -3.2247 2.25401
      vertex -7.96548 -3.63224 1.45407
      vertex -7.96548 -3.63224 2.25401
    endloop
  endfacet
  facet normal -0.850673 -0.525695 1.30157e-05
    outer loop
      vertex -6.79545 -5.5256 -0.320908
      vertex -7.06176 -5.09466 -0.320908
      vertex -6.8075 -5.50612 -1.09563
    endloop
  endfacet
  facet normal -0.850672 -0.525697 1.29252e-05
    outer loop
      vertex -6.79545 -5.5256 -0.320908
      vertex -6.8075 -5.50612 -1.09563
      vertex -6.51951 -5.97214 -1.13004
    endloop
  endfacet
  facet normal -0.850678 -0.525687 -9.51729e-06
    outer loop
      vertex -6.8075 -5.50612 -1.09563
      vertex -7.96548 -3.63224 -1.73973
      vertex -6.51951 -5.97214 -1.73973
    endloop
  endfacet
  facet normal -0.850672 -0.525697 -0
    outer loop
      vertex -6.51951 -5.97214 -1.13004
      vertex -6.8075 -5.50612 -1.09563
      vertex -6.51951 -5.97214 -1.73973
    endloop
  endfacet
  facet normal -0.85068 -0.525685 -0
    outer loop
      vertex -7.96548 -3.63224 -1.09563
      vertex -7.96548 -3.63224 -1.73973
      vertex -6.8075 -5.50612 -1.09563
    endloop
  endfacet
  facet normal -0.850682 -0.52568 -0
    outer loop
      vertex -7.96548 -3.63224 -1.73973
      vertex -8.21732 -3.2247 -2.48009
      vertex -7.96548 -3.63224 -2.48009
    endloop
  endfacet
  facet normal -0.850682 -0.52568 -0
    outer loop
      vertex -7.96548 -3.63224 -1.09563
      vertex -8.21732 -3.2247 -2.48009
      vertex -7.96548 -3.63224 -1.73973
    endloop
  endfacet
  facet normal -0.850682 -0.52568 0
    outer loop
      vertex -8.21732 -3.2247 -2.48009
      vertex -7.96548 -3.63224 -1.09563
      vertex -8.21732 -3.2247 -0.295685
    endloop
  endfacet
  facet normal -0.850682 -0.52568 0
    outer loop
      vertex -8.21732 -3.2247 -0.295685
      vertex -7.96548 -3.63224 -1.09563
      vertex -7.96548 -3.63224 -0.295685
    endloop
  endfacet
  facet normal -0.525692 0.850675 0
    outer loop
      vertex -7.96548 -3.63224 0.0696106
      vertex -8.47599 -3.94772 0.809952
      vertex -7.96548 -3.63224 0.809952
    endloop
  endfacet
  facet normal -0.525692 0.850675 0
    outer loop
      vertex -8.47599 -3.94772 0.809952
      vertex -7.96548 -3.63224 0.0696106
      vertex -8.47599 -3.94772 0.0696106
    endloop
  endfacet
  facet normal 0 0 1
    outer loop
      vertex -7.96548 -3.63224 0.809952
      vertex -7.02991 -6.28754 0.809952
      vertex -6.51951 -5.97214 0.809952
    endloop
  endfacet
  facet normal 0 0 1
    outer loop
      vertex -7.02991 -6.28754 0.809952
      vertex -7.96548 -3.63224 0.809952
      vertex -8.47599 -3.94772 0.809952
    endloop
  endfacet
  facet normal -0.525677 0.850684 0
    outer loop
      vertex -6.51951 -5.97214 0.809952
      vertex -7.02991 -6.28754 1.41966
      vertex -6.51951 -5.97214 1.41966
    endloop
  endfacet
  facet normal -0.525677 0.850684 0
    outer loop
      vertex -7.02991 -6.28754 1.41966
      vertex -6.51951 -5.97214 0.809952
      vertex -7.02991 -6.28754 0.809952
    endloop
  endfacet
  facet normal -0.441006 0.713657 -0.544249
    outer loop
      vertex -6.51951 -5.97214 1.41966
      vertex -7.05115 -6.25318 1.48193
      vertex -6.79545 -5.5256 2.22879
    endloop
  endfacet
  facet normal -0.441012 0.713672 -0.544225
    outer loop
      vertex -7.05115 -6.25318 1.48193
      vertex -6.51951 -5.97214 1.41966
      vertex -7.02991 -6.28754 1.41966
    endloop
  endfacet
  facet normal -0.441013 0.713657 -0.544244
    outer loop
      vertex -6.79545 -5.5256 2.22879
      vertex -7.11564 -6.14882 1.67103
      vertex -7.30587 -5.84102 2.22879
    endloop
  endfacet
  facet normal -0.441004 0.713658 -0.54425
    outer loop
      vertex -7.11564 -6.14882 1.67103
      vertex -6.79545 -5.5256 2.22879
      vertex -7.05115 -6.25318 1.48193
    endloop
  endfacet
  facet normal 0 0 -1
    outer loop
      vertex -7.30587 -5.84102 2.22879
      vertex -7.06176 -5.09466 2.22879
      vertex -6.79545 -5.5256 2.22879
    endloop
  endfacet
  facet normal 0 0 -1
    outer loop
      vertex -7.06176 -5.09466 2.22879
      vertex -7.30587 -5.84102 2.22879
      vertex -7.5722 -5.41009 2.22879
    endloop
  endfacet
  facet normal 0.445909 -0.721585 0.529603
    outer loop
      vertex -7.55265 -5.44173 2.16922
      vertex -7.06176 -5.09466 2.22879
      vertex -7.5722 -5.41009 2.22879
    endloop
  endfacet
  facet normal 0.445915 -0.721591 0.52959
    outer loop
      vertex -7.06176 -5.09466 2.22879
      vertex -7.55265 -5.44173 2.16922
      vertex -6.8075 -5.50612 1.45407
    endloop
  endfacet
  facet normal 0.445914 -0.721589 0.529594
    outer loop
      vertex -6.8075 -5.50612 1.45407
      vertex -7.45873 -5.5937 1.88307
      vertex -7.31792 -5.82154 1.45407
    endloop
  endfacet
  facet normal 0.44591 -0.721598 0.529586
    outer loop
      vertex -7.45873 -5.5937 1.88307
      vertex -6.8075 -5.50612 1.45407
      vertex -7.55265 -5.44173 2.16922
    endloop
  endfacet
  facet normal 0 0 -1
    outer loop
      vertex -7.31792 -5.82154 1.45407
      vertex -7.96548 -3.63224 1.45407
      vertex -6.8075 -5.50612 1.45407
    endloop
  endfacet
  facet normal 0 -0 -1
    outer loop
      vertex -7.96548 -3.63224 1.45407
      vertex -7.31792 -5.82154 1.45407
      vertex -8.47599 -3.94772 1.45407
    endloop
  endfacet
  facet normal -0.525692 0.850675 0
    outer loop
      vertex -7.96548 -3.63224 1.45407
      vertex -8.47599 -3.94772 2.25401
      vertex -7.96548 -3.63224 2.25401
    endloop
  endfacet
  facet normal -0.525692 0.850675 0
    outer loop
      vertex -8.47599 -3.94772 2.25401
      vertex -7.96548 -3.63224 1.45407
      vertex -8.47599 -3.94772 1.45407
    endloop
  endfacet
  facet normal 0 0 -1
    outer loop
      vertex -8.47599 -3.94772 2.25401
      vertex -8.21732 -3.2247 2.25401
      vertex -7.96548 -3.63224 2.25401
    endloop
  endfacet
  facet normal 0 0 -1
    outer loop
      vertex -8.21732 -3.2247 2.25401
      vertex -8.47599 -3.94772 2.25401
      vertex -8.72785 -3.54019 2.25401
    endloop
  endfacet
  facet normal 0.525689 -0.850677 0
    outer loop
      vertex -8.72785 -3.54019 0.0696106
      vertex -8.21732 -3.2247 2.25401
      vertex -8.72785 -3.54019 2.25401
    endloop
  endfacet
  facet normal 0.525689 -0.850677 0
    outer loop
      vertex -8.21732 -3.2247 2.25401
      vertex -8.72785 -3.54019 0.0696106
      vertex -8.21732 -3.2247 0.0696106
    endloop
  endfacet
  facet normal 0 0 1
    outer loop
      vertex -8.21732 -3.2247 0.0696106
      vertex -8.47599 -3.94772 0.0696106
      vertex -7.96548 -3.63224 0.0696106
    endloop
  endfacet
  facet normal 0 -0 1
    outer loop
      vertex -8.47599 -3.94772 0.0696106
      vertex -8.21732 -3.2247 0.0696106
      vertex -8.72785 -3.54019 0.0696106
    endloop
  endfacet
  facet normal -0.525692 0.850675 0
    outer loop
      vertex -7.96548 -3.63224 -2.48009
      vertex -8.47599 -3.94772 -1.73973
      vertex -7.96548 -3.63224 -1.73973
    endloop
  endfacet
  facet normal -0.525692 0.850675 0
    outer loop
      vertex -8.47599 -3.94772 -1.73973
      vertex -7.96548 -3.63224 -2.48009
      vertex -8.47599 -3.94772 -2.48009
    endloop
  endfacet
  facet normal 0 0 1
    outer loop
      vertex -6.51951 -5.97214 -1.73973
      vertex -7.2268 -5.96897 -1.73973
      vertex -7.02991 -6.28754 -1.73973
    endloop
  endfacet
  facet normal 0 0 1
    outer loop
      vertex -7.96548 -3.63224 -1.73973
      vertex -7.2268 -5.96897 -1.73973
      vertex -6.51951 -5.97214 -1.73973
    endloop
  endfacet
  facet normal 0 0 1
    outer loop
      vertex -7.2268 -5.96897 -1.73973
      vertex -7.96548 -3.63224 -1.73973
      vertex -8.47599 -3.94772 -1.73973
    endloop
  endfacet
  facet normal -0.525677 0.850684 0
    outer loop
      vertex -6.51951 -5.97214 -1.13004
      vertex -7.02991 -6.28754 -1.61805
      vertex -7.02991 -6.28754 -1.13004
    endloop
  endfacet
  facet normal -0.525677 0.850684 0
    outer loop
      vertex -6.51951 -5.97214 -1.73973
      vertex -7.02991 -6.28754 -1.61805
      vertex -6.51951 -5.97214 -1.13004
    endloop
  endfacet
  facet normal -0.525677 0.850684 0
    outer loop
      vertex -7.02991 -6.28754 -1.61805
      vertex -6.51951 -5.97214 -1.73973
      vertex -7.02991 -6.28754 -1.73973
    endloop
  endfacet
  facet normal -0.441014 0.713653 -0.544248
    outer loop
      vertex -6.51951 -5.97214 -1.13004
      vertex -7.05115 -6.25318 -1.06776
      vertex -6.79545 -5.5256 -0.320908
    endloop
  endfacet
  facet normal -0.441033 0.713706 -0.544163
    outer loop
      vertex -7.05115 -6.25318 -1.06776
      vertex -6.51951 -5.97214 -1.13004
      vertex -7.02991 -6.28754 -1.13004
    endloop
  endfacet
  facet normal -0.441011 0.713654 -0.54425
    outer loop
      vertex -7.05115 -6.25318 -1.06776
      vertex -7.30587 -5.84102 -0.320908
      vertex -6.79545 -5.5256 -0.320908
    endloop
  endfacet
  facet normal 0 0 -1
    outer loop
      vertex -7.30587 -5.84102 -0.320908
      vertex -7.06176 -5.09466 -0.320908
      vertex -6.79545 -5.5256 -0.320908
    endloop
  endfacet
  facet normal 0 0 -1
    outer loop
      vertex -7.06176 -5.09466 -0.320908
      vertex -7.30587 -5.84102 -0.320908
      vertex -7.5722 -5.41009 -0.320908
    endloop
  endfacet
  facet normal 0.445902 -0.721575 0.529623
    outer loop
      vertex -7.55265 -5.44173 -0.380475
      vertex -7.06176 -5.09466 -0.320908
      vertex -7.5722 -5.41009 -0.320908
    endloop
  endfacet
  facet normal 0.445917 -0.72159 0.529589
    outer loop
      vertex -7.06176 -5.09466 -0.320908
      vertex -7.55265 -5.44173 -0.380475
      vertex -6.8075 -5.50612 -1.09563
    endloop
  endfacet
  facet normal 0.445916 -0.721592 0.529588
    outer loop
      vertex -6.8075 -5.50612 -1.09563
      vertex -7.55265 -5.44173 -0.380475
      vertex -7.31792 -5.82154 -1.09563
    endloop
  endfacet
  facet normal 0 0 -1
    outer loop
      vertex -7.31792 -5.82154 -1.09563
      vertex -7.96548 -3.63224 -1.09563
      vertex -6.8075 -5.50612 -1.09563
    endloop
  endfacet
  facet normal 0 -0 -1
    outer loop
      vertex -7.96548 -3.63224 -1.09563
      vertex -7.31792 -5.82154 -1.09563
      vertex -8.47599 -3.94772 -1.09563
    endloop
  endfacet
  facet normal -0.525692 0.850675 0
    outer loop
      vertex -7.96548 -3.63224 -1.09563
      vertex -8.47599 -3.94772 -0.295685
      vertex -7.96548 -3.63224 -0.295685
    endloop
  endfacet
  facet normal -0.525692 0.850675 0
    outer loop
      vertex -8.47599 -3.94772 -0.295685
      vertex -7.96548 -3.63224 -1.09563
      vertex -8.47599 -3.94772 -1.09563
    endloop
  endfacet
  facet normal 0 0 -1
    outer loop
      vertex -8.47599 -3.94772 -0.295685
      vertex -8.21732 -3.2247 -0.295685
      vertex -7.96548 -3.63224 -0.295685
    endloop
  endfacet
  facet normal 0 0 -1
    outer loop
      vertex -8.21732 -3.2247 -0.295685
      vertex -8.47599 -3.94772 -0.295685
      vertex -8.72785 -3.54019 -0.295685
    endloop
  endfacet
  facet normal 0.525689 -0.850677 0
    outer loop
      vertex -8.72785 -3.54019 -2.48009
      vertex -8.21732 -3.2247 -0.295685
      vertex -8.72785 -3.54019 -0.295685
    endloop
  endfacet
  facet normal 0.525689 -0.850677 0
    outer loop
      vertex -8.21732 -3.2247 -0.295685
      vertex -8.72785 -3.54019 -2.48009
      vertex -8.21732 -3.2247 -2.48009
    endloop
  endfacet
  facet normal 0 0 1
    outer loop
      vertex -8.21732 -3.2247 -2.48009
      vertex -8.47599 -3.94772 -2.48009
      vertex -7.96548 -3.63224 -2.48009
    endloop
  endfacet
  facet normal 0 -0 1
    outer loop
      vertex -8.47599 -3.94772 -2.48009
      vertex -8.21732 -3.2247 -2.48009
      vertex -8.72785 -3.54019 -2.48009
    endloop
  endfacet
  facet normal -2.06071e-05 0.850677 -0.525689
    outer loop
      vertex -0.474976 7.14596 -4.9584
      vertex -0.494415 7.47853 -4.42023
      vertex -0.259262 7.379 -4.5813
    endloop
  endfacet
  facet normal -5.25371e-06 0.850677 -0.525689
    outer loop
      vertex 1.1246 7.19703 -4.87576
      vertex 0.61615 7.55604 -4.2948
      vertex 1.37538 7.41217 -4.52762
    endloop
  endfacet
  facet normal -1.51068e-05 0.850675 -0.525692
    outer loop
      vertex 0.232559 7.01468 -5.17084
      vertex 0.0355377 7.34581 -4.635
      vertex 0.297058 7.37007 -4.59575
    endloop
  endfacet
  facet normal 8.59763e-06 0.850679 -0.525686
    outer loop
      vertex 0.232559 7.01468 -5.17084
      vertex -0.15657 7.04751 -5.11772
      vertex 0.0355377 7.34581 -4.635
    endloop
  endfacet
  facet normal -1.34278e-05 0.850675 -0.525692
    outer loop
      vertex -0.15657 7.04751 -5.11772
      vertex -0.474976 7.14596 -4.9584
      vertex -0.259262 7.379 -4.5813
    endloop
  endfacet
  facet normal 9.78354e-06 0.85068 -0.525685
    outer loop
      vertex 0.734421 7.06027 -5.09707
      vertex 0.297058 7.37007 -4.59575
      vertex 0.493362 7.44282 -4.47802
    endloop
  endfacet
  facet normal 2.48809e-06 0.850678 -0.525687
    outer loop
      vertex 0.734421 7.06027 -5.09707
      vertex 0.493362 7.44282 -4.47802
      vertex 1.1246 7.19703 -4.87576
    endloop
  endfacet
  facet normal 4.83701e-06 0.85068 -0.525683
    outer loop
      vertex -1.11873 6.32182 -6.29206
      vertex -1.25465 7.47853 -4.42023
      vertex -0.474976 7.14596 -4.9584
    endloop
  endfacet
  facet normal 1.34263e-05 0.850678 -0.525686
    outer loop
      vertex -0.411148 6.62668 -5.79871
      vertex -1.11873 6.32182 -6.29206
      vertex -0.474976 7.14596 -4.9584
    endloop
  endfacet
  facet normal 0 0.850687 -0.525672
    outer loop
      vertex 1.23148 6.32182 -6.29206
      vertex -0.411148 6.62668 -5.79871
      vertex 1.23148 6.62668 -5.79871
    endloop
  endfacet
  facet normal 0 0.850687 -0.525672
    outer loop
      vertex -0.411148 6.62668 -5.79871
      vertex 1.23148 6.32182 -6.29206
      vertex -1.11873 6.32182 -6.29206
    endloop
  endfacet
  facet normal 8.90212e-07 0.85068 -0.525684
    outer loop
      vertex 0.483673 7.98325 -3.60349
      vertex 0.280762 8.05654 -3.48489
      vertex 0.613022 8.35793 -2.99717
    endloop
  endfacet
  facet normal 6.65345e-06 0.850685 -0.525676
    outer loop
      vertex -0.504135 7.94348 -3.66784
      vertex -1.21756 8.09647 -3.42027
      vertex -0.931412 8.26694 -3.1444
    endloop
  endfacet
  facet normal 0 0.850677 -0.525688
    outer loop
      vertex -0.474976 7.14596 -4.9584
      vertex -1.25465 7.47853 -4.42023
      vertex -0.494415 7.47853 -4.42023
    endloop
  endfacet
  facet normal 1.04319e-05 0.850673 -0.525695
    outer loop
      vertex 0.0188904 8.08096 -3.44536
      vertex -0.196838 8.06602 -3.46954
      vertex 0.0105743 8.40625 -2.91898
    endloop
  endfacet
  facet normal 1.54215e-05 0.850678 -0.525688
    outer loop
      vertex -0.15657 7.04751 -5.11772
      vertex -0.259262 7.379 -4.5813
      vertex 0.0355377 7.34581 -4.635
    endloop
  endfacet
  facet normal 2.51715e-06 0.850679 -0.525685
    outer loop
      vertex 0.280762 8.05654 -3.48489
      vertex 0.0105743 8.40625 -2.91898
      vertex 0.613022 8.35793 -2.99717
    endloop
  endfacet
  facet normal -3.6945e-06 0.850674 -0.525693
    outer loop
      vertex 0.734421 7.06027 -5.09707
      vertex 0.232559 7.01468 -5.17084
      vertex 0.297058 7.37007 -4.59575
    endloop
  endfacet
  facet normal 7.86591e-06 0.850682 -0.525681
    outer loop
      vertex 1.1246 7.19703 -4.87576
      vertex 0.493362 7.44282 -4.47802
      vertex 0.61615 7.55604 -4.2948
    endloop
  endfacet
  facet normal -4.38177e-06 0.850678 -0.525687
    outer loop
      vertex 1.37538 7.41217 -4.52762
      vertex 0.61615 7.55604 -4.2948
      vertex 1.45897 7.69296 -4.07324
    endloop
  endfacet
  facet normal -2.76013e-06 0.850681 -0.525682
    outer loop
      vertex 1.45897 7.69296 -4.07324
      vertex 0.657074 7.70172 -4.05906
      vertex 1.36221 7.98634 -3.59848
    endloop
  endfacet
  facet normal -2.96091e-06 0.850676 -0.525691
    outer loop
      vertex 1.45897 7.69296 -4.07324
      vertex 0.61615 7.55604 -4.2948
      vertex 0.657074 7.70172 -4.05906
    endloop
  endfacet
  facet normal 5.38369e-06 0.850682 -0.525681
    outer loop
      vertex 1.36221 7.98634 -3.59848
      vertex 0.613724 7.86399 -3.79648
      vertex 1.0719 8.21297 -3.23174
    endloop
  endfacet
  facet normal 1.15996e-05 0.850671 -0.525698
    outer loop
      vertex 0.657074 7.70172 -4.05906
      vertex 0.613724 7.86399 -3.79648
      vertex 1.36221 7.98634 -3.59848
    endloop
  endfacet
  facet normal 6.52824e-06 0.850681 -0.525682
    outer loop
      vertex 0.613724 7.86399 -3.79648
      vertex 0.483673 7.98325 -3.60349
      vertex 1.0719 8.21297 -3.23174
    endloop
  endfacet
  facet normal 9.53763e-06 0.850679 -0.525686
    outer loop
      vertex 1.0719 8.21297 -3.23174
      vertex 0.483673 7.98325 -3.60349
      vertex 0.613022 8.35793 -2.99717
    endloop
  endfacet
  facet normal -2.79243e-05 0.850673 -0.525695
    outer loop
      vertex 0.0188904 8.08096 -3.44536
      vertex 0.0105743 8.40625 -2.91898
      vertex 0.280762 8.05654 -3.48489
    endloop
  endfacet
  facet normal -4.77671e-06 0.850681 -0.525683
    outer loop
      vertex -0.37236 8.02117 -3.54212
      vertex -0.931412 8.26694 -3.1444
      vertex -0.519028 8.37142 -2.97533
    endloop
  endfacet
  facet normal -1.05809e-06 0.850675 -0.525692
    outer loop
      vertex -0.58873 7.83007 -3.85136
      vertex -1.21756 8.09647 -3.42027
      vertex -0.504135 7.94348 -3.66784
    endloop
  endfacet
  facet normal 5.24069e-06 0.850679 -0.525685
    outer loop
      vertex -0.58873 7.83007 -3.85136
      vertex -1.36845 7.86363 -3.79706
      vertex -1.21756 8.09647 -3.42027
    endloop
  endfacet
  facet normal -4.59267e-06 0.850681 -0.525682
    outer loop
      vertex -0.504135 7.94348 -3.66784
      vertex -0.931412 8.26694 -3.1444
      vertex -0.37236 8.02117 -3.54212
    endloop
  endfacet
  facet normal 4.73892e-06 0.850682 -0.525681
    outer loop
      vertex -0.37236 8.02117 -3.54212
      vertex -0.519028 8.37142 -2.97533
      vertex -0.196838 8.06602 -3.46954
    endloop
  endfacet
  facet normal -1.22919e-05 0.850677 -0.525689
    outer loop
      vertex -0.196838 8.06602 -3.46954
      vertex -0.519028 8.37142 -2.97533
      vertex 0.0105743 8.40625 -2.91898
    endloop
  endfacet
  facet normal -0.515073 -0.450586 -0.729158
    outer loop
      vertex 0.613022 8.35793 -2.99717
      vertex 1.0719 8.72351 -3.54723
      vertex 1.0719 8.21297 -3.23174
    endloop
  endfacet
  facet normal -0.51508 -0.450577 -0.729159
    outer loop
      vertex 1.0719 8.72351 -3.54723
      vertex 0.613022 8.35793 -2.99717
      vertex 0.613022 8.86848 -3.31266
    endloop
  endfacet
  facet normal -0.829466 -0.293623 -0.475154
    outer loop
      vertex 1.09417 8.70612 -3.57536
      vertex 1.0719 8.21297 -3.23174
      vertex 1.0719 8.72351 -3.54723
    endloop
  endfacet
  facet normal -0.829466 -0.293624 -0.475155
    outer loop
      vertex 1.0719 8.21297 -3.23174
      vertex 1.09417 8.70612 -3.57536
      vertex 1.36221 7.98634 -3.59848
    endloop
  endfacet
  facet normal -0.829467 -0.293624 -0.475152
    outer loop
      vertex 1.36221 7.98634 -3.59848
      vertex 1.09417 8.70612 -3.57536
      vertex 1.36221 8.49686 -3.91396
    endloop
  endfacet
  facet normal -0.985301 -0.0898015 -0.14532
    outer loop
      vertex 1.45897 8.20345 -4.3887
      vertex 1.36221 7.98634 -3.59848
      vertex 1.36221 8.49686 -3.91396
    endloop
  endfacet
  facet normal -0.985301 -0.089801 -0.14532
    outer loop
      vertex 1.36221 7.98634 -3.59848
      vertex 1.45897 8.20345 -4.3887
      vertex 1.45897 7.69296 -4.07324
    endloop
  endfacet
  facet normal -0.987969 0.0812962 0.131557
    outer loop
      vertex 1.45255 8.18189 -4.42359
      vertex 1.45897 7.69296 -4.07324
      vertex 1.45897 8.20345 -4.3887
    endloop
  endfacet
  facet normal -0.987975 0.0812753 0.131528
    outer loop
      vertex 1.45897 7.69296 -4.07324
      vertex 1.45255 8.18189 -4.42359
      vertex 1.37538 7.41217 -4.52762
    endloop
  endfacet
  facet normal -0.987976 0.081276 0.131523
    outer loop
      vertex 1.37538 7.92264 -4.84307
      vertex 1.37538 7.41217 -4.52762
      vertex 1.45255 8.18189 -4.42359
    endloop
  endfacet
  facet normal -0.85265 0.274661 0.444465
    outer loop
      vertex 1.1246 7.70748 -5.1912
      vertex 1.37538 7.41217 -4.52762
      vertex 1.37538 7.92264 -4.84307
    endloop
  endfacet
  facet normal -0.852649 0.274664 0.444465
    outer loop
      vertex 1.37538 7.41217 -4.52762
      vertex 1.1246 7.70748 -5.1912
      vertex 1.1246 7.19703 -4.87576
    endloop
  endfacet
  facet normal -0.554732 0.437388 0.707788
    outer loop
      vertex 1.09461 7.69697 -5.20821
      vertex 1.1246 7.19703 -4.87576
      vertex 1.1246 7.70748 -5.1912
    endloop
  endfacet
  facet normal -0.554755 0.437379 0.707776
    outer loop
      vertex 1.1246 7.19703 -4.87576
      vertex 1.09461 7.69697 -5.20821
      vertex 0.734421 7.06027 -5.09707
    endloop
  endfacet
  facet normal -0.554752 0.437377 0.707779
    outer loop
      vertex 0.734421 7.57071 -5.4125
      vertex 0.734421 7.06027 -5.09707
      vertex 1.09461 7.69697 -5.20821
    endloop
  endfacet
  facet normal -0.170374 0.517998 0.838243
    outer loop
      vertex 0.695834 7.56721 -5.41818
      vertex 0.734421 7.06027 -5.09707
      vertex 0.734421 7.57071 -5.4125
    endloop
  endfacet
  facet normal -0.170274 0.518013 0.838254
    outer loop
      vertex 0.734421 7.06027 -5.09707
      vertex 0.695834 7.56721 -5.41818
      vertex 0.232559 7.01468 -5.17084
    endloop
  endfacet
  facet normal -0.170266 0.518008 0.838259
    outer loop
      vertex 0.232559 7.52512 -5.48627
      vertex 0.232559 7.01468 -5.17084
      vertex 0.695834 7.56721 -5.41818
    endloop
  endfacet
  facet normal 0.158252 0.519059 0.83996
    outer loop
      vertex 0.202638 7.52764 -5.48219
      vertex 0.232559 7.01468 -5.17084
      vertex 0.232559 7.52512 -5.48627
    endloop
  endfacet
  facet normal 0.15845 0.519051 0.839928
    outer loop
      vertex 0.232559 7.01468 -5.17084
      vertex 0.202638 7.52764 -5.48219
      vertex -0.15657 7.04751 -5.11772
    endloop
  endfacet
  facet normal 0.158444 0.519055 0.839927
    outer loop
      vertex -0.15657 7.55795 -5.43316
      vertex -0.15657 7.04751 -5.11772
      vertex 0.202638 7.52764 -5.48219
    endloop
  endfacet
  facet normal 0.507003 0.453114 0.733236
    outer loop
      vertex -0.474976 7.14596 -4.9584
      vertex -0.15657 7.55795 -5.43316
      vertex -0.474976 7.65641 -5.27384
    endloop
  endfacet
  facet normal 0.506993 0.453124 0.733238
    outer loop
      vertex -0.15657 7.55795 -5.43316
      vertex -0.474976 7.14596 -4.9584
      vertex -0.15657 7.04751 -5.11772
    endloop
  endfacet
  facet normal -0.997919 -0.0338968 -0.0548523
    outer loop
      vertex -0.411148 7.13709 -6.11413
      vertex -0.474976 7.14596 -4.9584
      vertex -0.474976 7.65641 -5.27384
    endloop
  endfacet
  facet normal -0.997919 -0.0338973 -0.0548523
    outer loop
      vertex -0.474976 7.14596 -4.9584
      vertex -0.411148 7.13709 -6.11413
      vertex -0.411148 6.62668 -5.79871
    endloop
  endfacet
  facet normal 0 -0.525694 -0.850674
    outer loop
      vertex -0.411148 6.62668 -5.79871
      vertex 1.23148 7.13709 -6.11413
      vertex 1.23148 6.62668 -5.79871
    endloop
  endfacet
  facet normal -0 -0.525694 -0.850674
    outer loop
      vertex 1.23148 7.13709 -6.11413
      vertex -0.411148 6.62668 -5.79871
      vertex -0.411148 7.13709 -6.11413
    endloop
  endfacet
  facet normal -1 0 0
    outer loop
      vertex 1.23148 6.8322 -6.60745
      vertex 1.23148 6.62668 -5.79871
      vertex 1.23148 7.13709 -6.11413
    endloop
  endfacet
  facet normal -1 0 -0
    outer loop
      vertex 1.23148 6.62668 -5.79871
      vertex 1.23148 6.8322 -6.60745
      vertex 1.23148 6.32182 -6.29206
    endloop
  endfacet
  facet normal -0 0.52568 0.850682
    outer loop
      vertex -1.11873 6.8322 -6.60745
      vertex 1.23148 6.32182 -6.29206
      vertex 1.23148 6.8322 -6.60745
    endloop
  endfacet
  facet normal 0 0.52568 0.850682
    outer loop
      vertex 1.23148 6.32182 -6.29206
      vertex -1.11873 6.8322 -6.60745
      vertex -1.11873 6.32182 -6.29206
    endloop
  endfacet
  facet normal 0.998098 0.0324055 0.0524501
    outer loop
      vertex -1.11873 6.32182 -6.29206
      vertex -1.12919 6.92125 -6.46336
      vertex -1.25465 7.47853 -4.42023
    endloop
  endfacet
  facet normal 0.998099 0.0324002 0.0524316
    outer loop
      vertex -1.12919 6.92125 -6.46336
      vertex -1.11873 6.32182 -6.29206
      vertex -1.11873 6.8322 -6.60745
    endloop
  endfacet
  facet normal 0.998098 0.032412 0.0524483
    outer loop
      vertex -1.25465 7.989 -4.73569
      vertex -1.25465 7.47853 -4.42023
      vertex -1.12919 6.92125 -6.46336
    endloop
  endfacet
  facet normal 0 -0.525698 -0.850672
    outer loop
      vertex -1.25465 7.47853 -4.42023
      vertex -0.494415 7.989 -4.73569
      vertex -0.494415 7.47853 -4.42023
    endloop
  endfacet
  facet normal -0 -0.525698 -0.850672
    outer loop
      vertex -0.494415 7.989 -4.73569
      vertex -1.25465 7.47853 -4.42023
      vertex -1.25465 7.989 -4.73569
    endloop
  endfacet
  facet normal -0.627152 -0.409456 -0.66259
    outer loop
      vertex -0.494415 7.47853 -4.42023
      vertex -0.476349 7.98136 -4.74806
      vertex -0.259262 7.379 -4.5813
    endloop
  endfacet
  facet normal -0.626963 -0.409544 -0.662715
    outer loop
      vertex -0.476349 7.98136 -4.74806
      vertex -0.494415 7.47853 -4.42023
      vertex -0.494415 7.989 -4.73569
    endloop
  endfacet
  facet normal -0.62716 -0.409457 -0.662582
    outer loop
      vertex -0.259262 7.379 -4.5813
      vertex -0.476349 7.98136 -4.74806
      vertex -0.259262 7.88946 -4.89675
    endloop
  endfacet
  facet normal -0.209395 -0.514031 -0.831821
    outer loop
      vertex -0.259262 7.379 -4.5813
      vertex -0.236609 7.88691 -4.90087
      vertex 0.0355377 7.34581 -4.635
    endloop
  endfacet
  facet normal -0.209161 -0.514065 -0.831859
    outer loop
      vertex -0.236609 7.88691 -4.90087
      vertex -0.259262 7.379 -4.5813
      vertex -0.259262 7.88946 -4.89675
    endloop
  endfacet
  facet normal -0.209396 -0.514032 -0.83182
    outer loop
      vertex 0.0355377 7.34581 -4.635
      vertex -0.236609 7.88691 -4.90087
      vertex 0.0355377 7.85628 -4.95045
    endloop
  endfacet
  facet normal 0.173755 -0.517688 -0.83774
    outer loop
      vertex 0.0355377 7.34581 -4.635
      vertex 0.0556342 7.85814 -4.94743
      vertex 0.297058 7.37007 -4.59575
    endloop
  endfacet
  facet normal 0.173804 -0.517685 -0.837732
    outer loop
      vertex 0.0556342 7.85814 -4.94743
      vertex 0.0355377 7.34581 -4.635
      vertex 0.0355377 7.85628 -4.95045
    endloop
  endfacet
  facet normal 0.173784 -0.517675 -0.837742
    outer loop
      vertex 0.297058 7.37007 -4.59575
      vertex 0.0556342 7.85814 -4.94743
      vertex 0.297058 7.88054 -4.91119
    endloop
  endfacet
  facet normal 0.576201 -0.429637 -0.695273
    outer loop
      vertex 0.297058 7.88054 -4.91119
      vertex 0.493362 7.44282 -4.47802
      vertex 0.297058 7.37007 -4.59575
    endloop
  endfacet
  facet normal 0.576154 -0.429674 -0.695289
    outer loop
      vertex 0.493362 7.44282 -4.47802
      vertex 0.297058 7.88054 -4.91119
      vertex 0.493362 7.95329 -4.79348
    endloop
  endfacet
  facet normal 0.86874 -0.26036 -0.421313
    outer loop
      vertex 0.493362 7.44282 -4.47802
      vertex 0.502796 7.96199 -4.7794
      vertex 0.61615 7.55604 -4.2948
    endloop
  endfacet
  facet normal 0.868779 -0.260325 -0.421252
    outer loop
      vertex 0.502796 7.96199 -4.7794
      vertex 0.493362 7.44282 -4.47802
      vertex 0.493362 7.95329 -4.79348
    endloop
  endfacet
  facet normal 0.868742 -0.260356 -0.42131
    outer loop
      vertex 0.61615 7.55604 -4.2948
      vertex 0.502796 7.96199 -4.7794
      vertex 0.61615 8.06652 -4.61026
    endloop
  endfacet
  facet normal 0.989272 -0.0767962 -0.124275
    outer loop
      vertex 0.657074 7.70172 -4.05906
      vertex 0.61615 8.06652 -4.61026
      vertex 0.657074 8.21221 -4.37452
    endloop
  endfacet
  facet normal 0.989271 -0.0767987 -0.124276
    outer loop
      vertex 0.61615 8.06652 -4.61026
      vertex 0.657074 7.70172 -4.05906
      vertex 0.61615 7.55604 -4.2948
    endloop
  endfacet
  facet normal 0.990282 0.0731089 0.118308
    outer loop
      vertex 0.657074 7.70172 -4.05906
      vertex 0.653745 8.22468 -4.35436
      vertex 0.613724 7.86399 -3.79648
    endloop
  endfacet
  facet normal 0.990283 0.0731066 0.118304
    outer loop
      vertex 0.653745 8.22468 -4.35436
      vertex 0.657074 7.70172 -4.05906
      vertex 0.657074 8.21221 -4.37452
    endloop
  endfacet
  facet normal 0.990282 0.0731107 0.118309
    outer loop
      vertex 0.613724 8.37449 -4.11195
      vertex 0.613724 7.86399 -3.79648
      vertex 0.653745 8.22468 -4.35436
    endloop
  endfacet
  facet normal 0.867561 0.261436 0.42307
    outer loop
      vertex 0.613724 7.86399 -3.79648
      vertex 0.60374 8.38365 -4.09713
      vertex 0.483673 7.98325 -3.60349
    endloop
  endfacet
  facet normal 0.867634 0.261374 0.42296
    outer loop
      vertex 0.60374 8.38365 -4.09713
      vertex 0.613724 7.86399 -3.79648
      vertex 0.613724 8.37449 -4.11195
    endloop
  endfacet
  facet normal 0.867552 0.261451 0.42308
    outer loop
      vertex 0.483673 8.49376 -3.91897
      vertex 0.483673 7.98325 -3.60349
      vertex 0.60374 8.38365 -4.09713
    endloop
  endfacet
  facet normal 0.566301 0.433274 0.701126
    outer loop
      vertex 0.280762 8.05654 -3.48489
      vertex 0.483673 8.49376 -3.91897
      vertex 0.468099 8.49939 -3.90987
    endloop
  endfacet
  facet normal 0.566299 0.433275 0.701126
    outer loop
      vertex 0.483673 8.49376 -3.91897
      vertex 0.280762 8.05654 -3.48489
      vertex 0.483673 7.98325 -3.60349
    endloop
  endfacet
  facet normal 0.566315 0.433263 0.701121
    outer loop
      vertex 0.280762 8.56706 -3.80037
      vertex 0.280762 8.05654 -3.48489
      vertex 0.468099 8.49939 -3.90987
    endloop
  endfacet
  facet normal 0.174723 0.517591 0.837599
    outer loop
      vertex 0.0188904 8.08096 -3.44536
      vertex 0.280762 8.56706 -3.80037
      vertex 0.0188904 8.59149 -3.76084
    endloop
  endfacet
  facet normal 0.174704 0.5176 0.837597
    outer loop
      vertex 0.280762 8.56706 -3.80037
      vertex 0.0188904 8.08096 -3.44536
      vertex 0.280762 8.05654 -3.48489
    endloop
  endfacet
  facet normal -0.130957 0.52115 0.843358
    outer loop
      vertex 0.00233559 8.59034 -3.7627
      vertex 0.0188904 8.08096 -3.44536
      vertex 0.0188904 8.59149 -3.76084
    endloop
  endfacet
  facet normal -0.130625 0.521181 0.843391
    outer loop
      vertex 0.0188904 8.08096 -3.44536
      vertex 0.00233559 8.59034 -3.7627
      vertex -0.196838 8.06602 -3.46954
    endloop
  endfacet
  facet normal -0.130665 0.521189 0.843379
    outer loop
      vertex -0.196838 8.57654 -3.78503
      vertex -0.196838 8.06602 -3.46954
      vertex 0.00233559 8.59034 -3.7627
    endloop
  endfacet
  facet normal -0.437124 0.472812 0.765096
    outer loop
      vertex -0.210308 8.5731 -3.7906
      vertex -0.196838 8.06602 -3.46954
      vertex -0.196838 8.57654 -3.78503
    endloop
  endfacet
  facet normal -0.437176 0.472797 0.765075
    outer loop
      vertex -0.196838 8.06602 -3.46954
      vertex -0.210308 8.5731 -3.7906
      vertex -0.37236 8.02117 -3.54212
    endloop
  endfacet
  facet normal -0.437143 0.472796 0.765095
    outer loop
      vertex -0.37236 8.53169 -3.8576
      vertex -0.37236 8.02117 -3.54212
      vertex -0.210308 8.5731 -3.7906
    endloop
  endfacet
  facet normal -0.74636 0.349866 0.566164
    outer loop
      vertex -0.382474 8.52573 -3.86725
      vertex -0.37236 8.02117 -3.54212
      vertex -0.37236 8.53169 -3.8576
    endloop
  endfacet
  facet normal -0.746385 0.34985 0.56614
    outer loop
      vertex -0.37236 8.02117 -3.54212
      vertex -0.382474 8.52573 -3.86725
      vertex -0.504135 7.94348 -3.66784
    endloop
  endfacet
  facet normal -0.74638 0.349851 0.566147
    outer loop
      vertex -0.504135 8.45399 -3.98331
      vertex -0.504135 7.94348 -3.66784
      vertex -0.382474 8.52573 -3.86725
    endloop
  endfacet
  facet normal -0.930972 0.191921 0.310576
    outer loop
      vertex -0.510629 8.44529 -3.9974
      vertex -0.504135 7.94348 -3.66784
      vertex -0.504135 8.45399 -3.98331
    endloop
  endfacet
  facet normal -0.930983 0.191905 0.310552
    outer loop
      vertex -0.504135 7.94348 -3.66784
      vertex -0.510629 8.44529 -3.9974
      vertex -0.58873 7.83007 -3.85136
    endloop
  endfacet
  facet normal -0.930984 0.191905 0.31055
    outer loop
      vertex -0.58873 8.34058 -4.16683
      vertex -0.58873 7.83007 -3.85136
      vertex -0.510629 8.44529 -3.9974
    endloop
  endfacet
  facet normal 0.0815533 0.523929 0.847849
    outer loop
      vertex -0.648593 8.34315 -4.16266
      vertex -0.58873 7.83007 -3.85136
      vertex -0.58873 8.34058 -4.16683
    endloop
  endfacet
  facet normal 0.0815947 0.523931 0.847844
    outer loop
      vertex -0.58873 7.83007 -3.85136
      vertex -0.648593 8.34315 -4.16266
      vertex -1.36845 7.86363 -3.79706
    endloop
  endfacet
  facet normal 0.0815909 0.523935 0.847842
    outer loop
      vertex -1.36845 8.37413 -4.11253
      vertex -1.36845 7.86363 -3.79706
      vertex -0.648593 8.34315 -4.16266
    endloop
  endfacet
  facet normal 0.946581 -0.169513 -0.274318
    outer loop
      vertex -1.36845 7.86363 -3.79706
      vertex -1.35687 8.39201 -4.08361
      vertex -1.21756 8.09647 -3.42027
    endloop
  endfacet
  facet normal 0.946605 -0.169479 -0.274254
    outer loop
      vertex -1.35687 8.39201 -4.08361
      vertex -1.36845 7.86363 -3.79706
      vertex -1.36845 8.37413 -4.11253
    endloop
  endfacet
  facet normal 0.946579 -0.169518 -0.27432
    outer loop
      vertex -1.21756 8.09647 -3.42027
      vertex -1.35687 8.39201 -4.08361
      vertex -1.21756 8.60699 -3.73575
    endloop
  endfacet
  facet normal 0.749827 -0.347816 -0.562835
    outer loop
      vertex -1.21756 8.09647 -3.42027
      vertex -1.1956 8.62008 -3.71459
      vertex -0.931412 8.26694 -3.1444
    endloop
  endfacet
  facet normal 0.749753 -0.347855 -0.56291
    outer loop
      vertex -1.1956 8.62008 -3.71459
      vertex -1.21756 8.09647 -3.42027
      vertex -1.21756 8.60699 -3.73575
    endloop
  endfacet
  facet normal 0.749826 -0.347817 -0.562836
    outer loop
      vertex -0.931412 8.26694 -3.1444
      vertex -1.1956 8.62008 -3.71459
      vertex -0.931412 8.77748 -3.4599
    endloop
  endfacet
  facet normal 0.434157 -0.473561 -0.766321
    outer loop
      vertex -0.931412 8.26694 -3.1444
      vertex -0.899777 8.7855 -3.44693
      vertex -0.519028 8.37142 -2.97533
    endloop
  endfacet
  facet normal 0.434223 -0.473548 -0.766292
    outer loop
      vertex -0.899777 8.7855 -3.44693
      vertex -0.931412 8.26694 -3.1444
      vertex -0.931412 8.77748 -3.4599
    endloop
  endfacet
  facet normal 0.434162 -0.473556 -0.766321
    outer loop
      vertex -0.519028 8.37142 -2.97533
      vertex -0.899777 8.7855 -3.44693
      vertex -0.519028 8.88197 -3.29083
    endloop
  endfacet
  facet normal 0.124118 -0.521625 -0.844099
    outer loop
      vertex -0.519028 8.37142 -2.97533
      vertex -0.478409 8.88464 -3.28651
      vertex 0.0105743 8.40625 -2.91898
    endloop
  endfacet
  facet normal 0.124062 -0.521625 -0.844107
    outer loop
      vertex -0.478409 8.88464 -3.28651
      vertex -0.519028 8.37142 -2.97533
      vertex -0.519028 8.88197 -3.29083
    endloop
  endfacet
  facet normal 0.124112 -0.521629 -0.844097
    outer loop
      vertex 0.0105743 8.40625 -2.91898
      vertex -0.478409 8.88464 -3.28651
      vertex 0.0105743 8.91679 -3.23448
    endloop
  endfacet
  facet normal -0.150825 -0.51968 -0.840943
    outer loop
      vertex 0.0105743 8.40625 -2.91898
      vertex 0.0567776 8.91309 -3.24048
      vertex 0.613022 8.35793 -2.99717
    endloop
  endfacet
  facet normal -0.150822 -0.51968 -0.840943
    outer loop
      vertex 0.0567776 8.91309 -3.24048
      vertex 0.0105743 8.40625 -2.91898
      vertex 0.0105743 8.91679 -3.23448
    endloop
  endfacet
  facet normal -0.150801 -0.519663 -0.840958
    outer loop
      vertex 0.613022 8.35793 -2.99717
      vertex 0.0567776 8.91309 -3.24048
      vertex 0.613022 8.86848 -3.31266
    endloop
  endfacet
  facet normal -0.850669 0.525701 3.00483e-06
    outer loop
      vertex -6.92183 5.32107 -0.147439
      vertex -7.04027 5.12941 0.701458
      vertex -6.71193 5.66072 0.250694
    endloop
  endfacet
  facet normal -0.850652 0.525729 -6.78825e-06
    outer loop
      vertex -7.41829 4.51771 0.323926
      vertex -7.61828 4.19411 -0.287756
      vertex -7.53097 4.33539 0.394114
    endloop
  endfacet
  facet normal -0.850671 0.525698 -1.51752e-06
    outer loop
      vertex -7.16312 4.93062 -0.386622
      vertex -7.291 4.72369 0.357079
      vertex -6.92183 5.32107 -0.147439
    endloop
  endfacet
  facet normal -0.850665 0.525709 -1.80071e-05
    outer loop
      vertex -6.33014 6.27848 -0.960112
      vertex -6.57794 5.87753 -0.311366
      vertex -5.97021 6.86091 -0.462658
    endloop
  endfacet
  facet normal -0.850665 0.525709 -1.8834e-05
    outer loop
      vertex -7.53097 4.33539 0.394114
      vertex -7.79879 3.90201 0.0432386
      vertex -7.62397 4.18491 0.562678
    endloop
  endfacet
  facet normal -0.850668 0.525703 -1.43138e-05
    outer loop
      vertex -7.79879 3.90201 0.0432386
      vertex -7.86909 3.78826 0.274485
      vertex -7.62397 4.18491 0.562678
    endloop
  endfacet
  facet normal -0.850668 0.525703 -7.91405e-06
    outer loop
      vertex -7.67823 4.09711 0.774922
      vertex -7.91034 3.72152 0.75424
      vertex -7.87825 3.77345 0.982957
    endloop
  endfacet
  facet normal -0.850663 0.525712 4.82503e-06
    outer loop
      vertex -7.87825 3.77345 0.982957
      vertex -8.01962 3.54469 1.73071
      vertex -7.63593 4.16555 1.2012
    endloop
  endfacet
  facet normal -0.850666 0.525706 -6.59851e-07
    outer loop
      vertex -7.62397 4.18491 0.562678
      vertex -7.90677 3.7273 0.514791
      vertex -7.67823 4.09711 0.774922
    endloop
  endfacet
  facet normal -0.850659 0.525718 1.38099e-06
    outer loop
      vertex -7.40082 4.54598 -0.432199
      vertex -7.61828 4.19411 -0.287756
      vertex -7.41829 4.51771 0.323926
    endloop
  endfacet
  facet normal -0.850669 0.525701 -7.81348e-06
    outer loop
      vertex -6.62859 5.79557 1.20441
      vertex -6.97421 5.2363 1.14687
      vertex -6.76059 5.58198 1.70107
    endloop
  endfacet
  facet normal -0.850668 0.525703 1.31895e-06
    outer loop
      vertex -7.87825 3.77345 0.982957
      vertex -8.38044 2.96083 1.11585
      vertex -8.01962 3.54469 1.73071
    endloop
  endfacet
  facet normal -0.850663 0.525712 8.25599e-07
    outer loop
      vertex -8.22772 3.20795 0.278718
      vertex -8.57314 2.64902 0.501002
      vertex -8.38044 2.96083 1.11585
    endloop
  endfacet
  facet normal -0.850664 0.52571 -3.8018e-06
    outer loop
      vertex -8.26203 3.15243 -0.0315104
      vertex -8.57314 2.64902 0.501002
      vertex -8.22772 3.20795 0.278718
    endloop
  endfacet
  facet normal -0.850664 0.525709 -8.19618e-06
    outer loop
      vertex -8.46571 2.82284 -0.679572
      vertex -8.6006 2.60458 -0.101585
      vertex -8.26203 3.15243 -0.0315104
    endloop
  endfacet
  facet normal -0.850676 0.52569 4.6944e-06
    outer loop
      vertex -8.07485 3.45531 -0.490896
      vertex -8.30512 3.08269 -1.00679
      vertex -8.20888 3.23842 -0.304039
    endloop
  endfacet
  facet normal -0.850666 0.525706 -1.07442e-05
    outer loop
      vertex -7.71555 4.03669 -1.11411
      vertex -7.93561 3.6806 -1.21891
      vertex -7.89909 3.73971 -0.458928
    endloop
  endfacet
  facet normal -0.850662 0.525713 -1.14571e-05
    outer loop
      vertex -7.93561 3.6806 -1.21891
      vertex -8.07485 3.45531 -0.490896
      vertex -7.89909 3.73971 -0.458928
    endloop
  endfacet
  facet normal -0.850657 0.525722 -7.68848e-06
    outer loop
      vertex -7.93561 3.6806 -1.21891
      vertex -8.13028 3.36561 -1.18486
      vertex -8.07485 3.45531 -0.490896
    endloop
  endfacet
  facet normal -0.850671 0.525699 -3.57563e-06
    outer loop
      vertex -8.13028 3.36561 -1.18486
      vertex -8.30512 3.08269 -1.00679
      vertex -8.07485 3.45531 -0.490896
    endloop
  endfacet
  facet normal -0.850661 0.525714 -2.61025e-06
    outer loop
      vertex -8.30512 3.08269 -1.00679
      vertex -8.46571 2.82284 -0.679572
      vertex -8.20888 3.23842 -0.304039
    endloop
  endfacet
  facet normal -0.850655 0.525725 -1.90838e-05
    outer loop
      vertex -8.20888 3.23842 -0.304039
      vertex -8.46571 2.82284 -0.679572
      vertex -8.26203 3.15243 -0.0315104
    endloop
  endfacet
  facet normal -0.850664 0.525709 -5.43623e-06
    outer loop
      vertex -8.26203 3.15243 -0.0315104
      vertex -8.6006 2.60458 -0.101585
      vertex -8.57314 2.64902 0.501002
    endloop
  endfacet
  facet normal -0.850663 0.525711 4.87636e-07
    outer loop
      vertex -8.22772 3.20795 0.278718
      vertex -8.38044 2.96083 1.11585
      vertex -8.10132 3.41248 0.619325
    endloop
  endfacet
  facet normal -0.850669 0.525702 -1.08503e-05
    outer loop
      vertex -8.10132 3.41248 0.619325
      vertex -8.38044 2.96083 1.11585
      vertex -7.87825 3.77345 0.982957
    endloop
  endfacet
  facet normal -0.850667 0.525705 -7.60132e-06
    outer loop
      vertex -7.54364 4.31489 1.37677
      vertex -7.63595 4.16553 2.14652
      vertex -7.3985 4.54975 1.5272
    endloop
  endfacet
  facet normal -0.850665 0.525707 -1.55768e-05
    outer loop
      vertex -7.12412 4.99373 1.52401
      vertex -7.25335 4.78462 1.57733
      vertex -7.00081 5.19328 2.12404
    endloop
  endfacet
  facet normal -0.850667 0.525704 -1.42048e-05
    outer loop
      vertex -6.76059 5.58198 1.70107
      vertex -7.12412 4.99373 1.52401
      vertex -7.00081 5.19328 2.12404
    endloop
  endfacet
  facet normal -0.850673 0.525696 2.45456e-05
    outer loop
      vertex -7.02675 5.1513 1.36408
      vertex -7.12412 4.99373 1.52401
      vertex -6.76059 5.58198 1.70107
    endloop
  endfacet
  facet normal -0.850667 0.525704 -2.69251e-05
    outer loop
      vertex -6.61327 5.82036 0.711126
      vertex -7.04027 5.12941 0.701458
      vertex -6.97951 5.22774 0.921766
    endloop
  endfacet
  facet normal -0.850662 0.525712 -8.03389e-06
    outer loop
      vertex -7.25335 4.78462 1.57733
      vertex -7.3985 4.54975 1.5272
      vertex -7.29446 4.71811 2.27507
    endloop
  endfacet
  facet normal -0.850669 0.525701 -9.46505e-06
    outer loop
      vertex -7.25335 4.78462 1.57733
      vertex -7.29446 4.71811 2.27507
      vertex -7.00081 5.19328 2.12404
    endloop
  endfacet
  facet normal -0.850666 0.525706 -6.15427e-06
    outer loop
      vertex -7.3985 4.54975 1.5272
      vertex -7.63595 4.16553 2.14652
      vertex -7.29446 4.71811 2.27507
    endloop
  endfacet
  facet normal -0.850667 0.525705 -7.54451e-06
    outer loop
      vertex -7.54364 4.31489 1.37677
      vertex -8.01962 3.54469 1.73071
      vertex -7.63595 4.16553 2.14652
    endloop
  endfacet
  facet normal -0.850667 0.525706 -4.95344e-06
    outer loop
      vertex -7.63593 4.16555 1.2012
      vertex -8.01962 3.54469 1.73071
      vertex -7.54364 4.31489 1.37677
    endloop
  endfacet
  facet normal -0.850664 0.525709 6.10522e-06
    outer loop
      vertex -7.67823 4.09711 0.774922
      vertex -7.87825 3.77345 0.982957
      vertex -7.68151 4.0918 0.994185
    endloop
  endfacet
  facet normal -0.850664 0.525709 1.06929e-05
    outer loop
      vertex -7.68151 4.0918 0.994185
      vertex -7.87825 3.77345 0.982957
      vertex -7.63593 4.16555 1.2012
    endloop
  endfacet
  facet normal -0.850669 0.525702 6.98545e-06
    outer loop
      vertex -7.90677 3.7273 0.514791
      vertex -7.91034 3.72152 0.75424
      vertex -7.67823 4.09711 0.774922
    endloop
  endfacet
  facet normal -0.850665 0.525708 -2.45421e-05
    outer loop
      vertex -7.86909 3.78826 0.274485
      vertex -7.90677 3.7273 0.514791
      vertex -7.62397 4.18491 0.562678
    endloop
  endfacet
  facet normal -0.850672 0.525696 2.7609e-06
    outer loop
      vertex -7.61828 4.19411 -0.287756
      vertex -7.79879 3.90201 0.0432386
      vertex -7.53097 4.33539 0.394114
    endloop
  endfacet
  facet normal -0.850674 0.525693 9.60975e-08
    outer loop
      vertex -7.40082 4.54598 -0.432199
      vertex -7.41829 4.51771 0.323926
      vertex -7.291 4.72369 0.357079
    endloop
  endfacet
  facet normal -0.850671 0.525698 -1.44577e-06
    outer loop
      vertex -7.16312 4.93062 -0.386622
      vertex -7.40082 4.54598 -0.432199
      vertex -7.291 4.72369 0.357079
    endloop
  endfacet
  facet normal -0.850676 0.52569 -1.52801e-05
    outer loop
      vertex -6.92183 5.32107 -0.147439
      vertex -7.291 4.72369 0.357079
      vertex -7.15416 4.94513 0.498625
    endloop
  endfacet
  facet normal -0.850658 0.52572 8.85982e-06
    outer loop
      vertex -6.92183 5.32107 -0.147439
      vertex -7.15416 4.94513 0.498625
      vertex -7.04027 5.12941 0.701458
    endloop
  endfacet
  facet normal -0.850668 0.525704 7.64975e-06
    outer loop
      vertex -6.71193 5.66072 0.250694
      vertex -7.04027 5.12941 0.701458
      vertex -6.61327 5.82036 0.711126
    endloop
  endfacet
  facet normal -0.850663 0.525711 4.47985e-07
    outer loop
      vertex -6.61327 5.82036 0.711126
      vertex -6.97951 5.22774 0.921766
      vertex -6.62859 5.79557 1.20441
    endloop
  endfacet
  facet normal -0.850653 0.525727 -3.01243e-05
    outer loop
      vertex -6.97421 5.2363 1.14687
      vertex -7.02675 5.1513 1.36408
      vertex -6.76059 5.58198 1.70107
    endloop
  endfacet
  facet normal -0.850672 0.525698 3.81496e-05
    outer loop
      vertex -6.62859 5.79557 1.20441
      vertex -6.97951 5.22774 0.921766
      vertex -6.97421 5.2363 1.14687
    endloop
  endfacet
  facet normal -0.850663 0.525712 5.43816e-06
    outer loop
      vertex -5.97021 6.86091 -0.462658
      vertex -6.57794 5.87753 -0.311366
      vertex -6.218 6.45995 0.186087
    endloop
  endfacet
  facet normal -0.524777 -0.849196 -0.0589572
    outer loop
      vertex -7.1237 6.13578 0.711126
      vertex -6.62859 5.79557 1.20441
      vertex -7.13902 6.111 1.20441
    endloop
  endfacet
  facet normal -0.524764 -0.849202 -0.0589744
    outer loop
      vertex -6.62859 5.79557 1.20441
      vertex -7.1237 6.13578 0.711126
      vertex -6.61327 5.82036 0.711126
    endloop
  endfacet
  facet normal -0.486811 -0.787759 0.377426
    outer loop
      vertex -6.71193 5.66072 0.250694
      vertex -7.1237 6.13578 0.711126
      vertex -7.22236 5.97615 0.250694
    endloop
  endfacet
  facet normal -0.486797 -0.787761 0.37744
    outer loop
      vertex -7.1237 6.13578 0.711126
      vertex -6.71193 5.66072 0.250694
      vertex -6.61327 5.82036 0.711126
    endloop
  endfacet
  facet normal -0.371187 -0.600657 0.708118
    outer loop
      vertex -7.22236 5.97615 0.250694
      vertex -6.92183 5.32107 -0.147439
      vertex -6.71193 5.66072 0.250694
    endloop
  endfacet
  facet normal -0.37118 -0.600656 0.708123
    outer loop
      vertex -6.92183 5.32107 -0.147439
      vertex -7.22236 5.97615 0.250694
      vertex -7.43227 5.6365 -0.147439
    endloop
  endfacet
  facet normal -0.242954 -0.393157 0.886792
    outer loop
      vertex -7.45082 5.60649 -0.165826
      vertex -6.92183 5.32107 -0.147439
      vertex -7.43227 5.6365 -0.147439
    endloop
  endfacet
  facet normal -0.242934 -0.393119 0.886815
    outer loop
      vertex -6.92183 5.32107 -0.147439
      vertex -7.45082 5.60649 -0.165826
      vertex -7.16312 4.93062 -0.386622
    endloop
  endfacet
  facet normal -0.242928 -0.393117 0.886817
    outer loop
      vertex -7.45082 5.60649 -0.165826
      vertex -7.67358 5.24606 -0.386622
      vertex -7.16312 4.93062 -0.386622
    endloop
  endfacet
  facet normal -0.0527239 -0.0853204 0.994958
    outer loop
      vertex -7.69185 5.2165 -0.390125
      vertex -7.16312 4.93062 -0.386622
      vertex -7.67358 5.24606 -0.386622
    endloop
  endfacet
  facet normal -0.0527209 -0.0853147 0.994958
    outer loop
      vertex -7.16312 4.93062 -0.386622
      vertex -7.69185 5.2165 -0.390125
      vertex -7.40082 4.54598 -0.432199
    endloop
  endfacet
  facet normal -0.0527212 -0.0853148 0.994958
    outer loop
      vertex -7.69185 5.2165 -0.390125
      vertex -7.91129 4.86143 -0.432199
      vertex -7.40082 4.54598 -0.432199
    endloop
  endfacet
  facet normal 0.173305 0.280447 0.944095
    outer loop
      vertex -7.91129 4.86143 -0.432199
      vertex -7.61828 4.19411 -0.287756
      vertex -7.40082 4.54598 -0.432199
    endloop
  endfacet
  facet normal 0.173301 0.280445 0.944096
    outer loop
      vertex -7.61828 4.19411 -0.287756
      vertex -7.91129 4.86143 -0.432199
      vertex -8.12876 4.50956 -0.287756
    endloop
  endfacet
  facet normal 0.364845 0.590414 0.71993
    outer loop
      vertex -8.14262 4.48712 -0.262329
      vertex -7.61828 4.19411 -0.287756
      vertex -8.12876 4.50956 -0.287756
    endloop
  endfacet
  facet normal 0.364828 0.59038 0.719967
    outer loop
      vertex -7.61828 4.19411 -0.287756
      vertex -8.14262 4.48712 -0.262329
      vertex -7.79879 3.90201 0.0432386
    endloop
  endfacet
  facet normal 0.364829 0.59038 0.719966
    outer loop
      vertex -8.14262 4.48712 -0.262329
      vertex -8.30928 4.21747 0.0432386
      vertex -7.79879 3.90201 0.0432386
    endloop
  endfacet
  facet normal 0.455075 0.736421 0.50059
    outer loop
      vertex -8.30928 4.21747 0.0432386
      vertex -7.86909 3.78826 0.274485
      vertex -7.79879 3.90201 0.0432386
    endloop
  endfacet
  facet normal 0.455228 0.736467 0.500385
    outer loop
      vertex -7.86909 3.78826 0.274485
      vertex -8.30928 4.21747 0.0432386
      vertex -8.31468 4.20874 0.0610001
    endloop
  endfacet
  facet normal 0.45507 0.736413 0.500607
    outer loop
      vertex -8.31468 4.20874 0.0610001
      vertex -8.37958 4.10372 0.274485
      vertex -7.86909 3.78826 0.274485
    endloop
  endfacet
  facet normal 0.503763 0.815199 0.285787
    outer loop
      vertex -7.86909 3.78826 0.274485
      vertex -8.38247 4.09904 0.292941
      vertex -7.90677 3.7273 0.514791
    endloop
  endfacet
  facet normal 0.503785 0.815245 0.285614
    outer loop
      vertex -8.38247 4.09904 0.292941
      vertex -7.86909 3.78826 0.274485
      vertex -8.37958 4.10372 0.274485
    endloop
  endfacet
  facet normal 0.503756 0.815198 0.285801
    outer loop
      vertex -8.38247 4.09904 0.292941
      vertex -8.41726 4.04276 0.514791
      vertex -7.90677 3.7273 0.514791
    endloop
  endfacet
  facet normal 0.525471 0.850339 0.0283605
    outer loop
      vertex -8.41726 4.04276 0.514791
      vertex -7.91034 3.72152 0.75424
      vertex -7.90677 3.7273 0.514791
    endloop
  endfacet
  facet normal 0.525479 0.850334 0.0283386
    outer loop
      vertex -7.91034 3.72152 0.75424
      vertex -8.41726 4.04276 0.514791
      vertex -8.42082 4.03698 0.75424
    endloop
  endfacet
  facet normal 0.50791 0.821905 -0.257875
    outer loop
      vertex -7.91034 3.72152 0.75424
      vertex -8.38873 4.08891 0.982957
      vertex -7.87825 3.77345 0.982957
    endloop
  endfacet
  facet normal 0.50791 0.821905 -0.257875
    outer loop
      vertex -8.38873 4.08891 0.982957
      vertex -7.91034 3.72152 0.75424
      vertex -8.42082 4.03698 0.75424
    endloop
  endfacet
  facet normal -0.342103 -0.553593 0.759276
    outer loop
      vertex -8.40586 4.06119 0.955028
      vertex -7.87825 3.77345 0.982957
      vertex -8.38873 4.08891 0.982957
    endloop
  endfacet
  facet normal -0.342075 -0.553537 0.75933
    outer loop
      vertex -7.87825 3.77345 0.982957
      vertex -8.40586 4.06119 0.955028
      vertex -8.10132 3.41248 0.619325
    endloop
  endfacet
  facet normal -0.342052 -0.553533 0.759343
    outer loop
      vertex -8.40586 4.06119 0.955028
      vertex -8.61182 3.72794 0.619325
      vertex -8.10132 3.41248 0.619325
    endloop
  endfacet
  facet normal -0.42947 -0.694977 0.576682
    outer loop
      vertex -8.22772 3.20795 0.278718
      vertex -8.61182 3.72794 0.619325
      vertex -8.73822 3.52342 0.278718
    endloop
  endfacet
  facet normal -0.429455 -0.694975 0.576695
    outer loop
      vertex -8.61182 3.72794 0.619325
      vertex -8.22772 3.20795 0.278718
      vertex -8.10132 3.41248 0.619325
    endloop
  endfacet
  facet normal -0.514423 -0.832449 0.205908
    outer loop
      vertex -8.74086 3.51916 0.2549
      vertex -8.22772 3.20795 0.278718
      vertex -8.73822 3.52342 0.278718
    endloop
  endfacet
  facet normal -0.514425 -0.832456 0.205874
    outer loop
      vertex -8.22772 3.20795 0.278718
      vertex -8.74086 3.51916 0.2549
      vertex -8.26203 3.15243 -0.0315104
    endloop
  endfacet
  facet normal -0.514417 -0.832457 0.205888
    outer loop
      vertex -8.74086 3.51916 0.2549
      vertex -8.77254 3.4679 -0.0315104
      vertex -8.26203 3.15243 -0.0315104
    endloop
  endfacet
  facet normal -0.492876 -0.797598 -0.347722
    outer loop
      vertex -8.76846 3.4745 -0.0524325
      vertex -8.26203 3.15243 -0.0315104
      vertex -8.77254 3.4679 -0.0315104
    endloop
  endfacet
  facet normal -0.492863 -0.797581 -0.347779
    outer loop
      vertex -8.26203 3.15243 -0.0315104
      vertex -8.76846 3.4745 -0.0524325
      vertex -8.20888 3.23842 -0.304039
    endloop
  endfacet
  facet normal -0.49287 -0.797563 -0.347811
    outer loop
      vertex -8.20888 3.23842 -0.304039
      vertex -8.76846 3.4745 -0.0524325
      vertex -8.71939 3.5539 -0.304039
    endloop
  endfacet
  facet normal -0.31075 -0.502858 -0.806578
    outer loop
      vertex -8.20888 3.23842 -0.304039
      vertex -8.7091 3.57055 -0.318385
      vertex -8.07485 3.45531 -0.490896
    endloop
  endfacet
  facet normal -0.310768 -0.502885 -0.806555
    outer loop
      vertex -8.7091 3.57055 -0.318385
      vertex -8.20888 3.23842 -0.304039
      vertex -8.71939 3.5539 -0.304039
    endloop
  endfacet
  facet normal -0.31075 -0.502862 -0.806576
    outer loop
      vertex -8.07485 3.45531 -0.490896
      vertex -8.7091 3.57055 -0.318385
      vertex -8.58535 3.77078 -0.490896
    endloop
  endfacet
  facet normal 0.0500389 0.0809705 -0.99546
    outer loop
      vertex -8.07485 3.45531 -0.490896
      vertex -8.57185 3.79262 -0.488442
      vertex -7.89909 3.73971 -0.458928
    endloop
  endfacet
  facet normal 0.0500158 0.0809366 -0.995464
    outer loop
      vertex -8.57185 3.79262 -0.488442
      vertex -8.07485 3.45531 -0.490896
      vertex -8.58535 3.77078 -0.490896
    endloop
  endfacet
  facet normal 0.0500392 0.0809755 -0.995459
    outer loop
      vertex -7.89909 3.73971 -0.458928
      vertex -8.57185 3.79262 -0.488442
      vertex -8.40958 4.05517 -0.458928
    endloop
  endfacet
  facet normal -0.463931 -0.750751 -0.470256
    outer loop
      vertex -8.39549 4.07798 -0.509244
      vertex -7.89909 3.73971 -0.458928
      vertex -8.40958 4.05517 -0.458928
    endloop
  endfacet
  facet normal -0.463929 -0.750749 -0.470262
    outer loop
      vertex -7.89909 3.73971 -0.458928
      vertex -8.39549 4.07798 -0.509244
      vertex -7.71555 4.03669 -1.11411
    endloop
  endfacet
  facet normal -0.463929 -0.750749 -0.470262
    outer loop
      vertex -7.71555 4.03669 -1.11411
      vertex -8.39549 4.07798 -0.509244
      vertex -8.22604 4.35215 -1.11411
    endloop
  endfacet
  facet normal -0.127715 -0.206673 0.970039
    outer loop
      vertex -8.24294 4.32481 -1.12216
      vertex -7.71555 4.03669 -1.11411
      vertex -8.22604 4.35215 -1.11411
    endloop
  endfacet
  facet normal -0.127673 -0.206596 0.970061
    outer loop
      vertex -7.71555 4.03669 -1.11411
      vertex -8.24294 4.32481 -1.12216
      vertex -7.93561 3.6806 -1.21891
    endloop
  endfacet
  facet normal -0.127667 -0.206593 0.970062
    outer loop
      vertex -8.24294 4.32481 -1.12216
      vertex -8.44611 3.99607 -1.21891
      vertex -7.93561 3.6806 -1.21891
    endloop
  endfacet
  facet normal 0.0480467 0.0777502 0.995814
    outer loop
      vertex -8.46106 3.97188 -1.2163
      vertex -7.93561 3.6806 -1.21891
      vertex -8.44611 3.99607 -1.21891
    endloop
  endfacet
  facet normal 0.0481295 0.0778996 0.995799
    outer loop
      vertex -7.93561 3.6806 -1.21891
      vertex -8.46106 3.97188 -1.2163
      vertex -8.13028 3.36561 -1.18486
    endloop
  endfacet
  facet normal 0.0481438 0.0779074 0.995797
    outer loop
      vertex -8.46106 3.97188 -1.2163
      vertex -8.64078 3.68108 -1.18486
      vertex -8.13028 3.36561 -1.18486
    endloop
  endfacet
  facet normal 0.248094 0.401471 0.881629
    outer loop
      vertex -8.65421 3.65936 -1.17119
      vertex -8.13028 3.36561 -1.18486
      vertex -8.64078 3.68108 -1.18486
    endloop
  endfacet
  facet normal 0.248129 0.401534 0.881591
    outer loop
      vertex -8.13028 3.36561 -1.18486
      vertex -8.65421 3.65936 -1.17119
      vertex -8.30512 3.08269 -1.00679
    endloop
  endfacet
  facet normal 0.248139 0.401539 0.881586
    outer loop
      vertex -8.65421 3.65936 -1.17119
      vertex -8.81563 3.39817 -1.00679
      vertex -8.30512 3.08269 -1.00679
    endloop
  endfacet
  facet normal 0.384272 0.621829 0.682396
    outer loop
      vertex -8.81563 3.39817 -1.00679
      vertex -8.46571 2.82284 -0.679572
      vertex -8.30512 3.08269 -1.00679
    endloop
  endfacet
  facet normal 0.384272 0.621829 0.682396
    outer loop
      vertex -8.46571 2.82284 -0.679572
      vertex -8.81563 3.39817 -1.00679
      vertex -8.97622 3.13832 -0.679572
    endloop
  endfacet
  facet normal 0.480477 0.777508 0.405737
    outer loop
      vertex -8.97622 3.13832 -0.679572
      vertex -8.6006 2.60458 -0.101585
      vertex -8.46571 2.82284 -0.679572
    endloop
  endfacet
  facet normal 0.480469 0.77751 0.405744
    outer loop
      vertex -8.6006 2.60458 -0.101585
      vertex -8.97622 3.13832 -0.679572
      vertex -9.11112 2.92006 -0.101585
    endloop
  endfacet
  facet normal 0.523722 0.8475 -0.0863681
    outer loop
      vertex -8.6006 2.60458 -0.101585
      vertex -9.10901 2.92347 -0.0553409
      vertex -8.57314 2.64902 0.501002
    endloop
  endfacet
  facet normal 0.523719 0.847499 -0.0863898
    outer loop
      vertex -9.10901 2.92347 -0.0553409
      vertex -8.6006 2.60458 -0.101585
      vertex -9.11112 2.92006 -0.101585
    endloop
  endfacet
  facet normal 0.523727 0.847496 -0.0863756
    outer loop
      vertex -8.57314 2.64902 0.501002
      vertex -9.10901 2.92347 -0.0553409
      vertex -9.08365 2.9645 0.501002
    endloop
  endfacet
  facet normal 0.451537 0.730683 -0.512071
    outer loop
      vertex -8.57314 2.64902 0.501002
      vertex -9.06886 2.98843 0.548193
      vertex -8.38044 2.96083 1.11585
    endloop
  endfacet
  facet normal 0.451548 0.730695 -0.512045
    outer loop
      vertex -9.06886 2.98843 0.548193
      vertex -8.57314 2.64902 0.501002
      vertex -9.08365 2.9645 0.501002
    endloop
  endfacet
  facet normal 0.451532 0.730692 -0.512063
    outer loop
      vertex -8.38044 2.96083 1.11585
      vertex -9.06886 2.98843 0.548193
      vertex -8.89095 3.2763 1.11585
    endloop
  endfacet
  facet normal 0.350749 0.567623 -0.744835
    outer loop
      vertex -8.38044 2.96083 1.11585
      vertex -8.86325 3.32112 1.16306
      vertex -8.01962 3.54469 1.73071
    endloop
  endfacet
  facet normal 0.350798 0.56768 -0.744769
    outer loop
      vertex -8.86325 3.32112 1.16306
      vertex -8.38044 2.96083 1.11585
      vertex -8.89095 3.2763 1.11585
    endloop
  endfacet
  facet normal 0.350757 0.567609 -0.744842
    outer loop
      vertex -8.01962 3.54469 1.73071
      vertex -8.86325 3.32112 1.16306
      vertex -8.53011 3.86015 1.73071
    endloop
  endfacet
  facet normal 0.260224 0.421118 -0.868875
    outer loop
      vertex -8.01962 3.54469 1.73071
      vertex -8.50064 3.90783 1.76265
      vertex -7.63595 4.16553 2.14652
    endloop
  endfacet
  facet normal 0.260259 0.421162 -0.868843
    outer loop
      vertex -8.50064 3.90783 1.76265
      vertex -8.01962 3.54469 1.73071
      vertex -8.53011 3.86015 1.73071
    endloop
  endfacet
  facet normal 0.260232 0.421101 -0.868881
    outer loop
      vertex -7.63595 4.16553 2.14652
      vertex -8.50064 3.90783 1.76265
      vertex -8.14642 4.48099 2.14652
    endloop
  endfacet
  facet normal 0.102049 0.165145 -0.980976
    outer loop
      vertex -7.63595 4.16553 2.14652
      vertex -8.12018 4.52344 2.1564
      vertex -7.29446 4.71811 2.27507
    endloop
  endfacet
  facet normal 0.102093 0.165205 -0.980961
    outer loop
      vertex -8.12018 4.52344 2.1564
      vertex -7.63595 4.16553 2.14652
      vertex -8.14642 4.48099 2.14652
    endloop
  endfacet
  facet normal 0.102053 0.165144 -0.980975
    outer loop
      vertex -7.29446 4.71811 2.27507
      vertex -7.98394 4.74388 2.20768
      vertex -7.80491 5.03355 2.27507
    endloop
  endfacet
  facet normal 0.102053 0.165128 -0.980978
    outer loop
      vertex -7.98394 4.74388 2.20768
      vertex -7.29446 4.71811 2.27507
      vertex -8.12018 4.52344 2.1564
    endloop
  endfacet
  facet normal -0.137206 -0.222035 -0.965337
    outer loop
      vertex -7.29446 4.71811 2.27507
      vertex -7.78234 5.07007 2.26346
      vertex -7.00081 5.19328 2.12404
    endloop
  endfacet
  facet normal -0.137233 -0.222072 -0.965324
    outer loop
      vertex -7.78234 5.07007 2.26346
      vertex -7.29446 4.71811 2.27507
      vertex -7.80491 5.03355 2.27507
    endloop
  endfacet
  facet normal -0.137206 -0.222032 -0.965337
    outer loop
      vertex -7.00081 5.19328 2.12404
      vertex -7.78234 5.07007 2.26346
      vertex -7.51125 5.50871 2.12404
    endloop
  endfacet
  facet normal -0.357093 -0.577873 -0.733858
    outer loop
      vertex -7.32878 5.80395 1.80276
      vertex -6.76059 5.58198 1.70107
      vertex -7.00081 5.19328 2.12404
    endloop
  endfacet
  facet normal -0.357095 -0.577882 -0.73385
    outer loop
      vertex -6.76059 5.58198 1.70107
      vertex -7.32878 5.80395 1.80276
      vertex -7.27103 5.8974 1.70107
    endloop
  endfacet
  facet normal -0.357102 -0.577875 -0.733852
    outer loop
      vertex -7.32878 5.80395 1.80276
      vertex -7.00081 5.19328 2.12404
      vertex -7.51125 5.50871 2.12404
    endloop
  endfacet
  facet normal -0.469124 -0.759176 -0.451192
    outer loop
      vertex -7.13902 6.111 1.20441
      vertex -6.76059 5.58198 1.70107
      vertex -7.27103 5.8974 1.70107
    endloop
  endfacet
  facet normal -0.469146 -0.759174 -0.451172
    outer loop
      vertex -6.76059 5.58198 1.70107
      vertex -7.13902 6.111 1.20441
      vertex -6.62859 5.79557 1.20441
    endloop
  endfacet
  facet normal 0.111434 0.180324 0.977275
    outer loop
      vertex -7.63457 5.30917 1.52401
      vertex -7.25335 4.78462 1.57733
      vertex -7.12412 4.99373 1.52401
    endloop
  endfacet
  facet normal 0.11143 0.180322 0.977275
    outer loop
      vertex -7.25335 4.78462 1.57733
      vertex -7.63457 5.30917 1.52401
      vertex -7.76381 5.10006 1.57733
    endloop
  endfacet
  facet normal -0.093909 -0.151968 0.983914
    outer loop
      vertex -7.76381 5.10006 1.57733
      vertex -7.3985 4.54975 1.5272
      vertex -7.25335 4.78462 1.57733
    endloop
  endfacet
  facet normal -0.0939139 -0.151971 0.983913
    outer loop
      vertex -7.3985 4.54975 1.5272
      vertex -7.76381 5.10006 1.57733
      vertex -7.90896 4.8652 1.5272
    endloop
  endfacet
  facet normal -0.251509 -0.407012 0.878114
    outer loop
      vertex -8.04296 4.64838 1.38833
      vertex -7.54364 4.31489 1.37677
      vertex -7.3985 4.54975 1.5272
    endloop
  endfacet
  facet normal -0.251595 -0.407138 0.878031
    outer loop
      vertex -7.54364 4.31489 1.37677
      vertex -8.04296 4.64838 1.38833
      vertex -8.05411 4.63034 1.37677
    endloop
  endfacet
  facet normal -0.251508 -0.406989 0.878125
    outer loop
      vertex -7.90896 4.8652 1.5272
      vertex -8.04296 4.64838 1.38833
      vertex -7.3985 4.54975 1.5272
    endloop
  endfacet
  facet normal -0.371731 -0.601545 0.707078
    outer loop
      vertex -8.05411 4.63034 1.37677
      vertex -7.63593 4.16555 1.2012
      vertex -7.54364 4.31489 1.37677
    endloop
  endfacet
  facet normal -0.37172 -0.601539 0.707089
    outer loop
      vertex -7.63593 4.16555 1.2012
      vertex -8.05411 4.63034 1.37677
      vertex -8.14641 4.481 1.2012
    endloop
  endfacet
  facet normal -0.484849 -0.784612 0.386402
    outer loop
      vertex -7.68151 4.0918 0.994185
      vertex -8.18849 4.41292 1.01009
      vertex -8.19199 4.40725 0.994185
    endloop
  endfacet
  facet normal -0.484876 -0.784648 0.386293
    outer loop
      vertex -8.18849 4.41292 1.01009
      vertex -7.68151 4.0918 0.994185
      vertex -7.63593 4.16555 1.2012
    endloop
  endfacet
  facet normal -0.484875 -0.784653 0.386284
    outer loop
      vertex -8.14641 4.481 1.2012
      vertex -8.18849 4.41292 1.01009
      vertex -7.63593 4.16555 1.2012
    endloop
  endfacet
  facet normal -0.525484 -0.850326 -0.0284971
    outer loop
      vertex -7.67823 4.09711 0.774922
      vertex -8.18895 4.41216 0.791766
      vertex -8.1887 4.41257 0.774922
    endloop
  endfacet
  facet normal -0.525484 -0.850328 -0.0284536
    outer loop
      vertex -8.18895 4.41216 0.791766
      vertex -7.67823 4.09711 0.774922
      vertex -7.68151 4.0918 0.994185
    endloop
  endfacet
  facet normal -0.525464 -0.850338 -0.0285179
    outer loop
      vertex -7.68151 4.0918 0.994185
      vertex -8.19199 4.40725 0.994185
      vertex -8.18895 4.41216 0.791766
    endloop
  endfacet
  facet normal -0.47262 -0.76498 -0.437535
    outer loop
      vertex -8.13444 4.50036 0.562678
      vertex -7.67823 4.09711 0.774922
      vertex -8.13861 4.49361 0.578984
    endloop
  endfacet
  facet normal -0.47275 -0.765018 -0.437327
    outer loop
      vertex -7.67823 4.09711 0.774922
      vertex -8.13444 4.50036 0.562678
      vertex -7.62397 4.18491 0.562678
    endloop
  endfacet
  facet normal -0.472774 -0.765031 -0.437278
    outer loop
      vertex -7.67823 4.09711 0.774922
      vertex -8.1887 4.41257 0.774922
      vertex -8.13861 4.49361 0.578984
    endloop
  endfacet
  facet normal -0.362641 -0.586838 -0.723956
    outer loop
      vertex -8.04859 4.63928 0.407065
      vertex -7.53097 4.33539 0.394114
      vertex -7.62397 4.18491 0.562678
    endloop
  endfacet
  facet normal -0.362626 -0.586812 -0.723985
    outer loop
      vertex -7.53097 4.33539 0.394114
      vertex -8.04859 4.63928 0.407065
      vertex -8.04144 4.65084 0.394114
    endloop
  endfacet
  facet normal -0.362643 -0.586839 -0.723954
    outer loop
      vertex -7.62397 4.18491 0.562678
      vertex -8.13444 4.50036 0.562678
      vertex -8.04859 4.63928 0.407065
    endloop
  endfacet
  facet normal -0.163601 -0.264743 -0.95034
    outer loop
      vertex -7.53097 4.33539 0.394114
      vertex -7.92876 4.83316 0.323926
      vertex -7.41829 4.51771 0.323926
    endloop
  endfacet
  facet normal -0.163601 -0.264743 -0.95034
    outer loop
      vertex -7.92876 4.83316 0.323926
      vertex -7.53097 4.33539 0.394114
      vertex -8.04144 4.65084 0.394114
    endloop
  endfacet
  facet normal 0.071311 0.115397 -0.990756
    outer loop
      vertex -7.81125 5.02331 0.354531
      vertex -7.291 4.72369 0.357079
      vertex -7.41829 4.51771 0.323926
    endloop
  endfacet
  facet normal 0.0713001 0.115378 -0.990759
    outer loop
      vertex -7.291 4.72369 0.357079
      vertex -7.81125 5.02331 0.354531
      vertex -7.80146 5.03914 0.357079
    endloop
  endfacet
  facet normal 0.0713099 0.115396 -0.990757
    outer loop
      vertex -7.41829 4.51771 0.323926
      vertex -7.92876 4.83316 0.323926
      vertex -7.81125 5.02331 0.354531
    endloop
  endfacet
  facet normal 0.251123 0.406374 -0.87852
    outer loop
      vertex -7.67513 5.24355 0.487746
      vertex -7.15416 4.94513 0.498625
      vertex -7.291 4.72369 0.357079
    endloop
  endfacet
  facet normal 0.251106 0.406344 -0.878538
    outer loop
      vertex -7.15416 4.94513 0.498625
      vertex -7.67513 5.24355 0.487746
      vertex -7.66461 5.26057 0.498625
    endloop
  endfacet
  facet normal 0.25113 0.406378 -0.878516
    outer loop
      vertex -7.291 4.72369 0.357079
      vertex -7.80146 5.03914 0.357079
      vertex -7.67513 5.24355 0.487746
    endloop
  endfacet
  facet normal 0.359288 0.581419 -0.729976
    outer loop
      vertex -7.55948 5.43068 0.685866
      vertex -7.04027 5.12941 0.701458
      vertex -7.15416 4.94513 0.498625
    endloop
  endfacet
  facet normal 0.359222 0.581298 -0.730104
    outer loop
      vertex -7.04027 5.12941 0.701458
      vertex -7.55948 5.43068 0.685866
      vertex -7.55072 5.44485 0.701458
    endloop
  endfacet
  facet normal 0.3593 0.581425 -0.729965
    outer loop
      vertex -7.15416 4.94513 0.498625
      vertex -7.66461 5.26057 0.498625
      vertex -7.55948 5.43068 0.685866
    endloop
  endfacet
  facet normal 0.465503 0.753294 -0.464601
    outer loop
      vertex -7.04027 5.12941 0.701458
      vertex -7.48995 5.54317 0.921766
      vertex -6.97951 5.22774 0.921766
    endloop
  endfacet
  facet normal 0.465494 0.753291 -0.464616
    outer loop
      vertex -7.48995 5.54317 0.921766
      vertex -7.04027 5.12941 0.701458
      vertex -7.49462 5.53561 0.90483
    endloop
  endfacet
  facet normal 0.465511 0.753297 -0.464589
    outer loop
      vertex -7.04027 5.12941 0.701458
      vertex -7.55072 5.44485 0.701458
      vertex -7.49462 5.53561 0.90483
    endloop
  endfacet
  facet normal 0.525163 0.849828 -0.0446811
    outer loop
      vertex -6.97951 5.22774 0.921766
      vertex -7.48466 5.55174 1.14687
      vertex -6.97421 5.2363 1.14687
    endloop
  endfacet
  facet normal 0.525158 0.84983 -0.0446955
    outer loop
      vertex -7.48466 5.55174 1.14687
      vertex -6.97951 5.22774 0.921766
      vertex -7.48995 5.54317 0.921766
    endloop
  endfacet
  facet normal 0.477579 0.772836 0.417904
    outer loop
      vertex -7.02675 5.1513 1.36408
      vertex -7.53316 5.47327 1.34738
      vertex -7.53719 5.46673 1.36408
    endloop
  endfacet
  facet normal 0.477569 0.772821 0.417942
    outer loop
      vertex -7.53316 5.47327 1.34738
      vertex -7.02675 5.1513 1.36408
      vertex -6.97421 5.2363 1.14687
    endloop
  endfacet
  facet normal 0.47757 0.772812 0.417958
    outer loop
      vertex -7.48466 5.55174 1.14687
      vertex -7.53316 5.47327 1.34738
      vertex -6.97421 5.2363 1.14687
    endloop
  endfacet
  facet normal 0.343541 0.555948 0.756902
    outer loop
      vertex -7.62709 5.32128 1.51171
      vertex -7.12412 4.99373 1.52401
      vertex -7.02675 5.1513 1.36408
    endloop
  endfacet
  facet normal 0.343714 0.556204 0.756636
    outer loop
      vertex -7.12412 4.99373 1.52401
      vertex -7.62709 5.32128 1.51171
      vertex -7.63457 5.30917 1.52401
    endloop
  endfacet
  facet normal 0.343539 0.555928 0.756918
    outer loop
      vertex -7.53719 5.46673 1.36408
      vertex -7.62709 5.32128 1.51171
      vertex -7.02675 5.1513 1.36408
    endloop
  endfacet
  facet normal 0.425292 0.688209 0.587788
    outer loop
      vertex -6.84057 6.59391 -0.960112
      vertex -6.57794 5.87753 -0.311366
      vertex -6.33014 6.27848 -0.960112
    endloop
  endfacet
  facet normal 0.425292 0.688209 0.587788
    outer loop
      vertex -6.57794 5.87753 -0.311366
      vertex -6.84057 6.59391 -0.960112
      vertex -7.08837 6.19296 -0.311366
    endloop
  endfacet
  facet normal 0.308998 0.500023 -0.80901
    outer loop
      vertex -6.57794 5.87753 -0.311366
      vertex -7.06069 6.23775 -0.27311
      vertex -6.218 6.45995 0.186087
    endloop
  endfacet
  facet normal 0.309001 0.500027 -0.809006
    outer loop
      vertex -7.06069 6.23775 -0.27311
      vertex -6.57794 5.87753 -0.311366
      vertex -7.08837 6.19296 -0.311366
    endloop
  endfacet
  facet normal 0.308997 0.500026 -0.809009
    outer loop
      vertex -6.218 6.45995 0.186087
      vertex -7.06069 6.23775 -0.27311
      vertex -6.72842 6.77537 0.186087
    endloop
  endfacet
  facet normal -0.425288 -0.688211 -0.587788
    outer loop
      vertex -6.48062 7.17632 -0.462658
      vertex -6.218 6.45995 0.186087
      vertex -6.72842 6.77537 0.186087
    endloop
  endfacet
  facet normal -0.425283 -0.688212 -0.587791
    outer loop
      vertex -6.218 6.45995 0.186087
      vertex -6.48062 7.17632 -0.462658
      vertex -5.97021 6.86091 -0.462658
    endloop
  endfacet
  facet normal -0.308968 -0.499986 0.809044
    outer loop
      vertex -6.50832 7.1315 -0.500935
      vertex -5.97021 6.86091 -0.462658
      vertex -6.48062 7.17632 -0.462658
    endloop
  endfacet
  facet normal -0.308987 -0.500029 0.809011
    outer loop
      vertex -5.97021 6.86091 -0.462658
      vertex -6.50832 7.1315 -0.500935
      vertex -6.33014 6.27848 -0.960112
    endloop
  endfacet
  facet normal -0.309002 -0.500029 0.809005
    outer loop
      vertex -6.50832 7.1315 -0.500935
      vertex -6.84057 6.59391 -0.960112
      vertex -6.33014 6.27848 -0.960112
    endloop
  endfacet
  facet normal -0.525726 5.6057e-06 0.850654
    outer loop
      vertex -5.58276 1.44387 6.76006
      vertex -5.97939 1.80385 6.51493
      vertex -5.69109 1.33008 6.69311
    endloop
  endfacet
  facet normal -0.525742 -7.06837e-06 0.850644
    outer loop
      vertex -6.13727 -0.543647 6.41731
      vertex -6.64527 -0.556898 6.10334
      vertex -6.44986 -0.958724 6.22411
    endloop
  endfacet
  facet normal -0.525727 -3.57479e-06 0.850653
    outer loop
      vertex -5.18704 1.94468 7.00464
      vertex -5.32394 1.46432 6.92003
      vertex -5.19867 1.38815 6.99745
    endloop
  endfacet
  facet normal -0.525747 -2.72226e-05 0.850641
    outer loop
      vertex -6.06302 -0.656966 6.46321
      vertex -6.44986 -0.958724 6.22411
      vertex -6.07566 -1.21071 6.45538
    endloop
  endfacet
  facet normal -0.525725 -3.45975e-05 0.850654
    outer loop
      vertex -5.93937 -0.732512 6.53963
      vertex -6.07566 -1.21071 6.45538
      vertex -5.79384 -0.759477 6.62957
    endloop
  endfacet
  facet normal -0.52575 -1.69616e-05 0.850639
    outer loop
      vertex -5.46407 -0.425985 6.83339
      vertex -5.56572 -0.610104 6.77056
      vertex -5.07358 -0.841447 7.07473
    endloop
  endfacet
  facet normal -0.525748 -1.71661e-05 0.85064
    outer loop
      vertex -5.3604 -0.153753 6.89747
      vertex -5.46407 -0.425985 6.83339
      vertex -4.88945 -0.470111 7.18854
    endloop
  endfacet
  facet normal -0.525736 -2.26873e-05 0.850648
    outer loop
      vertex -5.67247 -0.719977 6.70459
      vertex -5.77307 -1.28049 6.6424
      vertex -5.51063 -1.24334 6.8046
    endloop
  endfacet
  facet normal -0.525741 -4.89394e-06 0.850645
    outer loop
      vertex -5.2475 0.220369 6.96725
      vertex -5.3604 -0.153753 6.89747
      vertex -4.72644 0.0213509 7.28929
    endloop
  endfacet
  facet normal -0.525741 -1.6235e-05 0.850644
    outer loop
      vertex -5.10197 0.891472 7.05721
      vertex -5.15296 0.598522 7.02569
      vertex -4.72644 0.0213509 7.28929
    endloop
  endfacet
  facet normal -0.525752 7.13351e-06 0.850638
    outer loop
      vertex -5.09268 1.11238 7.06295
      vertex -5.10197 0.891472 7.05721
      vertex -4.62315 1.29244 7.35315
    endloop
  endfacet
  facet normal -0.525741 -3.17013e-06 0.850645
    outer loop
      vertex -5.18704 1.94468 7.00464
      vertex -5.19867 1.38815 6.99745
      vertex -4.62315 1.29244 7.35315
    endloop
  endfacet
  facet normal -0.525734 -1.37126e-05 0.850649
    outer loop
      vertex -5.18704 1.94468 7.00464
      vertex -5.61229 1.99623 6.74182
      vertex -5.46282 1.48754 6.83419
    endloop
  endfacet
  facet normal -0.52573 1.18667e-05 0.850652
    outer loop
      vertex -5.79508 1.14296 6.62883
      vertex -6.2867 1.37349 6.32499
      vertex -5.89966 0.873168 6.5642
    endloop
  endfacet
  facet normal -0.525733 -1.78011e-05 0.850649
    outer loop
      vertex -6.00964 0.511472 6.49621
      vertex -6.53256 0.711203 6.17303
      vertex -6.10522 0.130428 6.43713
    endloop
  endfacet
  facet normal -0.52574 4.25529e-06 0.850645
    outer loop
      vertex -4.62315 1.29244 7.35315
      vertex -5.19867 1.38815 6.99745
      vertex -5.12324 1.27439 7.04407
    endloop
  endfacet
  facet normal -0.525739 -3.94772e-05 0.850646
    outer loop
      vertex -4.62315 1.29244 7.35315
      vertex -5.12324 1.27439 7.04407
      vertex -5.09268 1.11238 7.06295
    endloop
  endfacet
  facet normal -0.525739 -1.47011e-05 0.850646
    outer loop
      vertex -4.62315 1.29244 7.35315
      vertex -5.10197 0.891472 7.05721
      vertex -4.72644 0.0213509 7.28929
    endloop
  endfacet
  facet normal -0.525752 -1.96362e-05 0.850638
    outer loop
      vertex -6.16698 -0.382266 6.39896
      vertex -6.67011 -0.00150108 6.088
      vertex -6.64527 -0.556898 6.10334
    endloop
  endfacet
  facet normal -0.525745 -2.00381e-05 0.850642
    outer loop
      vertex -5.15296 0.598522 7.02569
      vertex -5.2475 0.220369 6.96725
      vertex -4.72644 0.0213509 7.28929
    endloop
  endfacet
  facet normal -0.525741 -2.68036e-06 0.850644
    outer loop
      vertex -4.72644 0.0213509 7.28929
      vertex -5.3604 -0.153753 6.89747
      vertex -4.88945 -0.470111 7.18854
    endloop
  endfacet
  facet normal -0.525739 -4.02724e-05 0.850646
    outer loop
      vertex -5.89966 0.873168 6.5642
      vertex -6.53256 0.711203 6.17303
      vertex -6.00964 0.511472 6.49621
    endloop
  endfacet
  facet normal -0.525751 -1.75859e-05 0.850639
    outer loop
      vertex -5.07358 -0.841447 7.07473
      vertex -5.56572 -0.610104 6.77056
      vertex -5.2802 -1.09756 6.94702
    endloop
  endfacet
  facet normal -0.525748 -1.43348e-05 0.85064
    outer loop
      vertex -4.88945 -0.470111 7.18854
      vertex -5.46407 -0.425985 6.83339
      vertex -5.07358 -0.841447 7.07473
    endloop
  endfacet
  facet normal -0.525712 1.37747e-05 0.850663
    outer loop
      vertex -5.56572 -0.610104 6.77056
      vertex -5.67247 -0.719977 6.70459
      vertex -5.2802 -1.09756 6.94702
    endloop
  endfacet
  facet normal -0.52574 -6.4527e-05 0.850645
    outer loop
      vertex -6.16698 -0.382266 6.39896
      vertex -6.64527 -0.556898 6.10334
      vertex -6.13727 -0.543647 6.41731
    endloop
  endfacet
  facet normal -0.525738 -2.32939e-05 0.850647
    outer loop
      vertex -5.2802 -1.09756 6.94702
      vertex -5.67247 -0.719977 6.70459
      vertex -5.51063 -1.24334 6.8046
    endloop
  endfacet
  facet normal -0.525775 -1.31241e-05 0.850624
    outer loop
      vertex -5.67247 -0.719977 6.70459
      vertex -5.79384 -0.759477 6.62957
      vertex -5.77307 -1.28049 6.6424
    endloop
  endfacet
  facet normal -0.525752 -1.18482e-05 0.850638
    outer loop
      vertex -5.79384 -0.759477 6.62957
      vertex -6.07566 -1.21071 6.45538
      vertex -5.77307 -1.28049 6.6424
    endloop
  endfacet
  facet normal -0.525744 -2.73319e-05 0.850643
    outer loop
      vertex -6.06302 -0.656966 6.46321
      vertex -6.07566 -1.21071 6.45538
      vertex -5.93937 -0.732512 6.53963
    endloop
  endfacet
  facet normal -0.525783 3.57111e-05 0.850619
    outer loop
      vertex -6.13727 -0.543647 6.41731
      vertex -6.44986 -0.958724 6.22411
      vertex -6.06302 -0.656966 6.46321
    endloop
  endfacet
  facet normal -0.525748 -1.2385e-05 0.85064
    outer loop
      vertex -6.15697 -0.162536 6.40515
      vertex -6.67011 -0.00150108 6.088
      vertex -6.16698 -0.382266 6.39896
    endloop
  endfacet
  facet normal -0.525743 1.23057e-05 0.850644
    outer loop
      vertex -6.10522 0.130428 6.43713
      vertex -6.67011 -0.00150108 6.088
      vertex -6.15697 -0.162536 6.40515
    endloop
  endfacet
  facet normal -0.525737 -2.16067e-05 0.850647
    outer loop
      vertex -6.53256 0.711203 6.17303
      vertex -6.67011 -0.00150108 6.088
      vertex -6.10522 0.130428 6.43713
    endloop
  endfacet
  facet normal -0.525746 -5.44415e-06 0.850642
    outer loop
      vertex -6.2867 1.37349 6.32499
      vertex -6.53256 0.711203 6.17303
      vertex -5.89966 0.873168 6.5642
    endloop
  endfacet
  facet normal -0.525746 -3.67647e-05 0.850641
    outer loop
      vertex -5.69109 1.33008 6.69311
      vertex -6.2867 1.37349 6.32499
      vertex -5.79508 1.14296 6.62883
    endloop
  endfacet
  facet normal -0.525745 -1.01137e-05 0.850642
    outer loop
      vertex -5.97939 1.80385 6.51493
      vertex -6.2867 1.37349 6.32499
      vertex -5.69109 1.33008 6.69311
    endloop
  endfacet
  facet normal -0.525741 -1.69666e-05 0.850645
    outer loop
      vertex -5.61229 1.99623 6.74182
      vertex -5.97939 1.80385 6.51493
      vertex -5.58276 1.44387 6.76006
    endloop
  endfacet
  facet normal -0.525763 1.04571e-05 0.850631
    outer loop
      vertex -5.18704 1.94468 7.00464
      vertex -5.46282 1.48754 6.83419
      vertex -5.32394 1.46432 6.92003
    endloop
  endfacet
  facet normal -0.525742 -1.70445e-05 0.850644
    outer loop
      vertex -5.46282 1.48754 6.83419
      vertex -5.61229 1.99623 6.74182
      vertex -5.58276 1.44387 6.76006
    endloop
  endfacet
  facet normal -0.525743 -4.2331e-06 0.850643
    outer loop
      vertex -4.09509 1.4794 7.67952
      vertex -4.22103 1.02376 7.60168
      vertex -3.6221 0.794997 7.97185
    endloop
  endfacet
  facet normal -0.525742 -2.98039e-06 0.850644
    outer loop
      vertex -3.10101 0.595964 8.29391
      vertex -4.09509 1.4794 7.67952
      vertex -3.6221 0.794997 7.97185
    endloop
  endfacet
  facet normal -0.525748 -1.14535e-05 0.85064
    outer loop
      vertex -2.9262 -1.27843 8.40192
      vertex -3.6801 -1.49905 7.93596
      vertex -3.05938 -1.76024 8.3196
    endloop
  endfacet
  facet normal -0.525745 -1.1947e-06 0.850642
    outer loop
      vertex -3.6801 -1.49905 7.93596
      vertex -3.85196 -2.00945 7.82974
      vertex -3.05938 -1.76024 8.3196
    endloop
  endfacet
  facet normal -0.525738 -1.60952e-05 0.850647
    outer loop
      vertex -3.6221 0.794997 7.97185
      vertex -4.34522 -1.82105 7.52488
      vertex -3.6801 -1.49905 7.93596
    endloop
  endfacet
  facet normal -0.525746 -1.58155e-05 0.850642
    outer loop
      vertex -3.6221 0.794997 7.97185
      vertex -3.6801 -1.49905 7.93596
      vertex -3.10101 0.595964 8.29391
    endloop
  endfacet
  facet normal -0.525742 -2.50758e-06 0.850644
    outer loop
      vertex -3.6801 -1.49905 7.93596
      vertex -4.34522 -1.82105 7.52488
      vertex -3.85196 -2.00945 7.82974
    endloop
  endfacet
  facet normal -0.525736 -7.0781e-06 0.850648
    outer loop
      vertex -2.32791 0.80442 8.77172
      vertex -3.10101 0.595964 8.29391
      vertex -2.45385 0.348782 8.69388
    endloop
  endfacet
  facet normal -0.525738 3.3867e-06 0.850647
    outer loop
      vertex -2.32791 0.80442 8.77172
      vertex -4.09509 1.4794 7.67952
      vertex -3.10101 0.595964 8.29391
    endloop
  endfacet
  facet normal 0.346467 -0.913303 0.2141
    outer loop
      vertex -5.95594 1.98144 7.23484
      vertex -5.61229 1.99623 6.74182
      vertex -5.92773 1.99623 7.25228
    endloop
  endfacet
  facet normal 0.346366 -0.913358 0.214028
    outer loop
      vertex -5.61229 1.99623 6.74182
      vertex -5.95594 1.98144 7.23484
      vertex -5.97939 1.80385 6.51493
    endloop
  endfacet
  facet normal 0.346349 -0.913364 0.21403
    outer loop
      vertex -5.95594 1.98144 7.23484
      vertex -6.29484 1.80385 7.0254
      vertex -5.97939 1.80385 6.51493
    endloop
  endfacet
  facet normal 0.651607 -0.642859 0.402667
    outer loop
      vertex -6.31845 1.77078 7.01081
      vertex -5.97939 1.80385 6.51493
      vertex -6.29484 1.80385 7.0254
    endloop
  endfacet
  facet normal 0.651546 -0.64295 0.402619
    outer loop
      vertex -5.97939 1.80385 6.51493
      vertex -6.31845 1.77078 7.01081
      vertex -6.2867 1.37349 6.32499
    endloop
  endfacet
  facet normal 0.651563 -0.642926 0.402632
    outer loop
      vertex -6.2867 1.37349 6.32499
      vertex -6.48002 1.54453 6.91095
      vertex -6.60215 1.37349 6.83547
    endloop
  endfacet
  facet normal 0.651518 -0.642972 0.402631
    outer loop
      vertex -6.48002 1.54453 6.91095
      vertex -6.2867 1.37349 6.32499
      vertex -6.31845 1.77078 7.01081
    endloop
  endfacet
  facet normal 0.779669 -0.399987 0.481795
    outer loop
      vertex -6.84802 0.711203 6.68352
      vertex -6.2867 1.37349 6.32499
      vertex -6.60215 1.37349 6.83547
    endloop
  endfacet
  facet normal 0.779668 -0.399983 0.4818
    outer loop
      vertex -6.2867 1.37349 6.32499
      vertex -6.84802 0.711203 6.68352
      vertex -6.53256 0.711203 6.17303
    endloop
  endfacet
  facet normal 0.829575 -0.221372 0.51264
    outer loop
      vertex -6.85859 0.656471 6.67699
      vertex -6.53256 0.711203 6.17303
      vertex -6.84802 0.711203 6.68352
    endloop
  endfacet
  facet normal 0.829589 -0.221272 0.51266
    outer loop
      vertex -6.53256 0.711203 6.17303
      vertex -6.85859 0.656471 6.67699
      vertex -6.67011 -0.00150108 6.088
    endloop
  endfacet
  facet normal 0.829592 -0.221268 0.512657
    outer loop
      vertex -6.85859 0.656471 6.67699
      vertex -6.98558 -0.00150108 6.5985
      vertex -6.67011 -0.00150108 6.088
    endloop
  endfacet
  facet normal 0.84951 0.0523796 0.524966
    outer loop
      vertex -6.98368 -0.0441423 6.59968
      vertex -6.67011 -0.00150108 6.088
      vertex -6.98558 -0.00150108 6.5985
    endloop
  endfacet
  facet normal 0.849501 0.0524933 0.524969
    outer loop
      vertex -6.67011 -0.00150108 6.088
      vertex -6.98368 -0.0441423 6.59968
      vertex -6.64527 -0.556898 6.10334
    endloop
  endfacet
  facet normal 0.849502 0.0524965 0.524967
    outer loop
      vertex -6.64527 -0.556898 6.10334
      vertex -6.98368 -0.0441423 6.59968
      vertex -6.96075 -0.556898 6.61385
    endloop
  endfacet
  facet normal 0.738439 0.496456 0.456333
    outer loop
      vertex -6.94574 -0.587745 6.62312
      vertex -6.64527 -0.556898 6.10334
      vertex -6.96075 -0.556898 6.61385
    endloop
  endfacet
  facet normal 0.738516 0.496307 0.456369
    outer loop
      vertex -6.64527 -0.556898 6.10334
      vertex -6.94574 -0.587745 6.62312
      vertex -6.44986 -0.958724 6.22411
    endloop
  endfacet
  facet normal 0.738516 0.49631 0.456367
    outer loop
      vertex -6.44986 -0.958724 6.22411
      vertex -6.94574 -0.587745 6.62312
      vertex -6.76533 -0.958724 6.73462
    endloop
  endfacet
  facet normal 0.422834 0.86772 0.261292
    outer loop
      vertex -6.44986 -0.958724 6.22411
      vertex -6.73661 -0.978068 6.75238
      vertex -6.07566 -1.21071 6.45538
    endloop
  endfacet
  facet normal 0.422851 0.867709 0.261301
    outer loop
      vertex -6.73661 -0.978068 6.75238
      vertex -6.44986 -0.958724 6.22411
      vertex -6.76533 -0.958724 6.73462
    endloop
  endfacet
  facet normal 0.422833 0.867721 0.26129
    outer loop
      vertex -6.07566 -1.21071 6.45538
      vertex -6.73661 -0.978068 6.75238
      vertex -6.39113 -1.21071 6.96589
    endloop
  endfacet
  facet normal 0.16376 0.981298 0.101181
    outer loop
      vertex -6.07566 -1.21071 6.45538
      vertex -6.3679 -1.21606 6.98025
      vertex -5.77307 -1.28049 6.6424
    endloop
  endfacet
  facet normal 0.163539 0.981347 0.101059
    outer loop
      vertex -6.3679 -1.21606 6.98025
      vertex -6.07566 -1.21071 6.45538
      vertex -6.39113 -1.21071 6.96589
    endloop
  endfacet
  facet normal 0.163773 0.981293 0.101206
    outer loop
      vertex -5.77307 -1.28049 6.6424
      vertex -6.3679 -1.21606 6.98025
      vertex -6.08854 -1.28049 7.1529
    endloop
  endfacet
  facet normal -0.101701 0.992828 -0.0628432
    outer loop
      vertex -5.77307 -1.28049 6.6424
      vertex -6.06839 -1.27764 7.16535
      vertex -5.51063 -1.24334 6.8046
    endloop
  endfacet
  facet normal -0.101624 0.992839 -0.0628
    outer loop
      vertex -6.06839 -1.27764 7.16535
      vertex -5.77307 -1.28049 6.6424
      vertex -6.08854 -1.28049 7.1529
    endloop
  endfacet
  facet normal -0.101705 0.992827 -0.0628501
    outer loop
      vertex -5.51063 -1.24334 6.8046
      vertex -6.06839 -1.27764 7.16535
      vertex -5.8261 -1.24334 7.3151
    endloop
  endfacet
  facet normal -0.403123 0.880585 -0.249123
    outer loop
      vertex -5.51063 -1.24334 6.8046
      vertex -5.8084 -1.23214 7.32603
      vertex -5.2802 -1.09756 6.94702
    endloop
  endfacet
  facet normal -0.403265 0.880497 -0.249203
    outer loop
      vertex -5.8084 -1.23214 7.32603
      vertex -5.51063 -1.24334 6.8046
      vertex -5.8261 -1.24334 7.3151
    endloop
  endfacet
  facet normal -0.403112 0.880595 -0.249105
    outer loop
      vertex -5.2802 -1.09756 6.94702
      vertex -5.8084 -1.23214 7.32603
      vertex -5.59566 -1.09756 7.45751
    endloop
  endfacet
  facet normal -0.617231 0.688146 -0.381419
    outer loop
      vertex -5.2802 -1.09756 6.94702
      vertex -5.57979 -1.07789 7.46732
      vertex -5.07358 -0.841447 7.07473
    endloop
  endfacet
  facet normal -0.617201 0.688182 -0.381403
    outer loop
      vertex -5.57979 -1.07789 7.46732
      vertex -5.2802 -1.09756 6.94702
      vertex -5.59566 -1.09756 7.45751
    endloop
  endfacet
  facet normal -0.617236 0.688135 -0.381432
    outer loop
      vertex -5.07358 -0.841447 7.07473
      vertex -5.57979 -1.07789 7.46732
      vertex -5.38904 -0.841447 7.58521
    endloop
  endfacet
  facet normal -0.734924 0.503613 -0.454159
    outer loop
      vertex -5.38904 -0.841447 7.58521
      vertex -4.88945 -0.470111 7.18854
      vertex -5.07358 -0.841447 7.07473
    endloop
  endfacet
  facet normal -0.734924 0.503618 -0.454154
    outer loop
      vertex -4.88945 -0.470111 7.18854
      vertex -5.38904 -0.841447 7.58521
      vertex -5.2049 -0.470111 7.69901
    endloop
  endfacet
  facet normal -0.792558 0.363283 -0.489773
    outer loop
      vertex -4.88945 -0.470111 7.18854
      vertex -5.19238 -0.432356 7.70675
      vertex -4.72644 0.0213509 7.28929
    endloop
  endfacet
  facet normal -0.792575 0.363235 -0.48978
    outer loop
      vertex -5.19238 -0.432356 7.70675
      vertex -4.88945 -0.470111 7.18854
      vertex -5.2049 -0.470111 7.69901
    endloop
  endfacet
  facet normal -0.792558 0.363286 -0.489769
    outer loop
      vertex -4.72644 0.0213509 7.28929
      vertex -5.19238 -0.432356 7.70675
      vertex -5.04189 0.0213509 7.79976
    endloop
  endfacet
  facet normal -0.846823 0.0951046 -0.523303
    outer loop
      vertex -5.04189 0.0213509 7.79976
      vertex -4.62315 1.29244 7.35315
      vertex -4.72644 0.0213509 7.28929
    endloop
  endfacet
  facet normal -0.846821 0.0951031 -0.523306
    outer loop
      vertex -4.62315 1.29244 7.35315
      vertex -5.04189 0.0213509 7.79976
      vertex -4.93859 1.29244 7.8636
    endloop
  endfacet
  facet normal -0.596642 -0.712794 -0.368704
    outer loop
      vertex -4.98193 1.34257 7.83682
      vertex -4.62315 1.29244 7.35315
      vertex -4.93859 1.29244 7.8636
    endloop
  endfacet
  facet normal -0.596628 -0.712813 -0.368691
    outer loop
      vertex -4.62315 1.29244 7.35315
      vertex -4.98193 1.34257 7.83682
      vertex -5.18704 1.94468 7.00464
    endloop
  endfacet
  facet normal -0.596693 -0.712739 -0.368728
    outer loop
      vertex -5.18704 1.94468 7.00464
      vertex -5.48509 1.92456 7.52585
      vertex -5.50248 1.94468 7.5151
    endloop
  endfacet
  facet normal -0.596626 -0.712814 -0.368692
    outer loop
      vertex -5.48509 1.92456 7.52585
      vertex -5.18704 1.94468 7.00464
      vertex -4.98193 1.34257 7.83682
    endloop
  endfacet
  facet normal -0.0872581 -0.994725 -0.0539213
    outer loop
      vertex -5.92773 1.99623 7.25228
      vertex -5.18704 1.94468 7.00464
      vertex -5.50248 1.94468 7.5151
    endloop
  endfacet
  facet normal -0.0872581 -0.994725 -0.0539213
    outer loop
      vertex -5.18704 1.94468 7.00464
      vertex -5.92773 1.99623 7.25228
      vertex -5.61229 1.99623 6.74182
    endloop
  endfacet
  facet normal 0.670932 0.614779 0.414604
    outer loop
      vertex -5.12324 1.27439 7.04407
      vertex -5.51411 1.38815 7.50791
      vertex -5.43868 1.27439 7.55453
    endloop
  endfacet
  facet normal 0.670932 0.614779 0.414604
    outer loop
      vertex -5.51411 1.38815 7.50791
      vertex -5.12324 1.27439 7.04407
      vertex -5.19867 1.38815 6.99745
    endloop
  endfacet
  facet normal 0.830514 0.216419 0.513234
    outer loop
      vertex -5.09268 1.11238 7.06295
      vertex -5.43868 1.27439 7.55453
      vertex -5.40813 1.11238 7.57341
    endloop
  endfacet
  facet normal 0.830512 0.216468 0.513217
    outer loop
      vertex -5.43868 1.27439 7.55453
      vertex -5.09268 1.11238 7.06295
      vertex -5.12324 1.27439 7.04407
    endloop
  endfacet
  facet normal 0.849612 -0.049958 0.525037
    outer loop
      vertex -5.10197 0.891472 7.05721
      vertex -5.4167 0.908446 7.56812
      vertex -5.41742 0.891472 7.56767
    endloop
  endfacet
  facet normal 0.849646 -0.0493732 0.525038
    outer loop
      vertex -5.4167 0.908446 7.56812
      vertex -5.10197 0.891472 7.05721
      vertex -5.09268 1.11238 7.06295
    endloop
  endfacet
  facet normal 0.849639 -0.0493245 0.525053
    outer loop
      vertex -5.40813 1.11238 7.57341
      vertex -5.4167 0.908446 7.56812
      vertex -5.09268 1.11238 7.06295
    endloop
  endfacet
  facet normal 0.833408 -0.200457 0.515023
    outer loop
      vertex -5.46841 0.598522 7.53616
      vertex -5.10197 0.891472 7.05721
      vertex -5.41742 0.891472 7.56767
    endloop
  endfacet
  facet normal 0.833409 -0.200474 0.515014
    outer loop
      vertex -5.10197 0.891472 7.05721
      vertex -5.46841 0.598522 7.53616
      vertex -5.15296 0.598522 7.02569
    endloop
  endfacet
  facet normal 0.816181 -0.28191 0.504357
    outer loop
      vertex -5.2475 0.220369 6.96725
      vertex -5.55569 0.249421 7.48222
      vertex -5.56295 0.220369 7.47773
    endloop
  endfacet
  facet normal 0.816159 -0.281986 0.504349
    outer loop
      vertex -5.55569 0.249421 7.48222
      vertex -5.2475 0.220369 6.96725
      vertex -5.15296 0.598522 7.02569
    endloop
  endfacet
  facet normal 0.816159 -0.281979 0.504353
    outer loop
      vertex -5.46841 0.598522 7.53616
      vertex -5.55569 0.249421 7.48222
      vertex -5.15296 0.598522 7.02569
    endloop
  endfacet
  facet normal 0.801742 -0.334295 0.495435
    outer loop
      vertex -5.3604 -0.153753 6.89747
      vertex -5.66718 -0.125016 7.41331
      vertex -5.67585 -0.153753 7.40795
    endloop
  endfacet
  facet normal 0.801726 -0.334345 0.495428
    outer loop
      vertex -5.66718 -0.125016 7.41331
      vertex -5.3604 -0.153753 6.89747
      vertex -5.2475 0.220369 6.96725
    endloop
  endfacet
  facet normal 0.801726 -0.334349 0.495425
    outer loop
      vertex -5.56295 0.220369 7.47773
      vertex -5.66718 -0.125016 7.41331
      vertex -5.2475 0.220369 6.96725
    endloop
  endfacet
  facet normal 0.776388 -0.408694 0.479782
    outer loop
      vertex -5.46407 -0.425985 6.83339
      vertex -5.77157 -0.405076 7.3488
      vertex -5.77953 -0.425985 7.34387
    endloop
  endfacet
  facet normal 0.776421 -0.408611 0.479799
    outer loop
      vertex -5.77157 -0.405076 7.3488
      vertex -5.46407 -0.425985 6.83339
      vertex -5.3604 -0.153753 6.89747
    endloop
  endfacet
  facet normal 0.776419 -0.40863 0.479786
    outer loop
      vertex -5.67585 -0.153753 7.40795
      vertex -5.77157 -0.405076 7.3488
      vertex -5.3604 -0.153753 6.89747
    endloop
  endfacet
  facet normal 0.713552 -0.544432 0.440952
    outer loop
      vertex -5.88119 -0.610104 7.28105
      vertex -5.46407 -0.425985 6.83339
      vertex -5.77953 -0.425985 7.34387
    endloop
  endfacet
  facet normal 0.713555 -0.544421 0.440959
    outer loop
      vertex -5.46407 -0.425985 6.83339
      vertex -5.88119 -0.610104 7.28105
      vertex -5.56572 -0.610104 6.77056
    endloop
  endfacet
  facet normal 0.560226 -0.752526 0.346195
    outer loop
      vertex -5.67247 -0.719977 6.70459
      vertex -5.97973 -0.71154 7.22015
      vertex -5.98793 -0.719977 7.21508
    endloop
  endfacet
  facet normal 0.560381 -0.752369 0.346285
    outer loop
      vertex -5.97973 -0.71154 7.22015
      vertex -5.67247 -0.719977 6.70459
      vertex -5.56572 -0.610104 6.77056
    endloop
  endfacet
  facet normal 0.56041 -0.752332 0.346319
    outer loop
      vertex -5.88119 -0.610104 7.28105
      vertex -5.97973 -0.71154 7.22015
      vertex -5.56572 -0.610104 6.77056
    endloop
  endfacet
  facet normal 0.226957 -0.963754 0.140247
    outer loop
      vertex -5.79384 -0.759477 6.62957
      vertex -6.09998 -0.756444 7.14583
      vertex -6.1093 -0.759477 7.14007
    endloop
  endfacet
  facet normal 0.226964 -0.963752 0.140251
    outer loop
      vertex -6.09998 -0.756444 7.14583
      vertex -5.79384 -0.759477 6.62957
      vertex -5.67247 -0.719977 6.70459
    endloop
  endfacet
  facet normal 0.226971 -0.963749 0.140258
    outer loop
      vertex -5.98793 -0.719977 7.21508
      vertex -6.09998 -0.756444 7.14583
      vertex -5.67247 -0.719977 6.70459
    endloop
  endfacet
  facet normal -0.13241 -0.987812 -0.0818259
    outer loop
      vertex -5.93937 -0.732512 6.53963
      vertex -6.24366 -0.734583 7.05703
      vertex -6.25484 -0.732512 7.05012
    endloop
  endfacet
  facet normal -0.132446 -0.987805 -0.0818471
    outer loop
      vertex -6.24366 -0.734583 7.05703
      vertex -5.93937 -0.732512 6.53963
      vertex -5.79384 -0.759477 6.62957
    endloop
  endfacet
  facet normal -0.132439 -0.987807 -0.0818397
    outer loop
      vertex -6.1093 -0.759477 7.14007
      vertex -6.24366 -0.734583 7.05703
      vertex -5.79384 -0.759477 6.62957
    endloop
  endfacet
  facet normal -0.392293 -0.887319 -0.242427
    outer loop
      vertex -6.37849 -0.656966 6.9737
      vertex -5.93937 -0.732512 6.53963
      vertex -6.25484 -0.732512 7.05012
    endloop
  endfacet
  facet normal -0.392293 -0.887319 -0.242427
    outer loop
      vertex -5.93937 -0.732512 6.53963
      vertex -6.37849 -0.656966 6.9737
      vertex -6.06302 -0.656966 6.46321
    endloop
  endfacet
  facet normal -0.673913 -0.610253 -0.416453
    outer loop
      vertex -6.06302 -0.656966 6.46321
      vertex -6.45274 -0.543647 6.92781
      vertex -6.13727 -0.543647 6.41731
    endloop
  endfacet
  facet normal -0.673924 -0.61023 -0.416468
    outer loop
      vertex -6.45274 -0.543647 6.92781
      vertex -6.06302 -0.656966 6.46321
      vertex -6.37849 -0.656966 6.9737
    endloop
  endfacet
  facet normal -0.831443 -0.211488 -0.513785
    outer loop
      vertex -6.13727 -0.543647 6.41731
      vertex -6.48244 -0.382266 6.90946
      vertex -6.16698 -0.382266 6.39896
    endloop
  endfacet
  facet normal -0.831445 -0.211439 -0.513802
    outer loop
      vertex -6.48244 -0.382266 6.90946
      vertex -6.13727 -0.543647 6.41731
      vertex -6.45274 -0.543647 6.92781
    endloop
  endfacet
  facet normal -0.849468 0.0533876 -0.524933
    outer loop
      vertex -6.15697 -0.162536 6.40515
      vertex -6.4732 -0.179409 6.91517
      vertex -6.47243 -0.162536 6.91564
    endloop
  endfacet
  facet normal -0.849465 0.0534858 -0.524928
    outer loop
      vertex -6.4732 -0.179409 6.91517
      vertex -6.15697 -0.162536 6.40515
      vertex -6.16698 -0.382266 6.39896
    endloop
  endfacet
  facet normal -0.849468 0.0534682 -0.524923
    outer loop
      vertex -6.16698 -0.382266 6.39896
      vertex -6.48244 -0.382266 6.90946
      vertex -6.4732 -0.179409 6.91517
    endloop
  endfacet
  facet normal -0.832899 0.203393 -0.514694
    outer loop
      vertex -6.10522 0.130428 6.43713
      vertex -6.42466 0.10793 6.94517
      vertex -6.42068 0.130428 6.94762
    endloop
  endfacet
  facet normal -0.832912 0.203313 -0.514706
    outer loop
      vertex -6.42466 0.10793 6.94517
      vertex -6.10522 0.130428 6.43713
      vertex -6.15697 -0.162536 6.40515
    endloop
  endfacet
  facet normal -0.832914 0.203307 -0.514704
    outer loop
      vertex -6.15697 -0.162536 6.40515
      vertex -6.47243 -0.162536 6.91564
      vertex -6.42466 0.10793 6.94517
    endloop
  endfacet
  facet normal -0.815943 0.28285 -0.504216
    outer loop
      vertex -6.00964 0.511472 6.49621
      vertex -6.33244 0.482205 7.00216
      vertex -6.3251 0.511472 7.0067
    endloop
  endfacet
  facet normal -0.815943 0.282847 -0.504217
    outer loop
      vertex -6.33244 0.482205 7.00216
      vertex -6.00964 0.511472 6.49621
      vertex -6.10522 0.130428 6.43713
    endloop
  endfacet
  facet normal -0.815943 0.282846 -0.504217
    outer loop
      vertex -6.10522 0.130428 6.43713
      vertex -6.42068 0.130428 6.94762
      vertex -6.33244 0.482205 7.00216
    endloop
  endfacet
  facet normal -0.801034 0.336621 -0.495007
    outer loop
      vertex -5.89966 0.873168 6.5642
      vertex -6.22356 0.845384 7.06945
      vertex -6.21511 0.873168 7.07467
    endloop
  endfacet
  facet normal -0.801034 0.336618 -0.495007
    outer loop
      vertex -6.22356 0.845384 7.06945
      vertex -5.89966 0.873168 6.5642
      vertex -6.00964 0.511472 6.49621
    endloop
  endfacet
  facet normal -0.801038 0.336613 -0.495006
    outer loop
      vertex -6.00964 0.511472 6.49621
      vertex -6.3251 0.511472 7.0067
      vertex -6.22356 0.845384 7.06945
    endloop
  endfacet
  facet normal -0.774203 0.414371 -0.478442
    outer loop
      vertex -5.79508 1.14296 6.62883
      vertex -6.11857 1.12223 7.13434
      vertex -6.11054 1.14296 7.1393
    endloop
  endfacet
  facet normal -0.774098 0.414659 -0.478362
    outer loop
      vertex -6.11857 1.12223 7.13434
      vertex -5.79508 1.14296 6.62883
      vertex -5.89966 0.873168 6.5642
    endloop
  endfacet
  facet normal -0.774099 0.414657 -0.478362
    outer loop
      vertex -5.89966 0.873168 6.5642
      vertex -6.21511 0.873168 7.07467
      vertex -6.11857 1.12223 7.13434
    endloop
  endfacet
  facet normal -0.712185 0.546903 -0.440102
    outer loop
      vertex -5.69109 1.33008 6.69311
      vertex -6.01453 1.3157 7.19864
      vertex -6.00654 1.33008 7.20358
    endloop
  endfacet
  facet normal -0.712158 0.546953 -0.440083
    outer loop
      vertex -6.01453 1.3157 7.19864
      vertex -5.69109 1.33008 6.69311
      vertex -5.79508 1.14296 6.62883
    endloop
  endfacet
  facet normal -0.712133 0.546986 -0.440083
    outer loop
      vertex -5.79508 1.14296 6.62883
      vertex -6.11054 1.14296 7.1393
      vertex -6.01453 1.3157 7.19864
    endloop
  endfacet
  facet normal -0.56686 0.745629 -0.350297
    outer loop
      vertex -5.58276 1.44387 6.76006
      vertex -5.90653 1.43513 7.26539
      vertex -5.89821 1.44387 7.27053
    endloop
  endfacet
  facet normal -0.566804 0.745688 -0.35026
    outer loop
      vertex -5.90653 1.43513 7.26539
      vertex -5.58276 1.44387 6.76006
      vertex -5.69109 1.33008 6.69311
    endloop
  endfacet
  facet normal -0.566799 0.745693 -0.350259
    outer loop
      vertex -5.69109 1.33008 6.69311
      vertex -6.00654 1.33008 7.20358
      vertex -5.90653 1.43513 7.26539
    endloop
  endfacet
  facet normal -0.251867 0.955165 -0.155639
    outer loop
      vertex -5.46282 1.48754 6.83419
      vertex -5.78748 1.48418 7.33896
      vertex -5.77826 1.48754 7.34466
    endloop
  endfacet
  facet normal -0.25168 0.955234 -0.155518
    outer loop
      vertex -5.78748 1.48418 7.33896
      vertex -5.46282 1.48754 6.83419
      vertex -5.58276 1.44387 6.76006
    endloop
  endfacet
  facet normal -0.251645 0.955245 -0.155506
    outer loop
      vertex -5.58276 1.44387 6.76006
      vertex -5.89821 1.44387 7.27053
      vertex -5.78748 1.48418 7.33896
    endloop
  endfacet
  facet normal 0.120151 0.989975 0.0742497
    outer loop
      vertex -5.32394 1.46432 6.92003
      vertex -5.65006 1.46611 7.42389
      vertex -5.63939 1.46432 7.43049
    endloop
  endfacet
  facet normal 0.119783 0.990037 0.0740117
    outer loop
      vertex -5.65006 1.46611 7.42389
      vertex -5.32394 1.46432 6.92003
      vertex -5.46282 1.48754 6.83419
    endloop
  endfacet
  facet normal 0.11976 0.990041 0.0740044
    outer loop
      vertex -5.46282 1.48754 6.83419
      vertex -5.77826 1.48754 7.34466
      vertex -5.65006 1.46611 7.42389
    endloop
  endfacet
  facet normal 0.390803 0.88823 0.241497
    outer loop
      vertex -5.19867 1.38815 6.99745
      vertex -5.63939 1.46432 7.43049
      vertex -5.51411 1.38815 7.50791
    endloop
  endfacet
  facet normal 0.390817 0.888219 0.241514
    outer loop
      vertex -5.63939 1.46432 7.43049
      vertex -5.19867 1.38815 6.99745
      vertex -5.32394 1.46432 6.92003
    endloop
  endfacet
  facet normal 0.262862 0.951061 0.162437
    outer loop
      vertex -3.6221 0.794997 7.97185
      vertex -4.53647 1.02376 8.11212
      vertex -3.93753 0.794997 8.48229
    endloop
  endfacet
  facet normal 0.262862 0.95106 0.162443
    outer loop
      vertex -4.53647 1.02376 8.11212
      vertex -3.6221 0.794997 7.97185
      vertex -4.22103 1.02376 7.60168
    endloop
  endfacet
  facet normal 0.809037 -0.309044 0.49995
    outer loop
      vertex -3.99312 0.593884 8.44793
      vertex -3.6221 0.794997 7.97185
      vertex -3.93753 0.794997 8.48229
    endloop
  endfacet
  facet normal 0.809037 -0.309051 0.499947
    outer loop
      vertex -3.6221 0.794997 7.97185
      vertex -3.99312 0.593884 8.44793
      vertex -4.34522 -1.82105 7.52488
    endloop
  endfacet
  facet normal 0.809031 -0.309053 0.499955
    outer loop
      vertex -3.99312 0.593884 8.44793
      vertex -4.66068 -1.82105 8.03536
      vertex -4.34522 -1.82105 7.52488
    endloop
  endfacet
  facet normal 0.262861 0.951061 0.162443
    outer loop
      vertex -3.85196 -2.00945 7.82974
      vertex -4.66068 -1.82105 8.03536
      vertex -4.16742 -2.00945 8.34021
    endloop
  endfacet
  facet normal 0.262861 0.951061 0.162439
    outer loop
      vertex -4.66068 -1.82105 8.03536
      vertex -3.85196 -2.00945 7.82974
      vertex -4.34522 -1.82105 7.52488
    endloop
  endfacet
  facet normal -0.2198 0.966043 -0.135826
    outer loop
      vertex -3.05938 -1.76024 8.3196
      vertex -4.16742 -2.00945 8.34021
      vertex -3.37482 -1.76024 8.83006
    endloop
  endfacet
  facet normal -0.2198 0.966042 -0.135832
    outer loop
      vertex -4.16742 -2.00945 8.34021
      vertex -3.05938 -1.76024 8.3196
      vertex -3.85196 -2.00945 7.82974
    endloop
  endfacet
  facet normal -0.809037 0.30905 -0.499947
    outer loop
      vertex -3.37482 -1.76024 8.83006
      vertex -2.9262 -1.27843 8.40192
      vertex -3.05938 -1.76024 8.3196
    endloop
  endfacet
  facet normal -0.809036 0.30904 -0.499955
    outer loop
      vertex -2.9262 -1.27843 8.40192
      vertex -3.37482 -1.76024 8.83006
      vertex -3.24164 -1.27843 8.91237
    endloop
  endfacet
  facet normal 0.205488 -0.970386 0.126984
    outer loop
      vertex -3.99555 -1.49905 8.44643
      vertex -2.9262 -1.27843 8.40192
      vertex -3.24164 -1.27843 8.91237
    endloop
  endfacet
  facet normal 0.205488 -0.970386 0.126983
    outer loop
      vertex -2.9262 -1.27843 8.40192
      vertex -3.99555 -1.49905 8.44643
      vertex -3.6801 -1.49905 7.93596
    endloop
  endfacet
  facet normal -0.809035 0.309049 -0.499951
    outer loop
      vertex -3.6801 -1.49905 7.93596
      vertex -3.95105 -1.33807 8.47393
      vertex -3.10101 0.595964 8.29391
    endloop
  endfacet
  facet normal -0.809035 0.309049 -0.499951
    outer loop
      vertex -3.95105 -1.33807 8.47393
      vertex -3.6801 -1.49905 7.93596
      vertex -3.99555 -1.49905 8.44643
    endloop
  endfacet
  facet normal -0.809032 0.309047 -0.499957
    outer loop
      vertex -3.10101 0.595964 8.29391
      vertex -3.95105 -1.33807 8.47393
      vertex -3.41644 0.595964 8.80434
    endloop
  endfacet
  facet normal 0.262864 0.951061 0.162437
    outer loop
      vertex -3.10101 0.595964 8.29391
      vertex -3.36667 0.576957 8.8351
      vertex -2.45385 0.348782 8.69388
    endloop
  endfacet
  facet normal 0.262829 0.951073 0.16242
    outer loop
      vertex -3.36667 0.576957 8.8351
      vertex -3.10101 0.595964 8.29391
      vertex -3.41644 0.595964 8.80434
    endloop
  endfacet
  facet normal 0.262865 0.951059 0.162446
    outer loop
      vertex -2.45385 0.348782 8.69388
      vertex -3.36667 0.576957 8.8351
      vertex -2.76928 0.348782 9.2043
    endloop
  endfacet
  facet normal -0.809036 0.309032 -0.499959
    outer loop
      vertex -2.45385 0.348782 8.69388
      vertex -2.75959 0.383824 9.21029
      vertex -2.32791 0.80442 8.77172
    endloop
  endfacet
  facet normal -0.808995 0.309167 -0.499944
    outer loop
      vertex -2.75959 0.383824 9.21029
      vertex -2.45385 0.348782 8.69388
      vertex -2.76928 0.348782 9.2043
    endloop
  endfacet
  facet normal -0.809039 0.309049 -0.499945
    outer loop
      vertex -2.32791 0.80442 8.77172
      vertex -2.75959 0.383824 9.21029
      vertex -2.64333 0.80442 9.28215
    endloop
  endfacet
  facet normal -0.262866 -0.95106 -0.162438
    outer loop
      vertex -4.41052 1.4794 8.18997
      vertex -2.32791 0.80442 8.77172
      vertex -2.64333 0.80442 9.28215
    endloop
  endfacet
  facet normal -0.262867 -0.95106 -0.162437
    outer loop
      vertex -2.32791 0.80442 8.77172
      vertex -4.41052 1.4794 8.18997
      vertex -4.09509 1.4794 7.67952
    endloop
  endfacet
  facet normal 0.809039 -0.309054 0.499942
    outer loop
      vertex -4.4202 1.44437 8.18398
      vertex -4.09509 1.4794 7.67952
      vertex -4.41052 1.4794 8.18997
    endloop
  endfacet
  facet normal 0.809045 -0.309031 0.499947
    outer loop
      vertex -4.09509 1.4794 7.67952
      vertex -4.4202 1.44437 8.18398
      vertex -4.22103 1.02376 7.60168
    endloop
  endfacet
  facet normal 0.809027 -0.309057 0.49996
    outer loop
      vertex -4.4202 1.44437 8.18398
      vertex -4.53647 1.02376 8.11212
      vertex -4.22103 1.02376 7.60168
    endloop
  endfacet
  facet normal -1.3291e-05 -0.850661 -0.525714
    outer loop
      vertex 1.87152 -6.79187 -5.53135
      vertex 1.50996 -7.06532 -5.08887
      vertex 1.67344 -6.76232 -5.57916
    endloop
  endfacet
  facet normal 1.06525e-05 -0.850669 -0.525701
    outer loop
      vertex 1.33002 -6.18379 -6.5153
      vertex 0.11726 -6.64701 -5.76576
      vertex 1.01878 -5.9586 -6.8797
    endloop
  endfacet
  facet normal 6.69656e-06 -0.850668 -0.525704
    outer loop
      vertex 1.25675 -7.50145 -4.38315
      vertex 0.920604 -7.78456 -3.92504
      vertex 1.10089 -7.43456 -4.49139
    endloop
  endfacet
  facet normal -1.30785e-05 -0.850661 -0.525714
    outer loop
      vertex -0.262332 -6.91635 -5.32993
      vertex -0.546875 -6.84703 -5.44209
      vertex 0.11726 -6.64701 -5.76576
    endloop
  endfacet
  facet normal 8.95882e-06 -0.850665 -0.525708
    outer loop
      vertex 1.82642 -7.17232 -4.91572
      vertex 1.69678 -7.10902 -5.01815
      vertex 2.22603 -6.89719 -5.36091
    endloop
  endfacet
  facet normal -4.65152e-06 -0.850651 -0.525731
    outer loop
      vertex 2.53954 -7.16657 -4.92503
      vertex 1.82642 -7.17232 -4.91572
      vertex 2.3711 -6.98216 -5.22341
    endloop
  endfacet
  facet normal 5.94705e-06 -0.850668 -0.525703
    outer loop
      vertex 2.36801 -7.53444 -4.32975
      vertex 1.92661 -7.33961 -4.64502
      vertex 2.53829 -7.35322 -4.62299
    endloop
  endfacet
  facet normal 5.22571e-06 -0.850677 -0.525688
    outer loop
      vertex 2.53829 -7.35322 -4.62299
      vertex 1.92661 -7.33961 -4.64502
      vertex 2.53954 -7.16657 -4.92503
    endloop
  endfacet
  facet normal 4.41596e-06 -0.850668 -0.525703
    outer loop
      vertex 2.02938 -7.70251 -4.05779
      vertex 1.7313 -7.48273 -4.41343
      vertex 2.36801 -7.53444 -4.32975
    endloop
  endfacet
  facet normal 1.83663e-05 -0.850669 -0.525702
    outer loop
      vertex 2.3711 -6.98216 -5.22341
      vertex 1.82642 -7.17232 -4.91572
      vertex 2.22603 -6.89719 -5.36091
    endloop
  endfacet
  facet normal -5.39708e-05 -0.850679 -0.525685
    outer loop
      vertex 1.64445 -7.81118 -3.88195
      vertex 1.41099 -7.53283 -4.33236
      vertex 1.56777 -7.52713 -4.3416
    endloop
  endfacet
  facet normal 2.67063e-05 -0.850677 -0.525688
    outer loop
      vertex 2.22603 -6.89719 -5.36091
      vertex 1.69678 -7.10902 -5.01815
      vertex 2.05762 -6.8353 -5.46107
    endloop
  endfacet
  facet normal 1.4507e-05 -0.85067 -0.5257
    outer loop
      vertex 1.27219 -7.8383 -3.83807
      vertex 0.920604 -7.78456 -3.92504
      vertex 1.25675 -7.50145 -4.38315
    endloop
  endfacet
  facet normal -3.48543e-06 -0.850666 -0.525706
    outer loop
      vertex 0.920604 -7.78456 -3.92504
      vertex 0.597671 -7.65059 -4.14182
      vertex 1.10089 -7.43456 -4.49139
    endloop
  endfacet
  facet normal -4.96727e-06 -0.850668 -0.525704
    outer loop
      vertex 1.50996 -7.06532 -5.08887
      vertex 1.23937 -7.03686 -5.13492
      vertex 1.46599 -6.7442 -5.60849
    endloop
  endfacet
  facet normal -2.31788e-05 -0.850667 -0.525705
    outer loop
      vertex 1.23937 -7.03686 -5.13492
      vertex 1.0372 -6.73017 -5.63118
      vertex 1.25174 -6.73499 -5.62339
    endloop
  endfacet
  facet normal 2.52988e-05 -0.850671 -0.525698
    outer loop
      vertex 0.858419 -7.01926 -5.16339
      vertex 0.828843 -6.72522 -5.6392
      vertex 1.0372 -6.73017 -5.63118
    endloop
  endfacet
  facet normal 5.77512e-06 -0.850672 -0.525697
    outer loop
      vertex 0.858419 -7.01926 -5.16339
      vertex 0.629065 -6.71775 -5.65129
      vertex 0.828843 -6.72522 -5.6392
    endloop
  endfacet
  facet normal 9.75515e-06 -0.850667 -0.525704
    outer loop
      vertex 0.629065 -6.71775 -5.65129
      vertex 0.432147 -6.99963 -5.19517
      vertex 0.440179 -6.70538 -5.67131
    endloop
  endfacet
  facet normal -3.01806e-05 -0.850656 -0.525723
    outer loop
      vertex 0.440179 -6.70538 -5.67131
      vertex 0.0612755 -6.96627 -5.24915
      vertex 0.267755 -6.68336 -5.70693
    endloop
  endfacet
  facet normal 4.08651e-05 -0.85067 -0.5257
    outer loop
      vertex 1.27219 -7.8383 -3.83807
      vertex 1.25675 -7.50145 -4.38315
      vertex 1.41099 -7.53283 -4.33236
    endloop
  endfacet
  facet normal 5.36083e-06 -0.850665 -0.525708
    outer loop
      vertex 1.64445 -7.81118 -3.88195
      vertex 1.27219 -7.8383 -3.83807
      vertex 1.41099 -7.53283 -4.33236
    endloop
  endfacet
  facet normal 1.25691e-05 -0.850674 -0.525693
    outer loop
      vertex 1.64445 -7.81118 -3.88195
      vertex 1.56777 -7.52713 -4.3416
      vertex 2.02938 -7.70251 -4.05779
    endloop
  endfacet
  facet normal 3.86857e-05 -0.850655 -0.525724
    outer loop
      vertex 2.02938 -7.70251 -4.05779
      vertex 1.56777 -7.52713 -4.3416
      vertex 1.7313 -7.48273 -4.41343
    endloop
  endfacet
  facet normal 3.96098e-06 -0.85067 -0.525701
    outer loop
      vertex 2.36801 -7.53444 -4.32975
      vertex 1.7313 -7.48273 -4.41343
      vertex 1.92661 -7.33961 -4.64502
    endloop
  endfacet
  facet normal -4.14383e-06 -0.850668 -0.525703
    outer loop
      vertex 1.92661 -7.33961 -4.64502
      vertex 1.82642 -7.17232 -4.91572
      vertex 2.53954 -7.16657 -4.92503
    endloop
  endfacet
  facet normal 1.57821e-05 -0.850672 -0.525697
    outer loop
      vertex 1.69678 -7.10902 -5.01815
      vertex 1.50996 -7.06532 -5.08887
      vertex 1.87152 -6.79187 -5.53135
    endloop
  endfacet
  facet normal 8.09732e-06 -0.850671 -0.525699
    outer loop
      vertex 2.05762 -6.8353 -5.46107
      vertex 1.69678 -7.10902 -5.01815
      vertex 1.87152 -6.79187 -5.53135
    endloop
  endfacet
  facet normal 2.34436e-05 -0.850667 -0.525706
    outer loop
      vertex 1.50996 -7.06532 -5.08887
      vertex 1.46599 -6.7442 -5.60849
      vertex 1.67344 -6.76232 -5.57916
    endloop
  endfacet
  facet normal -7.67344e-06 -0.850667 -0.525705
    outer loop
      vertex 1.46599 -6.7442 -5.60849
      vertex 1.23937 -7.03686 -5.13492
      vertex 1.25174 -6.73499 -5.62339
    endloop
  endfacet
  facet normal -1.25849e-05 -0.850665 -0.525708
    outer loop
      vertex 1.23937 -7.03686 -5.13492
      vertex 0.858419 -7.01926 -5.16339
      vertex 1.0372 -6.73017 -5.63118
    endloop
  endfacet
  facet normal 1.91201e-05 -0.850669 -0.525701
    outer loop
      vertex 0.858419 -7.01926 -5.16339
      vertex 0.432147 -6.99963 -5.19517
      vertex 0.629065 -6.71775 -5.65129
    endloop
  endfacet
  facet normal -1.9962e-06 -0.850667 -0.525704
    outer loop
      vertex 0.432147 -6.99963 -5.19517
      vertex 0.0612755 -6.96627 -5.24915
      vertex 0.440179 -6.70538 -5.67131
    endloop
  endfacet
  facet normal 3.45586e-05 -0.850669 -0.525702
    outer loop
      vertex 0.267755 -6.68336 -5.70693
      vertex 0.0612755 -6.96627 -5.24915
      vertex 0.11726 -6.64701 -5.76576
    endloop
  endfacet
  facet normal -3.35357e-06 -0.850665 -0.525708
    outer loop
      vertex -1.31491 -7.16126 -4.93364
      vertex -1.836 -7.36029 -4.61158
      vertex -0.997569 -6.72875 -5.6335
    endloop
  endfacet
  facet normal 3.22825e-06 -0.850668 -0.525704
    outer loop
      vertex 0.0612755 -6.96627 -5.24915
      vertex -0.262332 -6.91635 -5.32993
      vertex 0.11726 -6.64701 -5.76576
    endloop
  endfacet
  facet normal 2.81742e-06 -0.850676 -0.525691
    outer loop
      vertex -0.546875 -6.84703 -5.44209
      vertex -0.809589 -6.65695 -5.74968
      vertex 0.11726 -6.64701 -5.76576
    endloop
  endfacet
  facet normal 2.44915e-06 -0.850666 -0.525706
    outer loop
      vertex 0.11726 -6.64701 -5.76576
      vertex -0.809589 -6.65695 -5.74968
      vertex 1.01878 -5.9586 -6.8797
    endloop
  endfacet
  facet normal -6.35276e-06 -0.850664 -0.525709
    outer loop
      vertex -0.715975 -6.9325 -5.30381
      vertex -1.31491 -7.16126 -4.93364
      vertex -0.997569 -6.72875 -5.6335
    endloop
  endfacet
  facet normal 2.11061e-06 -0.85066 -0.525717
    outer loop
      vertex -1.15452 -8.54625 -2.69253
      vertex -1.45228 -8.3308 -3.04115
      vertex -0.54124 -8.29711 -3.09566
    endloop
  endfacet
  facet normal 1.37633e-06 -0.850659 -0.525717
    outer loop
      vertex -0.191394 -8.51947 -2.73586
      vertex -1.15452 -8.54625 -2.69253
      vertex -0.54124 -8.29711 -3.09566
    endloop
  endfacet
  facet normal -1.60489e-06 -0.850669 -0.525702
    outer loop
      vertex -0.54124 -8.29711 -3.09566
      vertex -1.31491 -7.16126 -4.93364
      vertex 0.301861 -8.33107 -3.04071
    endloop
  endfacet
  facet normal -3.77241e-07 -0.85066 -0.525716
    outer loop
      vertex -0.191394 -8.51947 -2.73586
      vertex -0.54124 -8.29711 -3.09566
      vertex 0.301861 -8.33107 -3.04071
    endloop
  endfacet
  facet normal 9.22193e-07 -0.850668 -0.525703
    outer loop
      vertex -0.54124 -8.29711 -3.09566
      vertex -1.836 -7.36029 -4.61158
      vertex -1.31491 -7.16126 -4.93364
    endloop
  endfacet
  facet normal 5.69803e-06 -0.85066 -0.525717
    outer loop
      vertex -2.48316 -7.60748 -4.21161
      vertex -2.76475 -7.40373 -4.5413
      vertex -1.836 -7.36029 -4.61158
    endloop
  endfacet
  facet normal 7.23741e-06 -0.850669 -0.525702
    outer loop
      vertex -1.836 -7.36029 -4.61158
      vertex -2.76475 -7.40373 -4.5413
      vertex -0.997569 -6.72875 -5.6335
    endloop
  endfacet
  facet normal -0.587786 0.425293 -0.688211
    outer loop
      vertex 0.11726 -6.64701 -5.76576
      vertex 1.33002 -6.69421 -6.83072
      vertex 0.11726 -7.15744 -6.08119
    endloop
  endfacet
  facet normal -0.587787 0.425289 -0.688212
    outer loop
      vertex 1.33002 -6.69421 -6.83072
      vertex 0.11726 -6.64701 -5.76576
      vertex 1.33002 -6.18379 -6.5153
    endloop
  endfacet
  facet normal -0.417539 -0.477674 0.772974
    outer loop
      vertex 0.11726 -7.15744 -6.08119
      vertex 0.267755 -6.68336 -5.70693
      vertex 0.11726 -6.64701 -5.76576
    endloop
  endfacet
  facet normal -0.417478 -0.477704 0.772988
    outer loop
      vertex 0.267755 -6.68336 -5.70693
      vertex 0.11726 -7.15744 -6.08119
      vertex 0.128833 -7.16024 -6.07667
    endloop
  endfacet
  facet normal -0.417572 -0.477659 0.772965
    outer loop
      vertex 0.267755 -6.68336 -5.70693
      vertex 0.128833 -7.16024 -6.07667
      vertex 0.267755 -7.1938 -6.02236
    endloop
  endfacet
  facet normal -0.23601 -0.510835 0.826648
    outer loop
      vertex 0.267755 -6.68336 -5.70693
      vertex 0.281013 -7.19549 -6.01962
      vertex 0.440179 -6.70538 -5.67131
    endloop
  endfacet
  facet normal -0.235961 -0.51084 0.826659
    outer loop
      vertex 0.281013 -7.19549 -6.01962
      vertex 0.267755 -6.68336 -5.70693
      vertex 0.267755 -7.1938 -6.02236
    endloop
  endfacet
  facet normal -0.235984 -0.510844 0.82665
    outer loop
      vertex 0.440179 -6.70538 -5.67131
      vertex 0.281013 -7.19549 -6.01962
      vertex 0.440179 -7.21581 -5.98674
    endloop
  endfacet
  facet normal -0.123634 -0.521651 0.844154
    outer loop
      vertex 0.440179 -6.70538 -5.67131
      vertex 0.454702 -7.21677 -5.9852
      vertex 0.629065 -6.71775 -5.65129
    endloop
  endfacet
  facet normal -0.12399 -0.521635 0.844111
    outer loop
      vertex 0.454702 -7.21677 -5.9852
      vertex 0.440179 -6.70538 -5.67131
      vertex 0.440179 -7.21581 -5.98674
    endloop
  endfacet
  facet normal -0.123634 -0.521651 0.844154
    outer loop
      vertex 0.629065 -6.71775 -5.65129
      vertex 0.454702 -7.21677 -5.9852
      vertex 0.629065 -7.22819 -5.96672
    endloop
  endfacet
  facet normal -0.0709575 -0.524361 0.848534
    outer loop
      vertex 0.629065 -6.71775 -5.65129
      vertex 0.644425 -7.22876 -5.96579
      vertex 0.828843 -6.72522 -5.6392
    endloop
  endfacet
  facet normal -0.0708354 -0.524363 0.848543
    outer loop
      vertex 0.644425 -7.22876 -5.96579
      vertex 0.629065 -6.71775 -5.65129
      vertex 0.629065 -7.22819 -5.96672
    endloop
  endfacet
  facet normal -0.0709677 -0.524358 0.848535
    outer loop
      vertex 0.828843 -6.72522 -5.6392
      vertex 0.644425 -7.22876 -5.96579
      vertex 0.828843 -7.23566 -5.95463
    endloop
  endfacet
  facet normal -0.0451867 -0.525147 0.849811
    outer loop
      vertex 0.828843 -7.23566 -5.95463
      vertex 1.0372 -6.73017 -5.63118
      vertex 0.828843 -6.72522 -5.6392
    endloop
  endfacet
  facet normal -0.0451867 -0.525147 0.849811
    outer loop
      vertex 1.0372 -6.73017 -5.63118
      vertex 0.828843 -7.23566 -5.95463
      vertex 1.0372 -7.24061 -5.94661
    endloop
  endfacet
  facet normal -0.0426599 -0.525205 0.849906
    outer loop
      vertex 1.0372 -7.24061 -5.94661
      vertex 1.25174 -6.73499 -5.62339
      vertex 1.0372 -6.73017 -5.63118
    endloop
  endfacet
  facet normal -0.0426599 -0.525205 0.849906
    outer loop
      vertex 1.25174 -6.73499 -5.62339
      vertex 1.0372 -7.24061 -5.94661
      vertex 1.25174 -7.24543 -5.93882
    endloop
  endfacet
  facet normal -0.0814862 -0.523936 0.847851
    outer loop
      vertex 1.25174 -7.24543 -5.93882
      vertex 1.46599 -6.7442 -5.60849
      vertex 1.25174 -6.73499 -5.62339
    endloop
  endfacet
  facet normal -0.0814862 -0.523936 0.847851
    outer loop
      vertex 1.46599 -6.7442 -5.60849
      vertex 1.25174 -7.24543 -5.93882
      vertex 1.46599 -7.25464 -5.92392
    endloop
  endfacet
  facet normal -0.16394 -0.518571 0.839171
    outer loop
      vertex 1.46599 -7.25464 -5.92392
      vertex 1.67344 -6.76232 -5.57916
      vertex 1.46599 -6.7442 -5.60849
    endloop
  endfacet
  facet normal -0.163901 -0.518587 0.839169
    outer loop
      vertex 1.67344 -6.76232 -5.57916
      vertex 1.46599 -7.25464 -5.92392
      vertex 1.67344 -7.27276 -5.8946
    endloop
  endfacet
  facet normal -0.272981 -0.50573 0.818364
    outer loop
      vertex 1.87152 -6.79187 -5.53135
      vertex 1.77776 -7.28832 -5.86942
      vertex 1.87152 -7.30231 -5.84679
    endloop
  endfacet
  facet normal -0.272973 -0.505731 0.818366
    outer loop
      vertex 1.67344 -7.27276 -5.8946
      vertex 1.87152 -6.79187 -5.53135
      vertex 1.67344 -6.76232 -5.57916
    endloop
  endfacet
  facet normal -0.272965 -0.505734 0.818366
    outer loop
      vertex 1.87152 -6.79187 -5.53135
      vertex 1.67344 -7.27276 -5.8946
      vertex 1.77776 -7.28832 -5.86942
    endloop
  endfacet
  facet normal -0.405749 -0.480478 0.777501
    outer loop
      vertex 1.87152 -7.30231 -5.84679
      vertex 2.05762 -6.8353 -5.46107
      vertex 1.87152 -6.79187 -5.53135
    endloop
  endfacet
  facet normal -0.40603 -0.480324 0.77745
    outer loop
      vertex 2.05762 -6.8353 -5.46107
      vertex 1.87152 -7.30231 -5.84679
      vertex 1.88583 -7.30565 -5.84138
    endloop
  endfacet
  facet normal -0.405764 -0.480463 0.777503
    outer loop
      vertex 2.05762 -6.8353 -5.46107
      vertex 1.88583 -7.30565 -5.84138
      vertex 2.05762 -7.34574 -5.7765
    endloop
  endfacet
  facet normal -0.572978 -0.430835 0.697193
    outer loop
      vertex 2.05762 -7.34574 -5.7765
      vertex 2.22603 -6.89719 -5.36091
      vertex 2.05762 -6.8353 -5.46107
    endloop
  endfacet
  facet normal -0.573228 -0.430654 0.697099
    outer loop
      vertex 2.22603 -6.89719 -5.36091
      vertex 2.05762 -7.34574 -5.7765
      vertex 2.07056 -7.3505 -5.7688
    endloop
  endfacet
  facet normal -0.572945 -0.430851 0.69721
    outer loop
      vertex 2.22603 -6.89719 -5.36091
      vertex 2.07056 -7.3505 -5.7688
      vertex 2.22603 -7.40764 -5.67635
    endloop
  endfacet
  facet normal -0.744214 -0.351129 0.568202
    outer loop
      vertex 2.22603 -7.40764 -5.67635
      vertex 2.3711 -6.98216 -5.22341
      vertex 2.22603 -6.89719 -5.36091
    endloop
  endfacet
  facet normal -0.744214 -0.351129 0.568202
    outer loop
      vertex 2.3711 -6.98216 -5.22341
      vertex 2.22603 -7.40764 -5.67635
      vertex 2.3711 -7.49261 -5.53885
    endloop
  endfacet
  facet normal -0.901451 -0.22756 0.368242
    outer loop
      vertex 2.3711 -7.49261 -5.53885
      vertex 2.53954 -7.16657 -4.92503
      vertex 2.3711 -6.98216 -5.22341
    endloop
  endfacet
  facet normal -0.901451 -0.22756 0.368242
    outer loop
      vertex 2.53954 -7.16657 -4.92503
      vertex 2.3711 -7.49261 -5.53885
      vertex 2.53954 -7.67702 -5.24047
    endloop
  endfacet
  facet normal -0.999993 0.00192644 -0.0031174
    outer loop
      vertex 2.53944 -7.69137 -5.21726
      vertex 2.53954 -7.16657 -4.92503
      vertex 2.53954 -7.67702 -5.24047
    endloop
  endfacet
  facet normal -0.999994 0.00185627 -0.00299139
    outer loop
      vertex 2.53954 -7.16657 -4.92503
      vertex 2.53944 -7.69137 -5.21726
      vertex 2.53829 -7.35322 -4.62299
    endloop
  endfacet
  facet normal -0.999994 0.00184437 -0.00298462
    outer loop
      vertex 2.53944 -7.69137 -5.21726
      vertex 2.53829 -7.86369 -4.93844
      vertex 2.53829 -7.35322 -4.62299
    endloop
  endfacet
  facet normal -0.896606 0.232789 -0.376706
    outer loop
      vertex 2.52521 -7.87761 -4.91591
      vertex 2.53829 -7.35322 -4.62299
      vertex 2.53829 -7.86369 -4.93844
    endloop
  endfacet
  facet normal -0.89658 0.232815 -0.376753
    outer loop
      vertex 2.53829 -7.35322 -4.62299
      vertex 2.52521 -7.87761 -4.91591
      vertex 2.36801 -7.53444 -4.32975
    endloop
  endfacet
  facet normal -0.896576 0.232823 -0.376757
    outer loop
      vertex 2.52521 -7.87761 -4.91591
      vertex 2.36801 -8.04492 -4.64521
      vertex 2.36801 -7.53444 -4.32975
    endloop
  endfacet
  facet normal -0.68637 0.382309 -0.618656
    outer loop
      vertex 2.34199 -8.05783 -4.62432
      vertex 2.36801 -7.53444 -4.32975
      vertex 2.36801 -8.04492 -4.64521
    endloop
  endfacet
  facet normal -0.686493 0.382257 -0.618552
    outer loop
      vertex 2.36801 -7.53444 -4.32975
      vertex 2.34199 -8.05783 -4.62432
      vertex 2.02938 -7.70251 -4.05779
    endloop
  endfacet
  facet normal -0.686528 0.382211 -0.618542
    outer loop
      vertex 2.27416 -8.0915 -4.56984
      vertex 2.02938 -7.70251 -4.05779
      vertex 2.34199 -8.05783 -4.62432
    endloop
  endfacet
  facet normal -0.686505 0.382237 -0.618551
    outer loop
      vertex 2.02938 -7.70251 -4.05779
      vertex 2.27416 -8.0915 -4.56984
      vertex 2.02938 -8.213 -4.37325
    endloop
  endfacet
  facet normal -0.472975 0.463166 -0.749514
    outer loop
      vertex 1.99981 -8.22135 -4.35975
      vertex 2.02938 -7.70251 -4.05779
      vertex 2.02938 -8.213 -4.37325
    endloop
  endfacet
  facet normal -0.473105 0.463137 -0.74945
    outer loop
      vertex 2.02938 -7.70251 -4.05779
      vertex 1.99981 -8.22135 -4.35975
      vertex 1.64445 -7.81118 -3.88195
    endloop
  endfacet
  facet normal -0.473116 0.463126 -0.74945
    outer loop
      vertex 1.99981 -8.22135 -4.35975
      vertex 1.64445 -8.32167 -4.19741
      vertex 1.64445 -7.81118 -3.88195
    endloop
  endfacet
  facet normal -0.137237 0.520721 -0.842624
    outer loop
      vertex 1.27219 -7.8383 -3.83807
      vertex 1.64445 -8.32167 -4.19741
      vertex 1.27219 -8.34879 -4.15354
    endloop
  endfacet
  facet normal -0.137259 0.520707 -0.842629
    outer loop
      vertex 1.64445 -8.32167 -4.19741
      vertex 1.27219 -7.8383 -3.83807
      vertex 1.64445 -7.81118 -3.88195
    endloop
  endfacet
  facet normal 0.279206 0.504788 -0.816843
    outer loop
      vertex 0.920604 -8.29504 -4.2405
      vertex 1.27219 -7.8383 -3.83807
      vertex 1.27219 -8.34879 -4.15354
    endloop
  endfacet
  facet normal 0.279215 0.504783 -0.816844
    outer loop
      vertex 1.27219 -7.8383 -3.83807
      vertex 0.920604 -8.29504 -4.2405
      vertex 0.920604 -7.78456 -3.92504
    endloop
  endfacet
  facet normal 0.619478 0.412674 -0.667792
    outer loop
      vertex 0.597671 -8.16107 -4.45728
      vertex 0.920604 -7.78456 -3.92504
      vertex 0.920604 -8.29504 -4.2405
    endloop
  endfacet
  facet normal 0.619478 0.412674 -0.667792
    outer loop
      vertex 0.920604 -7.78456 -3.92504
      vertex 0.597671 -8.16107 -4.45728
      vertex 0.597671 -7.65059 -4.14182
    endloop
  endfacet
  facet normal 0.63251 -0.407175 0.658892
    outer loop
      vertex 0.597671 -7.65059 -4.14182
      vertex 0.636326 -8.14447 -4.48413
      vertex 1.10089 -7.43456 -4.49139
    endloop
  endfacet
  facet normal 0.632521 -0.40717 0.658886
    outer loop
      vertex 0.636326 -8.14447 -4.48413
      vertex 0.597671 -7.65059 -4.14182
      vertex 0.597671 -8.16107 -4.45728
    endloop
  endfacet
  facet normal 0.632506 -0.407173 0.658898
    outer loop
      vertex 1.10089 -7.43456 -4.49139
      vertex 0.636326 -8.14447 -4.48413
      vertex 1.10089 -7.94503 -4.80684
    endloop
  endfacet
  facet normal -0.6324 -0.407218 0.658972
    outer loop
      vertex 1.10089 -7.94503 -4.80684
      vertex 1.25675 -7.50145 -4.38315
      vertex 1.10089 -7.43456 -4.49139
    endloop
  endfacet
  facet normal -0.632366 -0.407245 0.658987
    outer loop
      vertex 1.25675 -7.50145 -4.38315
      vertex 1.10089 -7.94503 -4.80684
      vertex 1.11286 -7.95017 -4.79853
    endloop
  endfacet
  facet normal -0.632403 -0.407217 0.65897
    outer loop
      vertex 1.25675 -7.50145 -4.38315
      vertex 1.11286 -7.95017 -4.79853
      vertex 1.25675 -8.01192 -4.6986
    endloop
  endfacet
  facet normal -0.360974 -0.490242 0.793323
    outer loop
      vertex 1.25675 -8.01192 -4.6986
      vertex 1.41099 -7.53283 -4.33236
      vertex 1.25675 -7.50145 -4.38315
    endloop
  endfacet
  facet normal -0.36082 -0.490312 0.793349
    outer loop
      vertex 1.41099 -7.53283 -4.33236
      vertex 1.25675 -8.01192 -4.6986
      vertex 1.2686 -8.01433 -4.6947
    endloop
  endfacet
  facet normal -0.360968 -0.490247 0.793322
    outer loop
      vertex 1.41099 -7.53283 -4.33236
      vertex 1.2686 -8.01433 -4.6947
      vertex 1.41099 -8.04331 -4.64782
    endloop
  endfacet
  facet normal 0.0690824 -0.524436 0.848642
    outer loop
      vertex 1.41099 -7.53283 -4.33236
      vertex 1.42303 -8.04287 -4.64853
      vertex 1.56777 -7.52713 -4.3416
    endloop
  endfacet
  facet normal 0.0692094 -0.52443 0.848636
    outer loop
      vertex 1.42303 -8.04287 -4.64853
      vertex 1.41099 -7.53283 -4.33236
      vertex 1.41099 -8.04331 -4.64782
    endloop
  endfacet
  facet normal 0.0690496 -0.524431 0.848649
    outer loop
      vertex 1.56777 -7.52713 -4.3416
      vertex 1.42303 -8.04287 -4.64853
      vertex 1.56777 -8.0376 -4.65705
    endloop
  endfacet
  facet normal 0.458824 -0.467079 0.755856
    outer loop
      vertex 1.56777 -7.52713 -4.3416
      vertex 1.7313 -7.99321 -4.72888
      vertex 1.7313 -7.48273 -4.41343
    endloop
  endfacet
  facet normal 0.458801 -0.467092 0.755861
    outer loop
      vertex 1.7313 -7.99321 -4.72888
      vertex 1.56777 -7.52713 -4.3416
      vertex 1.56777 -8.0376 -4.65705
    endloop
  endfacet
  facet normal 0.812533 -0.30643 0.495874
    outer loop
      vertex 1.7313 -7.48273 -4.41343
      vertex 1.92661 -7.85008 -4.96047
      vertex 1.92661 -7.33961 -4.64502
    endloop
  endfacet
  facet normal 0.812538 -0.306422 0.49587
    outer loop
      vertex 1.92661 -7.85008 -4.96047
      vertex 1.7313 -7.48273 -4.41343
      vertex 1.7313 -7.99321 -4.72888
    endloop
  endfacet
  facet normal 0.953841 0.157872 -0.255467
    outer loop
      vertex 1.92661 -7.33961 -4.64502
      vertex 1.82642 -7.68278 -5.23117
      vertex 1.82642 -7.17232 -4.91572
    endloop
  endfacet
  facet normal 0.953843 0.157867 -0.255465
    outer loop
      vertex 1.82642 -7.68278 -5.23117
      vertex 1.92661 -7.33961 -4.64502
      vertex 1.92661 -7.85008 -4.96047
    endloop
  endfacet
  facet normal 0.680545 0.385177 -0.623295
    outer loop
      vertex 1.82642 -7.17232 -4.91572
      vertex 1.81646 -7.67792 -5.23904
      vertex 1.69678 -7.10902 -5.01815
    endloop
  endfacet
  facet normal 0.680495 0.385203 -0.623334
    outer loop
      vertex 1.81646 -7.67792 -5.23904
      vertex 1.82642 -7.17232 -4.91572
      vertex 1.82642 -7.68278 -5.23117
    endloop
  endfacet
  facet normal 0.680549 0.385176 -0.623291
    outer loop
      vertex 1.81646 -7.67792 -5.23904
      vertex 1.69678 -7.61948 -5.3336
      vertex 1.69678 -7.10902 -5.01815
    endloop
  endfacet
  facet normal 0.406518 0.480296 -0.777213
    outer loop
      vertex 1.50996 -7.57578 -5.40431
      vertex 1.69678 -7.10902 -5.01815
      vertex 1.69678 -7.61948 -5.3336
    endloop
  endfacet
  facet normal 0.406552 0.480277 -0.777206
    outer loop
      vertex 1.69678 -7.10902 -5.01815
      vertex 1.50996 -7.57578 -5.40431
      vertex 1.50996 -7.06532 -5.08887
    endloop
  endfacet
  facet normal 0.196236 0.51546 -0.834142
    outer loop
      vertex 1.48916 -7.57359 -5.40785
      vertex 1.50996 -7.06532 -5.08887
      vertex 1.50996 -7.57578 -5.40431
    endloop
  endfacet
  facet normal 0.196175 0.515468 -0.834151
    outer loop
      vertex 1.50996 -7.06532 -5.08887
      vertex 1.48916 -7.57359 -5.40785
      vertex 1.23937 -7.03686 -5.13492
    endloop
  endfacet
  facet normal 0.196221 0.515481 -0.834132
    outer loop
      vertex 1.48916 -7.57359 -5.40785
      vertex 1.23937 -7.54731 -5.45037
      vertex 1.23937 -7.03686 -5.13492
    endloop
  endfacet
  facet normal 0.0872397 0.523696 -0.847426
    outer loop
      vertex 1.21009 -7.54596 -5.45255
      vertex 1.23937 -7.03686 -5.13492
      vertex 1.23937 -7.54731 -5.45037
    endloop
  endfacet
  facet normal 0.0875242 0.523671 -0.847413
    outer loop
      vertex 1.23937 -7.03686 -5.13492
      vertex 1.21009 -7.54596 -5.45255
      vertex 0.858419 -7.01926 -5.16339
    endloop
  endfacet
  facet normal 0.0875092 0.523664 -0.847418
    outer loop
      vertex 1.21009 -7.54596 -5.45255
      vertex 0.858419 -7.52972 -5.47883
      vertex 0.858419 -7.01926 -5.16339
    endloop
  endfacet
  facet normal 0.0873067 0.523674 -0.847433
    outer loop
      vertex 0.432147 -7.51008 -5.51061
      vertex 0.858419 -7.01926 -5.16339
      vertex 0.858419 -7.52972 -5.47883
    endloop
  endfacet
  facet normal 0.0872945 0.523682 -0.84743
    outer loop
      vertex 0.858419 -7.01926 -5.16339
      vertex 0.432147 -7.51008 -5.51061
      vertex 0.432147 -6.99963 -5.19517
    endloop
  endfacet
  facet normal 0.16877 0.518148 -0.838475
    outer loop
      vertex 0.403639 -7.50751 -5.51476
      vertex 0.432147 -6.99963 -5.19517
      vertex 0.432147 -7.51008 -5.51061
    endloop
  endfacet
  facet normal 0.16865 0.518163 -0.838489
    outer loop
      vertex 0.432147 -6.99963 -5.19517
      vertex 0.403639 -7.50751 -5.51476
      vertex 0.0612755 -6.96627 -5.24915
    endloop
  endfacet
  facet normal 0.16864 0.518159 -0.838494
    outer loop
      vertex 0.403639 -7.50751 -5.51476
      vertex 0.0612755 -7.47672 -5.56459
      vertex 0.0612755 -6.96627 -5.24915
    endloop
  endfacet
  facet normal 0.281546 0.504423 -0.816265
    outer loop
      vertex -0.262332 -7.4268 -5.64536
      vertex 0.0612755 -6.96627 -5.24915
      vertex 0.0612755 -7.47672 -5.56459
    endloop
  endfacet
  facet normal 0.28157 0.504408 -0.816267
    outer loop
      vertex 0.0612755 -6.96627 -5.24915
      vertex -0.262332 -7.4268 -5.64536
      vertex -0.262332 -6.91635 -5.32993
    endloop
  endfacet
  facet normal 0.420378 0.476972 -0.771868
    outer loop
      vertex -0.284207 -7.42147 -5.65398
      vertex -0.262332 -6.91635 -5.32993
      vertex -0.262332 -7.4268 -5.64536
    endloop
  endfacet
  facet normal 0.420438 0.476955 -0.771846
    outer loop
      vertex -0.262332 -6.91635 -5.32993
      vertex -0.284207 -7.42147 -5.65398
      vertex -0.546875 -6.84703 -5.44209
    endloop
  endfacet
  facet normal 0.420467 0.476961 -0.771826
    outer loop
      vertex -0.284207 -7.42147 -5.65398
      vertex -0.546875 -7.35748 -5.75753
      vertex -0.546875 -6.84703 -5.44209
    endloop
  endfacet
  facet normal 0.809008 0.309002 -0.500025
    outer loop
      vertex -0.546875 -6.84703 -5.44209
      vertex -0.567074 -7.34286 -5.78118
      vertex -0.809589 -6.65695 -5.74968
    endloop
  endfacet
  facet normal 0.809043 0.308973 -0.499986
    outer loop
      vertex -0.567074 -7.34286 -5.78118
      vertex -0.546875 -6.84703 -5.44209
      vertex -0.546875 -7.35748 -5.75753
    endloop
  endfacet
  facet normal 0.809006 0.309001 -0.500027
    outer loop
      vertex -0.567074 -7.34286 -5.78118
      vertex -0.809589 -7.16738 -6.06511
      vertex -0.809589 -6.65695 -5.74968
    endloop
  endfacet
  facet normal 0.587788 -0.425291 0.68821
    outer loop
      vertex -0.809589 -6.65695 -5.74968
      vertex -0.668979 -7.11367 -6.15201
      vertex 1.01878 -5.9586 -6.8797
    endloop
  endfacet
  facet normal 0.587783 -0.425294 0.688212
    outer loop
      vertex -0.668979 -7.11367 -6.15201
      vertex -0.809589 -6.65695 -5.74968
      vertex -0.809589 -7.16738 -6.06511
    endloop
  endfacet
  facet normal 0.587788 -0.425291 0.68821
    outer loop
      vertex 1.01878 -5.9586 -6.8797
      vertex -0.668979 -7.11367 -6.15201
      vertex 1.01878 -6.469 -7.19511
    endloop
  endfacet
  facet normal -0.808935 -0.309052 0.500111
    outer loop
      vertex 1.04273 -6.48633 -7.16708
      vertex 1.01878 -5.9586 -6.8797
      vertex 1.01878 -6.469 -7.19511
    endloop
  endfacet
  facet normal -0.809005 -0.309008 0.500025
    outer loop
      vertex 1.01878 -5.9586 -6.8797
      vertex 1.04273 -6.48633 -7.16708
      vertex 1.33002 -6.18379 -6.5153
    endloop
  endfacet
  facet normal -0.809012 -0.308994 0.500022
    outer loop
      vertex 1.33002 -6.18379 -6.5153
      vertex 1.04273 -6.48633 -7.16708
      vertex 1.33002 -6.69421 -6.83072
    endloop
  endfacet
  facet normal -0.587782 0.425292 -0.688214
    outer loop
      vertex -1.31491 -7.16126 -4.93364
      vertex -0.715975 -7.44294 -5.61924
      vertex -1.31491 -7.67171 -5.24908
    endloop
  endfacet
  facet normal -0.587785 0.425287 -0.688215
    outer loop
      vertex -0.715975 -7.44294 -5.61924
      vertex -1.31491 -7.16126 -4.93364
      vertex -0.715975 -6.9325 -5.30381
    endloop
  endfacet
  facet normal -0.809009 -0.308998 0.500025
    outer loop
      vertex -1.31491 -7.67171 -5.24908
      vertex 0.301861 -8.33107 -3.04071
      vertex -1.31491 -7.16126 -4.93364
    endloop
  endfacet
  facet normal -0.809008 -0.309 0.500024
    outer loop
      vertex 0.301861 -8.33107 -3.04071
      vertex -1.31491 -7.67171 -5.24908
      vertex 0.301861 -8.84158 -3.35619
    endloop
  endfacet
  facet normal -0.587879 0.425258 -0.688152
    outer loop
      vertex 0.263998 -8.85604 -3.33278
      vertex 0.301861 -8.33107 -3.04071
      vertex 0.301861 -8.84158 -3.35619
    endloop
  endfacet
  facet normal -0.587783 0.425287 -0.688217
    outer loop
      vertex 0.301861 -8.33107 -3.04071
      vertex 0.263998 -8.85604 -3.33278
      vertex -0.191394 -8.51947 -2.73586
    endloop
  endfacet
  facet normal -0.587785 0.425284 -0.688217
    outer loop
      vertex 0.263998 -8.85604 -3.33278
      vertex -0.191394 -9.02998 -3.05133
      vertex -0.191394 -8.51947 -2.73586
    endloop
  endfacet
  facet normal -0.0527816 0.524947 -0.849497
    outer loop
      vertex -0.265316 -9.03204 -3.04801
      vertex -0.191394 -8.51947 -2.73586
      vertex -0.191394 -9.02998 -3.05133
    endloop
  endfacet
  facet normal -0.0528142 0.52495 -0.849493
    outer loop
      vertex -0.191394 -8.51947 -2.73586
      vertex -0.265316 -9.03204 -3.04801
      vertex -1.15452 -8.54625 -2.69253
    endloop
  endfacet
  facet normal -0.0528073 0.524958 -0.849488
    outer loop
      vertex -0.265316 -9.03204 -3.04801
      vertex -1.15452 -9.05676 -3.00801
      vertex -1.15452 -8.54625 -2.69253
    endloop
  endfacet
  facet normal 0.809011 0.309003 -0.500019
    outer loop
      vertex -1.15452 -8.54625 -2.69253
      vertex -1.45228 -8.8413 -3.35663
      vertex -1.45228 -8.3308 -3.04115
    endloop
  endfacet
  facet normal 0.809015 0.308996 -0.500017
    outer loop
      vertex -1.45228 -8.8413 -3.35663
      vertex -1.15452 -8.54625 -2.69253
      vertex -1.15452 -9.05676 -3.00801
    endloop
  endfacet
  facet normal 0.0701648 -0.524384 0.848586
    outer loop
      vertex -1.45228 -8.3308 -3.04115
      vertex -0.54124 -8.80762 -3.41113
      vertex -0.54124 -8.29711 -3.09566
    endloop
  endfacet
  facet normal 0.0701498 -0.524404 0.848575
    outer loop
      vertex -0.54124 -8.80762 -3.41113
      vertex -1.45228 -8.3308 -3.04115
      vertex -1.45228 -8.8413 -3.35663
    endloop
  endfacet
  facet normal 0.809009 0.308993 -0.500027
    outer loop
      vertex -0.54124 -8.29711 -3.09566
      vertex -1.836 -7.87075 -4.92702
      vertex -1.836 -7.36029 -4.61158
    endloop
  endfacet
  facet normal 0.809009 0.308992 -0.500028
    outer loop
      vertex -1.836 -7.87075 -4.92702
      vertex -0.54124 -8.29711 -3.09566
      vertex -0.54124 -8.80762 -3.41113
    endloop
  endfacet
  facet normal -0.587786 0.425285 -0.688215
    outer loop
      vertex -2.48316 -7.60748 -4.21161
      vertex -1.836 -7.87075 -4.92702
      vertex -2.23096 -8.02161 -4.68292
    endloop
  endfacet
  facet normal -0.587769 0.425301 -0.68822
    outer loop
      vertex -2.48316 -7.60748 -4.21161
      vertex -2.23096 -8.02161 -4.68292
      vertex -2.48316 -8.11794 -4.52706
    endloop
  endfacet
  facet normal -0.587786 0.425284 -0.688216
    outer loop
      vertex -1.836 -7.87075 -4.92702
      vertex -2.48316 -7.60748 -4.21161
      vertex -1.836 -7.36029 -4.61158
    endloop
  endfacet
  facet normal 0.809012 0.309006 -0.500015
    outer loop
      vertex -2.48316 -7.60748 -4.21161
      vertex -2.50479 -8.10228 -4.55239
      vertex -2.76475 -7.40373 -4.5413
    endloop
  endfacet
  facet normal 0.8091 0.308935 -0.499917
    outer loop
      vertex -2.50479 -8.10228 -4.55239
      vertex -2.48316 -7.60748 -4.21161
      vertex -2.48316 -8.11794 -4.52706
    endloop
  endfacet
  facet normal 0.809002 0.309002 -0.500033
    outer loop
      vertex -2.50479 -8.10228 -4.55239
      vertex -2.76475 -7.91418 -4.85674
      vertex -2.76475 -7.40373 -4.5413
    endloop
  endfacet
  facet normal 0.587785 -0.425293 0.688211
    outer loop
      vertex -0.997569 -6.72875 -5.6335
      vertex -1.9791 -7.61409 -5.34231
      vertex -0.997569 -7.23918 -5.94893
    endloop
  endfacet
  facet normal 0.587787 -0.425297 0.688207
    outer loop
      vertex -2.76475 -7.40373 -4.5413
      vertex -1.9791 -7.61409 -5.34231
      vertex -0.997569 -6.72875 -5.6335
    endloop
  endfacet
  facet normal 0.587791 -0.425288 0.688209
    outer loop
      vertex -1.9791 -7.61409 -5.34231
      vertex -2.76475 -7.40373 -4.5413
      vertex -2.76475 -7.91418 -4.85674
    endloop
  endfacet
  facet normal -0.808999 -0.309007 0.500036
    outer loop
      vertex -0.975915 -7.25485 -5.92358
      vertex -0.997569 -6.72875 -5.6335
      vertex -0.997569 -7.23918 -5.94893
    endloop
  endfacet
  facet normal -0.809008 -0.309001 0.500024
    outer loop
      vertex -0.997569 -6.72875 -5.6335
      vertex -0.975915 -7.25485 -5.92358
      vertex -0.715975 -6.9325 -5.30381
    endloop
  endfacet
  facet normal -0.809013 -0.308992 0.500022
    outer loop
      vertex -0.715975 -6.9325 -5.30381
      vertex -0.975915 -7.25485 -5.92358
      vertex -0.715975 -7.44294 -5.61924
    endloop
  endfacet
  facet normal 0.525705 -3.12022e-06 0.850667
    outer loop
      vertex 5.43641 1.05856 6.85055
      vertex 4.84844 0.908798 7.21391
      vertex 5.43749 0.358167 6.84988
    endloop
  endfacet
  facet normal 0.525716 -1.00585e-07 0.85066
    outer loop
      vertex 5.44392 -0.478346 6.8459
      vertex 5.01603 -0.855826 7.11034
      vertex 5.61505 -0.904508 6.74014
    endloop
  endfacet
  facet normal 0.525713 -4.24448e-06 0.850662
    outer loop
      vertex 5.28957 -0.278771 6.94129
      vertex 4.93245 -0.637376 7.16199
      vertex 5.44392 -0.478346 6.8459
    endloop
  endfacet
  facet normal 0.525705 -4.7005e-07 0.850667
    outer loop
      vertex 4.3186 2.21098 7.54135
      vertex 5.30198 2.05969 6.93363
      vertex 4.90102 2.70844 7.18142
    endloop
  endfacet
  facet normal 0.525704 -9.42485e-06 0.850668
    outer loop
      vertex 5.30198 2.05969 6.93363
      vertex 4.3186 2.21098 7.54135
      vertex 4.71955 1.56223 7.29356
    endloop
  endfacet
  facet normal 0.525701 -1.18955e-05 0.850669
    outer loop
      vertex 5.11022 -2.15237 7.05212
      vertex 4.49745 -1.65245 7.43081
      vertex 4.68802 -2.40279 7.31303
    endloop
  endfacet
  facet normal 0.52569 1.8625e-05 0.850676
    outer loop
      vertex 3.95613 -1.47469 7.76534
      vertex 3.52633 -1.81782 8.03095
      vertex 4.1037 -1.63378 7.67415
    endloop
  endfacet
  facet normal 0.525722 5.45445e-06 0.850656
    outer loop
      vertex 4.90148 -1.30779 7.18112
      vertex 4.71864 -1.50939 7.29412
      vertex 5.11022 -2.15237 7.05212
    endloop
  endfacet
  facet normal 0.525709 7.89673e-06 0.850664
    outer loop
      vertex 5.61234 -1.34799 6.74181
      vertex 4.90148 -1.30779 7.18112
      vertex 5.44199 -1.77514 6.84709
    endloop
  endfacet
  facet normal 0.525715 -1.39945e-05 0.850661
    outer loop
      vertex 5.01603 -0.855826 7.11034
      vertex 5.00316 -1.08462 7.11829
      vertex 5.61505 -0.904508 6.74014
    endloop
  endfacet
  facet normal 0.525714 4.61742e-06 0.850661
    outer loop
      vertex 4.70693 -0.0412035 7.30136
      vertex 4.60763 -0.402121 7.36273
      vertex 4.78881 -0.477547 7.25076
    endloop
  endfacet
  facet normal 0.52571 9.3672e-06 0.850664
    outer loop
      vertex 5.44392 -0.478346 6.8459
      vertex 4.93245 -0.637376 7.16199
      vertex 5.01603 -0.855826 7.11034
    endloop
  endfacet
  facet normal 0.525703 1.00826e-05 0.850668
    outer loop
      vertex 4.90416 -0.0446243 7.17947
      vertex 4.78881 -0.477547 7.25076
      vertex 5.10402 -0.129012 7.05596
    endloop
  endfacet
  facet normal 0.52571 -4.6353e-07 0.850664
    outer loop
      vertex 5.10402 -0.129012 7.05596
      vertex 4.93245 -0.637376 7.16199
      vertex 5.28957 -0.278771 6.94129
    endloop
  endfacet
  facet normal 0.525701 -1.13378e-05 0.85067
    outer loop
      vertex 5.93273 0.914029 6.54383
      vertex 5.43641 1.05856 6.85055
      vertex 5.70632 0.323273 6.68374
    endloop
  endfacet
  facet normal 0.525715 1.04236e-05 0.850661
    outer loop
      vertex 5.99514 -0.18417 6.50525
      vertex 5.87408 -0.508766 6.58007
      vertex 6.51291 -0.664956 6.18527
    endloop
  endfacet
  facet normal 0.525711 -2.40101e-05 0.850663
    outer loop
      vertex 6.52342 0.0839615 6.17878
      vertex 5.90509 0.135048 6.56091
      vertex 5.99514 -0.18417 6.50525
    endloop
  endfacet
  facet normal 0.525721 -2.13997e-05 0.850657
    outer loop
      vertex 4.1037 -1.63378 7.67415
      vertex 3.87509 -2.23458 7.81542
      vertex 4.28832 -1.69346 7.56005
    endloop
  endfacet
  facet normal 0.525698 -2.19205e-05 0.850671
    outer loop
      vertex 4.21094 -0.536865 7.60788
      vertex 3.63 -0.120308 7.9669
      vertex 4.00628 -0.760953 7.73435
    endloop
  endfacet
  facet normal 0.525703 -1.3174e-06 0.850668
    outer loop
      vertex 4.84844 0.908798 7.21391
      vertex 4.17506 0.45114 7.63005
      vertex 4.70693 -0.0412035 7.30136
    endloop
  endfacet
  facet normal 0.525703 -3.46553e-06 0.850668
    outer loop
      vertex 3.87435 -1.25088 7.81588
      vertex 3.52633 -1.81782 8.03095
      vertex 3.95613 -1.47469 7.76534
    endloop
  endfacet
  facet normal 0.525709 2.36901e-06 0.850665
    outer loop
      vertex 5.43749 0.358167 6.84988
      vertex 4.84844 0.908798 7.21391
      vertex 5.10291 0.237444 7.05665
    endloop
  endfacet
  facet normal 0.525702 -1.16479e-06 0.850669
    outer loop
      vertex 4.84844 0.908798 7.21391
      vertex 4.70693 -0.0412035 7.30136
      vertex 5.10291 0.237444 7.05665
    endloop
  endfacet
  facet normal 0.525717 -3.09493e-06 0.85066
    outer loop
      vertex 5.70632 0.323273 6.68374
      vertex 5.43641 1.05856 6.85055
      vertex 5.43749 0.358167 6.84988
    endloop
  endfacet
  facet normal 0.5257 -1.0736e-05 0.85067
    outer loop
      vertex 5.93273 0.914029 6.54383
      vertex 5.70632 0.323273 6.68374
      vertex 6.33126 0.488729 6.29754
    endloop
  endfacet
  facet normal 0.525694 2.0311e-05 0.850674
    outer loop
      vertex 6.33126 0.488729 6.29754
      vertex 5.70632 0.323273 6.68374
      vertex 5.90509 0.135048 6.56091
    endloop
  endfacet
  facet normal 0.525713 -2.69349e-06 0.850662
    outer loop
      vertex 6.51291 -0.664956 6.18527
      vertex 5.87408 -0.508766 6.58007
      vertex 6.311 -1.04105 6.31005
    endloop
  endfacet
  facet normal 0.525694 -2.08293e-05 0.850674
    outer loop
      vertex 6.58385 -0.295262 6.14144
      vertex 5.99514 -0.18417 6.50525
      vertex 6.51291 -0.664956 6.18527
    endloop
  endfacet
  facet normal 0.525698 1.02412e-05 0.850671
    outer loop
      vertex 6.52342 0.0839615 6.17878
      vertex 5.99514 -0.18417 6.50525
      vertex 6.58385 -0.295262 6.14144
    endloop
  endfacet
  facet normal 0.525712 -9.79916e-06 0.850663
    outer loop
      vertex 6.33126 0.488729 6.29754
      vertex 5.90509 0.135048 6.56091
      vertex 6.52342 0.0839615 6.17878
    endloop
  endfacet
  facet normal 0.525714 -9.20209e-06 0.850661
    outer loop
      vertex 5.61505 -0.904508 6.74014
      vertex 5.00316 -1.08462 7.11829
      vertex 5.61234 -1.34799 6.74181
    endloop
  endfacet
  facet normal 0.525708 -2.98331e-05 0.850665
    outer loop
      vertex 5.00316 -1.08462 7.11829
      vertex 4.90148 -1.30779 7.18112
      vertex 5.61234 -1.34799 6.74181
    endloop
  endfacet
  facet normal 0.525704 -8.71643e-07 0.850668
    outer loop
      vertex 5.44199 -1.77514 6.84709
      vertex 4.90148 -1.30779 7.18112
      vertex 5.11022 -2.15237 7.05212
    endloop
  endfacet
  facet normal 0.525701 -1.24863e-05 0.850669
    outer loop
      vertex 4.71864 -1.50939 7.29412
      vertex 4.49745 -1.65245 7.43081
      vertex 5.11022 -2.15237 7.05212
    endloop
  endfacet
  facet normal 0.52571 -8.84628e-06 0.850664
    outer loop
      vertex 4.49745 -1.65245 7.43081
      vertex 4.26933 -2.42987 7.57178
      vertex 4.68802 -2.40279 7.31303
    endloop
  endfacet
  facet normal 0.525704 -6.51047e-06 0.850667
    outer loop
      vertex 4.28832 -1.69346 7.56005
      vertex 4.26933 -2.42987 7.57178
      vertex 4.49745 -1.65245 7.43081
    endloop
  endfacet
  facet normal 0.525707 -6.62061e-06 0.850666
    outer loop
      vertex 4.28832 -1.69346 7.56005
      vertex 3.87509 -2.23458 7.81542
      vertex 4.26933 -2.42987 7.57178
    endloop
  endfacet
  facet normal 0.525696 -8.33926e-06 0.850672
    outer loop
      vertex 4.1037 -1.63378 7.67415
      vertex 3.52633 -1.81782 8.03095
      vertex 3.87509 -2.23458 7.81542
    endloop
  endfacet
  facet normal 0.525706 -5.93629e-06 0.850666
    outer loop
      vertex 3.87435 -1.25088 7.81588
      vertex 3.30402 -1.25101 8.16834
      vertex 3.52633 -1.81782 8.03095
    endloop
  endfacet
  facet normal 0.525713 -8.68536e-06 0.850662
    outer loop
      vertex 3.33911 -0.686433 8.14666
      vertex 3.30402 -1.25101 8.16834
      vertex 3.89258 -1.00596 7.80461
    endloop
  endfacet
  facet normal 0.525706 1.38444e-05 0.850666
    outer loop
      vertex 3.89258 -1.00596 7.80461
      vertex 3.30402 -1.25101 8.16834
      vertex 3.87435 -1.25088 7.81588
    endloop
  endfacet
  facet normal 0.525707 -2.11897e-05 0.850665
    outer loop
      vertex 4.00628 -0.760953 7.73435
      vertex 3.33911 -0.686433 8.14666
      vertex 3.89258 -1.00596 7.80461
    endloop
  endfacet
  facet normal 0.525708 -1.35822e-05 0.850665
    outer loop
      vertex 3.63 -0.120308 7.9669
      vertex 3.33911 -0.686433 8.14666
      vertex 4.00628 -0.760953 7.73435
    endloop
  endfacet
  facet normal 0.525736 4.58641e-06 0.850648
    outer loop
      vertex 4.40845 -0.419181 7.48581
      vertex 4.17506 0.45114 7.63005
      vertex 4.21094 -0.536865 7.60788
    endloop
  endfacet
  facet normal 0.525711 3.34437e-06 0.850663
    outer loop
      vertex 4.17506 0.45114 7.63005
      vertex 3.63 -0.120308 7.9669
      vertex 4.21094 -0.536865 7.60788
    endloop
  endfacet
  facet normal 0.525697 -9.70406e-06 0.850672
    outer loop
      vertex 4.70693 -0.0412035 7.30136
      vertex 4.17506 0.45114 7.63005
      vertex 4.40845 -0.419181 7.48581
    endloop
  endfacet
  facet normal 0.525668 2.22097e-05 0.85069
    outer loop
      vertex 4.70693 -0.0412035 7.30136
      vertex 4.40845 -0.419181 7.48581
      vertex 4.60763 -0.402121 7.36273
    endloop
  endfacet
  facet normal 0.525711 -1.01375e-06 0.850663
    outer loop
      vertex 5.10402 -0.129012 7.05596
      vertex 4.78881 -0.477547 7.25076
      vertex 4.93245 -0.637376 7.16199
    endloop
  endfacet
  facet normal 0.525716 5.10912e-06 0.85066
    outer loop
      vertex 4.90416 -0.0446243 7.17947
      vertex 4.70693 -0.0412035 7.30136
      vertex 4.78881 -0.477547 7.25076
    endloop
  endfacet
  facet normal -0.204546 -0.970661 0.126403
    outer loop
      vertex 5.93273 0.914029 6.54383
      vertex 6.20998 0.925145 7.07784
      vertex 5.43641 1.05856 6.85055
    endloop
  endfacet
  facet normal -0.204517 -0.970669 0.126388
    outer loop
      vertex 6.20998 0.925145 7.07784
      vertex 5.93273 0.914029 6.54383
      vertex 6.24816 0.914029 7.05425
    endloop
  endfacet
  facet normal -0.204546 -0.970662 0.1264
    outer loop
      vertex 5.75184 1.05856 7.36099
      vertex 5.43641 1.05856 6.85055
      vertex 6.20998 0.925145 7.07784
    endloop
  endfacet
  facet normal 0.18014 -0.977322 -0.111318
    outer loop
      vertex 4.84844 0.908798 7.21391
      vertex 5.75184 1.05856 7.36099
      vertex 5.16388 0.908798 7.72437
    endloop
  endfacet
  facet normal 0.18014 -0.977322 -0.111319
    outer loop
      vertex 5.75184 1.05856 7.36099
      vertex 4.84844 0.908798 7.21391
      vertex 5.43641 1.05856 6.85055
    endloop
  endfacet
  facet normal 0.425782 -0.865725 -0.263116
    outer loop
      vertex 4.84844 0.908798 7.21391
      vertex 5.11213 0.873625 7.75635
      vertex 4.17506 0.45114 7.63005
    endloop
  endfacet
  facet normal 0.425799 -0.865714 -0.263123
    outer loop
      vertex 5.11213 0.873625 7.75635
      vertex 4.84844 0.908798 7.21391
      vertex 5.16388 0.908798 7.72437
    endloop
  endfacet
  facet normal 0.425782 -0.865724 -0.263119
    outer loop
      vertex 4.49052 0.45114 8.14053
      vertex 4.17506 0.45114 7.63005
      vertex 5.11213 0.873625 7.75635
    endloop
  endfacet
  facet normal 0.566206 -0.746316 -0.34989
    outer loop
      vertex 3.63 -0.120308 7.9669
      vertex 4.49052 0.45114 8.14053
      vertex 3.94546 -0.120308 8.47739
    endloop
  endfacet
  facet normal 0.566206 -0.746313 -0.349897
    outer loop
      vertex 4.49052 0.45114 8.14053
      vertex 3.63 -0.120308 7.9669
      vertex 4.17506 0.45114 7.63005
    endloop
  endfacet
  facet normal 0.728158 -0.517025 -0.449969
    outer loop
      vertex 3.92312 -0.163781 8.49119
      vertex 3.63 -0.120308 7.9669
      vertex 3.94546 -0.120308 8.47739
    endloop
  endfacet
  facet normal 0.728158 -0.517024 -0.449969
    outer loop
      vertex 3.63 -0.120308 7.9669
      vertex 3.92312 -0.163781 8.49119
      vertex 3.33911 -0.686433 8.14666
    endloop
  endfacet
  facet normal 0.728157 -0.51702 -0.449974
    outer loop
      vertex 3.65458 -0.686433 8.65716
      vertex 3.33911 -0.686433 8.14666
      vertex 3.92312 -0.163781 8.49119
    endloop
  endfacet
  facet normal 0.848405 -0.0730476 -0.524283
    outer loop
      vertex 3.65188 -0.729778 8.65883
      vertex 3.33911 -0.686433 8.14666
      vertex 3.65458 -0.686433 8.65716
    endloop
  endfacet
  facet normal 0.848424 -0.0728644 -0.524279
    outer loop
      vertex 3.33911 -0.686433 8.14666
      vertex 3.65188 -0.729778 8.65883
      vertex 3.30402 -1.25101 8.16834
    endloop
  endfacet
  facet normal 0.848422 -0.0728591 -0.524283
    outer loop
      vertex 3.61949 -1.25101 8.67885
      vertex 3.30402 -1.25101 8.16834
      vertex 3.65188 -0.729778 8.65883
    endloop
  endfacet
  facet normal 0.772483 0.418809 -0.477356
    outer loop
      vertex 3.63656 -1.29452 8.6683
      vertex 3.30402 -1.25101 8.16834
      vertex 3.61949 -1.25101 8.67885
    endloop
  endfacet
  facet normal 0.772518 0.418706 -0.477389
    outer loop
      vertex 3.30402 -1.25101 8.16834
      vertex 3.63656 -1.29452 8.6683
      vertex 3.52633 -1.81782 8.03095
    endloop
  endfacet
  facet normal 0.772519 0.418705 -0.477388
    outer loop
      vertex 3.8418 -1.81782 8.54145
      vertex 3.52633 -1.81782 8.03095
      vertex 3.63656 -1.29452 8.6683
    endloop
  endfacet
  facet normal 0.606415 0.701305 -0.374742
    outer loop
      vertex 3.86858 -1.84982 8.5249
      vertex 3.52633 -1.81782 8.03095
      vertex 3.8418 -1.81782 8.54145
    endloop
  endfacet
  facet normal 0.606429 0.701288 -0.374753
    outer loop
      vertex 3.52633 -1.81782 8.03095
      vertex 3.86858 -1.84982 8.5249
      vertex 3.87509 -2.23458 7.81542
    endloop
  endfacet
  facet normal 0.606436 0.701283 -0.37475
    outer loop
      vertex 3.87509 -2.23458 7.81542
      vertex 3.86858 -1.84982 8.5249
      vertex 4.19055 -2.23458 8.32591
    endloop
  endfacet
  facet normal 0.330169 0.921608 -0.204029
    outer loop
      vertex 4.22083 -2.24957 8.3072
      vertex 3.87509 -2.23458 7.81542
      vertex 4.19055 -2.23458 8.32591
    endloop
  endfacet
  facet normal 0.330326 0.921526 -0.204142
    outer loop
      vertex 3.87509 -2.23458 7.81542
      vertex 4.22083 -2.24957 8.3072
      vertex 4.26933 -2.42987 7.57178
    endloop
  endfacet
  facet normal 0.330318 0.921533 -0.204126
    outer loop
      vertex 4.26933 -2.42987 7.57178
      vertex 4.4008 -2.33873 8.19598
      vertex 4.58479 -2.42987 8.08226
    endloop
  endfacet
  facet normal 0.330377 0.92151 -0.204135
    outer loop
      vertex 4.4008 -2.33873 8.19598
      vertex 4.26933 -2.42987 7.57178
      vertex 4.22083 -2.24957 8.3072
    endloop
  endfacet
  facet normal -0.0467331 0.99849 0.0288796
    outer loop
      vertex 5.00347 -2.40279 7.8235
      vertex 4.26933 -2.42987 7.57178
      vertex 4.58479 -2.42987 8.08226
    endloop
  endfacet
  facet normal -0.046733 0.99849 0.0288791
    outer loop
      vertex 4.26933 -2.42987 7.57178
      vertex 5.00347 -2.40279 7.8235
      vertex 4.68802 -2.40279 7.31303
    endloop
  endfacet
  facet normal -0.383173 0.892811 0.236786
    outer loop
      vertex 5.03591 -2.38355 7.80345
      vertex 4.68802 -2.40279 7.31303
      vertex 5.00347 -2.40279 7.8235
    endloop
  endfacet
  facet normal -0.383202 0.892793 0.236807
    outer loop
      vertex 4.68802 -2.40279 7.31303
      vertex 5.03591 -2.38355 7.80345
      vertex 5.11022 -2.15237 7.05212
    endloop
  endfacet
  facet normal -0.383195 0.892795 0.236808
    outer loop
      vertex 5.11022 -2.15237 7.05212
      vertex 5.03591 -2.38355 7.80345
      vertex 5.42567 -2.15237 7.56257
    endloop
  endfacet
  facet normal -0.591362 0.718843 0.365452
    outer loop
      vertex 5.45117 -2.12338 7.54681
      vertex 5.11022 -2.15237 7.05212
      vertex 5.42567 -2.15237 7.56257
    endloop
  endfacet
  facet normal -0.591409 0.718786 0.365488
    outer loop
      vertex 5.11022 -2.15237 7.05212
      vertex 5.45117 -2.12338 7.54681
      vertex 5.44199 -1.77514 6.84709
    endloop
  endfacet
  facet normal -0.591477 0.718724 0.3655
    outer loop
      vertex 5.44199 -1.77514 6.84709
      vertex 5.69731 -1.8435 7.39469
      vertex 5.75742 -1.77514 7.35754
    endloop
  endfacet
  facet normal -0.591426 0.718775 0.365483
    outer loop
      vertex 5.69731 -1.8435 7.39469
      vertex 5.44199 -1.77514 6.84709
      vertex 5.45117 -2.12338 7.54681
    endloop
  endfacet
  facet normal -0.770232 0.424487 0.475976
    outer loop
      vertex 5.44199 -1.77514 6.84709
      vertex 5.92778 -1.34799 7.25226
      vertex 5.61234 -1.34799 6.74181
    endloop
  endfacet
  facet normal -0.770233 0.424502 0.475961
    outer loop
      vertex 5.92778 -1.34799 7.25226
      vertex 5.44199 -1.77514 6.84709
      vertex 5.75742 -1.77514 7.35754
    endloop
  endfacet
  facet normal -0.850661 0.00717764 0.525666
    outer loop
      vertex 5.61234 -1.34799 6.74181
      vertex 5.92798 -1.31389 7.25213
      vertex 5.61505 -0.904508 6.74014
    endloop
  endfacet
  facet normal -0.850656 0.00699323 0.525676
    outer loop
      vertex 5.92798 -1.31389 7.25213
      vertex 5.61234 -1.34799 6.74181
      vertex 5.92778 -1.34799 7.25226
    endloop
  endfacet
  facet normal -0.850658 0.00718506 0.52567
    outer loop
      vertex 5.93048 -0.904508 7.25058
      vertex 5.61505 -0.904508 6.74014
      vertex 5.92798 -1.31389 7.25213
    endloop
  endfacet
  facet normal -0.76928 -0.426885 0.475371
    outer loop
      vertex 5.61505 -0.904508 6.74014
      vertex 5.91732 -0.871742 7.25872
      vertex 5.44392 -0.478346 6.8459
    endloop
  endfacet
  facet normal -0.769216 -0.427033 0.475342
    outer loop
      vertex 5.91732 -0.871742 7.25872
      vertex 5.61505 -0.904508 6.74014
      vertex 5.93048 -0.904508 7.25058
    endloop
  endfacet
  facet normal -0.76928 -0.426882 0.475373
    outer loop
      vertex 5.75935 -0.478346 7.35635
      vertex 5.44392 -0.478346 6.8459
      vertex 5.91732 -0.871742 7.25872
    endloop
  endfacet
  facet normal -0.629432 -0.672705 0.388952
    outer loop
      vertex 5.44392 -0.478346 6.8459
      vertex 5.74748 -0.463003 7.36368
      vertex 5.28957 -0.278771 6.94129
    endloop
  endfacet
  facet normal -0.629402 -0.672743 0.388935
    outer loop
      vertex 5.74748 -0.463003 7.36368
      vertex 5.44392 -0.478346 6.8459
      vertex 5.75935 -0.478346 7.35635
    endloop
  endfacet
  facet normal -0.629443 -0.672683 0.388973
    outer loop
      vertex 5.60501 -0.278771 7.45174
      vertex 5.28957 -0.278771 6.94129
      vertex 5.74748 -0.463003 7.36368
    endloop
  endfacet
  facet normal -0.481494 -0.824397 0.297546
    outer loop
      vertex 5.10402 -0.129012 7.05596
      vertex 5.60501 -0.278771 7.45174
      vertex 5.41946 -0.129012 7.56641
    endloop
  endfacet
  facet normal -0.481494 -0.824397 0.297546
    outer loop
      vertex 5.60501 -0.278771 7.45174
      vertex 5.10402 -0.129012 7.05596
      vertex 5.28957 -0.278771 6.94129
    endloop
  endfacet
  facet normal -0.287557 -0.941135 0.177697
    outer loop
      vertex 4.90416 -0.0446243 7.17947
      vertex 5.41946 -0.129012 7.56641
      vertex 5.2196 -0.0446243 7.68993
    endloop
  endfacet
  facet normal -0.287561 -0.941133 0.177703
    outer loop
      vertex 5.41946 -0.129012 7.56641
      vertex 4.90416 -0.0446243 7.17947
      vertex 5.10402 -0.129012 7.05596
    endloop
  endfacet
  facet normal -0.01255 -0.999891 0.00775553
    outer loop
      vertex 4.70693 -0.0412035 7.30136
      vertex 5.2196 -0.0446243 7.68993
      vertex 5.02238 -0.0412035 7.81182
    endloop
  endfacet
  facet normal -0.0125496 -0.999891 0.00775507
    outer loop
      vertex 5.2196 -0.0446243 7.68993
      vertex 4.70693 -0.0412035 7.30136
      vertex 4.90416 -0.0446243 7.17947
    endloop
  endfacet
  facet normal -0.437021 0.857949 0.270067
    outer loop
      vertex 5.0528 -0.0197903 7.79302
      vertex 4.70693 -0.0412035 7.30136
      vertex 5.02238 -0.0412035 7.81182
    endloop
  endfacet
  facet normal -0.436926 0.858019 0.269997
    outer loop
      vertex 4.70693 -0.0412035 7.30136
      vertex 5.0528 -0.0197903 7.79302
      vertex 5.10291 0.237444 7.05665
    endloop
  endfacet
  facet normal -0.436917 0.858024 0.269999
    outer loop
      vertex 5.10291 0.237444 7.05665
      vertex 5.0528 -0.0197903 7.79302
      vertex 5.41835 0.237444 7.5671
    endloop
  endfacet
  facet normal -0.249583 0.955992 0.154234
    outer loop
      vertex 5.44407 0.246724 7.5512
      vertex 5.10291 0.237444 7.05665
      vertex 5.41835 0.237444 7.5671
    endloop
  endfacet
  facet normal -0.24961 0.955982 0.154252
    outer loop
      vertex 5.10291 0.237444 7.05665
      vertex 5.44407 0.246724 7.5512
      vertex 5.43749 0.358167 6.84988
    endloop
  endfacet
  facet normal -0.249608 0.955982 0.154252
    outer loop
      vertex 5.75293 0.358167 7.36032
      vertex 5.43749 0.358167 6.84988
      vertex 5.44407 0.246724 7.5512
    endloop
  endfacet
  facet normal 0.0934022 0.993954 -0.0577204
    outer loop
      vertex 5.77359 0.355484 7.34755
      vertex 5.43749 0.358167 6.84988
      vertex 5.75293 0.358167 7.36032
    endloop
  endfacet
  facet normal 0.0933609 0.993959 -0.0576924
    outer loop
      vertex 5.43749 0.358167 6.84988
      vertex 5.77359 0.355484 7.34755
      vertex 5.70632 0.323273 6.68374
    endloop
  endfacet
  facet normal 0.0933598 0.99396 -0.0576923
    outer loop
      vertex 6.02175 0.323273 7.19418
      vertex 5.70632 0.323273 6.68374
      vertex 5.77359 0.355484 7.34755
    endloop
  endfacet
  facet normal 0.533686 0.778726 -0.329795
    outer loop
      vertex 6.03703 0.308799 7.18473
      vertex 5.70632 0.323273 6.68374
      vertex 6.02175 0.323273 7.19418
    endloop
  endfacet
  facet normal 0.533657 0.778755 -0.329775
    outer loop
      vertex 5.70632 0.323273 6.68374
      vertex 6.03703 0.308799 7.18473
      vertex 5.90509 0.135048 6.56091
    endloop
  endfacet
  facet normal 0.53366 0.778753 -0.329775
    outer loop
      vertex 6.22051 0.135048 7.07134
      vertex 5.90509 0.135048 6.56091
      vertex 6.03703 0.308799 7.18473
    endloop
  endfacet
  facet normal 0.807405 0.314899 -0.498935
    outer loop
      vertex 6.22744 0.110498 7.06706
      vertex 5.90509 0.135048 6.56091
      vertex 6.22051 0.135048 7.07134
    endloop
  endfacet
  facet normal 0.807437 0.314775 -0.498962
    outer loop
      vertex 5.90509 0.135048 6.56091
      vertex 6.22744 0.110498 7.06706
      vertex 5.99514 -0.18417 6.50525
    endloop
  endfacet
  facet normal 0.807442 0.314765 -0.498959
    outer loop
      vertex 6.31056 -0.18417 7.01568
      vertex 5.99514 -0.18417 6.50525
      vertex 6.22744 0.110498 7.06706
    endloop
  endfacet
  facet normal 0.779061 -0.40162 -0.48142
    outer loop
      vertex 6.30125 -0.209134 7.02144
      vertex 5.99514 -0.18417 6.50525
      vertex 6.31056 -0.18417 7.01568
    endloop
  endfacet
  facet normal 0.779093 -0.401539 -0.481436
    outer loop
      vertex 5.99514 -0.18417 6.50525
      vertex 6.30125 -0.209134 7.02144
      vertex 5.87408 -0.508766 6.58007
    endloop
  endfacet
  facet normal 0.779095 -0.401511 -0.481457
    outer loop
      vertex 6.18951 -0.508766 7.0905
      vertex 5.87408 -0.508766 6.58007
      vertex 6.30125 -0.209134 7.02144
    endloop
  endfacet
  facet normal 0.612128 0.694411 -0.378276
    outer loop
      vertex 6.22311 -0.549699 7.06973
      vertex 5.87408 -0.508766 6.58007
      vertex 6.18951 -0.508766 7.0905
    endloop
  endfacet
  facet normal 0.61215 0.694381 -0.378295
    outer loop
      vertex 5.87408 -0.508766 6.58007
      vertex 6.22311 -0.549699 7.06973
      vertex 6.311 -1.04105 6.31005
    endloop
  endfacet
  facet normal 0.612148 0.694383 -0.378296
    outer loop
      vertex 6.311 -1.04105 6.31005
      vertex 6.22311 -0.549699 7.06973
      vertex 6.62643 -1.04105 6.82047
    endloop
  endfacet
  facet normal -0.719392 0.533708 0.444557
    outer loop
      vertex 6.311 -1.04105 6.31005
      vertex 6.82833 -0.664956 6.69569
      vertex 6.51291 -0.664956 6.18527
    endloop
  endfacet
  facet normal -0.719393 0.533694 0.444572
    outer loop
      vertex 6.82833 -0.664956 6.69569
      vertex 6.311 -1.04105 6.31005
      vertex 6.62643 -1.04105 6.82047
    endloop
  endfacet
  facet normal -0.829833 0.220032 0.512799
    outer loop
      vertex 6.51291 -0.664956 6.18527
      vertex 6.89926 -0.295262 6.65185
      vertex 6.58385 -0.295262 6.14144
    endloop
  endfacet
  facet normal -0.829832 0.220023 0.512804
    outer loop
      vertex 6.89926 -0.295262 6.65185
      vertex 6.51291 -0.664956 6.18527
      vertex 6.82833 -0.664956 6.69569
    endloop
  endfacet
  facet normal -0.83613 -0.184116 0.516708
    outer loop
      vertex 6.58385 -0.295262 6.14144
      vertex 6.89462 -0.266086 6.65472
      vertex 6.52342 0.0839615 6.17878
    endloop
  endfacet
  facet normal -0.836187 -0.183812 0.516725
    outer loop
      vertex 6.89462 -0.266086 6.65472
      vertex 6.58385 -0.295262 6.14144
      vertex 6.89926 -0.295262 6.65185
    endloop
  endfacet
  facet normal -0.836131 -0.184119 0.516707
    outer loop
      vertex 6.83884 0.0839615 6.68919
      vertex 6.52342 0.0839615 6.17878
      vertex 6.89462 -0.266086 6.65472
    endloop
  endfacet
  facet normal -0.742827 -0.487333 0.459036
    outer loop
      vertex 6.52342 0.0839615 6.17878
      vertex 6.82405 0.115102 6.69833
      vertex 6.33126 0.488729 6.29754
    endloop
  endfacet
  facet normal -0.74275 -0.487485 0.459
    outer loop
      vertex 6.82405 0.115102 6.69833
      vertex 6.52342 0.0839615 6.17878
      vertex 6.83884 0.0839615 6.68919
    endloop
  endfacet
  facet normal -0.742828 -0.487321 0.459048
    outer loop
      vertex 6.64668 0.488729 6.80795
      vertex 6.33126 0.488729 6.29754
      vertex 6.82405 0.115102 6.69833
    endloop
  endfacet
  facet normal -0.571782 -0.740411 0.353351
    outer loop
      vertex 5.93273 0.914029 6.54383
      vertex 6.64668 0.488729 6.80795
      vertex 6.24816 0.914029 7.05425
    endloop
  endfacet
  facet normal -0.571782 -0.740413 0.353346
    outer loop
      vertex 6.64668 0.488729 6.80795
      vertex 5.93273 0.914029 6.54383
      vertex 6.33126 0.488729 6.29754
    endloop
  endfacet
  facet normal 0.848824 -0.0659641 -0.524543
    outer loop
      vertex 5.00316 -1.08462 7.11829
      vertex 5.31959 -1.06703 7.62813
      vertex 5.3186 -1.08462 7.62874
    endloop
  endfacet
  facet normal 0.848824 -0.0659741 -0.524543
    outer loop
      vertex 5.31959 -1.06703 7.62813
      vertex 5.00316 -1.08462 7.11829
      vertex 5.01603 -0.855826 7.11034
    endloop
  endfacet
  facet normal 0.848824 -0.0659749 -0.524543
    outer loop
      vertex 5.31959 -1.06703 7.62813
      vertex 5.01603 -0.855826 7.11034
      vertex 5.33147 -0.855826 7.62079
    endloop
  endfacet
  facet normal 0.749937 -0.472036 -0.46344
    outer loop
      vertex 4.90148 -1.30779 7.18112
      vertex 5.22474 -1.29064 7.68675
      vertex 5.21693 -1.30779 7.69158
    endloop
  endfacet
  facet normal 0.749896 -0.472131 -0.46341
    outer loop
      vertex 5.22474 -1.29064 7.68675
      vertex 4.90148 -1.30779 7.18112
      vertex 5.00316 -1.08462 7.11829
    endloop
  endfacet
  facet normal 0.749898 -0.472128 -0.46341
    outer loop
      vertex 5.22474 -1.29064 7.68675
      vertex 5.00316 -1.08462 7.11829
      vertex 5.3186 -1.08462 7.62874
    endloop
  endfacet
  facet normal 0.581955 -0.729379 -0.359632
    outer loop
      vertex 4.71864 -1.50939 7.29412
      vertex 5.04814 -1.4939 7.7959
      vertex 5.03409 -1.50939 7.80458
    endloop
  endfacet
  facet normal 0.581954 -0.729379 -0.359631
    outer loop
      vertex 5.04814 -1.4939 7.7959
      vertex 4.71864 -1.50939 7.29412
      vertex 4.90148 -1.30779 7.18112
    endloop
  endfacet
  facet normal 0.581954 -0.729379 -0.359631
    outer loop
      vertex 5.04814 -1.4939 7.7959
      vertex 4.90148 -1.30779 7.18112
      vertex 5.21693 -1.30779 7.69158
    endloop
  endfacet
  facet normal 0.410062 -0.876148 -0.253402
    outer loop
      vertex 4.49745 -1.65245 7.43081
      vertex 5.03409 -1.50939 7.80458
      vertex 4.8129 -1.65245 7.94128
    endloop
  endfacet
  facet normal 0.410067 -0.876144 -0.25341
    outer loop
      vertex 5.03409 -1.50939 7.80458
      vertex 4.49745 -1.65245 7.43081
      vertex 4.71864 -1.50939 7.29412
    endloop
  endfacet
  facet normal 0.13998 -0.986368 -0.0865033
    outer loop
      vertex 4.28832 -1.69346 7.56005
      vertex 4.61984 -1.69031 8.0606
      vertex 4.60378 -1.69346 8.07053
    endloop
  endfacet
  facet normal 0.139971 -0.98637 -0.0864972
    outer loop
      vertex 4.61984 -1.69031 8.0606
      vertex 4.28832 -1.69346 7.56005
      vertex 4.49745 -1.65245 7.43081
    endloop
  endfacet
  facet normal 0.139973 -0.98637 -0.0864974
    outer loop
      vertex 4.61984 -1.69031 8.0606
      vertex 4.49745 -1.65245 7.43081
      vertex 4.8129 -1.65245 7.94128
    endloop
  endfacet
  facet normal -0.225398 -0.964259 0.139288
    outer loop
      vertex 4.1037 -1.63378 7.67415
      vertex 4.43334 -1.63836 8.17587
      vertex 4.41916 -1.63378 8.18463
    endloop
  endfacet
  facet normal -0.225545 -0.96421 0.139386
    outer loop
      vertex 4.43334 -1.63836 8.17587
      vertex 4.1037 -1.63378 7.67415
      vertex 4.28832 -1.69346 7.56005
    endloop
  endfacet
  facet normal -0.22556 -0.964206 0.139389
    outer loop
      vertex 4.43334 -1.63836 8.17587
      vertex 4.28832 -1.69346 7.56005
      vertex 4.60378 -1.69346 8.07053
    endloop
  endfacet
  facet normal -0.574972 -0.736991 0.355318
    outer loop
      vertex 3.95613 -1.47469 7.76534
      vertex 4.41916 -1.63378 8.18463
      vertex 4.2716 -1.47469 8.27583
    endloop
  endfacet
  facet normal -0.574968 -0.736997 0.355312
    outer loop
      vertex 4.41916 -1.63378 8.18463
      vertex 3.95613 -1.47469 7.76534
      vertex 4.1037 -1.63378 7.67415
    endloop
  endfacet
  facet normal -0.781616 -0.394676 0.483019
    outer loop
      vertex 4.2716 -1.47469 8.27583
      vertex 3.87435 -1.25088 7.81588
      vertex 3.95613 -1.47469 7.76534
    endloop
  endfacet
  facet normal -0.781612 -0.394705 0.483001
    outer loop
      vertex 3.87435 -1.25088 7.81588
      vertex 4.2716 -1.47469 8.27583
      vertex 4.18981 -1.25088 8.32637
    endloop
  endfacet
  facet normal -0.847426 0.0872942 0.523688
    outer loop
      vertex 3.89258 -1.00596 7.80461
      vertex 4.20665 -1.02477 8.31597
      vertex 4.20805 -1.00596 8.3151
    endloop
  endfacet
  facet normal -0.847437 0.0871744 0.52369
    outer loop
      vertex 4.20665 -1.02477 8.31597
      vertex 3.89258 -1.00596 7.80461
      vertex 3.87435 -1.25088 7.81588
    endloop
  endfacet
  facet normal -0.84744 0.0872017 0.52368
    outer loop
      vertex 4.20665 -1.02477 8.31597
      vertex 3.87435 -1.25088 7.81588
      vertex 4.18981 -1.25088 8.32637
    endloop
  endfacet
  facet normal -0.746794 0.478898 0.461471
    outer loop
      vertex 3.89258 -1.00596 7.80461
      vertex 4.32173 -0.760953 8.24484
      vertex 4.00628 -0.760953 7.73435
    endloop
  endfacet
  facet normal -0.746801 0.47886 0.461499
    outer loop
      vertex 4.32173 -0.760953 8.24484
      vertex 3.89258 -1.00596 7.80461
      vertex 4.313 -0.779772 8.25024
    endloop
  endfacet
  facet normal -0.746803 0.47885 0.461506
    outer loop
      vertex 4.313 -0.779772 8.25024
      vertex 3.89258 -1.00596 7.80461
      vertex 4.20805 -1.00596 8.3151
    endloop
  endfacet
  facet normal -0.579782 0.731769 0.358282
    outer loop
      vertex 4.21094 -0.536865 7.60788
      vertex 4.51067 -0.554079 8.12807
      vertex 4.52639 -0.536865 8.11835
    endloop
  endfacet
  facet normal -0.579803 0.731747 0.358293
    outer loop
      vertex 4.51067 -0.554079 8.12807
      vertex 4.21094 -0.536865 7.60788
      vertex 4.00628 -0.760953 7.73435
    endloop
  endfacet
  facet normal -0.579795 0.731762 0.358276
    outer loop
      vertex 4.51067 -0.554079 8.12807
      vertex 4.00628 -0.760953 7.73435
      vertex 4.32173 -0.760953 8.24484
    endloop
  endfacet
  facet normal -0.384471 0.892037 0.237595
    outer loop
      vertex 4.40845 -0.419181 7.48581
      vertex 4.70873 -0.428222 8.00566
      vertex 4.72391 -0.419181 7.99628
    endloop
  endfacet
  facet normal -0.384586 0.891971 0.23766
    outer loop
      vertex 4.70873 -0.428222 8.00566
      vertex 4.40845 -0.419181 7.48581
      vertex 4.21094 -0.536865 7.60788
    endloop
  endfacet
  facet normal -0.384584 0.891972 0.237657
    outer loop
      vertex 4.70873 -0.428222 8.00566
      vertex 4.21094 -0.536865 7.60788
      vertex 4.52639 -0.536865 8.11835
    endloop
  endfacet
  facet normal -0.061819 0.997356 0.0382029
    outer loop
      vertex 4.92308 -0.402121 7.87319
      vertex 4.40845 -0.419181 7.48581
      vertex 4.72391 -0.419181 7.99628
    endloop
  endfacet
  facet normal -0.0618184 0.997356 0.038202
    outer loop
      vertex 4.40845 -0.419181 7.48581
      vertex 4.92308 -0.402121 7.87319
      vertex 4.60763 -0.402121 7.36273
    endloop
  endfacet
  facet normal 0.284085 0.942591 -0.175551
    outer loop
      vertex 4.78881 -0.477547 7.25076
      vertex 5.09033 -0.47175 7.76982
      vertex 5.10425 -0.477547 7.76122
    endloop
  endfacet
  facet normal 0.283973 0.942637 -0.175486
    outer loop
      vertex 5.09033 -0.47175 7.76982
      vertex 4.78881 -0.477547 7.25076
      vertex 4.60763 -0.402121 7.36273
    endloop
  endfacet
  facet normal 0.283974 0.942636 -0.175488
    outer loop
      vertex 5.09033 -0.47175 7.76982
      vertex 4.60763 -0.402121 7.36273
      vertex 4.92308 -0.402121 7.87319
    endloop
  endfacet
  facet normal 0.584858 0.726165 -0.361421
    outer loop
      vertex 4.93245 -0.637376 7.16199
      vertex 5.23686 -0.625093 7.67927
      vertex 5.24789 -0.637376 7.67244
    endloop
  endfacet
  facet normal 0.584776 0.726254 -0.361375
    outer loop
      vertex 5.23686 -0.625093 7.67927
      vertex 4.93245 -0.637376 7.16199
      vertex 4.78881 -0.477547 7.25076
    endloop
  endfacet
  facet normal 0.584764 0.726273 -0.361356
    outer loop
      vertex 5.23686 -0.625093 7.67927
      vertex 4.78881 -0.477547 7.25076
      vertex 5.10425 -0.477547 7.76122
    endloop
  endfacet
  facet normal 0.775819 0.410187 -0.479428
    outer loop
      vertex 5.33147 -0.855826 7.62079
      vertex 4.93245 -0.637376 7.16199
      vertex 5.24789 -0.637376 7.67244
    endloop
  endfacet
  facet normal 0.775819 0.410187 -0.479428
    outer loop
      vertex 4.93245 -0.637376 7.16199
      vertex 5.33147 -0.855826 7.62079
      vertex 5.01603 -0.855826 7.11034
    endloop
  endfacet
  facet normal 0.688214 0.587785 -0.425288
    outer loop
      vertex 5.035 1.56223 7.80402
      vertex 4.3186 2.21098 7.54135
      vertex 4.63405 2.21098 8.05182
    endloop
  endfacet
  facet normal 0.688213 0.587781 -0.425296
    outer loop
      vertex 4.3186 2.21098 7.54135
      vertex 5.035 1.56223 7.80402
      vertex 4.71955 1.56223 7.29356
    endloop
  endfacet
  facet normal -0.500113 0.808932 0.309056
    outer loop
      vertex 5.07976 1.60047 7.77636
      vertex 4.71955 1.56223 7.29356
      vertex 5.035 1.56223 7.80402
    endloop
  endfacet
  facet normal -0.500033 0.809007 0.30899
    outer loop
      vertex 4.71955 1.56223 7.29356
      vertex 5.07976 1.60047 7.77636
      vertex 5.30198 2.05969 6.93363
    endloop
  endfacet
  facet normal -0.500026 0.80901 0.308995
    outer loop
      vertex 5.30198 2.05969 6.93363
      vertex 5.4672 1.93139 7.53691
      vertex 5.61741 2.05969 7.44407
    endloop
  endfacet
  facet normal -0.500024 0.809011 0.308994
    outer loop
      vertex 5.4672 1.93139 7.53691
      vertex 5.30198 2.05969 6.93363
      vertex 5.07976 1.60047 7.77636
    endloop
  endfacet
  facet normal -0.688213 -0.587788 0.425286
    outer loop
      vertex 5.61741 2.05969 7.44407
      vertex 4.90102 2.70844 7.18142
      vertex 5.30198 2.05969 6.93363
    endloop
  endfacet
  facet normal -0.688213 -0.587788 0.425286
    outer loop
      vertex 4.90102 2.70844 7.18142
      vertex 5.61741 2.05969 7.44407
      vertex 5.21645 2.70844 7.69186
    endloop
  endfacet
  facet normal 0.500028 -0.809004 -0.309006
    outer loop
      vertex 4.90102 2.70844 7.18142
      vertex 5.17168 2.67019 7.71954
      vertex 4.3186 2.21098 7.54135
    endloop
  endfacet
  facet normal 0.500084 -0.80896 -0.30903
    outer loop
      vertex 5.17168 2.67019 7.71954
      vertex 4.90102 2.70844 7.18142
      vertex 5.21645 2.70844 7.69186
    endloop
  endfacet
  facet normal 0.500025 -0.80901 -0.308995
    outer loop
      vertex 4.3186 2.21098 7.54135
      vertex 4.66532 2.23769 8.03249
      vertex 4.63405 2.21098 8.05182
    endloop
  endfacet
  facet normal 0.500028 -0.809007 -0.308998
    outer loop
      vertex 4.66532 2.23769 8.03249
      vertex 4.3186 2.21098 7.54135
      vertex 5.17168 2.67019 7.71954
    endloop
  endfacet
  facet normal 0.850642 -0.525746 1.53659e-05
    outer loop
      vertex 7.6836 -4.08845 0.373922
      vertex 7.35199 -4.62498 0.5563
      vertex 7.65281 -4.13828 -0.0597868
    endloop
  endfacet
  facet normal 0.850645 -0.52574 2.14075e-05
    outer loop
      vertex 7.35199 -4.62498 0.5563
      vertex 7.27713 -4.74613 -0.105227
      vertex 7.65281 -4.13828 -0.0597868
    endloop
  endfacet
  facet normal 0.850643 -0.525744 2.74097e-05
    outer loop
      vertex 7.63975 -4.15941 -0.489453
      vertex 7.24685 -4.79512 -0.617016
      vertex 7.64689 -4.14788 -0.918323
    endloop
  endfacet
  facet normal 0.85065 -0.525732 8.52561e-06
    outer loop
      vertex 7.78591 -3.92288 1.2676
      vertex 7.48896 -4.40335 1.49181
      vertex 7.72963 -4.01395 0.814842
    endloop
  endfacet
  facet normal 0.850644 -0.525743 2.8799e-05
    outer loop
      vertex 7.72963 -4.01395 0.814842
      vertex 7.35199 -4.62498 0.5563
      vertex 7.6836 -4.08845 0.373922
    endloop
  endfacet
  facet normal 0.850643 -0.525743 1.11294e-05
    outer loop
      vertex 7.7469 -3.98599 2.32522
      vertex 6.41367 -6.14315 1.50128
      vertex 7.48896 -4.40335 1.49181
    endloop
  endfacet
  facet normal 0.850649 -0.525735 5.07595e-06
    outer loop
      vertex 7.7469 -3.98599 2.32522
      vertex 7.48896 -4.40335 1.49181
      vertex 7.84744 -3.82332 1.73672
    endloop
  endfacet
  facet normal 0.850648 -0.525736 5.91126e-06
    outer loop
      vertex 7.48896 -4.40335 1.49181
      vertex 7.35199 -4.62498 0.5563
      vertex 7.72963 -4.01395 0.814842
    endloop
  endfacet
  facet normal 0.850641 -0.525747 2.02003e-05
    outer loop
      vertex 7.24685 -4.79512 -0.617016
      vertex 7.24366 -4.8003 -1.10332
      vertex 7.64689 -4.14788 -0.918323
    endloop
  endfacet
  facet normal 0.850643 -0.525743 1.6426e-05
    outer loop
      vertex 7.48896 -4.40335 1.49181
      vertex 6.41367 -6.14315 1.50128
      vertex 6.51783 -5.97464 0.891652
    endloop
  endfacet
  facet normal 0.850649 -0.525734 3.51254e-06
    outer loop
      vertex 7.84744 -3.82332 1.73672
      vertex 7.48896 -4.40335 1.49181
      vertex 7.78591 -3.92288 1.2676
    endloop
  endfacet
  facet normal 0.850645 -0.52574 -3.00645e-06
    outer loop
      vertex 7.27713 -4.74613 -0.105227
      vertex 7.24685 -4.79512 -0.617016
      vertex 7.63975 -4.15941 -0.489453
    endloop
  endfacet
  facet normal 0.850646 -0.525739 -1.31612e-06
    outer loop
      vertex 7.65281 -4.13828 -0.0597868
      vertex 7.27713 -4.74613 -0.105227
      vertex 7.63975 -4.15941 -0.489453
    endloop
  endfacet
  facet normal 0.850643 -0.525743 3.31247e-06
    outer loop
      vertex 7.64689 -4.14788 -0.918323
      vertex 7.24366 -4.8003 -1.10332
      vertex 7.67874 -4.09635 -1.3505
    endloop
  endfacet
  facet normal 0.850645 -0.525741 1.42869e-05
    outer loop
      vertex 7.67874 -4.09635 -1.3505
      vertex 7.24366 -4.8003 -1.10332
      vertex 7.27127 -4.75564 -1.57461
    endloop
  endfacet
  facet normal 0.850645 -0.525741 1.40984e-05
    outer loop
      vertex 7.67874 -4.09635 -1.3505
      vertex 7.27127 -4.75564 -1.57461
      vertex 7.73986 -3.99747 -1.79014
    endloop
  endfacet
  facet normal 0.850643 -0.525744 -4.01032e-06
    outer loop
      vertex 7.73986 -3.99747 -1.79014
      vertex 7.27127 -4.75564 -1.57461
      vertex 7.33337 -4.65516 -2.04135
    endloop
  endfacet
  facet normal -0.520587 -0.842449 -0.138814
    outer loop
      vertex 7.67874 -4.09635 -1.3505
      vertex 8.15734 -4.46331 -0.918323
      vertex 7.64689 -4.14788 -0.918323
    endloop
  endfacet
  facet normal -0.520609 -0.842441 -0.138783
    outer loop
      vertex 8.15734 -4.46331 -0.918323
      vertex 7.67874 -4.09635 -1.3505
      vertex 8.18918 -4.41179 -1.3505
    endloop
  endfacet
  facet normal -0.525419 -0.850256 -0.0316062
    outer loop
      vertex 7.64689 -4.14788 -0.918323
      vertex 8.15679 -4.4642 -0.885356
      vertex 7.63975 -4.15941 -0.489453
    endloop
  endfacet
  facet normal -0.525412 -0.850257 -0.0317197
    outer loop
      vertex 8.15679 -4.4642 -0.885356
      vertex 7.64689 -4.14788 -0.918323
      vertex 8.15734 -4.46331 -0.918323
    endloop
  endfacet
  facet normal -0.525418 -0.850257 -0.0316049
    outer loop
      vertex 8.15021 -4.47485 -0.489453
      vertex 7.63975 -4.15941 -0.489453
      vertex 8.15679 -4.4642 -0.885356
    endloop
  endfacet
  facet normal -0.524812 -0.849259 0.0577166
    outer loop
      vertex 7.63975 -4.15941 -0.489453
      vertex 8.15121 -4.47323 -0.456429
      vertex 7.65281 -4.13828 -0.0597868
    endloop
  endfacet
  facet normal -0.52481 -0.849272 0.057553
    outer loop
      vertex 8.15121 -4.47323 -0.456429
      vertex 7.63975 -4.15941 -0.489453
      vertex 8.15021 -4.47485 -0.489453
    endloop
  endfacet
  facet normal -0.524804 -0.849263 0.0577303
    outer loop
      vertex 8.16327 -4.45372 -0.0597868
      vertex 7.65281 -4.13828 -0.0597868
      vertex 8.15121 -4.47323 -0.456429
    endloop
  endfacet
  facet normal -0.520951 -0.843028 0.133841
    outer loop
      vertex 8.16327 -4.45372 -0.0597868
      vertex 7.6836 -4.08845 0.373922
      vertex 7.65281 -4.13828 -0.0597868
    endloop
  endfacet
  facet normal -0.520965 -0.843023 0.133822
    outer loop
      vertex 7.6836 -4.08845 0.373922
      vertex 8.16327 -4.45372 -0.0597868
      vertex 8.19406 -4.4039 0.373922
    endloop
  endfacet
  facet normal -0.515613 -0.834381 0.194809
    outer loop
      vertex 7.6836 -4.08845 0.373922
      vertex 8.1976 -4.39817 0.407805
      vertex 7.72963 -4.01395 0.814842
    endloop
  endfacet
  facet normal -0.515605 -0.83435 0.194967
    outer loop
      vertex 8.1976 -4.39817 0.407805
      vertex 7.6836 -4.08845 0.373922
      vertex 8.19406 -4.4039 0.373922
    endloop
  endfacet
  facet normal -0.515614 -0.834381 0.194808
    outer loop
      vertex 8.2401 -4.3294 0.814842
      vertex 7.72963 -4.01395 0.814842
      vertex 8.1976 -4.39817 0.407805
    endloop
  endfacet
  facet normal -0.511579 -0.827851 0.23011
    outer loop
      vertex 8.2401 -4.3294 0.814842
      vertex 7.78591 -3.92288 1.2676
      vertex 7.72963 -4.01395 0.814842
    endloop
  endfacet
  facet normal -0.511579 -0.827851 0.23011
    outer loop
      vertex 7.78591 -3.92288 1.2676
      vertex 8.2401 -4.3294 0.814842
      vertex 8.29638 -4.23833 1.2676
    endloop
  endfacet
  facet normal -0.510048 -0.825382 0.242067
    outer loop
      vertex 7.78591 -3.92288 1.2676
      vertex 8.30111 -4.23068 1.30364
      vertex 7.84744 -3.82332 1.73672
    endloop
  endfacet
  facet normal -0.510042 -0.825365 0.242135
    outer loop
      vertex 8.30111 -4.23068 1.30364
      vertex 7.78591 -3.92288 1.2676
      vertex 8.29638 -4.23833 1.2676
    endloop
  endfacet
  facet normal -0.510044 -0.825383 0.242072
    outer loop
      vertex 8.35792 -4.13877 1.73672
      vertex 7.84744 -3.82332 1.73672
      vertex 8.30111 -4.23068 1.30364
    endloop
  endfacet
  facet normal -0.499953 -0.809036 -0.309042
    outer loop
      vertex 7.84744 -3.82332 1.73672
      vertex 8.35019 -4.15127 1.78193
      vertex 7.7469 -3.98599 2.32522
    endloop
  endfacet
  facet normal -0.499925 -0.809009 -0.309158
    outer loop
      vertex 8.35019 -4.15127 1.78193
      vertex 7.84744 -3.82332 1.73672
      vertex 8.35792 -4.13877 1.73672
    endloop
  endfacet
  facet normal -0.499956 -0.809033 -0.309046
    outer loop
      vertex 8.25738 -4.30145 2.32522
      vertex 7.7469 -3.98599 2.32522
      vertex 8.35019 -4.15127 1.78193
    endloop
  endfacet
  facet normal 0.162442 0.262865 -0.95106
    outer loop
      vertex 6.92417 -6.45863 1.50128
      vertex 7.7469 -3.98599 2.32522
      vertex 8.25738 -4.30145 2.32522
    endloop
  endfacet
  facet normal 0.162445 0.262864 -0.95106
    outer loop
      vertex 7.7469 -3.98599 2.32522
      vertex 6.92417 -6.45863 1.50128
      vertex 6.41367 -6.14315 1.50128
    endloop
  endfacet
  facet normal 0.499937 0.808983 0.309206
    outer loop
      vertex 6.93217 -6.44569 1.45449
      vertex 6.41367 -6.14315 1.50128
      vertex 6.92417 -6.45863 1.50128
    endloop
  endfacet
  facet normal 0.499953 0.809034 0.30905
    outer loop
      vertex 6.41367 -6.14315 1.50128
      vertex 6.93217 -6.44569 1.45449
      vertex 6.51783 -5.97464 0.891652
    endloop
  endfacet
  facet normal 0.499961 0.809032 0.309042
    outer loop
      vertex 7.02832 -6.29011 0.891652
      vertex 6.51783 -5.97464 0.891652
      vertex 6.93217 -6.44569 1.45449
    endloop
  endfacet
  facet normal -0.162441 -0.262863 0.95106
    outer loop
      vertex 7.48896 -4.40335 1.49181
      vertex 7.02832 -6.29011 0.891652
      vertex 7.99944 -4.71881 1.49181
    endloop
  endfacet
  facet normal -0.162443 -0.262863 0.95106
    outer loop
      vertex 7.02832 -6.29011 0.891652
      vertex 7.48896 -4.40335 1.49181
      vertex 6.51783 -5.97464 0.891652
    endloop
  endfacet
  facet normal 0.506416 0.819486 -0.268302
    outer loop
      vertex 7.98891 -4.73583 1.41995
      vertex 7.48896 -4.40335 1.49181
      vertex 7.99944 -4.71881 1.49181
    endloop
  endfacet
  facet normal 0.506419 0.819488 -0.268289
    outer loop
      vertex 7.48896 -4.40335 1.49181
      vertex 7.98891 -4.73583 1.41995
      vertex 7.35199 -4.62498 0.5563
    endloop
  endfacet
  facet normal 0.506414 0.819493 -0.268285
    outer loop
      vertex 7.86246 -4.94043 0.5563
      vertex 7.35199 -4.62498 0.5563
      vertex 7.98891 -4.73583 1.41995
    endloop
  endfacet
  facet normal 0.513909 0.831622 -0.210479
    outer loop
      vertex 7.85671 -4.94974 0.505476
      vertex 7.35199 -4.62498 0.5563
      vertex 7.86246 -4.94043 0.5563
    endloop
  endfacet
  facet normal 0.513913 0.831625 -0.210457
    outer loop
      vertex 7.35199 -4.62498 0.5563
      vertex 7.85671 -4.94974 0.505476
      vertex 7.27713 -4.74613 -0.105227
    endloop
  endfacet
  facet normal 0.513918 0.831621 -0.210463
    outer loop
      vertex 7.78759 -5.06158 -0.105227
      vertex 7.27713 -4.74613 -0.105227
      vertex 7.85671 -4.94974 0.505476
    endloop
  endfacet
  facet normal 0.522406 0.845356 -0.11165
    outer loop
      vertex 7.78527 -5.06534 -0.144551
      vertex 7.27713 -4.74613 -0.105227
      vertex 7.78759 -5.06158 -0.105227
    endloop
  endfacet
  facet normal 0.522386 0.845345 -0.111826
    outer loop
      vertex 7.27713 -4.74613 -0.105227
      vertex 7.78527 -5.06534 -0.144551
      vertex 7.24685 -4.79512 -0.617016
    endloop
  endfacet
  facet normal 0.522395 0.845337 -0.111841
    outer loop
      vertex 7.75731 -5.11057 -0.617016
      vertex 7.24685 -4.79512 -0.617016
      vertex 7.78527 -5.06534 -0.144551
    endloop
  endfacet
  facet normal 0.525652 0.850608 -0.0124806
    outer loop
      vertex 7.75707 -5.11097 -0.654386
      vertex 7.24685 -4.79512 -0.617016
      vertex 7.75731 -5.11057 -0.617016
    endloop
  endfacet
  facet normal 0.52565 0.850609 -0.0125086
    outer loop
      vertex 7.24685 -4.79512 -0.617016
      vertex 7.75707 -5.11097 -0.654386
      vertex 7.24366 -4.8003 -1.10332
    endloop
  endfacet
  facet normal 0.525652 0.850608 -0.0125109
    outer loop
      vertex 7.75412 -5.11575 -1.10332
      vertex 7.24366 -4.8003 -1.10332
      vertex 7.75707 -5.11097 -0.654386
    endloop
  endfacet
  facet normal 0.522456 0.845446 0.11073
    outer loop
      vertex 7.27127 -4.75564 -1.57461
      vertex 7.75412 -5.11575 -1.10332
      vertex 7.78172 -5.07108 -1.57461
    endloop
  endfacet
  facet normal 0.522461 0.845444 0.110723
    outer loop
      vertex 7.75412 -5.11575 -1.10332
      vertex 7.27127 -4.75564 -1.57461
      vertex 7.24366 -4.8003 -1.10332
    endloop
  endfacet
  facet normal 0.509621 0.824678 0.245342
    outer loop
      vertex 7.33337 -4.65516 -2.04135
      vertex 7.78172 -5.07108 -1.57461
      vertex 7.84382 -4.9706 -2.04135
    endloop
  endfacet
  facet normal 0.509621 0.824678 0.245342
    outer loop
      vertex 7.78172 -5.07108 -1.57461
      vertex 7.33337 -4.65516 -2.04135
      vertex 7.27127 -4.75564 -1.57461
    endloop
  endfacet
  facet normal -0.162439 -0.262868 0.951059
    outer loop
      vertex 7.33337 -4.65516 -2.04135
      vertex 7.87507 -4.92004 -2.02204
      vertex 7.73986 -3.99747 -1.79014
    endloop
  endfacet
  facet normal -0.162427 -0.262842 0.951069
    outer loop
      vertex 7.87507 -4.92004 -2.02204
      vertex 7.33337 -4.65516 -2.04135
      vertex 7.84382 -4.9706 -2.04135
    endloop
  endfacet
  facet normal -0.162441 -0.262868 0.951059
    outer loop
      vertex 8.2503 -4.3129 -1.79014
      vertex 7.73986 -3.99747 -1.79014
      vertex 7.87507 -4.92004 -2.02204
    endloop
  endfacet
  facet normal -0.508217 -0.822418 -0.255625
    outer loop
      vertex 7.73986 -3.99747 -1.79014
      vertex 8.2456 -4.3205 -1.75634
      vertex 7.67874 -4.09635 -1.3505
    endloop
  endfacet
  facet normal -0.508223 -0.822424 -0.255594
    outer loop
      vertex 8.2456 -4.3205 -1.75634
      vertex 7.73986 -3.99747 -1.79014
      vertex 8.2503 -4.3129 -1.79014
    endloop
  endfacet
  facet normal -0.508227 -0.822405 -0.255646
    outer loop
      vertex 8.18918 -4.41179 -1.3505
      vertex 7.67874 -4.09635 -1.3505
      vertex 8.2456 -4.3205 -1.75634
    endloop
  endfacet
  facet normal -4.29115e-06 -0.850675 0.525692
    outer loop
      vertex -0.856909 -6.76645 5.57249
      vertex -0.893398 -6.93709 5.29636
      vertex -0.0757456 -6.87526 5.39642
    endloop
  endfacet
  facet normal -9.5025e-06 -0.850662 0.525712
    outer loop
      vertex -0.222625 -7.11803 5.00358
      vertex -0.805063 -7.10177 5.02988
      vertex -0.596017 -7.2517 4.78728
    endloop
  endfacet
  facet normal 3.97542e-06 -0.850659 0.525719
    outer loop
      vertex -0.691457 -6.59864 5.84402
      vertex -0.856909 -6.76645 5.57249
      vertex -0.0757456 -6.87526 5.39642
    endloop
  endfacet
  facet normal -1.0465e-05 -0.850672 0.525697
    outer loop
      vertex -0.222625 -7.11803 5.00358
      vertex -0.893398 -6.93709 5.29636
      vertex -0.805063 -7.10177 5.02988
    endloop
  endfacet
  facet normal -3.66692e-06 -0.850667 0.525705
    outer loop
      vertex -0.222625 -7.11803 5.00358
      vertex -0.596017 -7.2517 4.78728
      vertex 0.0576544 -7.3247 4.66916
    endloop
  endfacet
  facet normal -6.92916e-06 -0.850672 0.525696
    outer loop
      vertex -0.331075 -6.41917 6.13444
      vertex -0.691457 -6.59864 5.84402
      vertex 0.132977 -6.7562 5.58907
    endloop
  endfacet
  facet normal -4.61656e-06 -0.850672 0.525698
    outer loop
      vertex 0.104166 -6.34808 6.24948
      vertex -0.331075 -6.41917 6.13444
      vertex 0.132977 -6.7562 5.58907
    endloop
  endfacet
  facet normal -2.57571e-06 -0.850663 0.525711
    outer loop
      vertex 0.601454 -7.91642 3.71168
      vertex -0.189059 -7.94987 3.65755
      vertex 0.564734 -8.07325 3.45791
    endloop
  endfacet
  facet normal -8.40798e-06 -0.85067 0.5257
    outer loop
      vertex -1.07578 -7.93821 3.67641
      vertex -1.23369 -8.25406 3.16531
      vertex -0.912385 -8.02159 3.54149
    endloop
  endfacet
  facet normal 1.34913e-05 -0.850661 0.525715
    outer loop
      vertex -1.01286 -7.63521 4.1667
      vertex -1.68607 -7.40513 4.53901
      vertex -1.12833 -7.7473 3.98533
    endloop
  endfacet
  facet normal -1.41515e-05 -0.850649 0.525735
    outer loop
      vertex -1.14852 -7.84753 3.82313
      vertex -1.6482 -8.05179 3.49262
      vertex -1.07578 -7.93821 3.67641
    endloop
  endfacet
  facet normal -1.12582e-05 -0.850669 0.525702
    outer loop
      vertex -0.912385 -8.02159 3.54149
      vertex -1.23369 -8.25406 3.16531
      vertex -0.747049 -8.39485 2.9375
    endloop
  endfacet
  facet normal -9.15956e-06 -0.850674 0.525693
    outer loop
      vertex 0.564734 -8.07325 3.45791
      vertex -0.189059 -7.94987 3.65755
      vertex 0.427447 -8.216 3.22691
    endloop
  endfacet
  facet normal -1.05515e-05 -0.850659 0.525718
    outer loop
      vertex 0.372678 -7.62532 4.18272
      vertex -0.272611 -7.55374 4.29853
      vertex -0.0452175 -7.73165 4.01066
    endloop
  endfacet
  facet normal 1.02601e-05 -0.850653 0.525727
    outer loop
      vertex 0.537448 -7.76171 3.96201
      vertex -0.0452175 -7.73165 4.01066
      vertex 0.601454 -7.91642 3.71168
    endloop
  endfacet
  facet normal 5.8617e-06 -0.850677 0.525689
    outer loop
      vertex 0.372678 -7.62532 4.18272
      vertex -0.0452175 -7.73165 4.01066
      vertex 0.537448 -7.76171 3.96201
    endloop
  endfacet
  facet normal -9.42405e-07 -0.850669 0.525701
    outer loop
      vertex 0.427447 -8.216 3.22691
      vertex -0.189059 -7.94987 3.65755
      vertex 0.106319 -8.37235 2.97391
    endloop
  endfacet
  facet normal -1.72654e-06 -0.850668 0.525704
    outer loop
      vertex 0.710678 -7.34199 4.64119
      vertex 0.503538 -7.39044 4.56279
      vertex 0.708148 -7.67479 4.10267
    endloop
  endfacet
  facet normal 1.82904e-06 -0.850661 0.525714
    outer loop
      vertex 1.58123 -7.46308 4.44525
      vertex 0.898242 -7.24008 4.80609
      vertex 1.3346 -7.59314 4.2348
    endloop
  endfacet
  facet normal -1.23844e-05 -0.850673 0.525695
    outer loop
      vertex 1.04286 -7.10194 5.02963
      vertex 0.898242 -7.24008 4.80609
      vertex 1.58123 -7.46308 4.44525
    endloop
  endfacet
  facet normal -6.63702e-06 -0.850668 0.525703
    outer loop
      vertex -0.52729 -8.08168 3.44426
      vertex -0.912385 -8.02159 3.54149
      vertex -0.747049 -8.39485 2.9375
    endloop
  endfacet
  facet normal -1.62179e-06 -0.850666 0.525706
    outer loop
      vertex -0.596017 -7.2517 4.78728
      vertex -0.602565 -7.25644 4.77961
      vertex -0.472203 -7.4987 4.3876
    endloop
  endfacet
  facet normal 7.5381e-06 -0.850669 0.525702
    outer loop
      vertex 0.595002 -6.38749 6.18571
      vertex 0.559181 -6.70715 5.66845
      vertex 1.12225 -6.53951 5.93971
    endloop
  endfacet
  facet normal -5.52685e-06 -0.850666 0.525706
    outer loop
      vertex 1.78289 -6.98837 5.21341
      vertex 1.04286 -7.10194 5.02963
      vertex 1.7923 -7.22817 4.82538
    endloop
  endfacet
  facet normal -1.19792e-05 -0.850663 0.525712
    outer loop
      vertex 1.55791 -6.75504 5.59096
      vertex 1.07225 -6.98019 5.22663
      vertex 1.78289 -6.98837 5.21341
    endloop
  endfacet
  facet normal 7.70573e-06 -0.850675 0.525693
    outer loop
      vertex 1.55791 -6.75504 5.59096
      vertex 0.988766 -6.87123 5.40295
      vertex 1.07225 -6.98019 5.22663
    endloop
  endfacet
  facet normal -1.61639e-06 -0.850662 0.525713
    outer loop
      vertex 1.12225 -6.53951 5.93971
      vertex 0.988766 -6.87123 5.40295
      vertex 1.55791 -6.75504 5.59096
    endloop
  endfacet
  facet normal 2.24491e-06 -0.850662 0.525712
    outer loop
      vertex 1.12225 -6.53951 5.93971
      vertex 0.794818 -6.77146 5.56439
      vertex 0.988766 -6.87123 5.40295
    endloop
  endfacet
  facet normal -0.000161156 -0.850678 0.525687
    outer loop
      vertex 0.379199 -7.6206 4.19036
      vertex 0.283596 -7.38486 4.57181
      vertex 0.372678 -7.62532 4.18272
    endloop
  endfacet
  facet normal -5.52501e-06 -0.85067 0.525701
    outer loop
      vertex -1.20059 -7.22634 4.82832
      vertex -1.47092 -7.29258 4.72113
      vertex -0.836046 -7.53552 4.32802
    endloop
  endfacet
  facet normal -2.25432e-06 -0.850665 0.525707
    outer loop
      vertex -0.0452175 -7.73165 4.01066
      vertex -0.189059 -7.94987 3.65755
      vertex 0.601454 -7.91642 3.71168
    endloop
  endfacet
  facet normal 2.12887e-05 -0.850664 0.52571
    outer loop
      vertex -0.657907 -7.49131 4.39955
      vertex -0.902131 -7.21232 4.851
      vertex -0.836046 -7.53552 4.32802
    endloop
  endfacet
  facet normal 1.15175e-05 -0.850662 0.525713
    outer loop
      vertex 0.106319 -8.37235 2.97391
      vertex -0.52729 -8.08168 3.44426
      vertex -0.29278 -8.43313 2.87557
    endloop
  endfacet
  facet normal -4.93813e-07 -0.850669 0.525701
    outer loop
      vertex -0.189059 -7.94987 3.65755
      vertex -0.52729 -8.08168 3.44426
      vertex 0.106319 -8.37235 2.97391
    endloop
  endfacet
  facet normal -1.44957e-05 -0.850667 0.525705
    outer loop
      vertex -0.52729 -8.08168 3.44426
      vertex -0.747049 -8.39485 2.9375
      vertex -0.29278 -8.43313 2.87557
    endloop
  endfacet
  facet normal 2.15136e-06 -0.850671 0.525698
    outer loop
      vertex -1.07578 -7.93821 3.67641
      vertex -1.6482 -8.05179 3.49262
      vertex -1.23369 -8.25406 3.16531
    endloop
  endfacet
  facet normal 6.63231e-06 -0.850687 0.525673
    outer loop
      vertex -1.12833 -7.7473 3.98533
      vertex -1.86368 -7.83763 3.83916
      vertex -1.14852 -7.84753 3.82313
    endloop
  endfacet
  facet normal 7.79313e-06 -0.850663 0.525711
    outer loop
      vertex -1.14852 -7.84753 3.82313
      vertex -1.86368 -7.83763 3.83916
      vertex -1.6482 -8.05179 3.49262
    endloop
  endfacet
  facet normal -3.31123e-06 -0.850668 0.525703
    outer loop
      vertex -1.68607 -7.40513 4.53901
      vertex -1.87726 -7.61946 4.19219
      vertex -1.12833 -7.7473 3.98533
    endloop
  endfacet
  facet normal -2.30564e-06 -0.850667 0.525706
    outer loop
      vertex -1.12833 -7.7473 3.98533
      vertex -1.87726 -7.61946 4.19219
      vertex -1.86368 -7.83763 3.83916
    endloop
  endfacet
  facet normal -9.62321e-06 -0.850673 0.525696
    outer loop
      vertex -0.836046 -7.53552 4.32802
      vertex -1.47092 -7.29258 4.72113
      vertex -1.01286 -7.63521 4.1667
    endloop
  endfacet
  facet normal 5.54319e-06 -0.850667 0.525705
    outer loop
      vertex -1.47092 -7.29258 4.72113
      vertex -1.68607 -7.40513 4.53901
      vertex -1.01286 -7.63521 4.1667
    endloop
  endfacet
  facet normal 1.08156e-05 -0.850664 0.525709
    outer loop
      vertex -0.902131 -7.21232 4.851
      vertex -1.20059 -7.22634 4.82832
      vertex -0.836046 -7.53552 4.32802
    endloop
  endfacet
  facet normal -6.33938e-06 -0.85067 0.525699
    outer loop
      vertex -0.602565 -7.25644 4.77961
      vertex -0.902131 -7.21232 4.851
      vertex -0.657907 -7.49131 4.39955
    endloop
  endfacet
  facet normal -2.32477e-05 -0.850669 0.525701
    outer loop
      vertex -0.602565 -7.25644 4.77961
      vertex -0.657907 -7.49131 4.39955
      vertex -0.472203 -7.4987 4.3876
    endloop
  endfacet
  facet normal 9.19531e-06 -0.850677 0.525689
    outer loop
      vertex 0.0576544 -7.3247 4.66916
      vertex -0.472203 -7.4987 4.3876
      vertex -0.272611 -7.55374 4.29853
    endloop
  endfacet
  facet normal 7.28116e-08 -0.850663 0.525712
    outer loop
      vertex 1.3346 -7.59314 4.2348
      vertex 0.710678 -7.34199 4.64119
      vertex 1.0351 -7.66468 4.11904
    endloop
  endfacet
  facet normal -1.16645e-05 -0.850655 0.525724
    outer loop
      vertex 1.07225 -6.98019 5.22663
      vertex 1.04286 -7.10194 5.02963
      vertex 1.78289 -6.98837 5.21341
    endloop
  endfacet
  facet normal -8.92802e-06 -0.850672 0.525697
    outer loop
      vertex 1.7923 -7.22817 4.82538
      vertex 1.04286 -7.10194 5.02963
      vertex 1.58123 -7.46308 4.44525
    endloop
  endfacet
  facet normal 2.70669e-06 -0.850661 0.525715
    outer loop
      vertex 0.898242 -7.24008 4.80609
      vertex 0.710678 -7.34199 4.64119
      vertex 1.3346 -7.59314 4.2348
    endloop
  endfacet
  facet normal -1.69081e-05 -0.850667 0.525704
    outer loop
      vertex 0.710678 -7.34199 4.64119
      vertex 0.708148 -7.67479 4.10267
      vertex 1.0351 -7.66468 4.11904
    endloop
  endfacet
  facet normal 4.77382e-06 -0.850666 0.525706
    outer loop
      vertex 0.503538 -7.39044 4.56279
      vertex 0.379199 -7.6206 4.19036
      vertex 0.708148 -7.67479 4.10267
    endloop
  endfacet
  facet normal -2.16798e-05 -0.850662 0.525713
    outer loop
      vertex 0.503538 -7.39044 4.56279
      vertex 0.283596 -7.38486 4.57181
      vertex 0.379199 -7.6206 4.19036
    endloop
  endfacet
  facet normal -4.16924e-07 -0.850673 0.525695
    outer loop
      vertex 0.0576544 -7.3247 4.66916
      vertex -0.272611 -7.55374 4.29853
      vertex 0.283596 -7.38486 4.57181
    endloop
  endfacet
  facet normal -1.19763e-05 -0.850663 0.525712
    outer loop
      vertex 0.283596 -7.38486 4.57181
      vertex -0.272611 -7.55374 4.29853
      vertex 0.372678 -7.62532 4.18272
    endloop
  endfacet
  facet normal -3.4491e-06 -0.850666 0.525706
    outer loop
      vertex 0.0576544 -7.3247 4.66916
      vertex -0.596017 -7.2517 4.78728
      vertex -0.472203 -7.4987 4.3876
    endloop
  endfacet
  facet normal -6.29724e-06 -0.850668 0.525704
    outer loop
      vertex -0.0757456 -6.87526 5.39642
      vertex -0.893398 -6.93709 5.29636
      vertex -0.222625 -7.11803 5.00358
    endloop
  endfacet
  facet normal 1.65686e-06 -0.85066 0.525716
    outer loop
      vertex 0.132977 -6.7562 5.58907
      vertex -0.691457 -6.59864 5.84402
      vertex -0.0757456 -6.87526 5.39642
    endloop
  endfacet
  facet normal -2.68753e-05 -0.850672 0.525697
    outer loop
      vertex 0.341604 -6.70112 5.67821
      vertex 0.104166 -6.34808 6.24948
      vertex 0.132977 -6.7562 5.58907
    endloop
  endfacet
  facet normal -1.25038e-06 -0.850667 0.525705
    outer loop
      vertex 0.595002 -6.38749 6.18571
      vertex 0.104166 -6.34808 6.24948
      vertex 0.341604 -6.70112 5.67821
    endloop
  endfacet
  facet normal -7.79061e-07 -0.850661 0.525714
    outer loop
      vertex 1.12225 -6.53951 5.93971
      vertex 0.559181 -6.70715 5.66845
      vertex 0.794818 -6.77146 5.56439
    endloop
  endfacet
  facet normal 6.05675e-06 -0.850669 0.525702
    outer loop
      vertex 0.595002 -6.38749 6.18571
      vertex 0.341604 -6.70112 5.67821
      vertex 0.559181 -6.70715 5.66845
    endloop
  endfacet
  facet normal -0.150843 -0.519672 -0.840945
    outer loop
      vertex 0.557246 -6.89488 6.50603
      vertex 0.595002 -6.38749 6.18571
      vertex 0.595002 -6.89791 6.50113
    endloop
  endfacet
  facet normal -0.150979 -0.519653 -0.840932
    outer loop
      vertex 0.595002 -6.38749 6.18571
      vertex 0.557246 -6.89488 6.50603
      vertex 0.104166 -6.34808 6.24948
    endloop
  endfacet
  facet normal -0.15099 -0.51966 -0.840926
    outer loop
      vertex 0.557246 -6.89488 6.50603
      vertex 0.104166 -6.8585 6.5649
      vertex 0.104166 -6.34808 6.24948
    endloop
  endfacet
  facet normal 0.296716 -0.502013 -0.812369
    outer loop
      vertex -0.331075 -6.41917 6.13444
      vertex 0.104166 -6.8585 6.5649
      vertex -0.331075 -6.92959 6.44986
    endloop
  endfacet
  facet normal 0.296716 -0.502013 -0.812369
    outer loop
      vertex 0.104166 -6.8585 6.5649
      vertex -0.331075 -6.41917 6.13444
      vertex 0.104166 -6.34808 6.24948
    endloop
  endfacet
  facet normal 0.68781 -0.381591 -0.6175
    outer loop
      vertex -0.358793 -6.9434 6.42752
      vertex -0.331075 -6.41917 6.13444
      vertex -0.331075 -6.92959 6.44986
    endloop
  endfacet
  facet normal 0.687728 -0.381626 -0.617569
    outer loop
      vertex -0.331075 -6.41917 6.13444
      vertex -0.358793 -6.9434 6.42752
      vertex -0.691457 -6.59864 5.84402
    endloop
  endfacet
  facet normal 0.687724 -0.381632 -0.61757
    outer loop
      vertex -0.358793 -6.9434 6.42752
      vertex -0.691457 -7.10908 6.15945
      vertex -0.691457 -6.59864 5.84402
    endloop
  endfacet
  facet normal 0.887822 -0.241913 -0.391472
    outer loop
      vertex -0.691457 -7.10908 6.15945
      vertex -0.856909 -6.76645 5.57249
      vertex -0.691457 -6.59864 5.84402
    endloop
  endfacet
  facet normal 0.887822 -0.241913 -0.391472
    outer loop
      vertex -0.856909 -6.76645 5.57249
      vertex -0.691457 -7.10908 6.15945
      vertex -0.856909 -7.27689 5.88792
    endloop
  endfacet
  facet normal 0.993743 -0.0587139 -0.0950129
    outer loop
      vertex -0.859714 -7.29001 5.86669
      vertex -0.856909 -6.76645 5.57249
      vertex -0.856909 -7.27689 5.88792
    endloop
  endfacet
  facet normal 0.993741 -0.0587226 -0.0950284
    outer loop
      vertex -0.856909 -6.76645 5.57249
      vertex -0.859714 -7.29001 5.86669
      vertex -0.893398 -6.93709 5.29636
    endloop
  endfacet
  facet normal 0.993741 -0.0587252 -0.09503
    outer loop
      vertex -0.859714 -7.29001 5.86669
      vertex -0.893398 -7.44754 5.6118
      vertex -0.893398 -6.93709 5.29636
    endloop
  endfacet
  facet normal 0.962466 0.142673 0.230876
    outer loop
      vertex -0.893398 -7.44754 5.6118
      vertex -0.805063 -7.10177 5.02988
      vertex -0.893398 -6.93709 5.29636
    endloop
  endfacet
  facet normal 0.962467 0.142669 0.230874
    outer loop
      vertex -0.805063 -7.10177 5.02988
      vertex -0.893398 -7.44754 5.6118
      vertex -0.805063 -7.61223 5.34532
    endloop
  endfacet
  facet normal 0.806461 0.310828 0.502997
    outer loop
      vertex -0.788997 -7.62375 5.32668
      vertex -0.805063 -7.10177 5.02988
      vertex -0.805063 -7.61223 5.34532
    endloop
  endfacet
  facet normal 0.806532 0.310782 0.502913
    outer loop
      vertex -0.805063 -7.10177 5.02988
      vertex -0.788997 -7.62375 5.32668
      vertex -0.596017 -7.2517 4.78728
    endloop
  endfacet
  facet normal 0.806537 0.310774 0.502909
    outer loop
      vertex -0.596017 -7.2517 4.78728
      vertex -0.788997 -7.62375 5.32668
      vertex -0.596017 -7.76216 5.10272
    endloop
  endfacet
  facet normal 0.80722 -0.310283 -0.502115
    outer loop
      vertex -0.59652 -7.76253 5.10214
      vertex -0.596017 -7.2517 4.78728
      vertex -0.596017 -7.76216 5.10272
    endloop
  endfacet
  facet normal 0.809138 -0.308904 -0.499874
    outer loop
      vertex -0.596017 -7.2517 4.78728
      vertex -0.59652 -7.76253 5.10214
      vertex -0.602565 -7.25644 4.77961
    endloop
  endfacet
  facet normal 0.809011 -0.308999 -0.500021
    outer loop
      vertex -0.59652 -7.76253 5.10214
      vertex -0.602565 -7.7669 5.09506
      vertex -0.602565 -7.25644 4.77961
    endloop
  endfacet
  facet normal -0.269549 -0.506235 -0.819188
    outer loop
      vertex -0.625586 -7.76351 5.10054
      vertex -0.602565 -7.25644 4.77961
      vertex -0.602565 -7.7669 5.09506
    endloop
  endfacet
  facet normal -0.269763 -0.506196 -0.819142
    outer loop
      vertex -0.602565 -7.25644 4.77961
      vertex -0.625586 -7.76351 5.10054
      vertex -0.902131 -7.21232 4.851
    endloop
  endfacet
  facet normal -0.269781 -0.506201 -0.819133
    outer loop
      vertex -0.625586 -7.76351 5.10054
      vertex -0.902131 -7.72278 5.16645
      vertex -0.902131 -7.21232 4.851
    endloop
  endfacet
  facet normal 0.0889347 -0.52361 -0.847304
    outer loop
      vertex -0.925067 -7.72386 5.16471
      vertex -0.902131 -7.21232 4.851
      vertex -0.902131 -7.72278 5.16645
    endloop
  endfacet
  facet normal 0.0889829 -0.523609 -0.847299
    outer loop
      vertex -0.902131 -7.21232 4.851
      vertex -0.925067 -7.72386 5.16471
      vertex -1.20059 -7.22634 4.82832
    endloop
  endfacet
  facet normal 0.0890174 -0.523594 -0.847305
    outer loop
      vertex -0.925067 -7.72386 5.16471
      vertex -1.20059 -7.7368 5.14376
      vertex -1.20059 -7.22634 4.82832
    endloop
  endfacet
  facet normal 0.422318 -0.476502 -0.771099
    outer loop
      vertex -1.22136 -7.74189 5.13553
      vertex -1.20059 -7.22634 4.82832
      vertex -1.20059 -7.7368 5.14376
    endloop
  endfacet
  facet normal 0.422477 -0.476469 -0.771032
    outer loop
      vertex -1.20059 -7.22634 4.82832
      vertex -1.22136 -7.74189 5.13553
      vertex -1.47092 -7.29258 4.72113
    endloop
  endfacet
  facet normal 0.422465 -0.476477 -0.771034
    outer loop
      vertex -1.22136 -7.74189 5.13553
      vertex -1.47092 -7.80304 5.03658
      vertex -1.47092 -7.29258 4.72113
    endloop
  endfacet
  facet normal 0.705533 -0.372546 -0.602853
    outer loop
      vertex -1.48745 -7.81169 5.02258
      vertex -1.47092 -7.29258 4.72113
      vertex -1.47092 -7.80304 5.03658
    endloop
  endfacet
  facet normal 0.705361 -0.372628 -0.603004
    outer loop
      vertex -1.47092 -7.29258 4.72113
      vertex -1.48745 -7.81169 5.02258
      vertex -1.68607 -7.40513 4.53901
    endloop
  endfacet
  facet normal 0.705356 -0.372634 -0.603006
    outer loop
      vertex -1.48745 -7.81169 5.02258
      vertex -1.68607 -7.9156 4.85446
      vertex -1.68607 -7.40513 4.53901
    endloop
  endfacet
  facet normal 0.905407 -0.223177 -0.361152
    outer loop
      vertex -1.70076 -7.93207 4.82781
      vertex -1.68607 -7.40513 4.53901
      vertex -1.68607 -7.9156 4.85446
    endloop
  endfacet
  facet normal 0.905391 -0.223193 -0.361181
    outer loop
      vertex -1.68607 -7.40513 4.53901
      vertex -1.70076 -7.93207 4.82781
      vertex -1.87726 -7.61946 4.19219
    endloop
  endfacet
  facet normal 0.905388 -0.2232 -0.361184
    outer loop
      vertex -1.70076 -7.93207 4.82781
      vertex -1.87726 -8.12994 4.50765
      vertex -1.87726 -7.61946 4.19219
    endloop
  endfacet
  facet normal 0.999468 0.0171396 0.0277355
    outer loop
      vertex -1.87622 -8.1467 4.48053
      vertex -1.87726 -7.61946 4.19219
      vertex -1.87726 -8.12994 4.50765
    endloop
  endfacet
  facet normal 0.999465 0.0171882 0.0278242
    outer loop
      vertex -1.87726 -7.61946 4.19219
      vertex -1.87622 -8.1467 4.48053
      vertex -1.86368 -7.83763 3.83916
    endloop
  endfacet
  facet normal 0.999465 0.0171967 0.0278283
    outer loop
      vertex -1.86368 -7.83763 3.83916
      vertex -1.87622 -8.1467 4.48053
      vertex -1.86368 -8.34812 4.15462
    endloop
  endfacet
  facet normal 0.883898 0.245852 0.397847
    outer loop
      vertex -1.84713 -8.36456 4.12801
      vertex -1.86368 -7.83763 3.83916
      vertex -1.86368 -8.34812 4.15462
    endloop
  endfacet
  facet normal 0.883958 0.245798 0.397746
    outer loop
      vertex -1.86368 -7.83763 3.83916
      vertex -1.84713 -8.36456 4.12801
      vertex -1.6482 -8.05179 3.49262
    endloop
  endfacet
  facet normal 0.883961 0.245791 0.397744
    outer loop
      vertex -1.6482 -8.05179 3.49262
      vertex -1.84713 -8.36456 4.12801
      vertex -1.6482 -8.56229 3.80809
    endloop
  endfacet
  facet normal 0.680266 0.385311 0.623517
    outer loop
      vertex -1.61637 -8.57782 3.78296
      vertex -1.6482 -8.05179 3.49262
      vertex -1.6482 -8.56229 3.80809
    endloop
  endfacet
  facet normal 0.680322 0.385288 0.62347
    outer loop
      vertex -1.6482 -8.05179 3.49262
      vertex -1.61637 -8.57782 3.78296
      vertex -1.23369 -8.25406 3.16531
    endloop
  endfacet
  facet normal 0.680332 0.385273 0.623469
    outer loop
      vertex -1.23369 -8.25406 3.16531
      vertex -1.61637 -8.57782 3.78296
      vertex -1.23369 -8.76457 3.48078
    endloop
  endfacet
  facet normal 0.482129 0.460557 0.745278
    outer loop
      vertex -1.23369 -8.25406 3.16531
      vertex -1.19633 -8.77538 3.4633
      vertex -0.747049 -8.39485 2.9375
    endloop
  endfacet
  facet normal 0.482 0.460585 0.745343
    outer loop
      vertex -1.19633 -8.77538 3.4633
      vertex -1.23369 -8.25406 3.16531
      vertex -1.23369 -8.76457 3.48078
    endloop
  endfacet
  facet normal 0.482139 0.460545 0.745278
    outer loop
      vertex -0.747049 -8.39485 2.9375
      vertex -1.19633 -8.77538 3.4633
      vertex -0.747049 -8.90536 3.25297
    endloop
  endfacet
  facet normal 0.158251 0.519058 0.839961
    outer loop
      vertex -0.747049 -8.39485 2.9375
      vertex -0.712182 -8.9083 3.24822
      vertex -0.29278 -8.43313 2.87557
    endloop
  endfacet
  facet normal 0.158198 0.51906 0.83997
    outer loop
      vertex -0.712182 -8.9083 3.24822
      vertex -0.747049 -8.39485 2.9375
      vertex -0.747049 -8.90536 3.25297
    endloop
  endfacet
  facet normal 0.158235 0.519069 0.839958
    outer loop
      vertex -0.29278 -8.43313 2.87557
      vertex -0.712182 -8.9083 3.24822
      vertex -0.29278 -8.94364 3.19105
    endloop
  endfacet
  facet normal -0.278232 0.504928 0.817089
    outer loop
      vertex -0.29278 -8.43313 2.87557
      vertex -0.262147 -8.93897 3.19859
      vertex 0.106319 -8.37235 2.97391
    endloop
  endfacet
  facet normal -0.278105 0.504954 0.817116
    outer loop
      vertex -0.262147 -8.93897 3.19859
      vertex -0.29278 -8.43313 2.87557
      vertex -0.29278 -8.94364 3.19105
    endloop
  endfacet
  facet normal -0.278222 0.504924 0.817095
    outer loop
      vertex 0.106319 -8.37235 2.97391
      vertex -0.262147 -8.93897 3.19859
      vertex 0.106319 -8.88286 3.28938
    endloop
  endfacet
  facet normal -0.679497 0.385678 0.624129
    outer loop
      vertex 0.106319 -8.37235 2.97391
      vertex 0.13097 -8.87086 3.3088
      vertex 0.427447 -8.216 3.22691
    endloop
  endfacet
  facet normal -0.679463 0.385697 0.624154
    outer loop
      vertex 0.13097 -8.87086 3.3088
      vertex 0.106319 -8.37235 2.97391
      vertex 0.106319 -8.88286 3.28938
    endloop
  endfacet
  facet normal -0.679506 0.385681 0.624117
    outer loop
      vertex 0.427447 -8.216 3.22691
      vertex 0.13097 -8.87086 3.3088
      vertex 0.427447 -8.7265 3.54238
    endloop
  endfacet
  facet normal -0.89243 0.237185 0.383813
    outer loop
      vertex 0.427447 -8.216 3.22691
      vertex 0.437988 -8.71554 3.56012
      vertex 0.564734 -8.07325 3.45791
    endloop
  endfacet
  facet normal -0.892455 0.237157 0.383772
    outer loop
      vertex 0.437988 -8.71554 3.56012
      vertex 0.427447 -8.216 3.22691
      vertex 0.427447 -8.7265 3.54238
    endloop
  endfacet
  facet normal -0.892431 0.237185 0.383809
    outer loop
      vertex 0.564734 -8.07325 3.45791
      vertex 0.437988 -8.71554 3.56012
      vertex 0.564734 -8.58374 3.77338
    endloop
  endfacet
  facet normal -0.99251 0.0642212 0.103925
    outer loop
      vertex 0.564734 -8.07325 3.45791
      vertex 0.601454 -8.42691 4.02714
      vertex 0.601454 -7.91642 3.71168
    endloop
  endfacet
  facet normal -0.992509 0.0642245 0.103927
    outer loop
      vertex 0.601454 -8.42691 4.02714
      vertex 0.564734 -8.07325 3.45791
      vertex 0.564734 -8.58374 3.77338
    endloop
  endfacet
  facet normal -0.977154 -0.111726 -0.180796
    outer loop
      vertex 0.601454 -7.91642 3.71168
      vertex 0.537448 -8.27219 4.27747
      vertex 0.537448 -7.76171 3.96201
    endloop
  endfacet
  facet normal -0.977155 -0.111722 -0.180794
    outer loop
      vertex 0.537448 -8.27219 4.27747
      vertex 0.601454 -7.91642 3.71168
      vertex 0.601454 -8.42691 4.02714
    endloop
  endfacet
  facet normal -0.844156 -0.281816 -0.456049
    outer loop
      vertex 0.537448 -7.76171 3.96201
      vertex 0.524791 -8.26172 4.29442
      vertex 0.372678 -7.62532 4.18272
    endloop
  endfacet
  facet normal -0.844069 -0.281893 -0.456162
    outer loop
      vertex 0.524791 -8.26172 4.29442
      vertex 0.537448 -7.76171 3.96201
      vertex 0.537448 -8.27219 4.27747
    endloop
  endfacet
  facet normal -0.844168 -0.281815 -0.456027
    outer loop
      vertex 0.524791 -8.26172 4.29442
      vertex 0.372678 -8.13579 4.49818
      vertex 0.372678 -7.62532 4.18272
    endloop
  endfacet
  facet normal -0.809174 0.308878 0.499832
    outer loop
      vertex 0.372678 -7.62532 4.18272
      vertex 0.373179 -8.13543 4.49876
      vertex 0.379199 -7.6206 4.19036
    endloop
  endfacet
  facet normal -0.806181 0.311039 0.503315
    outer loop
      vertex 0.373179 -8.13543 4.49876
      vertex 0.372678 -7.62532 4.18272
      vertex 0.372678 -8.13579 4.49818
    endloop
  endfacet
  facet normal -0.809134 0.308906 0.49988
    outer loop
      vertex 0.379199 -7.6206 4.19036
      vertex 0.373179 -8.13543 4.49876
      vertex 0.379199 -8.13107 4.50581
    endloop
  endfacet
  facet normal 0.299032 0.501632 0.811755
    outer loop
      vertex 0.379199 -8.13107 4.50581
      vertex 0.708148 -7.67479 4.10267
      vertex 0.379199 -7.6206 4.19036
    endloop
  endfacet
  facet normal 0.299046 0.501622 0.811755
    outer loop
      vertex 0.708148 -7.67479 4.10267
      vertex 0.379199 -8.13107 4.50581
      vertex 0.708148 -8.18527 4.41812
    endloop
  endfacet
  facet normal -0.0587458 0.524778 0.84921
    outer loop
      vertex 0.708148 -7.67479 4.10267
      vertex 1.0351 -8.17515 4.43449
      vertex 1.0351 -7.66468 4.11904
    endloop
  endfacet
  facet normal -0.0587618 0.52477 0.849214
    outer loop
      vertex 1.0351 -8.17515 4.43449
      vertex 0.708148 -7.67479 4.10267
      vertex 0.708148 -8.18527 4.41812
    endloop
  endfacet
  facet normal -0.413666 0.478591 0.774488
    outer loop
      vertex 1.0351 -7.66468 4.11904
      vertex 1.05811 -8.16966 4.44338
      vertex 1.3346 -7.59314 4.2348
    endloop
  endfacet
  facet normal -0.413457 0.478649 0.774563
    outer loop
      vertex 1.05811 -8.16966 4.44338
      vertex 1.0351 -7.66468 4.11904
      vertex 1.0351 -8.17515 4.43449
    endloop
  endfacet
  facet normal -0.413684 0.478595 0.774476
    outer loop
      vertex 1.3346 -7.59314 4.2348
      vertex 1.05811 -8.16966 4.44338
      vertex 1.3346 -8.10361 4.55025
    endloop
  endfacet
  facet normal -0.708202 0.371139 0.600587
    outer loop
      vertex 1.3346 -7.59314 4.2348
      vertex 1.58123 -7.97355 4.7607
      vertex 1.58123 -7.46308 4.44525
    endloop
  endfacet
  facet normal -0.708202 0.371139 0.600587
    outer loop
      vertex 1.58123 -7.97355 4.7607
      vertex 1.3346 -7.59314 4.2348
      vertex 1.3346 -8.10361 4.55025
    endloop
  endfacet
  facet normal -0.904206 0.22452 0.36332
    outer loop
      vertex 1.58123 -7.46308 4.44525
      vertex 1.59745 -7.95549 4.78991
      vertex 1.7923 -7.22817 4.82538
    endloop
  endfacet
  facet normal -0.90422 0.224503 0.363297
    outer loop
      vertex 1.59745 -7.95549 4.78991
      vertex 1.58123 -7.46308 4.44525
      vertex 1.58123 -7.97355 4.7607
    endloop
  endfacet
  facet normal -0.904206 0.22452 0.363321
    outer loop
      vertex 1.7923 -7.22817 4.82538
      vertex 1.59745 -7.95549 4.78991
      vertex 1.7923 -7.73862 5.14082
    endloop
  endfacet
  facet normal -0.999787 -0.0108467 -0.0175423
    outer loop
      vertex 1.7923 -7.22817 4.82538
      vertex 1.79158 -7.72019 5.17064
      vertex 1.78289 -6.98837 5.21341
    endloop
  endfacet
  facet normal -0.999789 -0.0107947 -0.0174682
    outer loop
      vertex 1.79158 -7.72019 5.17064
      vertex 1.7923 -7.22817 4.82538
      vertex 1.7923 -7.73862 5.14082
    endloop
  endfacet
  facet normal -0.999787 -0.0108462 -0.0175517
    outer loop
      vertex 1.79158 -7.72019 5.17064
      vertex 1.78289 -7.49881 5.52884
      vertex 1.78289 -6.98837 5.21341
    endloop
  endfacet
  facet normal -0.891951 -0.237677 -0.384622
    outer loop
      vertex 1.78289 -6.98837 5.21341
      vertex 1.76559 -7.48087 5.55787
      vertex 1.55791 -6.75504 5.59096
    endloop
  endfacet
  facet normal -0.891936 -0.237694 -0.384645
    outer loop
      vertex 1.76559 -7.48087 5.55787
      vertex 1.78289 -6.98837 5.21341
      vertex 1.78289 -7.49881 5.52884
    endloop
  endfacet
  facet normal -0.891948 -0.237676 -0.384628
    outer loop
      vertex 1.76559 -7.48087 5.55787
      vertex 1.55791 -7.26548 5.90638
      vertex 1.55791 -6.75504 5.59096
    endloop
  endfacet
  facet normal -0.685314 -0.382826 -0.619508
    outer loop
      vertex 1.55791 -6.75504 5.59096
      vertex 1.52441 -7.2489 5.9332
      vertex 1.12225 -6.53951 5.93971
    endloop
  endfacet
  facet normal -0.685384 -0.382785 -0.619455
    outer loop
      vertex 1.52441 -7.2489 5.9332
      vertex 1.55791 -6.75504 5.59096
      vertex 1.55791 -7.26548 5.90638
    endloop
  endfacet
  facet normal -0.685313 -0.382825 -0.619509
    outer loop
      vertex 1.52441 -7.2489 5.9332
      vertex 1.12225 -7.04994 6.25513
      vertex 1.12225 -6.53951 5.93971
    endloop
  endfacet
  facet normal -0.480883 -0.460908 -0.745866
    outer loop
      vertex 1.0817 -7.03825 6.27405
      vertex 1.12225 -6.53951 5.93971
      vertex 1.12225 -7.04994 6.25513
    endloop
  endfacet
  facet normal -0.480891 -0.460905 -0.745862
    outer loop
      vertex 1.12225 -6.53951 5.93971
      vertex 1.0817 -7.03825 6.27405
      vertex 0.595002 -6.38749 6.18571
    endloop
  endfacet
  facet normal -0.480899 -0.460909 -0.745854
    outer loop
      vertex 1.0817 -7.03825 6.27405
      vertex 0.595002 -6.89791 6.50113
      vertex 0.595002 -6.38749 6.18571
    endloop
  endfacet
  facet normal 0.944878 -0.172122 -0.278531
    outer loop
      vertex -0.178013 -8.4436 4.00013
      vertex -0.189059 -7.94987 3.65755
      vertex -0.0452175 -7.73165 4.01066
    endloop
  endfacet
  facet normal 0.944865 -0.172145 -0.278563
    outer loop
      vertex -0.189059 -7.94987 3.65755
      vertex -0.178013 -8.4436 4.00013
      vertex -0.189059 -8.46036 3.97302
    endloop
  endfacet
  facet normal 0.944878 -0.172123 -0.27853
    outer loop
      vertex -0.0452175 -8.24213 4.32612
      vertex -0.178013 -8.4436 4.00013
      vertex -0.0452175 -7.73165 4.01066
    endloop
  endfacet
  facet normal 0.595541 -0.422288 -0.683377
    outer loop
      vertex -0.52729 -8.08168 3.44426
      vertex -0.189059 -8.46036 3.97302
      vertex -0.52729 -8.59218 3.75972
    endloop
  endfacet
  facet normal 0.59552 -0.422312 -0.683381
    outer loop
      vertex -0.189059 -8.46036 3.97302
      vertex -0.52729 -8.08168 3.44426
      vertex -0.189059 -7.94987 3.65755
    endloop
  endfacet
  facet normal -0.284589 -0.50395 -0.815502
    outer loop
      vertex -0.912385 -8.02159 3.54149
      vertex -0.882816 -8.5367 3.84949
      vertex -0.912385 -8.53209 3.85696
    endloop
  endfacet
  facet normal -0.284541 -0.503955 -0.815516
    outer loop
      vertex -0.882816 -8.5367 3.84949
      vertex -0.912385 -8.02159 3.54149
      vertex -0.52729 -8.08168 3.44426
    endloop
  endfacet
  facet normal -0.284558 -0.503943 -0.815517
    outer loop
      vertex -0.52729 -8.59218 3.75972
      vertex -0.882816 -8.5367 3.84949
      vertex -0.52729 -8.08168 3.44426
    endloop
  endfacet
  facet normal -0.696512 -0.377201 -0.610403
    outer loop
      vertex -1.06323 -8.45511 3.98151
      vertex -1.07578 -7.93821 3.67641
      vertex -0.912385 -8.02159 3.54149
    endloop
  endfacet
  facet normal -0.696528 -0.377193 -0.610388
    outer loop
      vertex -1.07578 -7.93821 3.67641
      vertex -1.06323 -8.45511 3.98151
      vertex -1.07578 -8.4487 3.99187
    endloop
  endfacet
  facet normal -0.696502 -0.377209 -0.610408
    outer loop
      vertex -0.912385 -8.53209 3.85696
      vertex -1.06323 -8.45511 3.98151
      vertex -0.912385 -8.02159 3.54149
    endloop
  endfacet
  facet normal -0.921413 -0.20428 -0.330558
    outer loop
      vertex -1.14293 -8.36499 4.12733
      vertex -1.14852 -7.84753 3.82313
      vertex -1.07578 -7.93821 3.67641
    endloop
  endfacet
  facet normal -0.921373 -0.204327 -0.33064
    outer loop
      vertex -1.14852 -7.84753 3.82313
      vertex -1.14293 -8.36499 4.12733
      vertex -1.14852 -8.35802 4.1386
    endloop
  endfacet
  facet normal -0.921423 -0.204259 -0.330541
    outer loop
      vertex -1.07578 -8.4487 3.99187
      vertex -1.14293 -8.36499 4.12733
      vertex -1.07578 -7.93821 3.67641
    endloop
  endfacet
  facet normal -0.99444 0.0553544 0.0895781
    outer loop
      vertex -1.12988 -8.26548 4.28833
      vertex -1.12833 -7.7473 3.98533
      vertex -1.14852 -7.84753 3.82313
    endloop
  endfacet
  facet normal -0.994447 0.0553207 0.0895204
    outer loop
      vertex -1.12833 -7.7473 3.98533
      vertex -1.12988 -8.26548 4.28833
      vertex -1.12833 -8.25778 4.30079
    endloop
  endfacet
  facet normal -0.99444 0.0553603 0.0895834
    outer loop
      vertex -1.14852 -7.84753 3.82313
      vertex -1.14852 -8.35802 4.1386
      vertex -1.12988 -8.26548 4.28833
    endloop
  endfacet
  facet normal -0.879326 0.25034 0.405112
    outer loop
      vertex -1.02173 -8.1543 4.46822
      vertex -1.01286 -7.63521 4.1667
      vertex -1.12833 -7.7473 3.98533
    endloop
  endfacet
  facet normal -0.879404 0.250268 0.404986
    outer loop
      vertex -1.01286 -7.63521 4.1667
      vertex -1.02173 -8.1543 4.46822
      vertex -1.01286 -8.14569 4.48216
    endloop
  endfacet
  facet normal -0.879319 0.250351 0.40512
    outer loop
      vertex -1.12833 -7.7473 3.98533
      vertex -1.12833 -8.25778 4.30079
      vertex -1.02173 -8.1543 4.46822
    endloop
  endfacet
  facet normal -0.731403 0.358499 0.580111
    outer loop
      vertex -0.849629 -8.05365 4.63109
      vertex -0.836046 -7.53552 4.32802
      vertex -1.01286 -7.63521 4.1667
    endloop
  endfacet
  facet normal -0.73137 0.358516 0.580142
    outer loop
      vertex -0.836046 -7.53552 4.32802
      vertex -0.849629 -8.05365 4.63109
      vertex -0.836046 -8.04599 4.64348
    endloop
  endfacet
  facet normal -0.731416 0.358485 0.580103
    outer loop
      vertex -1.01286 -7.63521 4.1667
      vertex -1.01286 -8.14569 4.48216
      vertex -0.849629 -8.05365 4.63109
    endloop
  endfacet
  facet normal -0.426875 0.475376 0.769282
    outer loop
      vertex -0.836046 -7.53552 4.32802
      vertex -0.657907 -8.00179 4.715
      vertex -0.657907 -7.49131 4.39955
    endloop
  endfacet
  facet normal -0.426818 0.475408 0.769294
    outer loop
      vertex -0.657907 -8.00179 4.715
      vertex -0.836046 -7.53552 4.32802
      vertex -0.836046 -8.04599 4.64348
    endloop
  endfacet
  facet normal 0.0750495 0.524215 0.848272
    outer loop
      vertex -0.472203 -7.4987 4.3876
      vertex -0.48647 -8.0086 4.70397
      vertex -0.472203 -8.00917 4.70306
    endloop
  endfacet
  facet normal 0.0754447 0.524191 0.848252
    outer loop
      vertex -0.48647 -8.0086 4.70397
      vertex -0.472203 -7.4987 4.3876
      vertex -0.657907 -7.49131 4.39955
    endloop
  endfacet
  facet normal 0.075398 0.524182 0.848262
    outer loop
      vertex -0.657907 -7.49131 4.39955
      vertex -0.657907 -8.00179 4.715
      vertex -0.48647 -8.0086 4.70397
    endloop
  endfacet
  facet normal 0.464548 0.46553 0.75331
    outer loop
      vertex -0.472203 -8.00917 4.70306
      vertex -0.272611 -7.55374 4.29853
      vertex -0.472203 -7.4987 4.3876
    endloop
  endfacet
  facet normal 0.464567 0.465519 0.753306
    outer loop
      vertex -0.272611 -7.55374 4.29853
      vertex -0.472203 -8.00917 4.70306
      vertex -0.272611 -8.06422 4.61399
    endloop
  endfacet
  facet normal 0.830022 0.293194 0.474448
    outer loop
      vertex -0.272611 -8.06422 4.61399
      vertex -0.0452175 -7.73165 4.01066
      vertex -0.272611 -7.55374 4.29853
    endloop
  endfacet
  facet normal 0.830022 0.293194 0.474448
    outer loop
      vertex -0.0452175 -7.73165 4.01066
      vertex -0.272611 -8.06422 4.61399
      vertex -0.0452175 -8.24213 4.32612
    endloop
  endfacet
  facet normal 0.927585 0.196412 0.317817
    outer loop
      vertex 1.06584 -7.48226 5.55562
      vertex 1.07225 -6.98019 5.22663
      vertex 0.988766 -6.87123 5.40295
    endloop
  endfacet
  facet normal 0.927727 0.196218 0.317522
    outer loop
      vertex 1.07225 -6.98019 5.22663
      vertex 1.06584 -7.48226 5.55562
      vertex 1.07225 -7.49064 5.54207
    endloop
  endfacet
  facet normal 0.927571 0.19642 0.317853
    outer loop
      vertex 0.988766 -6.87123 5.40295
      vertex 0.988766 -7.38167 5.71838
      vertex 1.06584 -7.48226 5.55562
    endloop
  endfacet
  facet normal 0.992043 -0.0661815 -0.107099
    outer loop
      vertex 1.04512 -7.60303 5.36021
      vertex 1.04286 -7.10194 5.02963
      vertex 1.07225 -6.98019 5.22663
    endloop
  endfacet
  facet normal 0.992036 -0.0662143 -0.107149
    outer loop
      vertex 1.04286 -7.10194 5.02963
      vertex 1.04512 -7.60303 5.36021
      vertex 1.04286 -7.61239 5.34507
    endloop
  endfacet
  facet normal 0.992044 -0.0661804 -0.107094
    outer loop
      vertex 1.07225 -7.49064 5.54207
      vertex 1.04512 -7.60303 5.36021
      vertex 1.07225 -6.98019 5.22663
    endloop
  endfacet
  facet normal 0.87609 -0.25346 -0.410152
    outer loop
      vertex 1.04286 -7.61239 5.34507
      vertex 0.898242 -7.24008 4.80609
      vertex 1.04286 -7.10194 5.02963
    endloop
  endfacet
  facet normal 0.876087 -0.253464 -0.410155
    outer loop
      vertex 0.898242 -7.24008 4.80609
      vertex 1.04286 -7.61239 5.34507
      vertex 0.898242 -7.75054 5.12154
    endloop
  endfacet
  facet normal 0.718662 -0.365546 -0.591524
    outer loop
      vertex 0.898242 -7.75054 5.12154
      vertex 0.710678 -7.34199 4.64119
      vertex 0.898242 -7.24008 4.80609
    endloop
  endfacet
  facet normal 0.718662 -0.365546 -0.591524
    outer loop
      vertex 0.710678 -7.34199 4.64119
      vertex 0.898242 -7.75054 5.12154
      vertex 0.710678 -7.85245 4.95664
    endloop
  endfacet
  facet normal 0.406914 -0.480185 -0.777074
    outer loop
      vertex 0.503538 -7.39044 4.56279
      vertex 0.519455 -7.89718 4.88426
      vertex 0.503538 -7.90091 4.87823
    endloop
  endfacet
  facet normal 0.406508 -0.480291 -0.77722
    outer loop
      vertex 0.519455 -7.89718 4.88426
      vertex 0.503538 -7.39044 4.56279
      vertex 0.710678 -7.34199 4.64119
    endloop
  endfacet
  facet normal 0.40653 -0.480293 -0.777208
    outer loop
      vertex 0.710678 -7.85245 4.95664
      vertex 0.519455 -7.89718 4.88426
      vertex 0.710678 -7.34199 4.64119
    endloop
  endfacet
  facet normal -0.0482064 -0.525062 -0.849697
    outer loop
      vertex 0.283596 -7.89533 4.88726
      vertex 0.503538 -7.39044 4.56279
      vertex 0.503538 -7.90091 4.87823
    endloop
  endfacet
  facet normal -0.0481679 -0.525075 -0.849692
    outer loop
      vertex 0.503538 -7.39044 4.56279
      vertex 0.283596 -7.89533 4.88726
      vertex 0.283596 -7.38486 4.57181
    endloop
  endfacet
  facet normal -0.451754 -0.469012 -0.758911
    outer loop
      vertex 0.0576544 -7.83517 4.9846
      vertex 0.283596 -7.38486 4.57181
      vertex 0.0750167 -7.83979 4.97712
    endloop
  endfacet
  facet normal -0.451845 -0.468952 -0.758895
    outer loop
      vertex 0.283596 -7.38486 4.57181
      vertex 0.0576544 -7.83517 4.9846
      vertex 0.0576544 -7.3247 4.66916
    endloop
  endfacet
  facet normal -0.451823 -0.468968 -0.758897
    outer loop
      vertex 0.283596 -7.89533 4.88726
      vertex 0.0750167 -7.83979 4.97712
      vertex 0.283596 -7.38486 4.57181
    endloop
  endfacet
  facet normal -0.814248 -0.305171 -0.493832
    outer loop
      vertex -0.201083 -7.64437 5.29332
      vertex -0.222625 -7.11803 5.00358
      vertex 0.0576544 -7.3247 4.66916
    endloop
  endfacet
  facet normal -0.81425 -0.30517 -0.49383
    outer loop
      vertex -0.222625 -7.11803 5.00358
      vertex -0.201083 -7.64437 5.29332
      vertex -0.222625 -7.62848 5.31902
    endloop
  endfacet
  facet normal -0.814256 -0.305156 -0.493828
    outer loop
      vertex 0.0576544 -7.83517 4.9846
      vertex -0.201083 -7.64437 5.29332
      vertex 0.0576544 -7.3247 4.66916
    endloop
  endfacet
  facet normal -0.95296 0.159333 0.257838
    outer loop
      vertex -0.222625 -7.11803 5.00358
      vertex -0.0757456 -7.3857 5.71185
      vertex -0.0757456 -6.87526 5.39642
    endloop
  endfacet
  facet normal -0.952959 0.159335 0.257839
    outer loop
      vertex -0.0757456 -7.3857 5.71185
      vertex -0.222625 -7.11803 5.00358
      vertex -0.222625 -7.62848 5.31902
    endloop
  endfacet
  facet normal -0.735334 0.356258 0.57651
    outer loop
      vertex -0.0757456 -6.87526 5.39642
      vertex 0.132977 -7.26664 5.9045
      vertex 0.132977 -6.7562 5.58907
    endloop
  endfacet
  facet normal -0.735334 0.356258 0.57651
    outer loop
      vertex 0.132977 -7.26664 5.9045
      vertex -0.0757456 -6.87526 5.39642
      vertex -0.0757456 -7.3857 5.71185
    endloop
  endfacet
  facet normal -0.448826 0.469768 0.76018
    outer loop
      vertex 0.132977 -6.7562 5.58907
      vertex 0.341604 -7.21155 5.99364
      vertex 0.341604 -6.70112 5.67821
    endloop
  endfacet
  facet normal -0.449154 0.46956 0.760115
    outer loop
      vertex 0.341604 -7.21155 5.99364
      vertex 0.132977 -6.7562 5.58907
      vertex 0.325562 -7.21579 5.98678
    endloop
  endfacet
  facet normal -0.448818 0.469763 0.760187
    outer loop
      vertex 0.132977 -6.7562 5.58907
      vertex 0.132977 -7.26664 5.9045
      vertex 0.325562 -7.21579 5.98678
    endloop
  endfacet
  facet normal 0.0525139 0.524966 0.849502
    outer loop
      vertex 0.559181 -6.70715 5.66845
      vertex 0.54245 -7.21712 5.98463
      vertex 0.559181 -7.21758 5.98388
    endloop
  endfacet
  facet normal 0.0526554 0.524959 0.849497
    outer loop
      vertex 0.54245 -7.21712 5.98463
      vertex 0.559181 -6.70715 5.66845
      vertex 0.341604 -6.70112 5.67821
    endloop
  endfacet
  facet normal 0.0526671 0.524962 0.849495
    outer loop
      vertex 0.341604 -6.70112 5.67821
      vertex 0.341604 -7.21155 5.99364
      vertex 0.54245 -7.21712 5.98463
    endloop
  endfacet
  facet normal 0.460752 0.466566 0.754999
    outer loop
      vertex 0.559181 -7.21758 5.98388
      vertex 0.794818 -6.77146 5.56439
      vertex 0.559181 -6.70715 5.66845
    endloop
  endfacet
  facet normal 0.460767 0.466555 0.754996
    outer loop
      vertex 0.794818 -6.77146 5.56439
      vertex 0.559181 -7.21758 5.98388
      vertex 0.794818 -7.2819 5.87982
    endloop
  endfacet
  facet normal 0.699387 0.375729 0.608017
    outer loop
      vertex 0.794818 -7.2819 5.87982
      vertex 0.988766 -6.87123 5.40295
      vertex 0.794818 -6.77146 5.56439
    endloop
  endfacet
  facet normal 0.699387 0.375729 0.608017
    outer loop
      vertex 0.988766 -6.87123 5.40295
      vertex 0.794818 -7.2819 5.87982
      vertex 0.988766 -7.38167 5.71838
    endloop
  endfacet
  facet normal 0 -0.35682 0.934173
    outer loop
      vertex 0.3173 -3.8985 10.7197
      vertex -0.3173 -3.8985 10.7197
      vertex 0 -4.4119 10.5236
    endloop
  endfacet
  facet normal 0.850653 0.525728 -2.67031e-06
    outer loop
      vertex 4.4119 10.5236 0
      vertex 6.91749 6.46944 0.361539
      vertex 6.64487 6.91055 -0.0152264
    endloop
  endfacet
  facet normal 0.850644 0.525741 -1.13846e-05
    outer loop
      vertex 6.91749 6.46944 0.361539
      vertex 7.52226 5.4909 -0.924364
      vertex 7.47824 5.56212 -1.10653
    endloop
  endfacet
  facet normal 0.850662 0.525713 1.847e-05
    outer loop
      vertex 6.91749 6.46944 0.361539
      vertex 7.54891 5.44777 -0.715629
      vertex 7.52226 5.4909 -0.924364
    endloop
  endfacet
  facet normal 0.850438 0.526075 -0.000455693
    outer loop
      vertex 6.91749 6.46944 0.361539
      vertex 7.55007 5.44591 -0.698052
      vertex 7.54891 5.44777 -0.715629
    endloop
  endfacet
  facet normal 0.850659 0.525718 1.99762e-05
    outer loop
      vertex 6.91749 6.46944 0.361539
      vertex 7.56389 5.42354 -0.486976
      vertex 7.55007 5.44591 -0.698052
    endloop
  endfacet
  facet normal 0.850686 0.525674 9.58205e-05
    outer loop
      vertex 6.91749 6.46944 0.361539
      vertex 7.56458 5.42242 -0.468387
      vertex 7.56389 5.42354 -0.486976
    endloop
  endfacet
  facet normal 0.850647 0.525738 -1.53858e-05
    outer loop
      vertex 6.91749 6.46944 0.361539
      vertex 7.57294 5.4089 -0.245157
      vertex 7.56458 5.42242 -0.468387
    endloop
  endfacet
  facet normal 0.850655 0.525725 1.62752e-05
    outer loop
      vertex 6.91749 6.46944 0.361539
      vertex 7.57893 5.3992 0.00706482
      vertex 7.57294 5.4089 -0.245157
    endloop
  endfacet
  facet normal 0.850621 0.525779 -0.000211318
    outer loop
      vertex 6.91749 6.46944 0.361539
      vertex 7.57938 5.39848 0.0270281
      vertex 7.57893 5.3992 0.00706482
    endloop
  endfacet
  facet normal 0.850655 0.525724 3.24817e-05
    outer loop
      vertex 6.91749 6.46944 0.361539
      vertex 7.58476 5.38976 0.266786
      vertex 7.57938 5.39848 0.0270281
    endloop
  endfacet
  facet normal 0.850642 0.525745 -0.000302188
    outer loop
      vertex 6.91749 6.46944 0.361539
      vertex 7.58562 5.38838 0.28672
      vertex 7.58476 5.38976 0.266786
    endloop
  endfacet
  facet normal 0.850652 0.525729 2.26943e-05
    outer loop
      vertex 6.91749 6.46944 0.361539
      vertex 7.59591 5.37172 0.526139
      vertex 7.58562 5.38838 0.28672
    endloop
  endfacet
  facet normal 0.850653 0.525728 -2.99553e-06
    outer loop
      vertex 7.78114 5.07202 1.44621
      vertex 6.91749 6.46944 0.361539
      vertex 4.4119 10.5236 0
    endloop
  endfacet
  facet normal 0.850656 0.525723 -3.48171e-05
    outer loop
      vertex 6.91749 6.46944 0.361539
      vertex 7.61786 5.33622 0.77727
      vertex 7.59591 5.37172 0.526139
    endloop
  endfacet
  facet normal 0.850647 0.525738 2.22031e-05
    outer loop
      vertex 6.91749 6.46944 0.361539
      vertex 7.65362 5.27835 1.01706
      vertex 7.61786 5.33622 0.77727
    endloop
  endfacet
  facet normal 0.850775 0.525529 -0.000501395
    outer loop
      vertex 6.91749 6.46944 0.361539
      vertex 7.65767 5.27181 1.03437
      vertex 7.65362 5.27835 1.01706
    endloop
  endfacet
  facet normal 0.850636 0.525756 5.52884e-05
    outer loop
      vertex 6.91749 6.46944 0.361539
      vertex 7.7062 5.19327 1.24233
      vertex 7.65767 5.27181 1.03437
    endloop
  endfacet
  facet normal 0.850652 0.525729 2.74203e-06
    outer loop
      vertex 6.91749 6.46944 0.361539
      vertex 7.71196 5.18395 1.258
      vertex 7.7062 5.19327 1.24233
    endloop
  endfacet
  facet normal 0.850662 0.525712 -3.10651e-05
    outer loop
      vertex 6.91749 6.46944 0.361539
      vertex 7.78114 5.07202 1.44621
      vertex 7.71196 5.18395 1.258
    endloop
  endfacet
  facet normal 0.850653 0.525727 -8.19799e-06
    outer loop
      vertex 4.4119 10.5236 0
      vertex 7.884 4.90559 1.6218
      vertex 7.78114 5.07202 1.44621
    endloop
  endfacet
  facet normal 0.850647 0.525737 3.76304e-05
    outer loop
      vertex 4.4119 10.5236 0
      vertex 7.90115 4.87784 1.63747
      vertex 7.884 4.90559 1.6218
    endloop
  endfacet
  facet normal 0.850654 0.525726 -1.54291e-05
    outer loop
      vertex 4.4119 10.5236 0
      vertex 8.10724 4.54438 1.82572
      vertex 7.90115 4.87784 1.63747
    endloop
  endfacet
  facet normal 0.85071 0.525635 -0.000261567
    outer loop
      vertex 10.7197 0.3173 3.8985
      vertex 8.12459 4.5163 1.82561
      vertex 8.10724 4.54438 1.82572
    endloop
  endfacet
  facet normal 0.850649 0.525735 6.71928e-06
    outer loop
      vertex 8.88759 3.28173 0.742199
      vertex 10.7197 0.3173 3.8985
      vertex 8.92043 3.2286 0.291556
    endloop
  endfacet
  facet normal 0.850651 0.52573 9.36778e-07
    outer loop
      vertex 8.76614 3.47824 1.17238
      vertex 10.7197 0.3173 3.8985
      vertex 8.88759 3.28173 0.742199
    endloop
  endfacet
  facet normal 0.850643 0.525744 2.33348e-05
    outer loop
      vertex 8.75604 3.49458 1.20815
      vertex 10.7197 0.3173 3.8985
      vertex 8.76614 3.47824 1.17238
    endloop
  endfacet
  facet normal 0.850653 0.525728 -2.76785e-06
    outer loop
      vertex 8.55258 3.82379 1.61808
      vertex 10.7197 0.3173 3.8985
      vertex 8.75604 3.49458 1.20815
    endloop
  endfacet
  facet normal 0.850653 0.525728 -2.45456e-06
    outer loop
      vertex 8.35004 4.15151 1.80837
      vertex 10.7197 0.3173 3.8985
      vertex 8.55258 3.82379 1.61808
    endloop
  endfacet
  facet normal 0.850703 0.525647 -0.000208462
    outer loop
      vertex 8.3332 4.17877 1.8242
      vertex 10.7197 0.3173 3.8985
      vertex 8.35004 4.15151 1.80837
    endloop
  endfacet
  facet normal 0.850645 0.52574 3.12389e-05
    outer loop
      vertex 8.12459 4.5163 1.82561
      vertex 10.7197 0.3173 3.8985
      vertex 8.3332 4.17877 1.8242
    endloop
  endfacet
  facet normal 0.850652 0.52573 4.49798e-06
    outer loop
      vertex 10.7197 0.3173 3.8985
      vertex 8.10724 4.54438 1.82572
      vertex 4.4119 10.5236 0
    endloop
  endfacet
  facet normal 0.850653 0.525728 1.08836e-06
    outer loop
      vertex 4.4119 10.5236 0
      vertex 6.64487 6.91055 -0.0152264
      vertex 7.3273 5.80635 -1.80185
    endloop
  endfacet
  facet normal 0.850649 0.525734 4.94442e-06
    outer loop
      vertex 8.03349 4.6637 0.788155
      vertex 8.53959 3.84482 0.664569
      vertex 7.98466 4.74271 0.579354
    endloop
  endfacet
  facet normal 0.850856 0.525399 0.000249941
    outer loop
      vertex 8.53959 3.84482 0.664569
      vertex 8.47667 3.94662 0.865456
      vertex 8.48997 3.92509 0.847301
    endloop
  endfacet
  facet normal 0.850654 0.525727 3.89518e-06
    outer loop
      vertex 7.98466 4.74271 0.579354
      vertex 8.51554 3.88372 0.287192
      vertex 8.43165 4.01946 0.0841837
    endloop
  endfacet
  facet normal 0.850887 0.525349 -0.000344522
    outer loop
      vertex 8.43165 4.01946 0.0841837
      vertex 8.51554 3.88372 0.287192
      vertex 8.51262 3.88844 0.272855
    endloop
  endfacet
  facet normal 0.85065 0.525733 -1.25078e-05
    outer loop
      vertex 8.5501 3.82781 0.474143
      vertex 7.98466 4.74271 0.579354
      vertex 8.53959 3.84482 0.664569
    endloop
  endfacet
  facet normal 0.85124 0.524776 0.000105489
    outer loop
      vertex 8.5501 3.82781 0.474143
      vertex 8.53959 3.84482 0.664569
      vertex 8.54371 3.83814 0.649371
    endloop
  endfacet
  facet normal 0.850649 0.525734 -2.49708e-05
    outer loop
      vertex 7.98466 4.74271 0.579354
      vertex 8.5501 3.82781 0.474143
      vertex 8.51554 3.88372 0.287192
    endloop
  endfacet
  facet normal 0.850728 0.525606 -7.78693e-05
    outer loop
      vertex 8.51554 3.88372 0.287192
      vertex 8.5501 3.82781 0.474143
      vertex 8.55063 3.82695 0.459569
    endloop
  endfacet
  facet normal 0.850711 0.525634 -0.000178487
    outer loop
      vertex 8.69318 3.5963 -0.524989
      vertex 7.79787 5.04495 -1.59252
      vertex 7.80432 5.03452 -1.56605
    endloop
  endfacet
  facet normal 0.850654 0.525725 1.31532e-05
    outer loop
      vertex 8.43165 4.01946 0.0841837
      vertex 7.92891 4.83293 -0.209333
      vertex 7.9502 4.79847 0.251821
    endloop
  endfacet
  facet normal 0.850653 0.525727 3.11125e-06
    outer loop
      vertex 8.43165 4.01946 0.0841837
      vertex 7.9502 4.79847 0.251821
      vertex 7.98466 4.74271 0.579354
    endloop
  endfacet
  facet normal 0.85065 0.525733 1.65156e-05
    outer loop
      vertex 8.53959 3.84482 0.664569
      vertex 8.03349 4.6637 0.788155
      vertex 8.47667 3.94662 0.865456
    endloop
  endfacet
  facet normal 0.850842 0.525421 -0.000325665
    outer loop
      vertex 8.1142 4.53311 0.962472
      vertex 8.03349 4.6637 0.788155
      vertex 8.03756 4.65712 0.805531
    endloop
  endfacet
  facet normal 0.85065 0.525732 -1.44244e-05
    outer loop
      vertex 8.47667 3.94662 0.865456
      vertex 8.1142 4.53311 0.962472
      vertex 8.30117 4.23059 1.07441
    endloop
  endfacet
  facet normal 0.850659 0.525717 -1.861e-05
    outer loop
      vertex 7.92891 4.83293 -0.209333
      vertex 8.43165 4.01946 0.0841837
      vertex 7.90513 4.87139 -0.725346
    endloop
  endfacet
  facet normal 0.850651 0.525731 -4.81647e-06
    outer loop
      vertex 8.1142 4.53311 0.962472
      vertex 8.47667 3.94662 0.865456
      vertex 8.03349 4.6637 0.788155
    endloop
  endfacet
  facet normal 0.85065 0.525732 3.01118e-06
    outer loop
      vertex 8.69318 3.5963 -0.524989
      vertex 7.90513 4.87139 -0.725346
      vertex 8.43165 4.01946 0.0841837
    endloop
  endfacet
  facet normal 0.850712 0.525633 0.000172389
    outer loop
      vertex 8.47667 3.94662 0.865456
      vertex 8.30117 4.23059 1.07441
      vertex 8.31672 4.20542 1.08372
    endloop
  endfacet
  facet normal 0.85065 0.525733 9.22017e-06
    outer loop
      vertex 7.90513 4.87139 -0.725346
      vertex 8.69318 3.5963 -0.524989
      vertex 7.86474 4.93675 -1.1743
    endloop
  endfacet
  facet normal 0.850649 0.525734 1.21429e-05
    outer loop
      vertex 7.86474 4.93675 -1.1743
      vertex 8.69318 3.5963 -0.524989
      vertex 7.80432 5.03452 -1.56605
    endloop
  endfacet
  facet normal 0.850647 0.525737 1.49039e-05
    outer loop
      vertex 7.79787 5.04495 -1.59252
      vertex 8.69318 3.5963 -0.524989
      vertex 7.72041 5.17029 -1.9105
    endloop
  endfacet
  facet normal 0.850652 0.525729 -0
    outer loop
      vertex 10.7197 0.3173 -3.8985
      vertex 8.92043 3.2286 0.291556
      vertex 10.7197 0.3173 3.8985
    endloop
  endfacet
  facet normal 0.850655 0.525725 3.46658e-06
    outer loop
      vertex 8.92043 3.2286 0.291556
      vertex 10.7197 0.3173 -3.8985
      vertex 8.85536 3.33389 -0.134051
    endloop
  endfacet
  facet normal 0.850628 0.525768 -4.46819e-05
    outer loop
      vertex 8.85536 3.33389 -0.134051
      vertex 10.7197 0.3173 -3.8985
      vertex 8.84291 3.35403 -0.164062
    endloop
  endfacet
  facet normal 0.850639 0.525751 -7.68361e-05
    outer loop
      vertex 7.70272 5.19891 -1.93494
      vertex 10.7197 0.3173 -3.8985
      vertex 7.65325 5.27894 -2.0033
    endloop
  endfacet
  facet normal 0.850644 0.525742 -4.70791e-05
    outer loop
      vertex 7.72041 5.17029 -1.9105
      vertex 10.7197 0.3173 -3.8985
      vertex 7.70272 5.19891 -1.93494
    endloop
  endfacet
  facet normal 0.850653 0.525728 8.10234e-07
    outer loop
      vertex 8.69318 3.5963 -0.524989
      vertex 10.7197 0.3173 -3.8985
      vertex 7.72041 5.17029 -1.9105
    endloop
  endfacet
  facet normal 0.850652 0.525728 1.40473e-07
    outer loop
      vertex 8.84291 3.35403 -0.164062
      vertex 10.7197 0.3173 -3.8985
      vertex 8.69318 3.5963 -0.524989
    endloop
  endfacet
  facet normal -0.500003 -0.809012 -0.309026
    outer loop
      vertex -6.8212 -6.6251 -6.3078
      vertex -3.8985 -10.7197 -0.3173
      vertex -4.4119 -10.5236 0
    endloop
  endfacet
  facet normal -0.500003 -0.809012 -0.309026
    outer loop
      vertex -3.8985 -10.7197 -0.3173
      vertex -6.8212 -6.6251 -6.3078
      vertex -6.3078 -6.8212 -6.6251
    endloop
  endfacet
  facet normal 0.525732 -1.5409e-05 -0.85065
    outer loop
      vertex 6.6251 -6.3078 -6.8212
      vertex 5.50311 -1.91767 -7.51471
      vertex 10.5236 0 -4.4119
    endloop
  endfacet
  facet normal 0.52576 -5.66004e-06 -0.850633
    outer loop
      vertex 6.6251 -6.3078 -6.8212
      vertex 5.42998 -1.95813 -7.55991
      vertex 5.50311 -1.91767 -7.51471
    endloop
  endfacet
  facet normal 0.525645 -4.94587e-05 -0.850704
    outer loop
      vertex 6.6251 -6.3078 -6.8212
      vertex 5.39609 -1.96531 -7.58085
      vertex 5.42998 -1.95813 -7.55991
    endloop
  endfacet
  facet normal 0.525771 4.5189e-08 -0.850626
    outer loop
      vertex 6.6251 -6.3078 -6.8212
      vertex 5.35642 -1.97371 -7.60537
      vertex 5.39609 -1.96531 -7.58085
    endloop
  endfacet
  facet normal 0.525733 -1.53632e-05 -0.850649
    outer loop
      vertex 5.35642 -1.97371 -7.60537
      vertex 6.6251 -6.3078 -6.8212
      vertex 0.3173 -3.8985 -10.7197
    endloop
  endfacet
  facet normal 1.59076e-05 -0.85065 0.525733
    outer loop
      vertex 6.3078 -6.8212 6.6251
      vertex 0 -4.4119 10.5236
      vertex 3.8985 -10.7197 0.3173
    endloop
  endfacet
  facet normal -0.809012 -0.309026 -0.500003
    outer loop
      vertex -6.6251 -6.3078 -6.8212
      vertex -10.7197 -0.3173 -3.8985
      vertex -10.5236 0 -4.4119
    endloop
  endfacet
  facet normal -0.809012 -0.309026 -0.500003
    outer loop
      vertex -10.7197 -0.3173 -3.8985
      vertex -6.6251 -6.3078 -6.8212
      vertex -6.8212 -6.6251 -6.3078
    endloop
  endfacet
  facet normal 0.500003 -0.809012 -0.309026
    outer loop
      vertex 3.8985 -10.7197 -0.3173
      vertex 6.8212 -6.6251 -6.3078
      vertex 4.4119 -10.5236 0
    endloop
  endfacet
  facet normal 0.500003 -0.809012 -0.309026
    outer loop
      vertex 6.8212 -6.6251 -6.3078
      vertex 3.8985 -10.7197 -0.3173
      vertex 6.3078 -6.8212 -6.6251
    endloop
  endfacet
  facet normal 0.85065 0.525733 1.59076e-05
    outer loop
      vertex 10.7197 0.3173 3.8985
      vertex 4.4119 10.5236 0
      vertex 6.8212 6.6251 6.3078
    endloop
  endfacet
  facet normal -0.52575 7.80567e-05 0.850639
    outer loop
      vertex -0.3173 3.8985 10.7197
      vertex -5.50248 1.94468 7.5151
      vertex -5.48509 1.92456 7.52585
    endloop
  endfacet
  facet normal -0.525733 1.53681e-05 0.85065
    outer loop
      vertex -6.6251 6.3078 6.8212
      vertex -5.50248 1.94468 7.5151
      vertex -0.3173 3.8985 10.7197
    endloop
  endfacet
  facet normal -0.525704 1.93595e-05 0.850667
    outer loop
      vertex -6.6251 6.3078 6.8212
      vertex -6.31845 1.77078 7.01081
      vertex -6.29484 1.80385 7.0254
    endloop
  endfacet
  facet normal -0.525731 1.60834e-05 0.850651
    outer loop
      vertex -5.50248 1.94468 7.5151
      vertex -6.6251 6.3078 6.8212
      vertex -5.92773 1.99623 7.25228
    endloop
  endfacet
  facet normal -0.525843 -8.806e-06 0.850582
    outer loop
      vertex -6.6251 6.3078 6.8212
      vertex -5.95594 1.98144 7.23484
      vertex -5.92773 1.99623 7.25228
    endloop
  endfacet
  facet normal -0.525717 1.80999e-05 0.85066
    outer loop
      vertex -6.6251 6.3078 6.8212
      vertex -6.29484 1.80385 7.0254
      vertex -5.95594 1.98144 7.23484
    endloop
  endfacet
  facet normal -0.525761 1.40128e-05 0.850632
    outer loop
      vertex -6.31845 1.77078 7.01081
      vertex -6.6251 6.3078 6.8212
      vertex -6.48002 1.54453 6.91095
    endloop
  endfacet
  facet normal -0.525732 1.52421e-05 0.85065
    outer loop
      vertex -6.48002 1.54453 6.91095
      vertex -6.6251 6.3078 6.8212
      vertex -10.5236 0 4.4119
    endloop
  endfacet
  facet normal 0.525733 -1.55935e-05 0.85065
    outer loop
      vertex 5.69731 -1.8435 7.39469
      vertex 6.6251 -6.3078 6.8212
      vertex 10.5236 0 4.4119
    endloop
  endfacet
  facet normal 0.525736 -1.46608e-05 0.850648
    outer loop
      vertex 5.45117 -2.12338 7.54681
      vertex 6.6251 -6.3078 6.8212
      vertex 5.69731 -1.8435 7.39469
    endloop
  endfacet
  facet normal 0.525744 -1.15942e-05 0.850643
    outer loop
      vertex 5.42567 -2.15237 7.56257
      vertex 6.6251 -6.3078 6.8212
      vertex 5.45117 -2.12338 7.54681
    endloop
  endfacet
  facet normal 0.525731 -1.68941e-05 0.850651
    outer loop
      vertex 5.03591 -2.38355 7.80345
      vertex 6.6251 -6.3078 6.8212
      vertex 5.42567 -2.15237 7.56257
    endloop
  endfacet
  facet normal 0.525752 -5.01346e-06 0.850638
    outer loop
      vertex 5.00347 -2.40279 7.8235
      vertex 6.6251 -6.3078 6.8212
      vertex 5.03591 -2.38355 7.80345
    endloop
  endfacet
  facet normal 0.525734 -1.51929e-05 0.850649
    outer loop
      vertex 4.58479 -2.42987 8.08226
      vertex 6.6251 -6.3078 6.8212
      vertex 5.00347 -2.40279 7.8235
    endloop
  endfacet
  facet normal 0.525741 -4.69453e-05 0.850645
    outer loop
      vertex 0.3173 -3.8985 10.7197
      vertex 4.58479 -2.42987 8.08226
      vertex 4.4008 -2.33873 8.19598
    endloop
  endfacet
  facet normal 0.525733 -1.59173e-05 0.85065
    outer loop
      vertex 4.58479 -2.42987 8.08226
      vertex 0.3173 -3.8985 10.7197
      vertex 6.6251 -6.3078 6.8212
    endloop
  endfacet
  facet normal 0.934173 0 -0.35682
    outer loop
      vertex 10.7197 -0.3173 -3.8985
      vertex 10.5236 0 -4.4119
      vertex 10.7197 0.3173 -3.8985
    endloop
  endfacet
  facet normal 0.850675 -0.525693 -0.000143519
    outer loop
      vertex 7.02832 -6.29011 0.891652
      vertex 7.98891 -4.73583 1.41995
      vertex 7.99944 -4.71881 1.49181
    endloop
  endfacet
  facet normal 0.85066 -0.525716 6.1481e-05
    outer loop
      vertex 7.02832 -6.29011 0.891652
      vertex 7.85671 -4.94974 0.505476
      vertex 7.86246 -4.94043 0.5563
    endloop
  endfacet
  facet normal 0.850679 -0.525685 7.62391e-05
    outer loop
      vertex 7.02832 -6.29011 0.891652
      vertex 7.78527 -5.06534 -0.144551
      vertex 7.78759 -5.06158 -0.105227
    endloop
  endfacet
  facet normal 0.850745 -0.525578 0.000161959
    outer loop
      vertex 7.02832 -6.29011 0.891652
      vertex 7.75707 -5.11097 -0.654386
      vertex 7.75731 -5.11057 -0.617016
    endloop
  endfacet
  facet normal 0.850655 -0.525724 7.86396e-06
    outer loop
      vertex 7.75707 -5.11097 -0.654386
      vertex 7.02832 -6.29011 0.891652
      vertex 7.75412 -5.11575 -1.10332
    endloop
  endfacet
  facet normal 0.850647 -0.525738 -1.04993e-05
    outer loop
      vertex 7.78527 -5.06534 -0.144551
      vertex 7.02832 -6.29011 0.891652
      vertex 7.75731 -5.11057 -0.617016
    endloop
  endfacet
  facet normal 0.850652 -0.525729 7.53364e-07
    outer loop
      vertex 7.85671 -4.94974 0.505476
      vertex 7.02832 -6.29011 0.891652
      vertex 7.78759 -5.06158 -0.105227
    endloop
  endfacet
  facet normal 0.850653 -0.525728 -1.37288e-06
    outer loop
      vertex 7.98891 -4.73583 1.41995
      vertex 7.02832 -6.29011 0.891652
      vertex 7.86246 -4.94043 0.5563
    endloop
  endfacet
  facet normal 0.850672 -0.525696 8.49045e-05
    outer loop
      vertex 10.7197 -0.3173 -3.8985
      vertex 8.2456 -4.3205 -1.75634
      vertex 8.2503 -4.3129 -1.79014
    endloop
  endfacet
  facet normal 0.850654 -0.525726 3.40834e-06
    outer loop
      vertex 8.1976 -4.39817 0.407805
      vertex 10.7197 -0.3173 -3.8985
      vertex 8.2401 -4.3294 0.814842
    endloop
  endfacet
  facet normal 0.850666 -0.525707 2.79464e-05
    outer loop
      vertex 8.19406 -4.4039 0.373922
      vertex 10.7197 -0.3173 -3.8985
      vertex 8.1976 -4.39817 0.407805
    endloop
  endfacet
  facet normal 0.850653 -0.525728 4.15975e-07
    outer loop
      vertex 10.7197 -0.3173 -3.8985
      vertex 8.19406 -4.4039 0.373922
      vertex 8.16327 -4.45372 -0.0597868
    endloop
  endfacet
  facet normal 0.850651 -0.525731 -4.59937e-06
    outer loop
      vertex 8.15121 -4.47323 -0.456429
      vertex 10.7197 -0.3173 -3.8985
      vertex 8.16327 -4.45372 -0.0597868
    endloop
  endfacet
  facet normal 0.850652 -0.52573 -1.63928e-06
    outer loop
      vertex 8.15679 -4.4642 -0.885356
      vertex 10.7197 -0.3173 -3.8985
      vertex 8.15121 -4.47323 -0.456429
    endloop
  endfacet
  facet normal 0.850652 -0.525729 -2.67856e-08
    outer loop
      vertex 10.7197 -0.3173 -3.8985
      vertex 8.18918 -4.41179 -1.3505
      vertex 8.2456 -4.3205 -1.75634
    endloop
  endfacet
  facet normal 0.850655 -0.525724 -1.03595e-06
    outer loop
      vertex 8.18918 -4.41179 -1.3505
      vertex 8.15679 -4.4642 -0.885356
      vertex 8.15734 -4.46331 -0.918323
    endloop
  endfacet
  facet normal 0.850652 -0.52573 -1.93192e-06
    outer loop
      vertex 8.18918 -4.41179 -1.3505
      vertex 10.7197 -0.3173 -3.8985
      vertex 8.15679 -4.4642 -0.885356
    endloop
  endfacet
  facet normal 0.850861 -0.525391 8.22528e-06
    outer loop
      vertex 8.15679 -4.4642 -0.885356
      vertex 8.15121 -4.47323 -0.456429
      vertex 8.15021 -4.47485 -0.489453
    endloop
  endfacet
  facet normal 0.850657 -0.525722 -1.54855e-05
    outer loop
      vertex 8.30111 -4.23068 1.30364
      vertex 10.7197 -0.3173 3.8985
      vertex 8.35792 -4.13877 1.73672
    endloop
  endfacet
  facet normal 0.850634 -0.525759 7.54156e-05
    outer loop
      vertex 10.7197 -0.3173 3.8985
      vertex 8.35019 -4.15127 1.78193
      vertex 8.35792 -4.13877 1.73672
    endloop
  endfacet
  facet normal 0.850654 -0.525726 -7.88573e-06
    outer loop
      vertex 10.7197 -0.3173 3.8985
      vertex 8.25738 -4.30145 2.32522
      vertex 8.35019 -4.15127 1.78193
    endloop
  endfacet
  facet normal 0.850597 -0.525818 0.000315022
    outer loop
      vertex 10.7197 -0.3173 3.8985
      vertex 6.92417 -6.45863 1.50128
      vertex 8.25738 -4.30145 2.32522
    endloop
  endfacet
  facet normal 0.850662 -0.525712 -5.91103e-05
    outer loop
      vertex 6.92417 -6.45863 1.50128
      vertex 10.7197 -0.3173 3.8985
      vertex 4.4119 -10.5236 0
    endloop
  endfacet
  facet normal 0.850669 -0.525702 -5.66743e-05
    outer loop
      vertex 8.29638 -4.23833 1.2676
      vertex 10.7197 -0.3173 3.8985
      vertex 8.30111 -4.23068 1.30364
    endloop
  endfacet
  facet normal 0.850649 -0.525734 8.96469e-06
    outer loop
      vertex 8.2401 -4.3294 0.814842
      vertex 10.7197 -0.3173 3.8985
      vertex 8.29638 -4.23833 1.2676
    endloop
  endfacet
  facet normal 0.850652 -0.525729 0
    outer loop
      vertex 10.7197 -0.3173 3.8985
      vertex 8.2401 -4.3294 0.814842
      vertex 10.7197 -0.3173 -3.8985
    endloop
  endfacet
  facet normal 0.850653 -0.525728 9.74532e-07
    outer loop
      vertex 7.87507 -4.92004 -2.02204
      vertex 10.7197 -0.3173 -3.8985
      vertex 8.2503 -4.3129 -1.79014
    endloop
  endfacet
  facet normal 0.850643 -0.525744 -5.15341e-05
    outer loop
      vertex 7.84382 -4.9706 -2.04135
      vertex 10.7197 -0.3173 -3.8985
      vertex 7.87507 -4.92004 -2.02204
    endloop
  endfacet
  facet normal 0.850652 -0.525729 4.30584e-06
    outer loop
      vertex 4.4119 -10.5236 0
      vertex 7.75412 -5.11575 -1.10332
      vertex 7.02832 -6.29011 0.891652
    endloop
  endfacet
  facet normal 0.850651 -0.525731 -1.37184e-05
    outer loop
      vertex 7.75412 -5.11575 -1.10332
      vertex 4.4119 -10.5236 0
      vertex 7.78172 -5.07108 -1.57461
    endloop
  endfacet
  facet normal 0.850654 -0.525726 8.6807e-06
    outer loop
      vertex 7.84382 -4.9706 -2.04135
      vertex 4.4119 -10.5236 0
      vertex 10.7197 -0.3173 -3.8985
    endloop
  endfacet
  facet normal 0.850652 -0.525728 7.05131e-07
    outer loop
      vertex 7.78172 -5.07108 -1.57461
      vertex 4.4119 -10.5236 0
      vertex 7.84382 -4.9706 -2.04135
    endloop
  endfacet
  facet normal 0.850653 -0.525727 -4.23729e-06
    outer loop
      vertex 6.93217 -6.44569 1.45449
      vertex 4.4119 -10.5236 0
      vertex 7.02832 -6.29011 0.891652
    endloop
  endfacet
  facet normal 0.850645 -0.52574 4.4581e-05
    outer loop
      vertex 4.4119 -10.5236 0
      vertex 6.93217 -6.44569 1.45449
      vertex 6.92417 -6.45863 1.50128
    endloop
  endfacet
  facet normal 0 -1 0
    outer loop
      vertex -3.8985 -10.7197 -0.3173
      vertex 3.8985 -10.7197 0.3173
      vertex -3.8985 -10.7197 0.3173
    endloop
  endfacet
  facet normal 0 -1 -0
    outer loop
      vertex 3.8985 -10.7197 0.3173
      vertex -3.8985 -10.7197 -0.3173
      vertex 3.8985 -10.7197 -0.3173
    endloop
  endfacet
  facet normal -0.500003 0.809012 0.309026
    outer loop
      vertex -3.8985 10.7197 0.3173
      vertex -6.8212 6.6251 6.3078
      vertex -6.3078 6.8212 6.6251
    endloop
  endfacet
  facet normal -0.500003 0.809012 0.309026
    outer loop
      vertex -6.8212 6.6251 6.3078
      vertex -3.8985 10.7197 0.3173
      vertex -4.4119 10.5236 0
    endloop
  endfacet
  facet normal 0.00140365 -0.850182 0.526487
    outer loop
      vertex 0.524791 -8.26172 4.29442
      vertex 0.373179 -8.13543 4.49876
      vertex 0.372678 -8.13579 4.49818
    endloop
  endfacet
  facet normal 0.000213811 -0.850578 0.525849
    outer loop
      vertex 0.373179 -8.13543 4.49876
      vertex 0.524791 -8.26172 4.29442
      vertex 0.379199 -8.13107 4.50581
    endloop
  endfacet
  facet normal -9.5824e-06 -0.850647 0.525737
    outer loop
      vertex 0.379199 -8.13107 4.50581
      vertex 0.524791 -8.26172 4.29442
      vertex 0.708148 -8.18527 4.41812
    endloop
  endfacet
  facet normal -1.61215e-05 -0.850652 0.525729
    outer loop
      vertex 0 -4.4119 10.5236
      vertex -0.331075 -6.92959 6.44986
      vertex 0.104166 -6.8585 6.5649
    endloop
  endfacet
  facet normal 0.000106049 -0.850657 0.525722
    outer loop
      vertex 0 -4.4119 10.5236
      vertex -0.358793 -6.9434 6.42752
      vertex -0.331075 -6.92959 6.44986
    endloop
  endfacet
  facet normal 1.29834e-05 -0.850653 0.525728
    outer loop
      vertex 0 -4.4119 10.5236
      vertex -0.691457 -7.10908 6.15945
      vertex -0.358793 -6.9434 6.42752
    endloop
  endfacet
  facet normal -2.75012e-05 -0.85065 0.525732
    outer loop
      vertex 0 -4.4119 10.5236
      vertex -0.856909 -7.27689 5.88792
      vertex -0.691457 -7.10908 6.15945
    endloop
  endfacet
  facet normal 1.26424e-05 -0.850649 0.525734
    outer loop
      vertex -0.805063 -7.61223 5.34532
      vertex -0.902131 -7.72278 5.16645
      vertex -0.788997 -7.62375 5.32668
    endloop
  endfacet
  facet normal 4.43933e-05 -0.85065 0.525733
    outer loop
      vertex -0.925067 -7.72386 5.16471
      vertex -0.805063 -7.61223 5.34532
      vertex -0.893398 -7.44754 5.6118
    endloop
  endfacet
  facet normal 0.000177894 -0.850689 0.525669
    outer loop
      vertex -0.805063 -7.61223 5.34532
      vertex -0.925067 -7.72386 5.16471
      vertex -0.902131 -7.72278 5.16645
    endloop
  endfacet
  facet normal -2.47126e-05 -0.850647 0.525737
    outer loop
      vertex -0.893398 -7.44754 5.6118
      vertex -1.20059 -7.7368 5.14376
      vertex -0.925067 -7.72386 5.16471
    endloop
  endfacet
  facet normal -6.7318e-06 -0.850651 0.52573
    outer loop
      vertex -1.47092 -7.80304 5.03658
      vertex -0.893398 -7.44754 5.6118
      vertex -0.859714 -7.29001 5.86669
    endloop
  endfacet
  facet normal 4.66342e-05 -0.850669 0.525702
    outer loop
      vertex -1.47092 -7.80304 5.03658
      vertex -0.859714 -7.29001 5.86669
      vertex -0.856909 -7.27689 5.88792
    endloop
  endfacet
  facet normal 7.49791e-07 -0.850652 0.525729
    outer loop
      vertex -1.68607 -7.9156 4.85446
      vertex -0.856909 -7.27689 5.88792
      vertex 0 -4.4119 10.5236
    endloop
  endfacet
  facet normal 0.000202691 -0.850714 0.525629
    outer loop
      vertex -0.893398 -7.44754 5.6118
      vertex -1.22136 -7.74189 5.13553
      vertex -1.20059 -7.7368 5.14376
    endloop
  endfacet
  facet normal -1.99061e-05 -0.850646 0.52574
    outer loop
      vertex -0.893398 -7.44754 5.6118
      vertex -1.47092 -7.80304 5.03658
      vertex -1.22136 -7.74189 5.13553
    endloop
  endfacet
  facet normal -0.000312017 -0.850553 0.525889
    outer loop
      vertex -0.856909 -7.27689 5.88792
      vertex -1.48745 -7.81169 5.02258
      vertex -1.47092 -7.80304 5.03658
    endloop
  endfacet
  facet normal 8.91583e-05 -0.850684 0.525677
    outer loop
      vertex -0.856909 -7.27689 5.88792
      vertex -1.68607 -7.9156 4.85446
      vertex -1.48745 -7.81169 5.02258
    endloop
  endfacet
  facet normal -6.36487e-05 -0.850644 0.525743
    outer loop
      vertex 0 -4.4119 10.5236
      vertex -1.70076 -7.93207 4.82781
      vertex -1.68607 -7.9156 4.85446
    endloop
  endfacet
  facet normal 1.53964e-05 -0.850654 0.525725
    outer loop
      vertex 0 -4.4119 10.5236
      vertex -1.87726 -8.12994 4.50765
      vertex -1.70076 -7.93207 4.82781
    endloop
  endfacet
  facet normal 5.78649e-05 -0.850665 0.525708
    outer loop
      vertex -3.8985 -10.7197 0.3173
      vertex -1.87622 -8.1467 4.48053
      vertex -1.87726 -8.12994 4.50765
    endloop
  endfacet
  facet normal -9.24705e-05 -0.850607 0.525802
    outer loop
      vertex -3.8985 -10.7197 0.3173
      vertex -0.712182 -8.9083 3.24822
      vertex -0.747049 -8.90536 3.25297
    endloop
  endfacet
  facet normal -1.26415e-05 -0.850646 0.525739
    outer loop
      vertex -0.712182 -8.9083 3.24822
      vertex -3.8985 -10.7197 0.3173
      vertex -0.29278 -8.94364 3.19105
    endloop
  endfacet
  facet normal 1.36264e-05 -0.850658 0.52572
    outer loop
      vertex -1.19633 -8.77538 3.4633
      vertex -3.8985 -10.7197 0.3173
      vertex -0.747049 -8.90536 3.25297
    endloop
  endfacet
  facet normal -0.000111232 -0.85061 0.525797
    outer loop
      vertex -1.23369 -8.76457 3.48078
      vertex -3.8985 -10.7197 0.3173
      vertex -1.19633 -8.77538 3.4633
    endloop
  endfacet
  facet normal 8.98545e-06 -0.850655 0.525724
    outer loop
      vertex -1.61637 -8.57782 3.78296
      vertex -3.8985 -10.7197 0.3173
      vertex -1.23369 -8.76457 3.48078
    endloop
  endfacet
  facet normal 1.89988e-05 -0.850658 0.525719
    outer loop
      vertex -1.6482 -8.56229 3.80809
      vertex -3.8985 -10.7197 0.3173
      vertex -1.61637 -8.57782 3.78296
    endloop
  endfacet
  facet normal -2.12307e-05 -0.850647 0.525738
    outer loop
      vertex -1.84713 -8.36456 4.12801
      vertex -3.8985 -10.7197 0.3173
      vertex -1.6482 -8.56229 3.80809
    endloop
  endfacet
  facet normal 0.000160537 -0.85069 0.525667
    outer loop
      vertex -1.86368 -8.34812 4.15462
      vertex -3.8985 -10.7197 0.3173
      vertex -1.84713 -8.36456 4.12801
    endloop
  endfacet
  facet normal 1.03369e-05 -0.850655 0.525725
    outer loop
      vertex -1.87622 -8.1467 4.48053
      vertex -3.8985 -10.7197 0.3173
      vertex -1.86368 -8.34812 4.15462
    endloop
  endfacet
  facet normal -4.40691e-06 -0.850652 0.52573
    outer loop
      vertex -3.8985 -10.7197 0.3173
      vertex -1.87726 -8.12994 4.50765
      vertex 0 -4.4119 10.5236
    endloop
  endfacet
  facet normal 6.58449e-06 -0.850652 0.52573
    outer loop
      vertex 0.557246 -6.89488 6.50603
      vertex 0 -4.4119 10.5236
      vertex 0.104166 -6.8585 6.5649
    endloop
  endfacet
  facet normal -3.78914e-05 -0.850655 0.525725
    outer loop
      vertex 0.595002 -6.89791 6.50113
      vertex 0 -4.4119 10.5236
      vertex 0.557246 -6.89488 6.50603
    endloop
  endfacet
  facet normal 4.53232e-06 -0.850652 0.52573
    outer loop
      vertex 1.0817 -7.03825 6.27405
      vertex 0 -4.4119 10.5236
      vertex 0.595002 -6.89791 6.50113
    endloop
  endfacet
  facet normal 7.45171e-05 -0.850644 0.525742
    outer loop
      vertex 1.12225 -7.04994 6.25513
      vertex 0 -4.4119 10.5236
      vertex 1.0817 -7.03825 6.27405
    endloop
  endfacet
  facet normal 5.91612e-06 -0.850652 0.525729
    outer loop
      vertex 1.52441 -7.2489 5.9332
      vertex 0 -4.4119 10.5236
      vertex 1.12225 -7.04994 6.25513
    endloop
  endfacet
  facet normal -0.000154411 -0.850676 0.525691
    outer loop
      vertex 1.55791 -7.26548 5.90638
      vertex 0 -4.4119 10.5236
      vertex 1.52441 -7.2489 5.9332
    endloop
  endfacet
  facet normal -3.78334e-06 -0.850653 0.525728
    outer loop
      vertex 1.76559 -7.48087 5.55787
      vertex 0 -4.4119 10.5236
      vertex 1.55791 -7.26548 5.90638
    endloop
  endfacet
  facet normal 0.000171904 -0.850625 0.525773
    outer loop
      vertex 1.78289 -7.49881 5.52884
      vertex 0 -4.4119 10.5236
      vertex 1.76559 -7.48087 5.55787
    endloop
  endfacet
  facet normal 0.000125329 -0.850736 0.525593
    outer loop
      vertex 0.537448 -8.27219 4.27747
      vertex 0.708148 -8.18527 4.41812
      vertex 0.524791 -8.26172 4.29442
    endloop
  endfacet
  facet normal -4.41389e-05 -0.850644 0.525742
    outer loop
      vertex 0.601454 -8.42691 4.02714
      vertex 0.708148 -8.18527 4.41812
      vertex 0.537448 -8.27219 4.27747
    endloop
  endfacet
  facet normal 7.2243e-06 -0.850651 0.525731
    outer loop
      vertex 0.708148 -8.18527 4.41812
      vertex 0.601454 -8.42691 4.02714
      vertex 1.0351 -8.17515 4.43449
    endloop
  endfacet
  facet normal 1.7151e-05 -0.850655 0.525724
    outer loop
      vertex 0.564734 -8.58374 3.77338
      vertex 1.0351 -8.17515 4.43449
      vertex 0.601454 -8.42691 4.02714
    endloop
  endfacet
  facet normal -0.000221401 -0.850579 0.525847
    outer loop
      vertex 1.0351 -8.17515 4.43449
      vertex 0.564734 -8.58374 3.77338
      vertex 1.05811 -8.16966 4.44338
    endloop
  endfacet
  facet normal 4.9452e-06 -0.850654 0.525726
    outer loop
      vertex 1.05811 -8.16966 4.44338
      vertex 0.564734 -8.58374 3.77338
      vertex 1.3346 -8.10361 4.55025
    endloop
  endfacet
  facet normal 7.20166e-07 -0.850652 0.525729
    outer loop
      vertex 3.8985 -10.7197 0.3173
      vertex 1.3346 -8.10361 4.55025
      vertex 0.564734 -8.58374 3.77338
    endloop
  endfacet
  facet normal -2.58053e-06 -0.850654 0.525727
    outer loop
      vertex 3.8985 -10.7197 0.3173
      vertex 0.564734 -8.58374 3.77338
      vertex 0.437988 -8.71554 3.56012
    endloop
  endfacet
  facet normal -0.000111187 -0.850705 0.525643
    outer loop
      vertex 3.8985 -10.7197 0.3173
      vertex 0.437988 -8.71554 3.56012
      vertex 0.427447 -8.7265 3.54238
    endloop
  endfacet
  facet normal -3.74806e-05 -0.850673 0.525695
    outer loop
      vertex 3.8985 -10.7197 0.3173
      vertex 0.13097 -8.87086 3.3088
      vertex 0.106319 -8.88286 3.28938
    endloop
  endfacet
  facet normal 0.000205603 -0.850519 0.525945
    outer loop
      vertex 3.8985 -10.7197 0.3173
      vertex -0.262147 -8.93897 3.19859
      vertex -0.29278 -8.94364 3.19105
    endloop
  endfacet
  facet normal 0 -0.850653 0.525728
    outer loop
      vertex 3.8985 -10.7197 0.3173
      vertex -0.29278 -8.94364 3.19105
      vertex -3.8985 -10.7197 0.3173
    endloop
  endfacet
  facet normal -1.17357e-05 -0.850654 0.525725
    outer loop
      vertex 1.78289 -7.49881 5.52884
      vertex 3.8985 -10.7197 0.3173
      vertex 0 -4.4119 10.5236
    endloop
  endfacet
  facet normal 9.46394e-06 -0.85065 0.525732
    outer loop
      vertex 1.79158 -7.72019 5.17064
      vertex 3.8985 -10.7197 0.3173
      vertex 1.78289 -7.49881 5.52884
    endloop
  endfacet
  facet normal 2.39135e-05 -0.850648 0.525736
    outer loop
      vertex 1.7923 -7.73862 5.14082
      vertex 3.8985 -10.7197 0.3173
      vertex 1.79158 -7.72019 5.17064
    endloop
  endfacet
  facet normal -7.09342e-06 -0.850654 0.525726
    outer loop
      vertex 1.59745 -7.95549 4.78991
      vertex 3.8985 -10.7197 0.3173
      vertex 1.7923 -7.73862 5.14082
    endloop
  endfacet
  facet normal 0.0001994 -0.850606 0.525803
    outer loop
      vertex 1.58123 -7.97355 4.7607
      vertex 3.8985 -10.7197 0.3173
      vertex 1.59745 -7.95549 4.78991
    endloop
  endfacet
  facet normal -1.00257e-05 -0.850655 0.525724
    outer loop
      vertex 1.3346 -8.10361 4.55025
      vertex 3.8985 -10.7197 0.3173
      vertex 1.58123 -7.97355 4.7607
    endloop
  endfacet
  facet normal 4.2982e-07 -0.850652 0.52573
    outer loop
      vertex 0.13097 -8.87086 3.3088
      vertex 3.8985 -10.7197 0.3173
      vertex 0.427447 -8.7265 3.54238
    endloop
  endfacet
  facet normal -1.94715e-06 -0.850653 0.525728
    outer loop
      vertex -0.262147 -8.93897 3.19859
      vertex 3.8985 -10.7197 0.3173
      vertex 0.106319 -8.88286 3.28938
    endloop
  endfacet
  facet normal 1.47791e-05 -0.85065 0.525733
    outer loop
      vertex -0.625586 -7.76351 5.10054
      vertex -0.788997 -7.62375 5.32668
      vertex -0.902131 -7.72278 5.16645
    endloop
  endfacet
  facet normal 7.39398e-05 -0.850631 0.525764
    outer loop
      vertex -0.788997 -7.62375 5.32668
      vertex -0.625586 -7.76351 5.10054
      vertex -0.596017 -7.76216 5.10272
    endloop
  endfacet
  facet normal -0.00123866 -0.842574 0.538579
    outer loop
      vertex -0.596017 -7.76216 5.10272
      vertex -0.625586 -7.76351 5.10054
      vertex -0.59652 -7.76253 5.10214
    endloop
  endfacet
  facet normal -0.000232549 -0.850867 0.525381
    outer loop
      vertex -0.59652 -7.76253 5.10214
      vertex -0.625586 -7.76351 5.10054
      vertex -0.602565 -7.7669 5.09506
    endloop
  endfacet
  facet normal 3.03512e-05 -0.850678 0.525687
    outer loop
      vertex -0.849629 -8.05365 4.63109
      vertex -0.48647 -8.0086 4.70397
      vertex -0.657907 -8.00179 4.715
    endloop
  endfacet
  facet normal -0.000141236 -0.850503 0.52597
    outer loop
      vertex -0.849629 -8.05365 4.63109
      vertex -0.657907 -8.00179 4.715
      vertex -0.836046 -8.04599 4.64348
    endloop
  endfacet
  facet normal 1.5882e-05 -0.850646 0.525739
    outer loop
      vertex -0.178013 -8.4436 4.00013
      vertex -0.48647 -8.0086 4.70397
      vertex -0.849629 -8.05365 4.63109
    endloop
  endfacet
  facet normal -4.35197e-05 -0.850658 0.52572
    outer loop
      vertex -0.272611 -8.06422 4.61399
      vertex -0.48647 -8.0086 4.70397
      vertex -0.178013 -8.4436 4.00013
    endloop
  endfacet
  facet normal -1.5069e-05 -0.850653 0.525727
    outer loop
      vertex -0.882816 -8.5367 3.84949
      vertex -0.849629 -8.05365 4.63109
      vertex -1.01286 -8.14569 4.48216
    endloop
  endfacet
  facet normal -0.000388496 -0.850687 0.525672
    outer loop
      vertex -0.882816 -8.5367 3.84949
      vertex -1.01286 -8.14569 4.48216
      vertex -1.02173 -8.1543 4.46822
    endloop
  endfacet
  facet normal -0.000527052 -0.851171 0.524888
    outer loop
      vertex -0.48647 -8.0086 4.70397
      vertex -0.272611 -8.06422 4.61399
      vertex -0.472203 -8.00917 4.70306
    endloop
  endfacet
  facet normal 0.000119238 -0.850679 0.525686
    outer loop
      vertex -1.12988 -8.26548 4.28833
      vertex -1.02173 -8.1543 4.46822
      vertex -1.12833 -8.25778 4.30079
    endloop
  endfacet
  facet normal -5.51941e-06 -0.850645 0.52574
    outer loop
      vertex -1.06323 -8.45511 3.98151
      vertex -1.02173 -8.1543 4.46822
      vertex -1.12988 -8.26548 4.28833
    endloop
  endfacet
  facet normal -0.000562412 -0.850615 0.525789
    outer loop
      vertex -1.14293 -8.36499 4.12733
      vertex -1.12988 -8.26548 4.28833
      vertex -1.14852 -8.35802 4.1386
    endloop
  endfacet
  facet normal 7.09045e-05 -0.850638 0.525752
    outer loop
      vertex -1.06323 -8.45511 3.98151
      vertex -1.12988 -8.26548 4.28833
      vertex -1.14293 -8.36499 4.12733
    endloop
  endfacet
  facet normal 2.18047e-06 -0.850655 0.525725
    outer loop
      vertex -0.272611 -8.06422 4.61399
      vertex -0.178013 -8.4436 4.00013
      vertex -0.0452175 -8.24213 4.32612
    endloop
  endfacet
  facet normal -0.000900564 -0.850875 0.525367
    outer loop
      vertex -1.06323 -8.45511 3.98151
      vertex -1.14293 -8.36499 4.12733
      vertex -1.07578 -8.4487 3.99187
    endloop
  endfacet
  facet normal 2.06743e-05 -0.850646 0.525738
    outer loop
      vertex -1.02173 -8.1543 4.46822
      vertex -1.06323 -8.45511 3.98151
      vertex -0.882816 -8.5367 3.84949
    endloop
  endfacet
  facet normal 4.79966e-07 -0.850653 0.525727
    outer loop
      vertex -0.849629 -8.05365 4.63109
      vertex -0.882816 -8.5367 3.84949
      vertex -0.178013 -8.4436 4.00013
    endloop
  endfacet
  facet normal 0.000287852 -0.850483 0.526002
    outer loop
      vertex -0.882816 -8.5367 3.84949
      vertex -1.06323 -8.45511 3.98151
      vertex -0.912385 -8.53209 3.85696
    endloop
  endfacet
  facet normal 5.81051e-07 -0.850654 0.525727
    outer loop
      vertex -0.52729 -8.59218 3.75972
      vertex -0.178013 -8.4436 4.00013
      vertex -0.882816 -8.5367 3.84949
    endloop
  endfacet
  facet normal -0.000158267 -0.85055 0.525894
    outer loop
      vertex -0.178013 -8.4436 4.00013
      vertex -0.52729 -8.59218 3.75972
      vertex -0.189059 -8.46036 3.97302
    endloop
  endfacet
  facet normal -4.35836e-06 -0.85063 0.525764
    outer loop
      vertex 0.325562 -7.21579 5.98678
      vertex 0.54245 -7.21712 5.98463
      vertex 0.341604 -7.21155 5.99364
    endloop
  endfacet
  facet normal -4.88694e-06 -0.850654 0.525726
    outer loop
      vertex 0.132977 -7.26664 5.9045
      vertex 0.54245 -7.21712 5.98463
      vertex 0.325562 -7.21579 5.98678
    endloop
  endfacet
  facet normal -5.73369e-06 -0.850652 0.525729
    outer loop
      vertex 0.710678 -7.85245 4.95664
      vertex 0.54245 -7.21712 5.98463
      vertex 0.132977 -7.26664 5.9045
    endloop
  endfacet
  facet normal -1.33298e-05 -0.850653 0.525728
    outer loop
      vertex 0.898242 -7.75054 5.12154
      vertex 0.54245 -7.21712 5.98463
      vertex 0.710678 -7.85245 4.95664
    endloop
  endfacet
  facet normal 0.000202452 -0.850419 0.526106
    outer loop
      vertex 0.54245 -7.21712 5.98463
      vertex 0.794818 -7.2819 5.87982
      vertex 0.559181 -7.21758 5.98388
    endloop
  endfacet
  facet normal -1.62515e-05 -0.850651 0.52573
    outer loop
      vertex 0.0750167 -7.83979 4.97712
      vertex 0.132977 -7.26664 5.9045
      vertex -0.0757456 -7.3857 5.71185
    endloop
  endfacet
  facet normal 2.23449e-05 -0.850651 0.525731
    outer loop
      vertex 1.04512 -7.60303 5.36021
      vertex 0.794818 -7.2819 5.87982
      vertex 0.898242 -7.75054 5.12154
    endloop
  endfacet
  facet normal 2.4483e-05 -0.85065 0.525732
    outer loop
      vertex 0.794818 -7.2819 5.87982
      vertex 1.04512 -7.60303 5.36021
      vertex 0.988766 -7.38167 5.71838
    endloop
  endfacet
  facet normal -0.000611504 -0.850622 0.525778
    outer loop
      vertex 1.06584 -7.48226 5.55562
      vertex 1.04512 -7.60303 5.36021
      vertex 1.07225 -7.49064 5.54207
    endloop
  endfacet
  facet normal 1.07662e-05 -0.850651 0.52573
    outer loop
      vertex 0.988766 -7.38167 5.71838
      vertex 1.04512 -7.60303 5.36021
      vertex 1.06584 -7.48226 5.55562
    endloop
  endfacet
  facet normal -0.000182308 -0.850623 0.525777
    outer loop
      vertex -0.201083 -7.64437 5.29332
      vertex -0.0757456 -7.3857 5.71185
      vertex -0.222625 -7.62848 5.31902
    endloop
  endfacet
  facet normal 6.2411e-06 -0.850648 0.525736
    outer loop
      vertex 0.0576544 -7.83517 4.9846
      vertex -0.0757456 -7.3857 5.71185
      vertex -0.201083 -7.64437 5.29332
    endloop
  endfacet
  facet normal -0.000328135 -0.850554 0.525887
    outer loop
      vertex 1.04512 -7.60303 5.36021
      vertex 0.898242 -7.75054 5.12154
      vertex 1.04286 -7.61239 5.34507
    endloop
  endfacet
  facet normal 0.000156581 -0.850635 0.525756
    outer loop
      vertex -0.0757456 -7.3857 5.71185
      vertex 0.0576544 -7.83517 4.9846
      vertex 0.0750167 -7.83979 4.97712
    endloop
  endfacet
  facet normal -1.46722e-05 -0.850651 0.52573
    outer loop
      vertex 0.132977 -7.26664 5.9045
      vertex 0.0750167 -7.83979 4.97712
      vertex 0.283596 -7.89533 4.88726
    endloop
  endfacet
  facet normal -1.51729e-05 -0.850653 0.525727
    outer loop
      vertex 0.794818 -7.2819 5.87982
      vertex 0.54245 -7.21712 5.98463
      vertex 0.898242 -7.75054 5.12154
    endloop
  endfacet
  facet normal 1.48339e-05 -0.850649 0.525733
    outer loop
      vertex 0.132977 -7.26664 5.9045
      vertex 0.283596 -7.89533 4.88726
      vertex 0.519455 -7.89718 4.88426
    endloop
  endfacet
  facet normal -1.20124e-05 -0.850654 0.525726
    outer loop
      vertex 0.132977 -7.26664 5.9045
      vertex 0.519455 -7.89718 4.88426
      vertex 0.710678 -7.85245 4.95664
    endloop
  endfacet
  facet normal 1.99602e-05 -0.850469 0.526025
    outer loop
      vertex 0.519455 -7.89718 4.88426
      vertex 0.283596 -7.89533 4.88726
      vertex 0.503538 -7.90091 4.87823
    endloop
  endfacet
  facet normal -0.500003 -0.809012 0.309026
    outer loop
      vertex -6.8212 -6.6251 6.3078
      vertex -3.8985 -10.7197 0.3173
      vertex -6.3078 -6.8212 6.6251
    endloop
  endfacet
  facet normal -0.500003 -0.809012 0.309026
    outer loop
      vertex -3.8985 -10.7197 0.3173
      vertex -6.8212 -6.6251 6.3078
      vertex -4.4119 -10.5236 0
    endloop
  endfacet
  facet normal 0.500003 0.809012 0.309026
    outer loop
      vertex 6.8212 6.6251 6.3078
      vertex 3.8985 10.7197 0.3173
      vertex 6.3078 6.8212 6.6251
    endloop
  endfacet
  facet normal 0.500003 0.809012 0.309026
    outer loop
      vertex 3.8985 10.7197 0.3173
      vertex 6.8212 6.6251 6.3078
      vertex 4.4119 10.5236 0
    endloop
  endfacet
  facet normal -0.809012 0.309026 -0.500003
    outer loop
      vertex -6.6251 6.3078 -6.8212
      vertex -10.7197 0.3173 -3.8985
      vertex -6.8212 6.6251 -6.3078
    endloop
  endfacet
  facet normal -0.809012 0.309026 -0.500003
    outer loop
      vertex -10.7197 0.3173 -3.8985
      vertex -6.6251 6.3078 -6.8212
      vertex -10.5236 0 -4.4119
    endloop
  endfacet
  facet normal -0.525733 -1.59076e-05 -0.85065
    outer loop
      vertex -6.6251 -6.3078 -6.8212
      vertex -10.5236 0 -4.4119
      vertex -0.3173 -3.8985 -10.7197
    endloop
  endfacet
  facet normal -0.525722 1.75285e-06 -0.850656
    outer loop
      vertex -3.30558 0.568033 -8.87285
      vertex -3.53434 1.42837 -8.73147
      vertex -3.51824 1.48662 -8.74142
    endloop
  endfacet
  facet normal -0.525725 7.77402e-07 -0.850655
    outer loop
      vertex -3.69516 0.71683 -8.63208
      vertex -3.53434 1.42837 -8.73147
      vertex -3.30558 0.568033 -8.87285
    endloop
  endfacet
  facet normal -0.525748 7.78201e-06 -0.850641
    outer loop
      vertex -3.53434 1.42837 -8.73147
      vertex -3.69516 0.71683 -8.63208
      vertex -3.7276 0.729223 -8.61203
    endloop
  endfacet
  facet normal -0.525729 0 -0.850652
    outer loop
      vertex -0.3173 -3.8985 -10.7197
      vertex -3.30558 0.568033 -8.87285
      vertex -0.3173 3.8985 -10.7197
    endloop
  endfacet
  facet normal -0.525737 -7.02563e-06 -0.850647
    outer loop
      vertex -0.3173 -3.8985 -10.7197
      vertex -3.31731 0.52562 -8.8656
      vertex -3.30558 0.568033 -8.87285
    endloop
  endfacet
  facet normal -0.525727 2.04312e-06 -0.850653
    outer loop
      vertex -0.3173 -3.8985 -10.7197
      vertex -3.45805 0.0164652 -8.77862
      vertex -3.31731 0.52562 -8.8656
    endloop
  endfacet
  facet normal -0.525729 -3.93999e-07 -0.850652
    outer loop
      vertex -4.5461 -2.23177 -8.10617
      vertex -3.45805 0.0164652 -8.77862
      vertex -0.3173 -3.8985 -10.7197
    endloop
  endfacet
  facet normal -0.525723 -4.66074e-06 -0.850656
    outer loop
      vertex -3.93127 -0.00754875 -8.48616
      vertex -3.45805 0.0164652 -8.77862
      vertex -4.5461 -2.23177 -8.10617
    endloop
  endfacet
  facet normal -0.525731 1.52409e-05 -0.850651
    outer loop
      vertex -3.4905 0.0288577 -8.75857
      vertex -3.93127 -0.00754875 -8.48616
      vertex -3.88007 0.177656 -8.5178
    endloop
  endfacet
  facet normal -0.525713 -0.000290143 -0.850662
    outer loop
      vertex -3.45805 0.0164652 -8.77862
      vertex -3.93127 -0.00754875 -8.48616
      vertex -3.4905 0.0288577 -8.75857
    endloop
  endfacet
  facet normal -0.525576 0.000536193 -0.850746
    outer loop
      vertex -0.3173 -3.8985 -10.7197
      vertex -5.25096 -1.96255 -7.67055
      vertex -4.5461 -2.23177 -8.10617
    endloop
  endfacet
  facet normal -0.525728 7.628e-07 -0.850652
    outer loop
      vertex -5.25096 -1.96255 -7.67055
      vertex -10.5236 0 -4.4119
      vertex -5.92204 0.951729 -7.2558
    endloop
  endfacet
  facet normal -0.525729 -1.46309e-06 -0.850652
    outer loop
      vertex -10.5236 0 -4.4119
      vertex -5.25096 -1.96255 -7.67055
      vertex -0.3173 -3.8985 -10.7197
    endloop
  endfacet
  facet normal -0.525729 -3.64722e-07 -0.850652
    outer loop
      vertex -3.51824 1.48662 -8.74142
      vertex -0.3173 3.8985 -10.7197
      vertex -3.30558 0.568033 -8.87285
    endloop
  endfacet
  facet normal -0.525727 -4.70805e-06 -0.850654
    outer loop
      vertex -4.07359 1.69874 -8.3982
      vertex -0.3173 3.8985 -10.7197
      vertex -3.51824 1.48662 -8.74142
    endloop
  endfacet
  facet normal -0.525728 -1.30987e-06 -0.850653
    outer loop
      vertex -4.11985 1.71641 -8.36961
      vertex -0.3173 3.8985 -10.7197
      vertex -4.07359 1.69874 -8.3982
    endloop
  endfacet
  facet normal -0.525754 -7.65903e-05 -0.850637
    outer loop
      vertex -5.65753 1.46636 -7.41927
      vertex -4.31312 1.01723 -8.25017
      vertex -4.32921 0.959007 -8.24022
    endloop
  endfacet
  facet normal -0.525733 9.70339e-06 -0.85065
    outer loop
      vertex -4.31312 1.01723 -8.25017
      vertex -5.65753 1.46636 -7.41927
      vertex -4.11985 1.71641 -8.36961
    endloop
  endfacet
  facet normal -0.525722 -8.65447e-05 -0.850657
    outer loop
      vertex -5.7681 1.50859 -7.35094
      vertex -4.11985 1.71641 -8.36961
      vertex -5.65753 1.46636 -7.41927
    endloop
  endfacet
  facet normal -0.52573 2.35398e-06 -0.850652
    outer loop
      vertex -4.11985 1.71641 -8.36961
      vertex -5.7681 1.50859 -7.35094
      vertex -0.3173 3.8985 -10.7197
    endloop
  endfacet
  facet normal -0.525727 -5.12959e-06 -0.850653
    outer loop
      vertex -5.7681 1.50859 -7.35094
      vertex -10.5236 0 -4.4119
      vertex -0.3173 3.8985 -10.7197
    endloop
  endfacet
  facet normal -0.525728 -3.27649e-06 -0.850653
    outer loop
      vertex -5.91021 0.994511 -7.26311
      vertex -10.5236 0 -4.4119
      vertex -5.7681 1.50859 -7.35094
    endloop
  endfacet
  facet normal -0.525732 2.71935e-05 -0.85065
    outer loop
      vertex -10.5236 0 -4.4119
      vertex -5.91021 0.994511 -7.26311
      vertex -5.92204 0.951729 -7.2558
    endloop
  endfacet
  facet normal -0.525753 1.94332e-05 -0.850638
    outer loop
      vertex -5.06358 -0.708979 -7.78635
      vertex -4.50752 0.313938 -8.13001
      vertex -4.81798 -0.809154 -7.93815
    endloop
  endfacet
  facet normal -0.526098 0.000227334 -0.850424
    outer loop
      vertex -4.94468 -1.32307 -7.85984
      vertex -4.92744 -1.26623 -7.87049
      vertex -4.94223 -1.33936 -7.86136
    endloop
  endfacet
  facet normal -0.5256 1.85589e-05 -0.850732
    outer loop
      vertex -4.97418 -1.12732 -7.84161
      vertex -4.92744 -1.26623 -7.87049
      vertex -4.94468 -1.32307 -7.85984
    endloop
  endfacet
  facet normal -0.52564 1.04388e-14 -0.850707
    outer loop
      vertex -4.92744 -1.26623 -7.87049
      vertex -4.97418 -1.12732 -7.84161
      vertex -4.92621 -1.26015 -7.87125
    endloop
  endfacet
  facet normal -0.525734 -4.68511e-05 -0.850649
    outer loop
      vertex -4.92621 -1.26015 -7.87125
      vertex -4.97418 -1.12732 -7.84161
      vertex -4.89548 -1.12087 -7.89025
    endloop
  endfacet
  facet normal -0.525745 0.000137523 -0.850642
    outer loop
      vertex -4.97885 -1.10458 -7.83872
      vertex -4.89548 -1.12087 -7.89025
      vertex -4.97418 -1.12732 -7.84161
    endloop
  endfacet
  facet normal -0.525758 4.65404e-05 -0.850634
    outer loop
      vertex -4.89548 -1.12087 -7.89025
      vertex -4.97885 -1.10458 -7.83872
      vertex -4.85704 -0.958323 -7.914
    endloop
  endfacet
  facet normal -0.525712 -5.62927e-06 -0.850662
    outer loop
      vertex -5.03505 -0.831274 -7.80399
      vertex -4.85704 -0.958323 -7.914
      vertex -4.97885 -1.10458 -7.83872
    endloop
  endfacet
  facet normal -0.525737 -5.26565e-05 -0.850647
    outer loop
      vertex -4.85704 -0.958323 -7.914
      vertex -5.03505 -0.831274 -7.80399
      vertex -4.81798 -0.809154 -7.93815
    endloop
  endfacet
  facet normal -0.525744 4.7888e-05 -0.850643
    outer loop
      vertex -5.06358 -0.708979 -7.78635
      vertex -4.81798 -0.809154 -7.93815
      vertex -5.03505 -0.831274 -7.80399
    endloop
  endfacet
  facet normal -0.525721 -4.00004e-06 -0.850657
    outer loop
      vertex -5.33546 0.733542 -7.61833
      vertex -4.50752 0.313938 -8.13001
      vertex -5.06358 -0.708979 -7.78635
    endloop
  endfacet
  facet normal -0.525751 -8.35636e-05 -0.850639
    outer loop
      vertex -4.50752 0.313938 -8.13001
      vertex -5.33546 0.733542 -7.61833
      vertex -4.48168 0.40744 -8.14599
    endloop
  endfacet
  facet normal -0.525699 1.89375e-06 -0.850671
    outer loop
      vertex -5.33546 0.733542 -7.61833
      vertex -5.06358 -0.708979 -7.78635
      vertex -5.40653 0.760685 -7.57441
    endloop
  endfacet
  facet normal -0.85065 -0.525733 -1.62697e-05
    outer loop
      vertex -6.8212 -6.6251 -6.3078
      vertex -7.2268 -5.96897 -1.73973
      vertex -10.7197 -0.3173 -3.8985
    endloop
  endfacet
  facet normal -0.850647 -0.525737 -1.55231e-05
    outer loop
      vertex -7.2268 -5.96897 -1.73973
      vertex -6.8212 -6.6251 -6.3078
      vertex -7.02991 -6.28754 -1.73973
    endloop
  endfacet
  facet normal -0.85065 -0.525733 -1.58981e-05
    outer loop
      vertex -4.4119 -10.5236 0
      vertex -7.02991 -6.28754 -1.73973
      vertex -6.8212 -6.6251 -6.3078
    endloop
  endfacet
  facet normal -0.850653 -0.525728 0
    outer loop
      vertex -7.02991 -6.28754 -1.73973
      vertex -4.4119 -10.5236 0
      vertex -7.02991 -6.28754 -1.61805
    endloop
  endfacet
  facet normal -0.850653 -0.525728 0
    outer loop
      vertex -4.4119 -10.5236 0
      vertex -7.02991 -6.28754 -1.13004
      vertex -7.02991 -6.28754 -1.61805
    endloop
  endfacet
  facet normal -0.850653 -0.525728 0
    outer loop
      vertex -7.02991 -6.28754 -1.13004
      vertex -4.4119 -10.5236 0
      vertex -7.02991 -6.28754 0.809952
    endloop
  endfacet
  facet normal -0.850653 -0.525728 0
    outer loop
      vertex -7.02991 -6.28754 0.809952
      vertex -4.4119 -10.5236 0
      vertex -7.02991 -6.28754 1.41966
    endloop
  endfacet
  facet normal -0.850653 -0.525727 0
    outer loop
      vertex -8.47599 -3.94772 1.45407
      vertex -7.45873 -5.5937 1.88307
      vertex -8.47599 -3.94772 2.25401
    endloop
  endfacet
  facet normal -0.850654 -0.525726 2.19534e-06
    outer loop
      vertex -7.45873 -5.5937 1.88307
      vertex -8.47599 -3.94772 1.45407
      vertex -7.31792 -5.82154 1.45407
    endloop
  endfacet
  facet normal -0.850652 -0.525729 0
    outer loop
      vertex -7.5722 -5.41009 -0.320908
      vertex -8.47599 -3.94772 -0.295685
      vertex -8.47599 -3.94772 -1.09563
    endloop
  endfacet
  facet normal -0.850652 -0.525729 0
    outer loop
      vertex -8.47599 -3.94772 -0.295685
      vertex -7.5722 -5.41009 -0.320908
      vertex -8.47599 -3.94772 0.0696106
    endloop
  endfacet
  facet normal -0.850652 -0.525729 0
    outer loop
      vertex -8.47599 -3.94772 0.0696106
      vertex -7.5722 -5.41009 -0.320908
      vertex -8.47599 -3.94772 0.809952
    endloop
  endfacet
  facet normal -0.850664 -0.52571 5.01621e-05
    outer loop
      vertex -8.47599 -3.94772 -1.09563
      vertex -7.55265 -5.44173 -0.380475
      vertex -7.5722 -5.41009 -0.320908
    endloop
  endfacet
  facet normal -0.850654 -0.525726 3.04575e-06
    outer loop
      vertex -7.55265 -5.44173 -0.380475
      vertex -8.47599 -3.94772 -1.09563
      vertex -7.31792 -5.82154 -1.09563
    endloop
  endfacet
  facet normal -0.850658 -0.52572 0
    outer loop
      vertex -8.47599 -3.94772 -0.295685
      vertex -8.72785 -3.54019 0.0696106
      vertex -8.72785 -3.54019 -0.295685
    endloop
  endfacet
  facet normal -0.850658 -0.52572 0
    outer loop
      vertex -8.72785 -3.54019 0.0696106
      vertex -8.47599 -3.94772 -0.295685
      vertex -8.47599 -3.94772 0.0696106
    endloop
  endfacet
  facet normal -0.850651 -0.52573 -0
    outer loop
      vertex -8.72785 -3.54019 -0.295685
      vertex -10.7197 -0.3173 -3.8985
      vertex -8.72785 -3.54019 -2.48009
    endloop
  endfacet
  facet normal -0.850658 -0.52572 3.17208e-05
    outer loop
      vertex -10.7197 -0.3173 -3.8985
      vertex -8.47599 -3.94772 -2.48009
      vertex -8.72785 -3.54019 -2.48009
    endloop
  endfacet
  facet normal -0.850653 -0.525728 0
    outer loop
      vertex -8.47599 -3.94772 -2.48009
      vertex -7.2268 -5.96897 -1.73973
      vertex -8.47599 -3.94772 -1.73973
    endloop
  endfacet
  facet normal -0.850664 -0.525709 6.87475e-05
    outer loop
      vertex -7.2268 -5.96897 -1.73973
      vertex -8.47599 -3.94772 -2.48009
      vertex -10.7197 -0.3173 -3.8985
    endloop
  endfacet
  facet normal -0.850651 -0.52573 -0
    outer loop
      vertex -8.72785 -3.54019 0.0696106
      vertex -10.7197 -0.3173 -3.8985
      vertex -8.72785 -3.54019 -0.295685
    endloop
  endfacet
  facet normal -0.850651 -0.52573 0
    outer loop
      vertex -10.7197 -0.3173 -3.8985
      vertex -8.72785 -3.54019 0.0696106
      vertex -10.7197 -0.3173 3.8985
    endloop
  endfacet
  facet normal -0.850651 -0.52573 -0
    outer loop
      vertex -8.72785 -3.54019 2.25401
      vertex -10.7197 -0.3173 3.8985
      vertex -8.72785 -3.54019 0.0696106
    endloop
  endfacet
  facet normal -0.850658 -0.52572 -2.73599e-05
    outer loop
      vertex -8.47599 -3.94772 2.25401
      vertex -10.7197 -0.3173 3.8985
      vertex -8.72785 -3.54019 2.25401
    endloop
  endfacet
  facet normal -0.850655 -0.525725 -1.29691e-05
    outer loop
      vertex -10.7197 -0.3173 3.8985
      vertex -8.47599 -3.94772 2.25401
      vertex -7.45873 -5.5937 1.88307
    endloop
  endfacet
  facet normal -0.85065 -0.525732 -3.89051e-06
    outer loop
      vertex -7.02991 -6.28754 0.809952
      vertex -7.5722 -5.41009 -0.320908
      vertex -7.30587 -5.84102 -0.320908
    endloop
  endfacet
  facet normal -0.850603 -0.525809 -0
    outer loop
      vertex -7.02991 -6.28754 0.809952
      vertex -7.05115 -6.25318 -1.06776
      vertex -7.02991 -6.28754 -1.13004
    endloop
  endfacet
  facet normal -0.850652 -0.525729 -6.13458e-07
    outer loop
      vertex -7.5722 -5.41009 -0.320908
      vertex -7.02991 -6.28754 0.809952
      vertex -8.47599 -3.94772 0.809952
    endloop
  endfacet
  facet normal -0.850657 -0.525721 2.2333e-06
    outer loop
      vertex -7.05115 -6.25318 -1.06776
      vertex -7.02991 -6.28754 0.809952
      vertex -7.30587 -5.84102 -0.320908
    endloop
  endfacet
  facet normal -0.850664 -0.52571 -7.55342e-05
    outer loop
      vertex -4.4119 -10.5236 0
      vertex -7.05115 -6.25318 1.48193
      vertex -7.02991 -6.28754 1.41966
    endloop
  endfacet
  facet normal -0.850645 -0.52574 4.26627e-05
    outer loop
      vertex -7.05115 -6.25318 1.48193
      vertex -4.4119 -10.5236 0
      vertex -7.11564 -6.14882 1.67103
    endloop
  endfacet
  facet normal 0.35682 -0.934173 0
    outer loop
      vertex 3.8985 -10.7197 0.3173
      vertex 3.8985 -10.7197 -0.3173
      vertex 4.4119 -10.5236 0
    endloop
  endfacet
  facet normal 0.500003 -0.809012 0.309026
    outer loop
      vertex 3.8985 -10.7197 0.3173
      vertex 6.8212 -6.6251 6.3078
      vertex 6.3078 -6.8212 6.6251
    endloop
  endfacet
  facet normal 0.500003 -0.809012 0.309026
    outer loop
      vertex 6.8212 -6.6251 6.3078
      vertex 3.8985 -10.7197 0.3173
      vertex 4.4119 -10.5236 0
    endloop
  endfacet
  facet normal 1.59076e-05 0.85065 0.525733
    outer loop
      vertex 3.8985 10.7197 0.3173
      vertex 0 4.4119 10.5236
      vertex 6.3078 6.8212 6.6251
    endloop
  endfacet
  facet normal 0.85065 -0.525733 1.59076e-05
    outer loop
      vertex 6.8212 -6.6251 6.3078
      vertex 4.4119 -10.5236 0
      vertex 10.7197 -0.3173 3.8985
    endloop
  endfacet
  facet normal 0.85065 0.525733 -1.55855e-05
    outer loop
      vertex 7.3273 5.80635 -1.80185
      vertex 6.8212 6.6251 -6.3078
      vertex 4.4119 10.5236 0
    endloop
  endfacet
  facet normal 0.850644 0.525742 -1.31424e-05
    outer loop
      vertex 7.49028 5.54264 -2.22853
      vertex 6.8212 6.6251 -6.3078
      vertex 7.3273 5.80635 -1.80185
    endloop
  endfacet
  facet normal 0.850654 0.525726 1.28309e-05
    outer loop
      vertex 10.7197 0.3173 -3.8985
      vertex 7.49028 5.54264 -2.22853
      vertex 7.65325 5.27894 -2.0033
    endloop
  endfacet
  facet normal 0.85065 0.525733 -1.66469e-05
    outer loop
      vertex 7.49028 5.54264 -2.22853
      vertex 10.7197 0.3173 -3.8985
      vertex 6.8212 6.6251 -6.3078
    endloop
  endfacet
  facet normal 0.809012 0.309026 0.500003
    outer loop
      vertex 6.6251 6.3078 6.8212
      vertex 10.7197 0.3173 3.8985
      vertex 6.8212 6.6251 6.3078
    endloop
  endfacet
  facet normal 0.809012 0.309026 0.500003
    outer loop
      vertex 10.7197 0.3173 3.8985
      vertex 6.6251 6.3078 6.8212
      vertex 10.5236 0 4.4119
    endloop
  endfacet
  facet normal 2.81422e-05 0.850652 0.52573
    outer loop
      vertex 0 4.4119 10.5236
      vertex 0.250702 6.87271 6.5419
      vertex 0.175293 6.84699 6.58352
    endloop
  endfacet
  facet normal 1.30707e-06 0.850652 0.525729
    outer loop
      vertex 0 4.4119 10.5236
      vertex 1.15479 7.18105 6.04299
      vertex 0.250702 6.87271 6.5419
    endloop
  endfacet
  facet normal -5.76677e-06 0.850653 0.525727
    outer loop
      vertex 3.8985 10.7197 0.3173
      vertex 1.15479 7.50345 5.52133
      vertex 1.15479 7.18105 6.04299
    endloop
  endfacet
  facet normal -0 0.850652 0.525729
    outer loop
      vertex -3.8985 10.7197 0.3173
      vertex 1.1853 8.90242 3.25774
      vertex 3.8985 10.7197 0.3173
    endloop
  endfacet
  facet normal -5.07837e-06 0.850654 0.525725
    outer loop
      vertex 1.1853 8.59753 3.75107
      vertex 3.8985 10.7197 0.3173
      vertex 1.1853 8.90242 3.25774
    endloop
  endfacet
  facet normal 4.783e-06 0.850651 0.525731
    outer loop
      vertex 1.15479 7.50345 5.52133
      vertex 3.8985 10.7197 0.3173
      vertex 1.1853 8.59753 3.75107
    endloop
  endfacet
  facet normal -2.41248e-06 0.850653 0.525728
    outer loop
      vertex 3.8985 10.7197 0.3173
      vertex 1.15479 7.18105 6.04299
      vertex 0 4.4119 10.5236
    endloop
  endfacet
  facet normal -0 0.850652 0.525729
    outer loop
      vertex -0.562759 6.84699 6.58352
      vertex 0 4.4119 10.5236
      vertex 0.175293 6.84699 6.58352
    endloop
  endfacet
  facet normal -0 0.850652 0.525729
    outer loop
      vertex -1.45897 8.59753 3.75107
      vertex -0.562759 6.84699 6.58352
      vertex -0.562759 8.59753 3.75107
    endloop
  endfacet
  facet normal -2.51243e-06 0.850652 0.525729
    outer loop
      vertex -3.8985 10.7197 0.3173
      vertex -0.562759 6.84699 6.58352
      vertex -1.45897 8.59753 3.75107
    endloop
  endfacet
  facet normal -1.98521e-06 0.850652 0.525729
    outer loop
      vertex -0.562759 6.84699 6.58352
      vertex -3.8985 10.7197 0.3173
      vertex 0 4.4119 10.5236
    endloop
  endfacet
  facet normal 5.64807e-06 0.850654 0.525725
    outer loop
      vertex -1.45897 8.90242 3.25774
      vertex -3.8985 10.7197 0.3173
      vertex -1.45897 8.59753 3.75107
    endloop
  endfacet
  facet normal 0 0.850652 0.525729
    outer loop
      vertex 1.1853 8.90242 3.25774
      vertex -3.8985 10.7197 0.3173
      vertex -1.45897 8.90242 3.25774
    endloop
  endfacet
  facet normal -0 0.850651 0.525731
    outer loop
      vertex 0.216949 8.59753 3.75107
      vertex 1.15479 7.50345 5.52133
      vertex 1.1853 8.59753 3.75107
    endloop
  endfacet
  facet normal 2.79603e-06 0.850652 0.52573
    outer loop
      vertex 1.15479 7.50345 5.52133
      vertex 0.216949 8.59753 3.75107
      vertex 0.216949 7.19563 6.0194
    endloop
  endfacet
  facet normal -0.309026 0.500003 0.809012
    outer loop
      vertex -6.3078 6.8212 6.6251
      vertex -0.3173 3.8985 10.7197
      vertex 0 4.4119 10.5236
    endloop
  endfacet
  facet normal -0.309026 0.500003 0.809012
    outer loop
      vertex -0.3173 3.8985 10.7197
      vertex -6.3078 6.8212 6.6251
      vertex -6.6251 6.3078 6.8212
    endloop
  endfacet
  facet normal 0.500003 0.809012 -0.309026
    outer loop
      vertex 6.8212 6.6251 -6.3078
      vertex 3.8985 10.7197 -0.3173
      vertex 4.4119 10.5236 0
    endloop
  endfacet
  facet normal 0.500003 0.809012 -0.309026
    outer loop
      vertex 3.8985 10.7197 -0.3173
      vertex 6.8212 6.6251 -6.3078
      vertex 6.3078 6.8212 -6.6251
    endloop
  endfacet
  facet normal -1.59076e-05 0.85065 -0.525733
    outer loop
      vertex 0 4.4119 -10.5236
      vertex -6.3078 6.8212 -6.6251
      vertex -3.8985 10.7197 -0.3173
    endloop
  endfacet
  facet normal -0.35682 -0.934173 -0
    outer loop
      vertex -3.8985 -10.7197 0.3173
      vertex -4.4119 -10.5236 0
      vertex -3.8985 -10.7197 -0.3173
    endloop
  endfacet
  facet normal 0.809012 0.309026 -0.500003
    outer loop
      vertex 10.7197 0.3173 -3.8985
      vertex 6.6251 6.3078 -6.8212
      vertex 6.8212 6.6251 -6.3078
    endloop
  endfacet
  facet normal 0.809012 0.309026 -0.500003
    outer loop
      vertex 6.6251 6.3078 -6.8212
      vertex 10.7197 0.3173 -3.8985
      vertex 10.5236 0 -4.4119
    endloop
  endfacet
  facet normal 0 0.35682 -0.934173
    outer loop
      vertex 0.3173 3.8985 -10.7197
      vertex -0.3173 3.8985 -10.7197
      vertex 0 4.4119 -10.5236
    endloop
  endfacet
  facet normal -0.850652 0.525729 -2.96575e-06
    outer loop
      vertex -4.4119 10.5236 0
      vertex -6.50832 7.1315 -0.500935
      vertex -6.48062 7.17632 -0.462658
    endloop
  endfacet
  facet normal -0.850653 0.525728 7.12942e-06
    outer loop
      vertex -4.4119 10.5236 0
      vertex -6.84057 6.59391 -0.960112
      vertex -6.50832 7.1315 -0.500935
    endloop
  endfacet
  facet normal -0.850653 0.525728 7.65206e-06
    outer loop
      vertex -6.72842 6.77537 0.186087
      vertex -7.22236 5.97615 0.250694
      vertex -7.1237 6.13578 0.711126
    endloop
  endfacet
  facet normal -0.850658 0.525719 2.71133e-06
    outer loop
      vertex -7.08837 6.19296 -0.311366
      vertex -7.43227 5.6365 -0.147439
      vertex -7.22236 5.97615 0.250694
    endloop
  endfacet
  facet normal -0.850653 0.525727 -2.46892e-06
    outer loop
      vertex -7.67358 5.24606 -0.386622
      vertex -7.08837 6.19296 -0.311366
      vertex -6.84057 6.59391 -0.960112
    endloop
  endfacet
  facet normal -0.850644 0.525741 0.000106337
    outer loop
      vertex -7.08837 6.19296 -0.311366
      vertex -7.45082 5.60649 -0.165826
      vertex -7.43227 5.6365 -0.147439
    endloop
  endfacet
  facet normal -0.850654 0.525726 1.96535e-05
    outer loop
      vertex -7.08837 6.19296 -0.311366
      vertex -7.67358 5.24606 -0.386622
      vertex -7.45082 5.60649 -0.165826
    endloop
  endfacet
  facet normal -0.850653 0.525727 -1.57125e-06
    outer loop
      vertex -8.22604 4.35215 -1.11411
      vertex -7.67358 5.24606 -0.386622
      vertex -6.84057 6.59391 -0.960112
    endloop
  endfacet
  facet normal -0.850637 0.525754 -4.71357e-05
    outer loop
      vertex -7.67358 5.24606 -0.386622
      vertex -8.22604 4.35215 -1.11411
      vertex -7.69185 5.2165 -0.390125
    endloop
  endfacet
  facet normal -0.850651 0.525731 -4.9354e-06
    outer loop
      vertex -8.39549 4.07798 -0.509244
      vertex -8.12876 4.50956 -0.287756
      vertex -8.22604 4.35215 -1.11411
    endloop
  endfacet
  facet normal -0.850649 0.525734 -5.53278e-06
    outer loop
      vertex -7.91129 4.86143 -0.432199
      vertex -8.22604 4.35215 -1.11411
      vertex -8.12876 4.50956 -0.287756
    endloop
  endfacet
  facet normal -0.850657 0.525721 7.24354e-06
    outer loop
      vertex -7.69185 5.2165 -0.390125
      vertex -8.22604 4.35215 -1.11411
      vertex -7.91129 4.86143 -0.432199
    endloop
  endfacet
  facet normal -0.850666 0.525706 0.000430022
    outer loop
      vertex -6.84057 6.59391 -0.960112
      vertex -8.24294 4.32481 -1.12216
      vertex -8.22604 4.35215 -1.11411
    endloop
  endfacet
  facet normal -0.850652 0.525729 -1.05743e-05
    outer loop
      vertex -6.84057 6.59391 -0.960112
      vertex -8.44611 3.99607 -1.21891
      vertex -8.24294 4.32481 -1.12216
    endloop
  endfacet
  facet normal -0.850654 0.525725 6.06493e-06
    outer loop
      vertex -10.7197 0.3173 -3.8985
      vertex -8.46106 3.97188 -1.2163
      vertex -8.44611 3.99607 -1.21891
    endloop
  endfacet
  facet normal -0.850647 0.525737 -8.62403e-06
    outer loop
      vertex -8.97622 3.13832 -0.679572
      vertex -10.7197 0.3173 -3.8985
      vertex -9.11112 2.92006 -0.101585
    endloop
  endfacet
  facet normal -0.850656 0.525723 7.57877e-06
    outer loop
      vertex -8.81563 3.39817 -1.00679
      vertex -10.7197 0.3173 -3.8985
      vertex -8.97622 3.13832 -0.679572
    endloop
  endfacet
  facet normal -0.850655 0.525724 6.74703e-06
    outer loop
      vertex -8.65421 3.65936 -1.17119
      vertex -10.7197 0.3173 -3.8985
      vertex -8.81563 3.39817 -1.00679
    endloop
  endfacet
  facet normal -0.850589 0.525831 -0.000173672
    outer loop
      vertex -8.64078 3.68108 -1.18486
      vertex -10.7197 0.3173 -3.8985
      vertex -8.65421 3.65936 -1.17119
    endloop
  endfacet
  facet normal -0.850656 0.525723 1.08313e-05
    outer loop
      vertex -8.46106 3.97188 -1.2163
      vertex -10.7197 0.3173 -3.8985
      vertex -8.64078 3.68108 -1.18486
    endloop
  endfacet
  facet normal -0.850653 0.525728 1.50901e-06
    outer loop
      vertex -6.84057 6.59391 -0.960112
      vertex -10.7197 0.3173 -3.8985
      vertex -8.44611 3.99607 -1.21891
    endloop
  endfacet
  facet normal -0.850651 0.52573 -5.55303e-06
    outer loop
      vertex -10.7197 0.3173 -3.8985
      vertex -6.84057 6.59391 -0.960112
      vertex -4.4119 10.5236 0
    endloop
  endfacet
  facet normal -0.850652 0.525729 -9.74428e-07
    outer loop
      vertex -6.72842 6.77537 0.186087
      vertex -4.4119 10.5236 0
      vertex -6.48062 7.17632 -0.462658
    endloop
  endfacet
  facet normal -0.850665 0.525709 -2.82886e-06
    outer loop
      vertex -7.22236 5.97615 0.250694
      vertex -7.06069 6.23775 -0.27311
      vertex -7.08837 6.19296 -0.311366
    endloop
  endfacet
  facet normal -0.850653 0.525728 1.01778e-05
    outer loop
      vertex -7.22236 5.97615 0.250694
      vertex -6.72842 6.77537 0.186087
      vertex -7.06069 6.23775 -0.27311
    endloop
  endfacet
  facet normal -0.850659 0.525717 -9.78758e-06
    outer loop
      vertex -7.13902 6.111 1.20441
      vertex -6.72842 6.77537 0.186087
      vertex -7.1237 6.13578 0.711126
    endloop
  endfacet
  facet normal -0.850652 0.525729 7.26535e-07
    outer loop
      vertex -6.72842 6.77537 0.186087
      vertex -7.13902 6.111 1.20441
      vertex -4.4119 10.5236 0
    endloop
  endfacet
  facet normal -0.850652 0.525729 2.42139e-06
    outer loop
      vertex -7.27103 5.8974 1.70107
      vertex -4.4119 10.5236 0
      vertex -7.13902 6.111 1.20441
    endloop
  endfacet
  facet normal -0.850642 0.525745 6.18537e-05
    outer loop
      vertex -4.4119 10.5236 0
      vertex -7.27103 5.8974 1.70107
      vertex -7.32878 5.80395 1.80276
    endloop
  endfacet
  facet normal -0.850697 0.525656 0.00019861
    outer loop
      vertex -8.12876 4.50956 -0.287756
      vertex -8.39549 4.07798 -0.509244
      vertex -8.14262 4.48712 -0.262329
    endloop
  endfacet
  facet normal -0.850672 0.525697 0.000103245
    outer loop
      vertex -8.40958 4.05517 -0.458928
      vertex -8.14262 4.48712 -0.262329
      vertex -8.39549 4.07798 -0.509244
    endloop
  endfacet
  facet normal -0.850648 0.525736 -1.38998e-05
    outer loop
      vertex -8.14262 4.48712 -0.262329
      vertex -8.40958 4.05517 -0.458928
      vertex -8.30928 4.21747 0.0432386
    endloop
  endfacet
  facet normal -0.850646 0.525739 -1.50526e-05
    outer loop
      vertex -8.7091 3.57055 -0.318385
      vertex -8.30928 4.21747 0.0432386
      vertex -8.40958 4.05517 -0.458928
    endloop
  endfacet
  facet normal -0.850607 0.525802 -0.000170699
    outer loop
      vertex -8.30928 4.21747 0.0432386
      vertex -8.7091 3.57055 -0.318385
      vertex -8.31468 4.20874 0.0610001
    endloop
  endfacet
  facet normal -0.850654 0.525726 4.46683e-06
    outer loop
      vertex -8.76846 3.4745 -0.0524325
      vertex -8.31468 4.20874 0.0610001
      vertex -8.7091 3.57055 -0.318385
    endloop
  endfacet
  facet normal -0.850655 0.525725 1.91635e-05
    outer loop
      vertex -8.31468 4.20874 0.0610001
      vertex -8.76846 3.4745 -0.0524325
      vertex -8.37958 4.10372 0.274485
    endloop
  endfacet
  facet normal -0.850651 0.525731 0.000110394
    outer loop
      vertex -8.37958 4.10372 0.274485
      vertex -8.74086 3.51916 0.2549
      vertex -8.38247 4.09904 0.292941
    endloop
  endfacet
  facet normal -0.850644 0.525743 5.17337e-06
    outer loop
      vertex -8.7091 3.57055 -0.318385
      vertex -8.40958 4.05517 -0.458928
      vertex -8.57185 3.79262 -0.488442
    endloop
  endfacet
  facet normal -0.850675 0.525692 -4.54071e-06
    outer loop
      vertex -8.42082 4.03698 0.75424
      vertex -8.40586 4.06119 0.955028
      vertex -8.38873 4.08891 0.982957
    endloop
  endfacet
  facet normal -0.850652 0.525729 -2.78679e-05
    outer loop
      vertex -8.38247 4.09904 0.292941
      vertex -8.73822 3.52342 0.278718
      vertex -8.41726 4.04276 0.514791
    endloop
  endfacet
  facet normal -0.850618 0.525785 8.08875e-05
    outer loop
      vertex -8.7091 3.57055 -0.318385
      vertex -8.57185 3.79262 -0.488442
      vertex -8.58535 3.77078 -0.490896
    endloop
  endfacet
  facet normal -0.850645 0.525741 -1.26124e-05
    outer loop
      vertex -8.42082 4.03698 0.75424
      vertex -8.61182 3.72794 0.619325
      vertex -8.40586 4.06119 0.955028
    endloop
  endfacet
  facet normal -0.850649 0.525733 -4.32415e-06
    outer loop
      vertex -8.74086 3.51916 0.2549
      vertex -8.37958 4.10372 0.274485
      vertex -8.76846 3.4745 -0.0524325
    endloop
  endfacet
  facet normal -0.850656 0.525723 2.92832e-06
    outer loop
      vertex -8.76846 3.4745 -0.0524325
      vertex -8.7091 3.57055 -0.318385
      vertex -8.71939 3.5539 -0.304039
    endloop
  endfacet
  facet normal -0.850656 0.525723 4.31999e-05
    outer loop
      vertex -8.41726 4.04276 0.514791
      vertex -8.61182 3.72794 0.619325
      vertex -8.42082 4.03698 0.75424
    endloop
  endfacet
  facet normal -0.85066 0.525716 1.21492e-05
    outer loop
      vertex -8.41726 4.04276 0.514791
      vertex -8.73822 3.52342 0.278718
      vertex -8.61182 3.72794 0.619325
    endloop
  endfacet
  facet normal -0.850655 0.525724 0.000258122
    outer loop
      vertex -8.73822 3.52342 0.278718
      vertex -8.38247 4.09904 0.292941
      vertex -8.74086 3.51916 0.2549
    endloop
  endfacet
  facet normal -0.850616 0.525787 -1.51589e-05
    outer loop
      vertex -8.74086 3.51916 0.2549
      vertex -8.76846 3.4745 -0.0524325
      vertex -8.77254 3.4679 -0.0315104
    endloop
  endfacet
  facet normal -0.850653 0.525728 0
    outer loop
      vertex -10.7197 0.3173 3.8985
      vertex -9.11112 2.92006 -0.101585
      vertex -10.7197 0.3173 -3.8985
    endloop
  endfacet
  facet normal -0.850624 0.525774 4.16785e-05
    outer loop
      vertex -9.11112 2.92006 -0.101585
      vertex -10.7197 0.3173 3.8985
      vertex -9.10901 2.92347 -0.0553409
    endloop
  endfacet
  facet normal -0.85065 0.525732 3.09229e-06
    outer loop
      vertex -9.10901 2.92347 -0.0553409
      vertex -10.7197 0.3173 3.8985
      vertex -9.08365 2.9645 0.501002
    endloop
  endfacet
  facet normal -0.850649 0.525734 5.8222e-06
    outer loop
      vertex -9.08365 2.9645 0.501002
      vertex -10.7197 0.3173 3.8985
      vertex -9.06886 2.98843 0.548193
    endloop
  endfacet
  facet normal -0.850651 0.525731 8.97119e-06
    outer loop
      vertex -8.12018 4.52344 2.1564
      vertex -10.7197 0.3173 3.8985
      vertex -7.98394 4.74388 2.20768
    endloop
  endfacet
  facet normal -0.850626 0.525772 0.000143525
    outer loop
      vertex -8.14642 4.48099 2.14652
      vertex -10.7197 0.3173 3.8985
      vertex -8.12018 4.52344 2.1564
    endloop
  endfacet
  facet normal -0.850655 0.525724 -1.27127e-05
    outer loop
      vertex -8.50064 3.90783 1.76265
      vertex -10.7197 0.3173 3.8985
      vertex -8.14642 4.48099 2.14652
    endloop
  endfacet
  facet normal -0.850643 0.525743 3.19732e-05
    outer loop
      vertex -8.53011 3.86015 1.73071
      vertex -10.7197 0.3173 3.8985
      vertex -8.50064 3.90783 1.76265
    endloop
  endfacet
  facet normal -0.850651 0.52573 2.76932e-06
    outer loop
      vertex -8.86325 3.32112 1.16306
      vertex -10.7197 0.3173 3.8985
      vertex -8.53011 3.86015 1.73071
    endloop
  endfacet
  facet normal -0.850653 0.525728 -8.84713e-07
    outer loop
      vertex -8.89095 3.2763 1.11585
      vertex -10.7197 0.3173 3.8985
      vertex -8.86325 3.32112 1.16306
    endloop
  endfacet
  facet normal -0.850653 0.525727 -2.25373e-06
    outer loop
      vertex -9.06886 2.98843 0.548193
      vertex -10.7197 0.3173 3.8985
      vertex -8.89095 3.2763 1.11585
    endloop
  endfacet
  facet normal -0.850752 0.525567 -1.61226e-05
    outer loop
      vertex -7.49462 5.53561 0.90483
      vertex -7.48466 5.55174 1.14687
      vertex -7.48995 5.54317 0.921766
    endloop
  endfacet
  facet normal -0.850661 0.525715 -2.97234e-05
    outer loop
      vertex -7.90896 4.8652 1.5272
      vertex -7.48466 5.55174 1.14687
      vertex -7.49462 5.53561 0.90483
    endloop
  endfacet
  facet normal -0.850658 0.525719 -1.86916e-05
    outer loop
      vertex -7.48466 5.55174 1.14687
      vertex -7.90896 4.8652 1.5272
      vertex -7.53316 5.47327 1.34738
    endloop
  endfacet
  facet normal -0.85055 0.525894 -6.99392e-05
    outer loop
      vertex -7.55948 5.43068 0.685866
      vertex -7.49462 5.53561 0.90483
      vertex -7.55072 5.44485 0.701458
    endloop
  endfacet
  facet normal -0.850643 0.525744 2.92393e-05
    outer loop
      vertex -8.04296 4.64838 1.38833
      vertex -7.49462 5.53561 0.90483
      vertex -7.55948 5.43068 0.685866
    endloop
  endfacet
  facet normal -0.850654 0.525726 1.13768e-05
    outer loop
      vertex -7.76381 5.10006 1.57733
      vertex -7.53316 5.47327 1.34738
      vertex -7.90896 4.8652 1.5272
    endloop
  endfacet
  facet normal -0.85065 0.525733 2.8319e-05
    outer loop
      vertex -7.62709 5.32128 1.51171
      vertex -7.53316 5.47327 1.34738
      vertex -7.76381 5.10006 1.57733
    endloop
  endfacet
  facet normal -0.850657 0.525722 -5.06541e-06
    outer loop
      vertex -8.04296 4.64838 1.38833
      vertex -7.55948 5.43068 0.685866
      vertex -7.66461 5.26057 0.498625
    endloop
  endfacet
  facet normal -0.850635 0.525756 2.8161e-05
    outer loop
      vertex -8.04296 4.64838 1.38833
      vertex -7.66461 5.26057 0.498625
      vertex -7.67513 5.24355 0.487746
    endloop
  endfacet
  facet normal -0.850162 0.526521 0.00103546
    outer loop
      vertex -7.53316 5.47327 1.34738
      vertex -7.62709 5.32128 1.51171
      vertex -7.53719 5.46673 1.36408
    endloop
  endfacet
  facet normal -0.85044 0.526072 -0.000752834
    outer loop
      vertex -7.81125 5.02331 0.354531
      vertex -7.67513 5.24355 0.487746
      vertex -7.80146 5.03914 0.357079
    endloop
  endfacet
  facet normal -0.850653 0.525727 3.54276e-05
    outer loop
      vertex -8.13861 4.49361 0.578984
      vertex -7.67513 5.24355 0.487746
      vertex -7.81125 5.02331 0.354531
    endloop
  endfacet
  facet normal -0.850597 0.525817 0.000421071
    outer loop
      vertex -7.62709 5.32128 1.51171
      vertex -7.76381 5.10006 1.57733
      vertex -7.63457 5.30917 1.52401
    endloop
  endfacet
  facet normal -0.850661 0.525714 -0.000110945
    outer loop
      vertex -8.04859 4.63928 0.407065
      vertex -7.81125 5.02331 0.354531
      vertex -7.92876 4.83316 0.323926
    endloop
  endfacet
  facet normal -0.850746 0.525577 -0.000552873
    outer loop
      vertex -8.04859 4.63928 0.407065
      vertex -7.92876 4.83316 0.323926
      vertex -8.04144 4.65084 0.394114
    endloop
  endfacet
  facet normal -0.850652 0.52573 4.28055e-05
    outer loop
      vertex -7.81125 5.02331 0.354531
      vertex -8.04859 4.63928 0.407065
      vertex -8.13861 4.49361 0.578984
    endloop
  endfacet
  facet normal -0.850652 0.525729 -8.42587e-06
    outer loop
      vertex -7.49462 5.53561 0.90483
      vertex -8.04296 4.64838 1.38833
      vertex -7.90896 4.8652 1.5272
    endloop
  endfacet
  facet normal -0.850656 0.525723 -8.57463e-06
    outer loop
      vertex -7.67513 5.24355 0.487746
      vertex -8.13861 4.49361 0.578984
      vertex -8.18895 4.41216 0.791766
    endloop
  endfacet
  facet normal -0.850604 0.525807 0.000133804
    outer loop
      vertex -8.13861 4.49361 0.578984
      vertex -8.04859 4.63928 0.407065
      vertex -8.13444 4.50036 0.562678
    endloop
  endfacet
  facet normal -0.850646 0.52574 1.47169e-05
    outer loop
      vertex -7.67513 5.24355 0.487746
      vertex -8.18849 4.41292 1.01009
      vertex -8.14641 4.481 1.2012
    endloop
  endfacet
  facet normal -0.850628 0.525767 -2.89267e-05
    outer loop
      vertex -8.04296 4.64838 1.38833
      vertex -8.14641 4.481 1.2012
      vertex -8.05411 4.63034 1.37677
    endloop
  endfacet
  facet normal -0.850648 0.525736 9.57731e-06
    outer loop
      vertex -7.67513 5.24355 0.487746
      vertex -8.14641 4.481 1.2012
      vertex -8.04296 4.64838 1.38833
    endloop
  endfacet
  facet normal -0.850431 0.526086 0.000183299
    outer loop
      vertex -8.18895 4.41216 0.791766
      vertex -8.13861 4.49361 0.578984
      vertex -8.1887 4.41257 0.774922
    endloop
  endfacet
  facet normal -0.85066 0.525716 -3.77431e-05
    outer loop
      vertex -7.67513 5.24355 0.487746
      vertex -8.18895 4.41216 0.791766
      vertex -8.18849 4.41292 1.01009
    endloop
  endfacet
  facet normal -0.850891 0.525342 -3.59568e-05
    outer loop
      vertex -8.18849 4.41292 1.01009
      vertex -8.18895 4.41216 0.791766
      vertex -8.19199 4.40725 0.994185
    endloop
  endfacet
  facet normal -0.309026 0.500003 -0.809012
    outer loop
      vertex -0.3173 3.8985 -10.7197
      vertex -6.3078 6.8212 -6.6251
      vertex 0 4.4119 -10.5236
    endloop
  endfacet
  facet normal -0.309026 0.500003 -0.809012
    outer loop
      vertex -6.3078 6.8212 -6.6251
      vertex -0.3173 3.8985 -10.7197
      vertex -6.6251 6.3078 -6.8212
    endloop
  endfacet
  facet normal -0.525733 1.59076e-05 -0.85065
    outer loop
      vertex -0.3173 3.8985 -10.7197
      vertex -10.5236 0 -4.4119
      vertex -6.6251 6.3078 -6.8212
    endloop
  endfacet
  facet normal -2.96577e-06 -0.850653 -0.525728
    outer loop
      vertex 2.34199 -8.05783 -4.62432
      vertex 3.8985 -10.7197 -0.3173
      vertex 2.27416 -8.0915 -4.56984
    endloop
  endfacet
  facet normal -1.66861e-05 -0.850655 -0.525725
    outer loop
      vertex 2.36801 -8.04492 -4.64521
      vertex 3.8985 -10.7197 -0.3173
      vertex 2.34199 -8.05783 -4.62432
    endloop
  endfacet
  facet normal 3.08321e-05 -0.850647 -0.525737
    outer loop
      vertex 2.52521 -7.87761 -4.91591
      vertex 3.8985 -10.7197 -0.3173
      vertex 2.36801 -8.04492 -4.64521
    endloop
  endfacet
  facet normal -0.000183382 -0.850676 -0.525691
    outer loop
      vertex 2.53829 -7.86369 -4.93844
      vertex 3.8985 -10.7197 -0.3173
      vertex 2.52521 -7.87761 -4.91591
    endloop
  endfacet
  facet normal 1.76853e-05 -0.850651 -0.525731
    outer loop
      vertex 6.3078 -6.8212 -6.6251
      vertex 2.53829 -7.86369 -4.93844
      vertex 2.53944 -7.69137 -5.21726
    endloop
  endfacet
  facet normal -5.70623e-05 -0.850562 -0.525875
    outer loop
      vertex 6.3078 -6.8212 -6.6251
      vertex 2.53944 -7.69137 -5.21726
      vertex 2.53954 -7.67702 -5.24047
    endloop
  endfacet
  facet normal 1.6156e-05 -0.85065 -0.525733
    outer loop
      vertex 2.53829 -7.86369 -4.93844
      vertex 6.3078 -6.8212 -6.6251
      vertex 3.8985 -10.7197 -0.3173
    endloop
  endfacet
  facet normal 1.25024e-05 -0.850646 -0.525738
    outer loop
      vertex 2.3711 -7.49261 -5.53885
      vertex 6.3078 -6.8212 -6.6251
      vertex 2.53954 -7.67702 -5.24047
    endloop
  endfacet
  facet normal 2.46024e-05 -0.850666 -0.525707
    outer loop
      vertex 2.22603 -7.40764 -5.67635
      vertex 6.3078 -6.8212 -6.6251
      vertex 2.3711 -7.49261 -5.53885
    endloop
  endfacet
  facet normal 7.78413e-06 -0.850634 -0.525759
    outer loop
      vertex 2.07056 -7.3505 -5.7688
      vertex 6.3078 -6.8212 -6.6251
      vertex 2.22603 -7.40764 -5.67635
    endloop
  endfacet
  facet normal -7.35637e-06 -0.8506 -0.525813
    outer loop
      vertex 2.05762 -7.34574 -5.7765
      vertex 6.3078 -6.8212 -6.6251
      vertex 2.07056 -7.3505 -5.7688
    endloop
  endfacet
  facet normal 4.52761e-05 -0.850644 -0.525742
    outer loop
      vertex 0 -4.4119 -10.5236
      vertex 2.05762 -7.34574 -5.7765
      vertex 1.88583 -7.30565 -5.84138
    endloop
  endfacet
  facet normal 0.000248183 -0.850608 -0.525801
    outer loop
      vertex 0 -4.4119 -10.5236
      vertex 1.88583 -7.30565 -5.84138
      vertex 1.87152 -7.30231 -5.84679
    endloop
  endfacet
  facet normal -3.99268e-05 -0.850659 -0.525717
    outer loop
      vertex 0 -4.4119 -10.5236
      vertex 1.87152 -7.30231 -5.84679
      vertex 1.77776 -7.28832 -5.86942
    endloop
  endfacet
  facet normal 1.5025e-05 -0.85065 -0.525732
    outer loop
      vertex 2.05762 -7.34574 -5.7765
      vertex 0 -4.4119 -10.5236
      vertex 6.3078 -6.8212 -6.6251
    endloop
  endfacet
  facet normal -0.934173 0 0.35682
    outer loop
      vertex -10.7197 0.3173 3.8985
      vertex -10.7197 -0.3173 3.8985
      vertex -10.5236 0 4.4119
    endloop
  endfacet
  facet normal -0.850641 -0.525747 7.75972e-05
    outer loop
      vertex -10.7197 -0.3173 3.8985
      vertex -7.55265 -5.44173 2.16922
      vertex -7.5722 -5.41009 2.22879
    endloop
  endfacet
  facet normal -0.850651 -0.52573 7.15467e-06
    outer loop
      vertex -7.55265 -5.44173 2.16922
      vertex -10.7197 -0.3173 3.8985
      vertex -7.45873 -5.5937 1.88307
    endloop
  endfacet
  facet normal -0.85065 -0.525732 1.68491e-05
    outer loop
      vertex -6.8212 -6.6251 6.3078
      vertex -7.5722 -5.41009 2.22879
      vertex -7.30587 -5.84102 2.22879
    endloop
  endfacet
  facet normal -0.85065 -0.525733 1.64635e-05
    outer loop
      vertex -7.5722 -5.41009 2.22879
      vertex -6.8212 -6.6251 6.3078
      vertex -10.7197 -0.3173 3.8985
    endloop
  endfacet
  facet normal -0.850641 -0.525746 1.30083e-05
    outer loop
      vertex -7.11564 -6.14882 1.67103
      vertex -6.8212 -6.6251 6.3078
      vertex -7.30587 -5.84102 2.22879
    endloop
  endfacet
  facet normal -0.85065 -0.525732 1.50487e-05
    outer loop
      vertex -6.8212 -6.6251 6.3078
      vertex -7.11564 -6.14882 1.67103
      vertex -4.4119 -10.5236 0
    endloop
  endfacet
  facet normal 0.309026 -0.500003 0.809012
    outer loop
      vertex 0.3173 -3.8985 10.7197
      vertex 6.3078 -6.8212 6.6251
      vertex 6.6251 -6.3078 6.8212
    endloop
  endfacet
  facet normal 0.309026 -0.500003 0.809012
    outer loop
      vertex 6.3078 -6.8212 6.6251
      vertex 0.3173 -3.8985 10.7197
      vertex 0 -4.4119 10.5236
    endloop
  endfacet
  facet normal 1 -0 0
    outer loop
      vertex 10.7197 -0.3173 3.8985
      vertex 10.7197 0.3173 -3.8985
      vertex 10.7197 0.3173 3.8985
    endloop
  endfacet
  facet normal 1 0 0
    outer loop
      vertex 10.7197 0.3173 -3.8985
      vertex 10.7197 -0.3173 3.8985
      vertex 10.7197 -0.3173 -3.8985
    endloop
  endfacet
  facet normal 0.934173 0 0.35682
    outer loop
      vertex 10.7197 0.3173 3.8985
      vertex 10.5236 0 4.4119
      vertex 10.7197 -0.3173 3.8985
    endloop
  endfacet
  facet normal 0.309026 0.500003 -0.809012
    outer loop
      vertex 0.3173 3.8985 -10.7197
      vertex 6.3078 6.8212 -6.6251
      vertex 6.6251 6.3078 -6.8212
    endloop
  endfacet
  facet normal 0.309026 0.500003 -0.809012
    outer loop
      vertex 6.3078 6.8212 -6.6251
      vertex 0.3173 3.8985 -10.7197
      vertex 0 4.4119 -10.5236
    endloop
  endfacet
  facet normal 0 0 -1
    outer loop
      vertex -0.3173 -3.8985 -10.7197
      vertex 0.3173 3.8985 -10.7197
      vertex 0.3173 -3.8985 -10.7197
    endloop
  endfacet
  facet normal -0 0 -1
    outer loop
      vertex 0.3173 3.8985 -10.7197
      vertex -0.3173 -3.8985 -10.7197
      vertex -0.3173 3.8985 -10.7197
    endloop
  endfacet
  facet normal -0.57735 -0.57735 0.57735
    outer loop
      vertex -6.6251 -6.3078 6.8212
      vertex -6.8212 -6.6251 6.3078
      vertex -6.3078 -6.8212 6.6251
    endloop
  endfacet
  facet normal -0.525728 -8.35113e-06 0.850653
    outer loop
      vertex -6.85859 0.656471 6.67699
      vertex -10.5236 0 4.4119
      vertex -6.98558 -0.00150108 6.5985
    endloop
  endfacet
  facet normal -0.525735 4.16683e-05 0.850649
    outer loop
      vertex -6.84802 0.711203 6.68352
      vertex -10.5236 0 4.4119
      vertex -6.85859 0.656471 6.67699
    endloop
  endfacet
  facet normal -0.52573 7.08871e-06 0.850652
    outer loop
      vertex -6.60215 1.37349 6.83547
      vertex -10.5236 0 4.4119
      vertex -6.84802 0.711203 6.68352
    endloop
  endfacet
  facet normal -0.525728 -7.47352e-07 0.850653
    outer loop
      vertex -10.5236 0 4.4119
      vertex -6.60215 1.37349 6.83547
      vertex -6.48002 1.54453 6.91095
    endloop
  endfacet
  facet normal -0.525724 -5.9136e-07 0.850655
    outer loop
      vertex -3.36667 0.576957 8.8351
      vertex -3.24164 -1.27843 8.91237
      vertex -2.76928 0.348782 9.2043
    endloop
  endfacet
  facet normal -0.525736 7.82558e-07 0.850648
    outer loop
      vertex -3.95105 -1.33807 8.47393
      vertex -3.36667 0.576957 8.8351
      vertex -3.41644 0.595964 8.80434
    endloop
  endfacet
  facet normal -0.525731 -1.31259e-06 0.850651
    outer loop
      vertex -3.36667 0.576957 8.8351
      vertex -3.95105 -1.33807 8.47393
      vertex -3.24164 -1.27843 8.91237
    endloop
  endfacet
  facet normal -0.525732 1.37648e-05 0.85065
    outer loop
      vertex -3.24164 -1.27843 8.91237
      vertex -3.95105 -1.33807 8.47393
      vertex -3.99555 -1.49905 8.44643
    endloop
  endfacet
  facet normal -0.525727 0 0.850653
    outer loop
      vertex -0.3173 3.8985 10.7197
      vertex -2.64333 0.80442 9.28215
      vertex -0.3173 -3.8985 10.7197
    endloop
  endfacet
  facet normal -0.525729 2.3522e-06 0.850652
    outer loop
      vertex -0.3173 3.8985 10.7197
      vertex -4.41052 1.4794 8.18997
      vertex -2.64333 0.80442 9.28215
    endloop
  endfacet
  facet normal -0.525697 -0.000193595 0.850672
    outer loop
      vertex -4.98193 1.34257 7.83682
      vertex -4.4202 1.44437 8.18398
      vertex -4.41052 1.4794 8.18997
    endloop
  endfacet
  facet normal -0.525725 1.22369e-06 0.850655
    outer loop
      vertex -5.04189 0.0213509 7.79976
      vertex -4.53647 1.02376 8.11212
      vertex -4.93859 1.29244 7.8636
    endloop
  endfacet
  facet normal -0.525727 -3.91757e-06 0.850653
    outer loop
      vertex -4.4202 1.44437 8.18398
      vertex -4.93859 1.29244 7.8636
      vertex -4.53647 1.02376 8.11212
    endloop
  endfacet
  facet normal -0.52573 3.3283e-06 0.850652
    outer loop
      vertex -5.48509 1.92456 7.52585
      vertex -4.41052 1.4794 8.18997
      vertex -0.3173 3.8985 10.7197
    endloop
  endfacet
  facet normal -0.525713 -7.27351e-05 0.850662
    outer loop
      vertex -4.4202 1.44437 8.18398
      vertex -4.98193 1.34257 7.83682
      vertex -4.93859 1.29244 7.8636
    endloop
  endfacet
  facet normal -0.52573 8.76713e-07 0.850651
    outer loop
      vertex -4.41052 1.4794 8.18997
      vertex -5.48509 1.92456 7.52585
      vertex -4.98193 1.34257 7.83682
    endloop
  endfacet
  facet normal -0.525742 -1.05713e-05 0.850644
    outer loop
      vertex -2.75959 0.383824 9.21029
      vertex -0.3173 -3.8985 10.7197
      vertex -2.64333 0.80442 9.28215
    endloop
  endfacet
  facet normal -0.525756 -2.09797e-05 0.850636
    outer loop
      vertex -2.76928 0.348782 9.2043
      vertex -0.3173 -3.8985 10.7197
      vertex -2.75959 0.383824 9.21029
    endloop
  endfacet
  facet normal -0.525728 1.10977e-06 0.850653
    outer loop
      vertex -3.24164 -1.27843 8.91237
      vertex -0.3173 -3.8985 10.7197
      vertex -2.76928 0.348782 9.2043
    endloop
  endfacet
  facet normal -0.525729 -1.07232e-06 0.850652
    outer loop
      vertex -3.37482 -1.76024 8.83006
      vertex -0.3173 -3.8985 10.7197
      vertex -3.24164 -1.27843 8.91237
    endloop
  endfacet
  facet normal -0.525728 8.62858e-07 0.850652
    outer loop
      vertex -4.16742 -2.00945 8.34021
      vertex -0.3173 -3.8985 10.7197
      vertex -3.37482 -1.76024 8.83006
    endloop
  endfacet
  facet normal -0.525731 -7.60117e-06 0.850651
    outer loop
      vertex -4.66068 -1.82105 8.03536
      vertex -0.3173 -3.8985 10.7197
      vertex -4.16742 -2.00945 8.34021
    endloop
  endfacet
  facet normal -0.525725 1.42264e-06 0.850655
    outer loop
      vertex -4.53647 1.02376 8.11212
      vertex -5.04189 0.0213509 7.79976
      vertex -4.66068 -1.82105 8.03536
    endloop
  endfacet
  facet normal -0.525736 -1.69687e-06 0.850648
    outer loop
      vertex -5.19238 -0.432356 7.70675
      vertex -4.66068 -1.82105 8.03536
      vertex -5.04189 0.0213509 7.79976
    endloop
  endfacet
  facet normal -0.525782 -2.63582e-05 0.850619
    outer loop
      vertex -5.2049 -0.470111 7.69901
      vertex -4.66068 -1.82105 8.03536
      vertex -5.19238 -0.432356 7.70675
    endloop
  endfacet
  facet normal -0.525724 6.13769e-06 0.850655
    outer loop
      vertex -5.38904 -0.841447 7.58521
      vertex -4.66068 -1.82105 8.03536
      vertex -5.2049 -0.470111 7.69901
    endloop
  endfacet
  facet normal -0.525731 -5.87277e-07 0.850651
    outer loop
      vertex -5.57979 -1.07789 7.46732
      vertex -4.66068 -1.82105 8.03536
      vertex -5.38904 -0.841447 7.58521
    endloop
  endfacet
  facet normal -0.525758 -4.7676e-05 0.850634
    outer loop
      vertex -5.59566 -1.09756 7.45751
      vertex -4.66068 -1.82105 8.03536
      vertex -5.57979 -1.07789 7.46732
    endloop
  endfacet
  facet normal -0.52573 1.94186e-06 0.850651
    outer loop
      vertex -5.8084 -1.23214 7.32603
      vertex -4.66068 -1.82105 8.03536
      vertex -5.59566 -1.09756 7.45751
    endloop
  endfacet
  facet normal -0.525588 0.000385984 0.850739
    outer loop
      vertex -5.8261 -1.24334 7.3151
      vertex -4.66068 -1.82105 8.03536
      vertex -5.8084 -1.23214 7.32603
    endloop
  endfacet
  facet normal -0.525743 -4.65609e-05 0.850643
    outer loop
      vertex -6.06839 -1.27764 7.16535
      vertex -4.66068 -1.82105 8.03536
      vertex -5.8261 -1.24334 7.3151
    endloop
  endfacet
  facet normal -0.525655 0.000267917 0.850698
    outer loop
      vertex -6.08854 -1.28049 7.1529
      vertex -4.66068 -1.82105 8.03536
      vertex -6.06839 -1.27764 7.16535
    endloop
  endfacet
  facet normal -0.525713 5.76095e-05 0.850662
    outer loop
      vertex -6.3679 -1.21606 6.98025
      vertex -4.66068 -1.82105 8.03536
      vertex -6.08854 -1.28049 7.1529
    endloop
  endfacet
  facet normal -0.52597 -0.000946197 0.850503
    outer loop
      vertex -6.39113 -1.21071 6.96589
      vertex -4.66068 -1.82105 8.03536
      vertex -6.3679 -1.21606 6.98025
    endloop
  endfacet
  facet normal -0.525728 1.3917e-06 0.850653
    outer loop
      vertex -4.66068 -1.82105 8.03536
      vertex -6.39113 -1.21071 6.96589
      vertex -0.3173 -3.8985 10.7197
    endloop
  endfacet
  facet normal -0.525751 -0.000198117 0.850638
    outer loop
      vertex -10.5236 0 4.4119
      vertex -6.94574 -0.587745 6.62312
      vertex -6.96075 -0.556898 6.61385
    endloop
  endfacet
  facet normal -0.525728 0.000114596 0.850653
    outer loop
      vertex -10.5236 0 4.4119
      vertex -6.98368 -0.0441423 6.59968
      vertex -6.98558 -0.00150108 6.5985
    endloop
  endfacet
  facet normal -0.525728 1.38899e-06 0.850653
    outer loop
      vertex -6.39113 -1.21071 6.96589
      vertex -10.5236 0 4.4119
      vertex -0.3173 -3.8985 10.7197
    endloop
  endfacet
  facet normal -0.525738 -4.5101e-05 0.850646
    outer loop
      vertex -6.73661 -0.978068 6.75238
      vertex -10.5236 0 4.4119
      vertex -6.39113 -1.21071 6.96589
    endloop
  endfacet
  facet normal -0.525595 0.000722488 0.850735
    outer loop
      vertex -6.76533 -0.958724 6.73462
      vertex -10.5236 0 4.4119
      vertex -6.73661 -0.978068 6.75238
    endloop
  endfacet
  facet normal -0.525727 3.61484e-06 0.850653
    outer loop
      vertex -6.94574 -0.587745 6.62312
      vertex -10.5236 0 4.4119
      vertex -6.76533 -0.958724 6.73462
    endloop
  endfacet
  facet normal -0.525729 -2.40504e-06 0.850652
    outer loop
      vertex -6.98368 -0.0441423 6.59968
      vertex -10.5236 0 4.4119
      vertex -6.96075 -0.556898 6.61385
    endloop
  endfacet
  facet normal -0.525739 -1.16772e-05 0.850646
    outer loop
      vertex -4.53647 1.02376 8.11212
      vertex -3.99312 0.593884 8.44793
      vertex -3.93753 0.794997 8.48229
    endloop
  endfacet
  facet normal -0.525731 1.81612e-06 0.850651
    outer loop
      vertex -3.99312 0.593884 8.44793
      vertex -4.53647 1.02376 8.11212
      vertex -4.66068 -1.82105 8.03536
    endloop
  endfacet
  facet normal -0.525727 2.71116e-05 0.850653
    outer loop
      vertex -6.11054 1.14296 7.1393
      vertex -5.4167 0.908446 7.56812
      vertex -5.40813 1.11238 7.57341
    endloop
  endfacet
  facet normal -0.525726 -3.61867e-06 0.850654
    outer loop
      vertex -6.01453 1.3157 7.19864
      vertex -5.40813 1.11238 7.57341
      vertex -5.43868 1.27439 7.55453
    endloop
  endfacet
  facet normal -0.525729 -1.44317e-05 0.850652
    outer loop
      vertex -6.11054 1.14296 7.1393
      vertex -5.40813 1.11238 7.57341
      vertex -6.01453 1.3157 7.19864
    endloop
  endfacet
  facet normal -0.525725 1.8328e-05 0.850655
    outer loop
      vertex -6.01453 1.3157 7.19864
      vertex -5.43868 1.27439 7.55453
      vertex -5.51411 1.38815 7.50791
    endloop
  endfacet
  facet normal -0.525786 -0.000248112 0.850617
    outer loop
      vertex -5.4167 0.908446 7.56812
      vertex -6.11857 1.12223 7.13434
      vertex -5.41742 0.891472 7.56767
    endloop
  endfacet
  facet normal -0.525732 1.04457e-05 0.85065
    outer loop
      vertex -5.41742 0.891472 7.56767
      vertex -6.21511 0.873168 7.07467
      vertex -5.46841 0.598522 7.53616
    endloop
  endfacet
  facet normal -0.526189 -0.0011222 0.850367
    outer loop
      vertex -5.65006 1.46611 7.42389
      vertex -5.51411 1.38815 7.50791
      vertex -5.63939 1.46432 7.43049
    endloop
  endfacet
  facet normal -0.525723 5.55355e-07 0.850656
    outer loop
      vertex -5.51411 1.38815 7.50791
      vertex -5.65006 1.46611 7.42389
      vertex -6.01453 1.3157 7.19864
    endloop
  endfacet
  facet normal -0.525717 6.69883e-05 0.85066
    outer loop
      vertex -6.22356 0.845384 7.06945
      vertex -5.46841 0.598522 7.53616
      vertex -6.21511 0.873168 7.07467
    endloop
  endfacet
  facet normal -0.525729 4.1156e-06 0.850652
    outer loop
      vertex -5.46841 0.598522 7.53616
      vertex -6.3251 0.511472 7.0067
      vertex -5.55569 0.249421 7.48222
    endloop
  endfacet
  facet normal -0.525754 -9.76073e-05 0.850637
    outer loop
      vertex -6.33244 0.482205 7.00216
      vertex -5.55569 0.249421 7.48222
      vertex -6.3251 0.511472 7.0067
    endloop
  endfacet
  facet normal -0.525761 -0.000324096 0.850632
    outer loop
      vertex -5.78748 1.48418 7.33896
      vertex -5.65006 1.46611 7.42389
      vertex -5.77826 1.48754 7.34466
    endloop
  endfacet
  facet normal -0.525751 -8.31801e-05 0.850639
    outer loop
      vertex -5.55569 0.249421 7.48222
      vertex -6.33244 0.482205 7.00216
      vertex -5.56295 0.220369 7.47773
    endloop
  endfacet
  facet normal -0.525722 8.86945e-05 0.850657
    outer loop
      vertex -5.90653 1.43513 7.26539
      vertex -5.65006 1.46611 7.42389
      vertex -5.78748 1.48418 7.33896
    endloop
  endfacet
  facet normal -0.525733 -1.06777e-05 0.85065
    outer loop
      vertex -6.42068 0.130428 6.94762
      vertex -5.56295 0.220369 7.47773
      vertex -6.33244 0.482205 7.00216
    endloop
  endfacet
  facet normal -0.52577 0.000249377 0.850627
    outer loop
      vertex -5.90653 1.43513 7.26539
      vertex -5.78748 1.48418 7.33896
      vertex -5.89821 1.44387 7.27053
    endloop
  endfacet
  facet normal -0.525711 -2.9458e-05 0.850663
    outer loop
      vertex -6.00654 1.33008 7.20358
      vertex -5.65006 1.46611 7.42389
      vertex -5.90653 1.43513 7.26539
    endloop
  endfacet
  facet normal -0.525733 -4.74826e-06 0.850649
    outer loop
      vertex -5.56295 0.220369 7.47773
      vertex -6.42068 0.130428 6.94762
      vertex -5.66718 -0.125016 7.41331
    endloop
  endfacet
  facet normal -0.525735 -4.71682e-05 0.850649
    outer loop
      vertex -5.66718 -0.125016 7.41331
      vertex -6.42466 0.10793 6.94517
      vertex -5.67585 -0.153753 7.40795
    endloop
  endfacet
  facet normal -0.525677 -0.000154645 0.850684
    outer loop
      vertex -5.65006 1.46611 7.42389
      vertex -6.00654 1.33008 7.20358
      vertex -6.01453 1.3157 7.19864
    endloop
  endfacet
  facet normal -0.525709 0.000103451 0.850665
    outer loop
      vertex -6.11857 1.12223 7.13434
      vertex -5.4167 0.908446 7.56812
      vertex -6.11054 1.14296 7.1393
    endloop
  endfacet
  facet normal -0.525728 -2.1199e-05 0.850653
    outer loop
      vertex -6.47243 -0.162536 6.91564
      vertex -5.67585 -0.153753 7.40795
      vertex -6.42466 0.10793 6.94517
    endloop
  endfacet
  facet normal -0.525729 2.64816e-05 0.850652
    outer loop
      vertex -5.67585 -0.153753 7.40795
      vertex -6.47243 -0.162536 6.91564
      vertex -5.77157 -0.405076 7.3488
    endloop
  endfacet
  facet normal -0.525731 -1.7031e-05 0.850651
    outer loop
      vertex -6.21511 0.873168 7.07467
      vertex -5.41742 0.891472 7.56767
      vertex -6.11857 1.12223 7.13434
    endloop
  endfacet
  facet normal -0.525729 1.24916e-05 0.850652
    outer loop
      vertex -6.3251 0.511472 7.0067
      vertex -5.46841 0.598522 7.53616
      vertex -6.22356 0.845384 7.06945
    endloop
  endfacet
  facet normal -0.525647 0.000348975 0.850703
    outer loop
      vertex -6.42466 0.10793 6.94517
      vertex -5.66718 -0.125016 7.41331
      vertex -6.42068 0.130428 6.94762
    endloop
  endfacet
  facet normal -0.525662 0.000292408 0.850693
    outer loop
      vertex -6.4732 -0.179409 6.91517
      vertex -5.77157 -0.405076 7.3488
      vertex -6.47243 -0.162536 6.91564
    endloop
  endfacet
  facet normal -0.525818 -0.000379209 0.850597
    outer loop
      vertex -5.77157 -0.405076 7.3488
      vertex -6.4732 -0.179409 6.91517
      vertex -5.77953 -0.425985 7.34387
    endloop
  endfacet
  facet normal -0.52572 1.97682e-06 0.850658
    outer loop
      vertex -6.48244 -0.382266 6.90946
      vertex -5.77953 -0.425985 7.34387
      vertex -6.4732 -0.179409 6.91517
    endloop
  endfacet
  facet normal -0.525719 3.37712e-05 0.850658
    outer loop
      vertex -5.77953 -0.425985 7.34387
      vertex -6.48244 -0.382266 6.90946
      vertex -5.88119 -0.610104 7.28105
    endloop
  endfacet
  facet normal -0.525737 -3.09627e-05 0.850647
    outer loop
      vertex -6.45274 -0.543647 6.92781
      vertex -5.88119 -0.610104 7.28105
      vertex -6.48244 -0.382266 6.90946
    endloop
  endfacet
  facet normal -0.525734 2.42776e-06 0.850649
    outer loop
      vertex -6.24366 -0.734583 7.05703
      vertex -5.88119 -0.610104 7.28105
      vertex -6.45274 -0.543647 6.92781
    endloop
  endfacet
  facet normal -0.525736 -9.14293e-06 0.850648
    outer loop
      vertex -6.09998 -0.756444 7.14583
      vertex -5.97973 -0.71154 7.22015
      vertex -6.24366 -0.734583 7.05703
    endloop
  endfacet
  facet normal -0.525652 -0.000320492 0.8507
    outer loop
      vertex -5.97973 -0.71154 7.22015
      vertex -6.09998 -0.756444 7.14583
      vertex -5.98793 -0.719977 7.21508
    endloop
  endfacet
  facet normal -0.525738 1.763e-05 0.850647
    outer loop
      vertex -5.88119 -0.610104 7.28105
      vertex -6.24366 -0.734583 7.05703
      vertex -5.97973 -0.71154 7.22015
    endloop
  endfacet
  facet normal -0.525732 2.55384e-05 0.85065
    outer loop
      vertex -6.09998 -0.756444 7.14583
      vertex -6.24366 -0.734583 7.05703
      vertex -6.1093 -0.759477 7.14007
    endloop
  endfacet
  facet normal -0.52573 8.59972e-06 0.850652
    outer loop
      vertex -6.37849 -0.656966 6.9737
      vertex -6.24366 -0.734583 7.05703
      vertex -6.45274 -0.543647 6.92781
    endloop
  endfacet
  facet normal -0.525761 -6.63422e-05 0.850632
    outer loop
      vertex -6.24366 -0.734583 7.05703
      vertex -6.37849 -0.656966 6.9737
      vertex -6.25484 -0.732512 7.05012
    endloop
  endfacet
  facet normal 0.85065 -0.525733 -1.59076e-05
    outer loop
      vertex 10.7197 -0.3173 -3.8985
      vertex 4.4119 -10.5236 0
      vertex 6.8212 -6.6251 -6.3078
    endloop
  endfacet
  facet normal -1 0 0
    outer loop
      vertex -10.7197 -0.3173 -3.8985
      vertex -10.7197 0.3173 3.8985
      vertex -10.7197 0.3173 -3.8985
    endloop
  endfacet
  facet normal -1 -0 0
    outer loop
      vertex -10.7197 0.3173 3.8985
      vertex -10.7197 -0.3173 -3.8985
      vertex -10.7197 -0.3173 3.8985
    endloop
  endfacet
  facet normal -0.934173 0 -0.35682
    outer loop
      vertex -10.5236 0 -4.4119
      vertex -10.7197 -0.3173 -3.8985
      vertex -10.7197 0.3173 -3.8985
    endloop
  endfacet
  facet normal -0.809012 -0.309026 0.500003
    outer loop
      vertex -10.7197 -0.3173 3.8985
      vertex -6.6251 -6.3078 6.8212
      vertex -10.5236 0 4.4119
    endloop
  endfacet
  facet normal -0.809012 -0.309026 0.500003
    outer loop
      vertex -6.6251 -6.3078 6.8212
      vertex -10.7197 -0.3173 3.8985
      vertex -6.8212 -6.6251 6.3078
    endloop
  endfacet
  facet normal -0.85065 0.525733 -1.59076e-05
    outer loop
      vertex -6.8212 6.6251 -6.3078
      vertex -10.7197 0.3173 -3.8985
      vertex -4.4119 10.5236 0
    endloop
  endfacet
  facet normal -0.000149208 -0.85063 -0.525765
    outer loop
      vertex -3.8985 -10.7197 -0.3173
      vertex -2.50479 -8.10228 -4.55239
      vertex -2.48316 -8.11794 -4.52706
    endloop
  endfacet
  facet normal -4.82571e-06 -0.850651 -0.525731
    outer loop
      vertex -3.8985 -10.7197 -0.3173
      vertex -2.76475 -7.91418 -4.85674
      vertex -2.50479 -8.10228 -4.55239
    endloop
  endfacet
  facet normal -1.63554e-05 -0.85065 -0.525733
    outer loop
      vertex -6.3078 -6.8212 -6.6251
      vertex -2.76475 -7.91418 -4.85674
      vertex -3.8985 -10.7197 -0.3173
    endloop
  endfacet
  facet normal -1.39908e-05 -0.850648 -0.525736
    outer loop
      vertex -6.3078 -6.8212 -6.6251
      vertex -1.9791 -7.61409 -5.34231
      vertex -2.76475 -7.91418 -4.85674
    endloop
  endfacet
  facet normal -1.55267e-05 -0.85065 -0.525733
    outer loop
      vertex -1.9791 -7.61409 -5.34231
      vertex -6.3078 -6.8212 -6.6251
      vertex 0 -4.4119 -10.5236
    endloop
  endfacet
  facet normal 1.60473e-05 -0.850655 -0.525725
    outer loop
      vertex -3.8985 -10.7197 -0.3173
      vertex -2.48316 -8.11794 -4.52706
      vertex -2.23096 -8.02161 -4.68292
    endloop
  endfacet
  facet normal -1.59076e-05 -0.85065 0.525733
    outer loop
      vertex 0 -4.4119 10.5236
      vertex -6.3078 -6.8212 6.6251
      vertex -3.8985 -10.7197 0.3173
    endloop
  endfacet
  facet normal -0.309026 -0.500003 -0.809012
    outer loop
      vertex -6.3078 -6.8212 -6.6251
      vertex -0.3173 -3.8985 -10.7197
      vertex 0 -4.4119 -10.5236
    endloop
  endfacet
  facet normal -0.309026 -0.500003 -0.809012
    outer loop
      vertex -0.3173 -3.8985 -10.7197
      vertex -6.3078 -6.8212 -6.6251
      vertex -6.6251 -6.3078 -6.8212
    endloop
  endfacet
  facet normal 1.08079e-06 -0.850653 -0.525728
    outer loop
      vertex 0 -4.4119 -10.5236
      vertex -0.997569 -7.23918 -5.94893
      vertex -1.9791 -7.61409 -5.34231
    endloop
  endfacet
  facet normal 2.1835e-05 -0.850654 -0.525726
    outer loop
      vertex 0 -4.4119 -10.5236
      vertex -0.668979 -7.11367 -6.15201
      vertex -0.809589 -7.16738 -6.06511
    endloop
  endfacet
  facet normal -1.38158e-05 -0.850651 -0.52573
    outer loop
      vertex -0.997569 -7.23918 -5.94893
      vertex 0 -4.4119 -10.5236
      vertex -0.809589 -7.16738 -6.06511
    endloop
  endfacet
  facet normal 2.11865e-06 -0.850653 -0.525728
    outer loop
      vertex -0.668979 -7.11367 -6.15201
      vertex 0 -4.4119 -10.5236
      vertex 1.01878 -6.469 -7.19511
    endloop
  endfacet
  facet normal -1.05984e-05 -0.850645 -0.525741
    outer loop
      vertex 0.301861 -8.84158 -3.35619
      vertex 0.920604 -8.29504 -4.2405
      vertex 1.27219 -8.34879 -4.15354
    endloop
  endfacet
  facet normal 1.60735e-05 -0.850653 -0.525727
    outer loop
      vertex 0.301861 -8.84158 -3.35619
      vertex 0.597671 -8.16107 -4.45728
      vertex 0.920604 -8.29504 -4.2405
    endloop
  endfacet
  facet normal 3.17569e-06 -0.850653 -0.525728
    outer loop
      vertex 1.7313 -7.99321 -4.72888
      vertex 1.82642 -7.68278 -5.23117
      vertex 1.92661 -7.85008 -4.96047
    endloop
  endfacet
  facet normal 0.000148202 -0.850757 -0.52556
    outer loop
      vertex 1.11286 -7.95017 -4.79853
      vertex 1.81646 -7.67792 -5.23904
      vertex 1.82642 -7.68278 -5.23117
    endloop
  endfacet
  facet normal -5.75935e-07 -0.850651 -0.525731
    outer loop
      vertex -1.31491 -7.67171 -5.24908
      vertex 0.597671 -8.16107 -4.45728
      vertex 0.301861 -8.84158 -3.35619
    endloop
  endfacet
  facet normal -1.01572e-06 -0.850652 -0.52573
    outer loop
      vertex -0.715975 -7.44294 -5.61924
      vertex 0.597671 -8.16107 -4.45728
      vertex -1.31491 -7.67171 -5.24908
    endloop
  endfacet
  facet normal -5.33519e-06 -0.850654 -0.525726
    outer loop
      vertex -0.262332 -7.4268 -5.64536
      vertex 0.597671 -8.16107 -4.45728
      vertex -0.715975 -7.44294 -5.61924
    endloop
  endfacet
  facet normal 0.000112258 -0.850641 -0.525747
    outer loop
      vertex 0.597671 -8.16107 -4.45728
      vertex 0.403639 -7.50751 -5.51476
      vertex 0.636326 -8.14447 -4.48413
    endloop
  endfacet
  facet normal 2.03916e-06 -0.850652 -0.525729
    outer loop
      vertex 0.858419 -7.52972 -5.47883
      vertex 1.10089 -7.94503 -4.80684
      vertex 0.432147 -7.51008 -5.51061
    endloop
  endfacet
  facet normal -7.71313e-05 -0.850645 -0.52574
    outer loop
      vertex 1.23937 -7.54731 -5.45037
      vertex 1.10089 -7.94503 -4.80684
      vertex 1.21009 -7.54596 -5.45255
    endloop
  endfacet
  facet normal 3.19724e-06 -0.850653 -0.525727
    outer loop
      vertex 1.11286 -7.95017 -4.79853
      vertex 1.50996 -7.57578 -5.40431
      vertex 1.69678 -7.61948 -5.3336
    endloop
  endfacet
  facet normal -4.66585e-06 -0.850652 -0.525729
    outer loop
      vertex 1.48916 -7.57359 -5.40785
      vertex 1.10089 -7.94503 -4.80684
      vertex 1.23937 -7.54731 -5.45037
    endloop
  endfacet
  facet normal -8.00223e-05 -0.850629 -0.525766
    outer loop
      vertex 1.11286 -7.95017 -4.79853
      vertex 1.48916 -7.57359 -5.40785
      vertex 1.50996 -7.57578 -5.40431
    endloop
  endfacet
  facet normal 3.96321e-06 -0.850654 -0.525726
    outer loop
      vertex 1.11286 -7.95017 -4.79853
      vertex 1.69678 -7.61948 -5.3336
      vertex 1.81646 -7.67792 -5.23904
    endloop
  endfacet
  facet normal 4.54722e-06 -0.850652 -0.52573
    outer loop
      vertex 1.21009 -7.54596 -5.45255
      vertex 1.10089 -7.94503 -4.80684
      vertex 0.858419 -7.52972 -5.47883
    endloop
  endfacet
  facet normal -4.42868e-06 -0.850655 -0.525725
    outer loop
      vertex 0.636326 -8.14447 -4.48413
      vertex 0.432147 -7.51008 -5.51061
      vertex 1.10089 -7.94503 -4.80684
    endloop
  endfacet
  facet normal -0.000159715 -0.850669 -0.525702
    outer loop
      vertex 0.432147 -7.51008 -5.51061
      vertex 0.636326 -8.14447 -4.48413
      vertex 0.403639 -7.50751 -5.51476
    endloop
  endfacet
  facet normal -5.3082e-06 -0.850654 -0.525726
    outer loop
      vertex 0.0612755 -7.47672 -5.56459
      vertex 0.597671 -8.16107 -4.45728
      vertex -0.262332 -7.4268 -5.64536
    endloop
  endfacet
  facet normal 1.7105e-05 -0.850649 -0.525734
    outer loop
      vertex 0.403639 -7.50751 -5.51476
      vertex 0.597671 -8.16107 -4.45728
      vertex 0.0612755 -7.47672 -5.56459
    endloop
  endfacet
  facet normal -1.76117e-05 -0.850558 -0.525881
    outer loop
      vertex -0.715975 -7.44294 -5.61924
      vertex -0.284207 -7.42147 -5.65398
      vertex -0.262332 -7.4268 -5.64536
    endloop
  endfacet
  facet normal 3.25355e-06 -0.850674 -0.525693
    outer loop
      vertex -0.715975 -7.44294 -5.61924
      vertex -0.546875 -7.35748 -5.75753
      vertex -0.284207 -7.42147 -5.65398
    endloop
  endfacet
  facet normal -8.4004e-05 -0.850627 -0.52577
    outer loop
      vertex -0.715975 -7.44294 -5.61924
      vertex -0.567074 -7.34286 -5.78118
      vertex -0.546875 -7.35748 -5.75753
    endloop
  endfacet
  facet normal -9.21979e-06 -0.850657 -0.52572
    outer loop
      vertex -0.975915 -7.25485 -5.92358
      vertex -0.567074 -7.34286 -5.78118
      vertex -0.715975 -7.44294 -5.61924
    endloop
  endfacet
  facet normal -4.79693e-05 -0.850627 -0.52577
    outer loop
      vertex -0.809589 -7.16738 -6.06511
      vertex -0.975915 -7.25485 -5.92358
      vertex -0.997569 -7.23918 -5.94893
    endloop
  endfacet
  facet normal -3.41415e-06 -0.85065 -0.525732
    outer loop
      vertex -0.975915 -7.25485 -5.92358
      vertex -0.809589 -7.16738 -6.06511
      vertex -0.567074 -7.34286 -5.78118
    endloop
  endfacet
  facet normal -1.2106e-06 -0.850652 -0.52573
    outer loop
      vertex -0.265316 -9.03204 -3.04801
      vertex -3.8985 -10.7197 -0.3173
      vertex -1.15452 -9.05676 -3.00801
    endloop
  endfacet
  facet normal -3.01673e-06 -0.850651 -0.525731
    outer loop
      vertex -3.8985 -10.7197 -0.3173
      vertex -1.45228 -8.8413 -3.35663
      vertex -1.15452 -9.05676 -3.00801
    endloop
  endfacet
  facet normal -7.99203e-07 -0.850652 -0.52573
    outer loop
      vertex -2.23096 -8.02161 -4.68292
      vertex -1.45228 -8.8413 -3.35663
      vertex -3.8985 -10.7197 -0.3173
    endloop
  endfacet
  facet normal -2.64475e-06 -0.850652 -0.525729
    outer loop
      vertex -1.836 -7.87075 -4.92702
      vertex -1.45228 -8.8413 -3.35663
      vertex -2.23096 -8.02161 -4.68292
    endloop
  endfacet
  facet normal -2.48456e-06 -0.850652 -0.525729
    outer loop
      vertex -1.45228 -8.8413 -3.35663
      vertex -1.836 -7.87075 -4.92702
      vertex -0.54124 -8.80762 -3.41113
    endloop
  endfacet
  facet normal 9.96458e-05 -0.850712 -0.525633
    outer loop
      vertex -0.191394 -9.02998 -3.05133
      vertex -3.8985 -10.7197 -0.3173
      vertex -0.265316 -9.03204 -3.04801
    endloop
  endfacet
  facet normal 0 -0.850651 -0.52573
    outer loop
      vertex -3.8985 -10.7197 -0.3173
      vertex -0.191394 -9.02998 -3.05133
      vertex 3.8985 -10.7197 -0.3173
    endloop
  endfacet
  facet normal -5.15323e-06 -0.850655 -0.525725
    outer loop
      vertex 0.263998 -8.85604 -3.33278
      vertex 3.8985 -10.7197 -0.3173
      vertex -0.191394 -9.02998 -3.05133
    endloop
  endfacet
  facet normal -0.000104342 -0.850708 -0.525638
    outer loop
      vertex 0.301861 -8.84158 -3.35619
      vertex 3.8985 -10.7197 -0.3173
      vertex 0.263998 -8.85604 -3.33278
    endloop
  endfacet
  facet normal 1.8183e-05 -0.85066 -0.525716
    outer loop
      vertex 1.64445 -8.32167 -4.19741
      vertex 0.301861 -8.84158 -3.35619
      vertex 1.27219 -8.34879 -4.15354
    endloop
  endfacet
  facet normal 4.45267e-06 -0.850651 -0.525731
    outer loop
      vertex 0.301861 -8.84158 -3.35619
      vertex 1.64445 -8.32167 -4.19741
      vertex 3.8985 -10.7197 -0.3173
    endloop
  endfacet
  facet normal -2.12352e-05 -0.850657 -0.525721
    outer loop
      vertex 1.99981 -8.22135 -4.35975
      vertex 3.8985 -10.7197 -0.3173
      vertex 1.64445 -8.32167 -4.19741
    endloop
  endfacet
  facet normal 0.000156641 -0.85062 -0.525781
    outer loop
      vertex 2.02938 -8.213 -4.37325
      vertex 3.8985 -10.7197 -0.3173
      vertex 1.99981 -8.22135 -4.35975
    endloop
  endfacet
  facet normal 3.60956e-06 -0.850651 -0.52573
    outer loop
      vertex 3.8985 -10.7197 -0.3173
      vertex 2.02938 -8.213 -4.37325
      vertex 2.27416 -8.0915 -4.56984
    endloop
  endfacet
  facet normal 6.5686e-05 -0.850508 -0.525962
    outer loop
      vertex 1.2686 -8.01433 -4.6947
      vertex 1.42303 -8.04287 -4.64853
      vertex 1.41099 -8.04331 -4.64782
    endloop
  endfacet
  facet normal -2.49887e-05 -0.850644 -0.525742
    outer loop
      vertex 1.82642 -7.68278 -5.23117
      vertex 1.42303 -8.04287 -4.64853
      vertex 1.2686 -8.01433 -4.6947
    endloop
  endfacet
  facet normal -8.60254e-06 -0.850695 -0.52566
    outer loop
      vertex 1.11286 -7.95017 -4.79853
      vertex 1.2686 -8.01433 -4.6947
      vertex 1.25675 -8.01192 -4.6986
    endloop
  endfacet
  facet normal 2.67729e-05 -0.85066 -0.525716
    outer loop
      vertex 1.42303 -8.04287 -4.64853
      vertex 1.82642 -7.68278 -5.23117
      vertex 1.56777 -8.0376 -4.65705
    endloop
  endfacet
  facet normal 2.95925e-05 -0.850669 -0.525701
    outer loop
      vertex 1.82642 -7.68278 -5.23117
      vertex 1.2686 -8.01433 -4.6947
      vertex 1.11286 -7.95017 -4.79853
    endloop
  endfacet
  facet normal -0.000206106 -0.850594 -0.525823
    outer loop
      vertex 1.48916 -7.57359 -5.40785
      vertex 1.11286 -7.95017 -4.79853
      vertex 1.10089 -7.94503 -4.80684
    endloop
  endfacet
  facet normal -1.73255e-05 -0.850651 -0.525731
    outer loop
      vertex 1.56777 -8.0376 -4.65705
      vertex 1.82642 -7.68278 -5.23117
      vertex 1.7313 -7.99321 -4.72888
    endloop
  endfacet
  facet normal 2.63712e-05 -0.850659 -0.525718
    outer loop
      vertex 1.33002 -6.69421 -6.83072
      vertex 1.0372 -7.24061 -5.94661
      vertex 0.828843 -7.23566 -5.95463
    endloop
  endfacet
  facet normal -1.24117e-05 -0.850649 -0.525734
    outer loop
      vertex 1.33002 -6.69421 -6.83072
      vertex 0.828843 -7.23566 -5.95463
      vertex 0.644425 -7.22876 -5.96579
    endloop
  endfacet
  facet normal 0.000251833 -0.850743 -0.525582
    outer loop
      vertex 1.33002 -6.69421 -6.83072
      vertex 0.644425 -7.22876 -5.96579
      vertex 0.629065 -7.22819 -5.96672
    endloop
  endfacet
  facet normal 5.56553e-06 -0.850653 -0.525727
    outer loop
      vertex 1.33002 -6.69421 -6.83072
      vertex 0.629065 -7.22819 -5.96672
      vertex 0.454702 -7.21677 -5.9852
    endloop
  endfacet
  facet normal -0.000434153 -0.85045 -0.526056
    outer loop
      vertex 1.33002 -6.69421 -6.83072
      vertex 0.454702 -7.21677 -5.9852
      vertex 0.440179 -7.21581 -5.98674
    endloop
  endfacet
  facet normal 2.77883e-06 -0.850656 -0.525723
    outer loop
      vertex 1.33002 -6.69421 -6.83072
      vertex 0.440179 -7.21581 -5.98674
      vertex 0.281013 -7.19549 -6.01962
    endloop
  endfacet
  facet normal -2.19543e-05 -0.850652 -0.525729
    outer loop
      vertex 1.0372 -7.24061 -5.94661
      vertex 1.33002 -6.69421 -6.83072
      vertex 1.25174 -7.24543 -5.93882
    endloop
  endfacet
  facet normal 0.000427109 -0.8502 -0.52646
    outer loop
      vertex 0.128833 -7.16024 -6.07667
      vertex 0.281013 -7.19549 -6.01962
      vertex 0.267755 -7.1938 -6.02236
    endloop
  endfacet
  facet normal 3.13248e-05 -0.850672 -0.525696
    outer loop
      vertex 0.281013 -7.19549 -6.01962
      vertex 0.128833 -7.16024 -6.07667
      vertex 1.33002 -6.69421 -6.83072
    endloop
  endfacet
  facet normal -0.000293437 -0.850441 -0.52607
    outer loop
      vertex 1.33002 -6.69421 -6.83072
      vertex 0.128833 -7.16024 -6.07667
      vertex 0.11726 -7.15744 -6.08119
    endloop
  endfacet
  facet normal -5.40242e-06 -0.850653 -0.525728
    outer loop
      vertex 1.25174 -7.24543 -5.93882
      vertex 1.33002 -6.69421 -6.83072
      vertex 1.46599 -7.25464 -5.92392
    endloop
  endfacet
  facet normal 2.73311e-06 -0.850652 -0.525729
    outer loop
      vertex 1.33002 -6.69421 -6.83072
      vertex 1.67344 -7.27276 -5.8946
      vertex 1.46599 -7.25464 -5.92392
    endloop
  endfacet
  facet normal 1.77931e-05 -0.85065 -0.525733
    outer loop
      vertex 1.33002 -6.69421 -6.83072
      vertex 1.77776 -7.28832 -5.86942
      vertex 1.67344 -7.27276 -5.8946
    endloop
  endfacet
  facet normal -0.000369452 -0.850704 -0.525646
    outer loop
      vertex 0 -4.4119 -10.5236
      vertex 1.04273 -6.48633 -7.16708
      vertex 1.01878 -6.469 -7.19511
    endloop
  endfacet
  facet normal 1.73946e-05 -0.85065 -0.525733
    outer loop
      vertex 1.33002 -6.69421 -6.83072
      vertex 0 -4.4119 -10.5236
      vertex 1.77776 -7.28832 -5.86942
    endloop
  endfacet
  facet normal 2.63031e-06 -0.850652 -0.525729
    outer loop
      vertex 1.04273 -6.48633 -7.16708
      vertex 0 -4.4119 -10.5236
      vertex 1.33002 -6.69421 -6.83072
    endloop
  endfacet
  facet normal 0.57735 -0.57735 0.57735
    outer loop
      vertex 6.6251 -6.3078 6.8212
      vertex 6.3078 -6.8212 6.6251
      vertex 6.8212 -6.6251 6.3078
    endloop
  endfacet
  facet normal 0.809012 -0.309026 0.500003
    outer loop
      vertex 6.6251 -6.3078 6.8212
      vertex 10.7197 -0.3173 3.8985
      vertex 10.5236 0 4.4119
    endloop
  endfacet
  facet normal 0.809012 -0.309026 0.500003
    outer loop
      vertex 10.7197 -0.3173 3.8985
      vertex 6.6251 -6.3078 6.8212
      vertex 6.8212 -6.6251 6.3078
    endloop
  endfacet
  facet normal 0.525808 -0.000240037 -0.850603
    outer loop
      vertex 0.3173 -3.8985 -10.7197
      vertex 4.57386 -1.9571 -8.08902
      vertex 4.59836 -1.97525 -8.07387
    endloop
  endfacet
  facet normal 0.525762 4.19014e-05 -0.850632
    outer loop
      vertex 3.51689 0.365951 -8.74226
      vertex 0.3173 3.8985 -10.7197
      vertex 3.5159 0.404578 -8.74287
    endloop
  endfacet
  facet normal 0.525728 0 -0.850653
    outer loop
      vertex 0.3173 3.8985 -10.7197
      vertex 3.51689 0.365951 -8.74226
      vertex 0.3173 -3.8985 -10.7197
    endloop
  endfacet
  facet normal 0.525729 -1.06959e-06 -0.850652
    outer loop
      vertex 4.05152 -1.3526 -8.41184
      vertex 0.3173 -3.8985 -10.7197
      vertex 3.51689 0.365951 -8.74226
    endloop
  endfacet
  facet normal 0.525732 -7.60467e-06 -0.85065
    outer loop
      vertex 4.26181 -1.7093 -8.28187
      vertex 0.3173 -3.8985 -10.7197
      vertex 4.05152 -1.3526 -8.41184
    endloop
  endfacet
  facet normal 0.525681 0.000119712 -0.850682
    outer loop
      vertex 4.27931 -1.73899 -8.27106
      vertex 0.3173 -3.8985 -10.7197
      vertex 4.26181 -1.7093 -8.28187
    endloop
  endfacet
  facet normal 0.525728 1.48081e-06 -0.850653
    outer loop
      vertex 4.57386 -1.9571 -8.08902
      vertex 0.3173 -3.8985 -10.7197
      vertex 4.27931 -1.73899 -8.27106
    endloop
  endfacet
  facet normal 0.525722 2.47327e-05 -0.850657
    outer loop
      vertex 4.95866 -2.04572 -7.8512
      vertex 0.3173 -3.8985 -10.7197
      vertex 4.59836 -1.97525 -8.07387
    endloop
  endfacet
  facet normal 0.525749 -6.96058e-05 -0.85064
    outer loop
      vertex 4.98864 -2.05158 -7.83267
      vertex 0.3173 -3.8985 -10.7197
      vertex 4.95866 -2.04572 -7.8512
    endloop
  endfacet
  facet normal 0.525732 -9.9451e-06 -0.85065
    outer loop
      vertex 0.3173 -3.8985 -10.7197
      vertex 4.98864 -2.05158 -7.83267
      vertex 5.35642 -1.97371 -7.60537
    endloop
  endfacet
  facet normal 0.526097 -9.77085e-05 -0.850425
    outer loop
      vertex 5.53986 -1.10498 -7.492
      vertex 5.57334 -0.916214 -7.47131
      vertex 5.5756 -0.932744 -7.46991
    endloop
  endfacet
  facet normal 0.525731 -8.0504e-06 -0.850651
    outer loop
      vertex 4.67541 -1.0734 -8.02626
      vertex 5.57334 -0.916214 -7.47131
      vertex 5.53986 -1.10498 -7.492
    endloop
  endfacet
  facet normal 0.524476 -0.000264985 -0.851425
    outer loop
      vertex 5.57334 -0.916214 -7.47131
      vertex 5.539 -0.702025 -7.49253
      vertex 5.5462 -0.717516 -7.48809
    endloop
  endfacet
  facet normal 0.525295 0.000388377 -0.85092
    outer loop
      vertex 5.43012 -1.26842 -7.55982
      vertex 5.53986 -1.10498 -7.492
      vertex 5.53689 -1.11931 -7.49384
    endloop
  endfacet
  facet normal 0.525729 1.25125e-05 -0.850652
    outer loop
      vertex 5.57334 -0.916214 -7.47131
      vertex 4.67541 -1.0734 -8.02626
      vertex 5.539 -0.702025 -7.49253
    endloop
  endfacet
  facet normal 0.525816 5.65003e-05 -0.850599
    outer loop
      vertex 5.539 -0.702025 -7.49253
      vertex 5.44132 -0.506647 -7.5529
      vertex 5.45258 -0.515822 -7.54594
    endloop
  endfacet
  facet normal 0.525731 -1.58281e-05 -0.850651
    outer loop
      vertex 5.53986 -1.10498 -7.492
      vertex 5.43012 -1.26842 -7.55982
      vertex 4.67541 -1.0734 -8.02626
    endloop
  endfacet
  facet normal 0.525657 0.000241217 -0.850696
    outer loop
      vertex 4.6677 -1.05887 -8.03102
      vertex 5.539 -0.702025 -7.49253
      vertex 4.67541 -1.0734 -8.02626
    endloop
  endfacet
  facet normal 0.526158 0.000771302 -0.850387
    outer loop
      vertex 5.44132 -0.506647 -7.5529
      vertex 5.29083 -0.393852 -7.64591
      vertex 5.30601 -0.39637 -7.63652
    endloop
  endfacet
  facet normal 0.525736 8.93037e-06 -0.850648
    outer loop
      vertex 4.67541 -1.0734 -8.02626
      vertex 5.43012 -1.26842 -7.55982
      vertex 5.25536 -1.37127 -7.66783
    endloop
  endfacet
  facet normal 0.525732 -1.0374e-06 -0.85065
    outer loop
      vertex 5.539 -0.702025 -7.49253
      vertex 5.10833 -0.36359 -7.7587
      vertex 5.44132 -0.506647 -7.5529
    endloop
  endfacet
  facet normal 0.52573 -1.0469e-05 -0.850652
    outer loop
      vertex 4.76809 -1.2481 -7.96898
      vertex 5.25536 -1.37127 -7.66783
      vertex 5.07011 -1.40702 -7.78232
    endloop
  endfacet
  facet normal 0.525716 -4.78905e-05 -0.85066
    outer loop
      vertex 4.76809 -1.2481 -7.96898
      vertex 5.07011 -1.40702 -7.78232
      vertex 4.91764 -1.36829 -7.87655
    endloop
  endfacet
  facet normal 0.525523 -0.000378818 -0.850779
    outer loop
      vertex 4.76809 -1.2481 -7.96898
      vertex 4.91764 -1.36829 -7.87655
      vertex 4.90495 -1.36507 -7.88439
    endloop
  endfacet
  facet normal 0.525724 -2.9604e-05 -0.850656
    outer loop
      vertex 5.44132 -0.506647 -7.5529
      vertex 5.10833 -0.36359 -7.7587
      vertex 5.29083 -0.393852 -7.64591
    endloop
  endfacet
  facet normal 0.525731 -2.81124e-06 -0.850651
    outer loop
      vertex 5.25536 -1.37127 -7.66783
      vertex 4.76809 -1.2481 -7.96898
      vertex 4.67541 -1.0734 -8.02626
    endloop
  endfacet
  facet normal 0.525732 -1.41782e-06 -0.85065
    outer loop
      vertex 5.539 -0.702025 -7.49253
      vertex 4.86137 -0.421813 -7.91133
      vertex 5.10833 -0.36359 -7.7587
    endloop
  endfacet
  facet normal 0.525731 -6.05888e-06 -0.850651
    outer loop
      vertex 5.539 -0.702025 -7.49253
      vertex 4.6677 -1.05887 -8.03102
      vertex 4.86137 -0.421813 -7.91133
    endloop
  endfacet
  facet normal 0.525712 2.0241e-06 -0.850663
    outer loop
      vertex 4.6677 -1.05887 -8.03102
      vertex 4.65485 -0.500694 -8.03896
      vertex 4.86137 -0.421813 -7.91133
    endloop
  endfacet
  facet normal 0.525728 2.53449e-06 -0.850653
    outer loop
      vertex 4.09886 -1.33003 -8.38258
      vertex 4.65485 -0.500694 -8.03896
      vertex 4.6677 -1.05887 -8.03102
    endloop
  endfacet
  facet normal 0.525732 -1.16463e-06 -0.850651
    outer loop
      vertex 3.51689 0.365951 -8.74226
      vertex 4.65485 -0.500694 -8.03896
      vertex 4.09886 -1.33003 -8.38258
    endloop
  endfacet
  facet normal 0.525566 -6.69594e-05 -0.850753
    outer loop
      vertex 4.48925 0.0983715 -8.14131
      vertex 4.22227 0.972466 -8.30631
      vertex 4.22603 1.00805 -8.30399
    endloop
  endfacet
  facet normal 0.525728 1.39863e-06 -0.850653
    outer loop
      vertex 4.48925 0.0983715 -8.14131
      vertex 4.17716 0.545168 -8.33419
      vertex 4.22227 0.972466 -8.30631
    endloop
  endfacet
  facet normal 0.525716 -1.02631e-05 -0.85066
    outer loop
      vertex 4.48925 0.0983715 -8.14131
      vertex 4.1264 0.531391 -8.36556
      vertex 4.17716 0.545168 -8.33419
    endloop
  endfacet
  facet normal 0.525729 -5.88917e-06 -0.850652
    outer loop
      vertex 4.65485 -0.500694 -8.03896
      vertex 3.51689 0.365951 -8.74226
      vertex 4.48925 0.0983715 -8.14131
    endloop
  endfacet
  facet normal 0.525757 1.08443e-05 -0.850635
    outer loop
      vertex 3.51689 0.365951 -8.74226
      vertex 4.09886 -1.33003 -8.38258
      vertex 4.05152 -1.3526 -8.41184
    endloop
  endfacet
  facet normal 0.525732 7.81829e-06 -0.85065
    outer loop
      vertex 4.48925 0.0983715 -8.14131
      vertex 3.51689 0.365951 -8.74226
      vertex 4.1264 0.531391 -8.36556
    endloop
  endfacet
  facet normal 0.525457 0.000106823 -0.85082
    outer loop
      vertex 5.13158 0.503279 -7.74433
      vertex 5.19446 0.710183 -7.70547
      vertex 5.19618 0.692232 -7.70441
    endloop
  endfacet
  facet normal 0.525728 -6.78575e-06 -0.850653
    outer loop
      vertex 4.22603 1.00805 -8.30399
      vertex 5.19446 0.710183 -7.70547
      vertex 5.13158 0.503279 -7.74433
    endloop
  endfacet
  facet normal 0.526105 -0.000448303 -0.85042
    outer loop
      vertex 4.97635 0.329298 -7.84027
      vertex 5.13158 0.503279 -7.74433
      vertex 5.1262 0.487551 -7.74765
    endloop
  endfacet
  facet normal 0.525728 -5.99261e-06 -0.850653
    outer loop
      vertex 5.19446 0.710183 -7.70547
      vertex 4.22603 1.00805 -8.30399
      vertex 5.1738 0.925836 -7.71824
    endloop
  endfacet
  facet normal 0.525908 0.00014259 -0.850542
    outer loop
      vertex 5.1738 0.925836 -7.71824
      vertex 5.06609 1.16076 -7.7848
      vertex 5.07688 1.1507 -7.77813
    endloop
  endfacet
  facet normal 0.525734 8.81717e-06 -0.850649
    outer loop
      vertex 5.13158 0.503279 -7.74433
      vertex 4.97635 0.329298 -7.84027
      vertex 4.22603 1.00805 -8.30399
    endloop
  endfacet
  facet normal 0.525553 0.000434762 -0.850761
    outer loop
      vertex 4.72882 0.192678 -7.99325
      vertex 4.97635 0.329298 -7.84027
      vertex 4.96388 0.316125 -7.84798
    endloop
  endfacet
  facet normal 0.525742 3.75215e-05 -0.850644
    outer loop
      vertex 5.1738 0.925836 -7.71824
      vertex 4.52286 1.25812 -8.12054
      vertex 5.06609 1.16076 -7.7848
    endloop
  endfacet
  facet normal 0.52591 0.000278271 -0.85054
    outer loop
      vertex 5.06609 1.16076 -7.7848
      vertex 4.92275 1.28479 -7.87339
      vertex 4.93645 1.28161 -7.86492
    endloop
  endfacet
  facet normal 0.525738 3.54292e-06 -0.850647
    outer loop
      vertex 4.75815 1.32291 -7.97512
      vertex 5.06609 1.16076 -7.7848
      vertex 4.52286 1.25812 -8.12054
    endloop
  endfacet
  facet normal 0.525727 -2.06909e-06 -0.850653
    outer loop
      vertex 4.97635 0.329298 -7.84027
      vertex 4.72882 0.192678 -7.99325
      vertex 4.22603 1.00805 -8.30399
    endloop
  endfacet
  facet normal 0.525761 2.64552e-05 -0.850633
    outer loop
      vertex 4.22603 1.00805 -8.30399
      vertex 4.72882 0.192678 -7.99325
      vertex 4.70926 0.182402 -8.00534
    endloop
  endfacet
  facet normal 0.525738 3.65265e-06 -0.850647
    outer loop
      vertex 5.06609 1.16076 -7.7848
      vertex 4.75815 1.32291 -7.97512
      vertex 4.92275 1.28479 -7.87339
    endloop
  endfacet
  facet normal 0.525641 0.000490905 -0.850707
    outer loop
      vertex 4.75815 1.32291 -7.97512
      vertex 4.52286 1.25812 -8.12054
      vertex 4.54757 1.27894 -8.10526
    endloop
  endfacet
  facet normal 0.525722 -4.60584e-06 -0.850656
    outer loop
      vertex 4.22603 1.00805 -8.30399
      vertex 4.70926 0.182402 -8.00534
      vertex 4.48925 0.0983715 -8.14131
    endloop
  endfacet
  facet normal 0.525729 7.61451e-07 -0.850652
    outer loop
      vertex 5.1738 0.925836 -7.71824
      vertex 4.22603 1.00805 -8.30399
      vertex 4.52286 1.25812 -8.12054
    endloop
  endfacet
  facet normal 0.525743 6.1987e-06 -0.850643
    outer loop
      vertex 6.08024 -0.264793 -7.15803
      vertex 5.77448 0.552828 -7.347
      vertex 5.84913 0.871993 -7.30086
    endloop
  endfacet
  facet normal 0.525775 7.76455e-06 -0.850624
    outer loop
      vertex 5.87918 -0.05931 -7.28229
      vertex 5.76013 0.531569 -7.35587
      vertex 5.77448 0.552828 -7.347
    endloop
  endfacet
  facet normal 0.525739 3.70497e-06 -0.850646
    outer loop
      vertex 5.58763 0.276101 -7.46248
      vertex 5.87918 -0.05931 -7.28229
      vertex 5.61517 0.0462828 -7.44546
    endloop
  endfacet
  facet normal 0.525732 -4.04627e-06 -0.85065
    outer loop
      vertex 5.87918 -0.05931 -7.28229
      vertex 5.58763 0.276101 -7.46248
      vertex 5.76013 0.531569 -7.35587
    endloop
  endfacet
  facet normal 0.52572 6.26516e-07 -0.850658
    outer loop
      vertex 5.31966 0.0472151 -7.62809
      vertex 5.58763 0.276101 -7.46248
      vertex 5.61517 0.0462828 -7.44546
    endloop
  endfacet
  facet normal 0.525796 0.000784157 -0.85061
    outer loop
      vertex 5.29237 0.0570326 -7.64495
      vertex 5.31966 0.0472151 -7.62809
      vertex 5.29507 0.0472927 -7.64329
    endloop
  endfacet
  facet normal 0.524349 -0.00475197 -0.85149
    outer loop
      vertex 5.29215 0.0578432 -7.64509
      vertex 5.31966 0.0472151 -7.62809
      vertex 5.29237 0.0570326 -7.64495
    endloop
  endfacet
  facet normal 0.525695 4.10329e-05 -0.850673
    outer loop
      vertex 5.31966 0.0472151 -7.62809
      vertex 5.29215 0.0578432 -7.64509
      vertex 5.58763 0.276101 -7.46248
    endloop
  endfacet
  facet normal 0.525731 -7.99018e-06 -0.850651
    outer loop
      vertex 10.5236 0 -4.4119
      vertex 6.13294 -1.3993 -7.12546
      vertex 6.25603 -1.0062 -7.04939
    endloop
  endfacet
  facet normal 0.525728 2.6007e-06 -0.850653
    outer loop
      vertex 10.5236 0 -4.4119
      vertex 5.85378 -1.72369 -7.29799
      vertex 6.13294 -1.3993 -7.12546
    endloop
  endfacet
  facet normal 0.525745 -6.14966e-05 -0.850642
    outer loop
      vertex 5.85378 -1.72369 -7.29799
      vertex 10.5236 0 -4.4119
      vertex 5.50311 -1.91767 -7.51471
    endloop
  endfacet
  facet normal 0.525729 4.02361e-06 -0.850652
    outer loop
      vertex 6.21488 -0.599351 -7.07482
      vertex 10.5236 0 -4.4119
      vertex 6.25603 -1.0062 -7.04939
    endloop
  endfacet
  facet normal 0.52572 9.08304e-05 -0.850658
    outer loop
      vertex 6.21146 -0.565512 -7.07693
      vertex 10.5236 0 -4.4119
      vertex 6.21488 -0.599351 -7.07482
    endloop
  endfacet
  facet normal 0.525729 -5.5029e-06 -0.850652
    outer loop
      vertex 6.09032 -0.287888 -7.1518
      vertex 10.5236 0 -4.4119
      vertex 6.21146 -0.565512 -7.07693
    endloop
  endfacet
  facet normal 0.525729 -9.22973e-06 -0.850652
    outer loop
      vertex 6.08024 -0.264793 -7.15803
      vertex 10.5236 0 -4.4119
      vertex 6.09032 -0.287888 -7.1518
    endloop
  endfacet
  facet normal 0.525734 1.5949e-06 -0.850649
    outer loop
      vertex 5.77448 0.552828 -7.347
      vertex 6.08024 -0.264793 -7.15803
      vertex 5.89462 -0.0750926 -7.27275
    endloop
  endfacet
  facet normal 0.525611 -3.10228e-05 -0.850725
    outer loop
      vertex 5.77448 0.552828 -7.347
      vertex 5.89462 -0.0750926 -7.27275
      vertex 5.87918 -0.05931 -7.28229
    endloop
  endfacet
  facet normal 0.525729 2.16234e-06 -0.850652
    outer loop
      vertex 6.08024 -0.264793 -7.15803
      vertex 5.84913 0.871993 -7.30086
      vertex 10.5236 0 -4.4119
    endloop
  endfacet
  facet normal 0.525728 -4.41663e-06 -0.850653
    outer loop
      vertex 5.81106 1.19108 -7.32439
      vertex 10.5236 0 -4.4119
      vertex 5.84913 0.871993 -7.30086
    endloop
  endfacet
  facet normal 0.525723 -2.79262e-05 -0.850656
    outer loop
      vertex 5.80789 1.21764 -7.32635
      vertex 10.5236 0 -4.4119
      vertex 5.81106 1.19108 -7.32439
    endloop
  endfacet
  facet normal 0.525727 -1.09201e-05 -0.850654
    outer loop
      vertex 5.62234 1.61947 -7.44103
      vertex 10.5236 0 -4.4119
      vertex 5.80789 1.21764 -7.32635
    endloop
  endfacet
  facet normal 0.525791 0.00025739 -0.850614
    outer loop
      vertex 5.60689 1.65292 -7.45057
      vertex 10.5236 0 -4.4119
      vertex 5.62234 1.61947 -7.44103
    endloop
  endfacet
  facet normal 0.525712 -6.5271e-05 -0.850662
    outer loop
      vertex 5.31697 1.89368 -7.62976
      vertex 10.5236 0 -4.4119
      vertex 5.60689 1.65292 -7.45057
    endloop
  endfacet
  facet normal 0.525715 -5.48347e-05 -0.850661
    outer loop
      vertex 5.29283 1.91372 -7.64468
      vertex 10.5236 0 -4.4119
      vertex 5.31697 1.89368 -7.62976
    endloop
  endfacet
  facet normal 0.525946 0.000718432 -0.850518
    outer loop
      vertex 0.3173 3.8985 -10.7197
      vertex 4.91192 1.98641 -7.88008
      vertex 4.8802 1.99246 -7.89969
    endloop
  endfacet
  facet normal 0.5257 -8.01968e-05 -0.85067
    outer loop
      vertex 0.3173 3.8985 -10.7197
      vertex 4.42168 1.89006 -8.18307
      vertex 4.38349 1.88153 -8.20667
    endloop
  endfacet
  facet normal 0.525727 -3.62791e-06 -0.850654
    outer loop
      vertex 0.3173 3.8985 -10.7197
      vertex 3.67212 1.32253 -8.64632
      vertex 3.64937 1.29626 -8.66038
    endloop
  endfacet
  facet normal 0.525733 5.84123e-06 -0.85065
    outer loop
      vertex 3.5159 0.404578 -8.74287
      vertex 0.3173 3.8985 -10.7197
      vertex 3.50397 0.86834 -8.75024
    endloop
  endfacet
  facet normal 0.525652 -0.000112601 -0.8507
    outer loop
      vertex 3.50397 0.86834 -8.75024
      vertex 0.3173 3.8985 -10.7197
      vertex 3.51516 0.901246 -8.74333
    endloop
  endfacet
  facet normal 0.525748 7.07169e-05 -0.85064
    outer loop
      vertex 5.29283 1.91372 -7.64468
      vertex 0.3173 3.8985 -10.7197
      vertex 10.5236 0 -4.4119
    endloop
  endfacet
  facet normal 0.525687 -0.000142602 -0.850678
    outer loop
      vertex 4.91192 1.98641 -7.88008
      vertex 0.3173 3.8985 -10.7197
      vertex 5.29283 1.91372 -7.64468
    endloop
  endfacet
  facet normal 0.525729 2.29395e-06 -0.850652
    outer loop
      vertex 4.42168 1.89006 -8.18307
      vertex 0.3173 3.8985 -10.7197
      vertex 4.8802 1.99246 -7.89969
    endloop
  endfacet
  facet normal 0.525727 -5.21915e-06 -0.850653
    outer loop
      vertex 3.94519 1.63791 -8.47755
      vertex 0.3173 3.8985 -10.7197
      vertex 4.38349 1.88153 -8.20667
    endloop
  endfacet
  facet normal 0.525733 7.28961e-06 -0.85065
    outer loop
      vertex 3.67212 1.32253 -8.64632
      vertex 0.3173 3.8985 -10.7197
      vertex 3.94519 1.63791 -8.47755
    endloop
  endfacet
  facet normal 0.525733 7.08387e-06 -0.85065
    outer loop
      vertex 3.51516 0.901246 -8.74333
      vertex 0.3173 3.8985 -10.7197
      vertex 3.64937 1.29626 -8.66038
    endloop
  endfacet
  facet normal 0 1 -0
    outer loop
      vertex 3.8985 10.7197 -0.3173
      vertex -3.8985 10.7197 0.3173
      vertex 3.8985 10.7197 0.3173
    endloop
  endfacet
  facet normal 0 1 0
    outer loop
      vertex -3.8985 10.7197 0.3173
      vertex 3.8985 10.7197 -0.3173
      vertex -3.8985 10.7197 -0.3173
    endloop
  endfacet
  facet normal 0.525733 1.59076e-05 -0.85065
    outer loop
      vertex 10.5236 0 -4.4119
      vertex 0.3173 3.8985 -10.7197
      vertex 6.6251 6.3078 -6.8212
    endloop
  endfacet
  facet normal -0.309026 -0.500003 0.809012
    outer loop
      vertex -0.3173 -3.8985 10.7197
      vertex -6.3078 -6.8212 6.6251
      vertex 0 -4.4119 10.5236
    endloop
  endfacet
  facet normal -0.309026 -0.500003 0.809012
    outer loop
      vertex -6.3078 -6.8212 6.6251
      vertex -0.3173 -3.8985 10.7197
      vertex -6.6251 -6.3078 6.8212
    endloop
  endfacet
  facet normal -0 0 1
    outer loop
      vertex -0.3173 3.8985 10.7197
      vertex 0.3173 -3.8985 10.7197
      vertex 0.3173 3.8985 10.7197
    endloop
  endfacet
  facet normal 0 0 1
    outer loop
      vertex 0.3173 -3.8985 10.7197
      vertex -0.3173 3.8985 10.7197
      vertex -0.3173 -3.8985 10.7197
    endloop
  endfacet
  facet normal 0.525726 1.82072e-05 0.850654
    outer loop
      vertex 6.6251 6.3078 6.8212
      vertex 5.21645 2.70844 7.69186
      vertex 5.61741 2.05969 7.44407
    endloop
  endfacet
  facet normal 0.525733 1.44104e-05 0.850649
    outer loop
      vertex 0.3173 3.8985 10.7197
      vertex 5.21645 2.70844 7.69186
      vertex 6.6251 6.3078 6.8212
    endloop
  endfacet
  facet normal 0.525763 0.000184055 0.850631
    outer loop
      vertex 5.21645 2.70844 7.69186
      vertex 0.3173 3.8985 10.7197
      vertex 5.17168 2.67019 7.71954
    endloop
  endfacet
  facet normal 0.525731 5.37724e-06 0.850651
    outer loop
      vertex 5.17168 2.67019 7.71954
      vertex 0.3173 3.8985 10.7197
      vertex 4.66532 2.23769 8.03249
    endloop
  endfacet
  facet normal 0.525733 1.60044e-05 0.85065
    outer loop
      vertex 5.61741 2.05969 7.44407
      vertex 10.5236 0 4.4119
      vertex 6.6251 6.3078 6.8212
    endloop
  endfacet
  facet normal 0.525736 2.57535e-05 0.850648
    outer loop
      vertex 10.5236 0 4.4119
      vertex 5.61741 2.05969 7.44407
      vertex 5.4672 1.93139 7.53691
    endloop
  endfacet
  facet normal -0.35682 0.934173 0
    outer loop
      vertex -3.8985 10.7197 -0.3173
      vertex -4.4119 10.5236 0
      vertex -3.8985 10.7197 0.3173
    endloop
  endfacet
  facet normal -1.59076e-05 0.85065 0.525733
    outer loop
      vertex -3.8985 10.7197 0.3173
      vertex -6.3078 6.8212 6.6251
      vertex 0 4.4119 10.5236
    endloop
  endfacet
  facet normal 0 0.35682 0.934173
    outer loop
      vertex 0 4.4119 10.5236
      vertex -0.3173 3.8985 10.7197
      vertex 0.3173 3.8985 10.7197
    endloop
  endfacet
  facet normal 0 -0.35682 -0.934173
    outer loop
      vertex 0 -4.4119 -10.5236
      vertex -0.3173 -3.8985 -10.7197
      vertex 0.3173 -3.8985 -10.7197
    endloop
  endfacet
  facet normal 0.309026 -0.500003 -0.809012
    outer loop
      vertex 6.3078 -6.8212 -6.6251
      vertex 0.3173 -3.8985 -10.7197
      vertex 6.6251 -6.3078 -6.8212
    endloop
  endfacet
  facet normal 0.309026 -0.500003 -0.809012
    outer loop
      vertex 0.3173 -3.8985 -10.7197
      vertex 6.3078 -6.8212 -6.6251
      vertex 0 -4.4119 -10.5236
    endloop
  endfacet
  facet normal -0.57735 -0.57735 -0.57735
    outer loop
      vertex -6.3078 -6.8212 -6.6251
      vertex -6.8212 -6.6251 -6.3078
      vertex -6.6251 -6.3078 -6.8212
    endloop
  endfacet
  facet normal 0.809012 -0.309026 -0.500003
    outer loop
      vertex 10.7197 -0.3173 -3.8985
      vertex 6.6251 -6.3078 -6.8212
      vertex 10.5236 0 -4.4119
    endloop
  endfacet
  facet normal 0.809012 -0.309026 -0.500003
    outer loop
      vertex 6.6251 -6.3078 -6.8212
      vertex 10.7197 -0.3173 -3.8985
      vertex 6.8212 -6.6251 -6.3078
    endloop
  endfacet
  facet normal 0.57735 -0.57735 -0.57735
    outer loop
      vertex 6.8212 -6.6251 -6.3078
      vertex 6.3078 -6.8212 -6.6251
      vertex 6.6251 -6.3078 -6.8212
    endloop
  endfacet
  facet normal 0.35682 0.934173 0
    outer loop
      vertex 4.4119 10.5236 0
      vertex 3.8985 10.7197 -0.3173
      vertex 3.8985 10.7197 0.3173
    endloop
  endfacet
  facet normal -0.57735 0.57735 -0.57735
    outer loop
      vertex -6.6251 6.3078 -6.8212
      vertex -6.8212 6.6251 -6.3078
      vertex -6.3078 6.8212 -6.6251
    endloop
  endfacet
  facet normal -0.500003 0.809012 -0.309026
    outer loop
      vertex -3.8985 10.7197 -0.3173
      vertex -6.8212 6.6251 -6.3078
      vertex -4.4119 10.5236 0
    endloop
  endfacet
  facet normal -0.500003 0.809012 -0.309026
    outer loop
      vertex -6.8212 6.6251 -6.3078
      vertex -3.8985 10.7197 -0.3173
      vertex -6.3078 6.8212 -6.6251
    endloop
  endfacet
  facet normal -0.525733 -1.59076e-05 0.85065
    outer loop
      vertex -0.3173 -3.8985 10.7197
      vertex -10.5236 0 4.4119
      vertex -6.6251 -6.3078 6.8212
    endloop
  endfacet
  facet normal 0.309026 0.500003 0.809012
    outer loop
      vertex 6.3078 6.8212 6.6251
      vertex 0.3173 3.8985 10.7197
      vertex 6.6251 6.3078 6.8212
    endloop
  endfacet
  facet normal 0.309026 0.500003 0.809012
    outer loop
      vertex 0.3173 3.8985 10.7197
      vertex 6.3078 6.8212 6.6251
      vertex 0 4.4119 10.5236
    endloop
  endfacet
  facet normal 0.57735 0.57735 0.57735
    outer loop
      vertex 6.8212 6.6251 6.3078
      vertex 6.3078 6.8212 6.6251
      vertex 6.6251 6.3078 6.8212
    endloop
  endfacet
  facet normal 0.525723 2.67338e-06 0.850656
    outer loop
      vertex 4.63405 2.21098 8.05182
      vertex 3.94546 -0.120308 8.47739
      vertex 4.49052 0.45114 8.14053
    endloop
  endfacet
  facet normal 0.525729 2.88585e-07 0.850652
    outer loop
      vertex 0.3173 3.8985 10.7197
      vertex 3.94546 -0.120308 8.47739
      vertex 4.63405 2.21098 8.05182
    endloop
  endfacet
  facet normal 0.525661 -8.45425e-05 0.850694
    outer loop
      vertex 3.94546 -0.120308 8.47739
      vertex 0.3173 3.8985 10.7197
      vertex 3.92312 -0.163781 8.49119
    endloop
  endfacet
  facet normal 0.52571 2.75227e-05 0.850664
    outer loop
      vertex 0.3173 -3.8985 10.7197
      vertex 3.65188 -0.729778 8.65883
      vertex 3.65458 -0.686433 8.65716
    endloop
  endfacet
  facet normal 0.525729 -0 0.850652
    outer loop
      vertex 0.3173 -3.8985 10.7197
      vertex 3.65458 -0.686433 8.65716
      vertex 0.3173 3.8985 10.7197
    endloop
  endfacet
  facet normal 0.525733 3.96525e-06 0.85065
    outer loop
      vertex 3.92312 -0.163781 8.49119
      vertex 0.3173 3.8985 10.7197
      vertex 3.65458 -0.686433 8.65716
    endloop
  endfacet
  facet normal 0.525755 9.1962e-05 0.850636
    outer loop
      vertex 0.3173 3.8985 10.7197
      vertex 4.63405 2.21098 8.05182
      vertex 4.66532 2.23769 8.03249
    endloop
  endfacet
  facet normal 0.525826 -0.000120642 0.850592
    outer loop
      vertex 6.22311 -0.549699 7.06973
      vertex 5.91732 -0.871742 7.25872
      vertex 5.93048 -0.904508 7.25058
    endloop
  endfacet
  facet normal 0.525728 3.53057e-06 0.850653
    outer loop
      vertex 5.60501 -0.278771 7.45174
      vertex 6.02175 0.323273 7.19418
      vertex 5.77359 0.355484 7.34755
    endloop
  endfacet
  facet normal 0.525726 -1.0156e-06 0.850654
    outer loop
      vertex 6.18951 -0.508766 7.0905
      vertex 5.75935 -0.478346 7.35635
      vertex 5.91732 -0.871742 7.25872
    endloop
  endfacet
  facet normal 0.525772 -1.26251e-05 0.850625
    outer loop
      vertex 5.60501 -0.278771 7.45174
      vertex 5.77359 0.355484 7.34755
      vertex 5.75293 0.358167 7.36032
    endloop
  endfacet
  facet normal 0.525744 0.000349959 0.850643
    outer loop
      vertex 6.18951 -0.508766 7.0905
      vertex 5.74748 -0.463003 7.36368
      vertex 5.75935 -0.478346 7.35635
    endloop
  endfacet
  facet normal 0.525751 -1.85837e-05 0.850638
    outer loop
      vertex 6.02175 0.323273 7.19418
      vertex 5.60501 -0.278771 7.45174
      vertex 5.74748 -0.463003 7.36368
    endloop
  endfacet
  facet normal 0.525719 1.53004e-06 0.850658
    outer loop
      vertex 5.41946 -0.129012 7.56641
      vertex 5.75293 0.358167 7.36032
      vertex 5.44407 0.246724 7.5512
    endloop
  endfacet
  facet normal 0.525714 6.02886e-06 0.850661
    outer loop
      vertex 5.75293 0.358167 7.36032
      vertex 5.41946 -0.129012 7.56641
      vertex 5.60501 -0.278771 7.45174
    endloop
  endfacet
  facet normal 0.525833 -8.81639e-06 0.850588
    outer loop
      vertex 5.41835 0.237444 7.5671
      vertex 5.41946 -0.129012 7.56641
      vertex 5.44407 0.246724 7.5512
    endloop
  endfacet
  facet normal 0.525727 -9.2594e-06 0.850653
    outer loop
      vertex 5.41835 0.237444 7.5671
      vertex 5.2196 -0.0446243 7.68993
      vertex 5.41946 -0.129012 7.56641
    endloop
  endfacet
  facet normal 0.525736 -1.78934e-05 0.850648
    outer loop
      vertex 5.0528 -0.0197903 7.79302
      vertex 5.2196 -0.0446243 7.68993
      vertex 5.41835 0.237444 7.5671
    endloop
  endfacet
  facet normal 0.525735 -3.10208e-05 0.850648
    outer loop
      vertex 5.2196 -0.0446243 7.68993
      vertex 5.0528 -0.0197903 7.79302
      vertex 5.02238 -0.0412035 7.81182
    endloop
  endfacet
  facet normal 0.52599 7.47344e-05 0.850491
    outer loop
      vertex 6.22744 0.110498 7.06706
      vertex 6.30125 -0.209134 7.02144
      vertex 6.31056 -0.18417 7.01568
    endloop
  endfacet
  facet normal 0.525796 0.000128429 0.850611
    outer loop
      vertex 6.03703 0.308799 7.18473
      vertex 6.22744 0.110498 7.06706
      vertex 6.22051 0.135048 7.07134
    endloop
  endfacet
  facet normal 0.525707 1.0493e-05 0.850666
    outer loop
      vertex 5.74748 -0.463003 7.36368
      vertex 6.22744 0.110498 7.06706
      vertex 6.03703 0.308799 7.18473
    endloop
  endfacet
  facet normal 0.525725 -9.79114e-06 0.850655
    outer loop
      vertex 6.22744 0.110498 7.06706
      vertex 5.74748 -0.463003 7.36368
      vertex 6.30125 -0.209134 7.02144
    endloop
  endfacet
  facet normal 0.525732 -6.74063e-05 0.85065
    outer loop
      vertex 10.5236 0 4.4119
      vertex 6.89462 -0.266086 6.65472
      vertex 6.89926 -0.295262 6.65185
    endloop
  endfacet
  facet normal 0.525728 8.97477e-06 0.850652
    outer loop
      vertex 10.5236 0 4.4119
      vertex 6.83884 0.0839615 6.68919
      vertex 6.89462 -0.266086 6.65472
    endloop
  endfacet
  facet normal 0.525729 1.8082e-05 0.850652
    outer loop
      vertex 10.5236 0 4.4119
      vertex 6.82405 0.115102 6.69833
      vertex 6.83884 0.0839615 6.68919
    endloop
  endfacet
  facet normal 0.525728 -3.63476e-07 0.850653
    outer loop
      vertex 10.5236 0 4.4119
      vertex 6.64668 0.488729 6.80795
      vertex 6.82405 0.115102 6.69833
    endloop
  endfacet
  facet normal 0.525728 -6.75685e-06 0.850653
    outer loop
      vertex 10.5236 0 4.4119
      vertex 6.24816 0.914029 7.05425
      vertex 6.64668 0.488729 6.80795
    endloop
  endfacet
  facet normal 0.525728 -3.32564e-06 0.850653
    outer loop
      vertex 5.4672 1.93139 7.53691
      vertex 6.24816 0.914029 7.05425
      vertex 10.5236 0 4.4119
    endloop
  endfacet
  facet normal 0.525595 -0.000144199 0.850735
    outer loop
      vertex 6.24816 0.914029 7.05425
      vertex 5.4672 1.93139 7.53691
      vertex 6.20998 0.925145 7.07784
    endloop
  endfacet
  facet normal 0.525736 -4.06164e-07 0.850648
    outer loop
      vertex 6.20998 0.925145 7.07784
      vertex 5.4672 1.93139 7.53691
      vertex 5.75184 1.05856 7.36099
    endloop
  endfacet
  facet normal 0.525731 -2.74813e-06 0.850651
    outer loop
      vertex 5.07976 1.60047 7.77636
      vertex 5.75184 1.05856 7.36099
      vertex 5.4672 1.93139 7.53691
    endloop
  endfacet
  facet normal 0.525732 -1.04446e-06 0.85065
    outer loop
      vertex 5.75184 1.05856 7.36099
      vertex 5.07976 1.60047 7.77636
      vertex 5.16388 0.908798 7.72437
    endloop
  endfacet
  facet normal 0.525692 -7.79587e-06 0.850675
    outer loop
      vertex 5.035 1.56223 7.80402
      vertex 5.16388 0.908798 7.72437
      vertex 5.07976 1.60047 7.77636
    endloop
  endfacet
  facet normal 0.525696 -6.76799e-06 0.850673
    outer loop
      vertex 5.16388 0.908798 7.72437
      vertex 5.035 1.56223 7.80402
      vertex 5.11213 0.873625 7.75635
    endloop
  endfacet
  facet normal 0.525732 1.64065e-06 0.85065
    outer loop
      vertex 4.49052 0.45114 8.14053
      vertex 5.035 1.56223 7.80402
      vertex 4.63405 2.21098 8.05182
    endloop
  endfacet
  facet normal 0.525735 -6.37668e-07 0.850648
    outer loop
      vertex 5.035 1.56223 7.80402
      vertex 4.49052 0.45114 8.14053
      vertex 5.11213 0.873625 7.75635
    endloop
  endfacet
  facet normal 0.525728 7.36018e-06 0.850653
    outer loop
      vertex 6.82833 -0.664956 6.69569
      vertex 10.5236 0 4.4119
      vertex 6.89926 -0.295262 6.65185
    endloop
  endfacet
  facet normal 0.525729 -9.55592e-07 0.850652
    outer loop
      vertex 6.62643 -1.04105 6.82047
      vertex 10.5236 0 4.4119
      vertex 6.82833 -0.664956 6.69569
    endloop
  endfacet
  facet normal 0.525767 -4.3531e-05 0.850629
    outer loop
      vertex 5.91732 -0.871742 7.25872
      vertex 6.22311 -0.549699 7.06973
      vertex 6.18951 -0.508766 7.0905
    endloop
  endfacet
  facet normal 0.525922 -0.000100649 0.850533
    outer loop
      vertex 5.74748 -0.463003 7.36368
      vertex 6.03703 0.308799 7.18473
      vertex 6.02175 0.323273 7.19418
    endloop
  endfacet
  facet normal 0.525718 9.01986e-06 0.850659
    outer loop
      vertex 6.30125 -0.209134 7.02144
      vertex 5.74748 -0.463003 7.36368
      vertex 6.18951 -0.508766 7.0905
    endloop
  endfacet
  facet normal 0.525721 -1.57686e-06 0.850657
    outer loop
      vertex 6.22311 -0.549699 7.06973
      vertex 5.93048 -0.904508 7.25058
      vertex 6.62643 -1.04105 6.82047
    endloop
  endfacet
  facet normal 0.525723 1.02809e-05 0.850656
    outer loop
      vertex 5.92798 -1.31389 7.25213
      vertex 6.62643 -1.04105 6.82047
      vertex 5.93048 -0.904508 7.25058
    endloop
  endfacet
  facet normal 0.525681 0.000159897 0.850682
    outer loop
      vertex 5.92778 -1.34799 7.25226
      vertex 6.62643 -1.04105 6.82047
      vertex 5.92798 -1.31389 7.25213
    endloop
  endfacet
  facet normal 0.525738 -2.02949e-05 0.850647
    outer loop
      vertex 5.75742 -1.77514 7.35754
      vertex 6.62643 -1.04105 6.82047
      vertex 5.92778 -1.34799 7.25226
    endloop
  endfacet
  facet normal 0.525711 2.47081e-05 0.850664
    outer loop
      vertex 5.69731 -1.8435 7.39469
      vertex 6.62643 -1.04105 6.82047
      vertex 5.75742 -1.77514 7.35754
    endloop
  endfacet
  facet normal 0.52573 -6.93155e-06 0.850651
    outer loop
      vertex 6.62643 -1.04105 6.82047
      vertex 5.69731 -1.8435 7.39469
      vertex 10.5236 0 4.4119
    endloop
  endfacet
  facet normal 0.525723 1.54477e-05 0.850656
    outer loop
      vertex 0.3173 -3.8985 10.7197
      vertex 3.86858 -1.84982 8.5249
      vertex 3.8418 -1.81782 8.54145
    endloop
  endfacet
  facet normal 0.52573 -3.58058e-06 0.850651
    outer loop
      vertex 0.3173 -3.8985 10.7197
      vertex 3.63656 -1.29452 8.6683
      vertex 3.61949 -1.25101 8.67885
    endloop
  endfacet
  facet normal 0.525726 3.49129e-06 0.850654
    outer loop
      vertex 3.65188 -0.729778 8.65883
      vertex 0.3173 -3.8985 10.7197
      vertex 3.61949 -1.25101 8.67885
    endloop
  endfacet
  facet normal 0.525718 3.56445e-05 0.850659
    outer loop
      vertex 4.22083 -2.24957 8.3072
      vertex 0.3173 -3.8985 10.7197
      vertex 4.4008 -2.33873 8.19598
    endloop
  endfacet
  facet normal 0.525692 0.000121225 0.850675
    outer loop
      vertex 4.19055 -2.23458 8.32591
      vertex 0.3173 -3.8985 10.7197
      vertex 4.22083 -2.24957 8.3072
    endloop
  endfacet
  facet normal 0.525731 -3.96824e-06 0.850651
    outer loop
      vertex 3.86858 -1.84982 8.5249
      vertex 0.3173 -3.8985 10.7197
      vertex 4.19055 -2.23458 8.32591
    endloop
  endfacet
  facet normal 0.525732 -7.03879e-06 0.85065
    outer loop
      vertex 3.63656 -1.29452 8.6683
      vertex 0.3173 -3.8985 10.7197
      vertex 3.8418 -1.81782 8.54145
    endloop
  endfacet
  facet normal 0.525727 -8.72283e-06 0.850653
    outer loop
      vertex 4.51067 -0.554079 8.12807
      vertex 5.31959 -1.06703 7.62813
      vertex 5.33147 -0.855826 7.62079
    endloop
  endfacet
  facet normal 0.52703 0.000707893 0.849846
    outer loop
      vertex 5.23686 -0.625093 7.67927
      vertex 5.33147 -0.855826 7.62079
      vertex 5.24789 -0.637376 7.67244
    endloop
  endfacet
  facet normal 0.52572 -3.50296e-05 0.850658
    outer loop
      vertex 4.51067 -0.554079 8.12807
      vertex 5.33147 -0.855826 7.62079
      vertex 5.23686 -0.625093 7.67927
    endloop
  endfacet
  facet normal 0.52573 -1.55131e-06 0.850651
    outer loop
      vertex 5.22474 -1.29064 7.68675
      vertex 5.31959 -1.06703 7.62813
      vertex 4.51067 -0.554079 8.12807
    endloop
  endfacet
  facet normal 0.525903 -0.000103038 0.850544
    outer loop
      vertex 5.31959 -1.06703 7.62813
      vertex 5.22474 -1.29064 7.68675
      vertex 5.3186 -1.08462 7.62874
    endloop
  endfacet
  facet normal 0.525537 -0.000197284 0.85077
    outer loop
      vertex 5.09033 -0.47175 7.76982
      vertex 5.23686 -0.625093 7.67927
      vertex 5.10425 -0.477547 7.76122
    endloop
  endfacet
  facet normal 0.525733 6.12679e-05 0.850649
    outer loop
      vertex 4.70873 -0.428222 8.00566
      vertex 5.23686 -0.625093 7.67927
      vertex 5.09033 -0.47175 7.76982
    endloop
  endfacet
  facet normal 0.525736 6.12148e-06 0.850648
    outer loop
      vertex 4.313 -0.779772 8.25024
      vertex 5.22474 -1.29064 7.68675
      vertex 4.51067 -0.554079 8.12807
    endloop
  endfacet
  facet normal 0.525739 1.26174e-05 0.850646
    outer loop
      vertex 5.04814 -1.4939 7.7959
      vertex 5.22474 -1.29064 7.68675
      vertex 4.313 -0.779772 8.25024
    endloop
  endfacet
  facet normal 0.525722 -7.72588e-05 0.850657
    outer loop
      vertex 4.70873 -0.428222 8.00566
      vertex 5.09033 -0.47175 7.76982
      vertex 4.92308 -0.402121 7.87319
    endloop
  endfacet
  facet normal 0.525495 0.000304904 0.850796
    outer loop
      vertex 5.22474 -1.29064 7.68675
      vertex 5.04814 -1.4939 7.7959
      vertex 5.21693 -1.30779 7.69158
    endloop
  endfacet
  facet normal 0.525729 -0.000160891 0.850652
    outer loop
      vertex 4.70873 -0.428222 8.00566
      vertex 4.92308 -0.402121 7.87319
      vertex 4.72391 -0.419181 7.99628
    endloop
  endfacet
  facet normal 0.525725 2.89563e-05 0.850655
    outer loop
      vertex 5.23686 -0.625093 7.67927
      vertex 4.70873 -0.428222 8.00566
      vertex 4.51067 -0.554079 8.12807
    endloop
  endfacet
  facet normal 0.525734 5.62503e-06 0.850649
    outer loop
      vertex 4.20665 -1.02477 8.31597
      vertex 5.04814 -1.4939 7.7959
      vertex 4.313 -0.779772 8.25024
    endloop
  endfacet
  facet normal 0.525682 -0.000123545 0.850681
    outer loop
      vertex 5.04814 -1.4939 7.7959
      vertex 4.20665 -1.02477 8.31597
      vertex 5.03409 -1.50939 7.80458
    endloop
  endfacet
  facet normal 0.525503 0.000510142 0.850791
    outer loop
      vertex 4.51067 -0.554079 8.12807
      vertex 4.70873 -0.428222 8.00566
      vertex 4.52639 -0.536865 8.11835
    endloop
  endfacet
  facet normal 0.525722 -2.80204e-05 0.850656
    outer loop
      vertex 4.18981 -1.25088 8.32637
      vertex 5.03409 -1.50939 7.80458
      vertex 4.20665 -1.02477 8.31597
    endloop
  endfacet
  facet normal 0.525727 -7.90653e-06 0.850654
    outer loop
      vertex 5.03409 -1.50939 7.80458
      vertex 4.18981 -1.25088 8.32637
      vertex 4.8129 -1.65245 7.94128
    endloop
  endfacet
  facet normal 0.525751 4.42237e-05 0.850639
    outer loop
      vertex 4.2716 -1.47469 8.27583
      vertex 4.8129 -1.65245 7.94128
      vertex 4.18981 -1.25088 8.32637
    endloop
  endfacet
  facet normal 0.52539 0.00042498 0.850861
    outer loop
      vertex 4.313 -0.779772 8.25024
      vertex 4.51067 -0.554079 8.12807
      vertex 4.32173 -0.760953 8.24484
    endloop
  endfacet
  facet normal 0.525739 -4.76444e-06 0.850646
    outer loop
      vertex 4.8129 -1.65245 7.94128
      vertex 4.2716 -1.47469 8.27583
      vertex 4.61984 -1.69031 8.0606
    endloop
  endfacet
  facet normal 0.525839 0.000424038 0.850584
    outer loop
      vertex 4.61984 -1.69031 8.0606
      vertex 4.43334 -1.63836 8.17587
      vertex 4.60378 -1.69346 8.07053
    endloop
  endfacet
  facet normal 0.525313 0.000257976 0.850909
    outer loop
      vertex 4.20665 -1.02477 8.31597
      vertex 4.313 -0.779772 8.25024
      vertex 4.20805 -1.00596 8.3151
    endloop
  endfacet
  facet normal 0.525495 -0.000317904 0.850797
    outer loop
      vertex 4.43334 -1.63836 8.17587
      vertex 4.2716 -1.47469 8.27583
      vertex 4.41916 -1.63378 8.18463
    endloop
  endfacet
  facet normal 0.525763 4.72879e-05 0.850631
    outer loop
      vertex 4.43334 -1.63836 8.17587
      vertex 4.61984 -1.69031 8.0606
      vertex 4.2716 -1.47469 8.27583
    endloop
  endfacet
  facet normal -0.57735 0.57735 0.57735
    outer loop
      vertex -6.3078 6.8212 6.6251
      vertex -6.8212 6.6251 6.3078
      vertex -6.6251 6.3078 6.8212
    endloop
  endfacet
  facet normal 0.57735 0.57735 -0.57735
    outer loop
      vertex 6.6251 6.3078 -6.8212
      vertex 6.3078 6.8212 -6.6251
      vertex 6.8212 6.6251 -6.3078
    endloop
  endfacet
  facet normal 1.59076e-05 0.85065 -0.525733
    outer loop
      vertex 6.3078 6.8212 -6.6251
      vertex 0 4.4119 -10.5236
      vertex 3.8985 10.7197 -0.3173
    endloop
  endfacet
  facet normal -0.000275832 0.850627 -0.52577
    outer loop
      vertex -0.58873 8.34058 -4.16683
      vertex -0.476349 7.98136 -4.74806
      vertex -0.494415 7.989 -4.73569
    endloop
  endfacet
  facet normal 5.12631e-06 0.850649 -0.525734
    outer loop
      vertex 0.653745 8.22468 -4.35436
      vertex 0.502796 7.96199 -4.7794
      vertex 0.297058 7.88054 -4.91119
    endloop
  endfacet
  facet normal -0.000125027 0.85074 -0.525587
    outer loop
      vertex 0.297058 7.88054 -4.91119
      vertex 0.502796 7.96199 -4.7794
      vertex 0.493362 7.95329 -4.79348
    endloop
  endfacet
  facet normal -1.47091e-05 0.850656 -0.525723
    outer loop
      vertex -0.236609 7.88691 -4.90087
      vertex 0.653745 8.22468 -4.35436
      vertex 0.0556342 7.85814 -4.94743
    endloop
  endfacet
  facet normal 0.000182781 0.850759 -0.525557
    outer loop
      vertex -0.476349 7.98136 -4.74806
      vertex -0.236609 7.88691 -4.90087
      vertex -0.259262 7.88946 -4.89675
    endloop
  endfacet
  facet normal -9.51007e-06 0.850653 -0.525727
    outer loop
      vertex 0.653745 8.22468 -4.35436
      vertex 0.297058 7.88054 -4.91119
      vertex 0.0556342 7.85814 -4.94743
    endloop
  endfacet
  facet normal 1.03061e-05 0.850638 -0.525753
    outer loop
      vertex 0.653745 8.22468 -4.35436
      vertex -0.236609 7.88691 -4.90087
      vertex -0.476349 7.98136 -4.74806
    endloop
  endfacet
  facet normal 0.000132837 0.85107 -0.525053
    outer loop
      vertex -0.236609 7.88691 -4.90087
      vertex 0.0556342 7.85814 -4.94743
      vertex 0.0355377 7.85628 -4.95045
    endloop
  endfacet
  facet normal 0 0.850656 -0.525722
    outer loop
      vertex -0.411148 7.13709 -6.11413
      vertex 0.232559 7.52512 -5.48627
      vertex 1.23148 7.13709 -6.11413
    endloop
  endfacet
  facet normal -3.7948e-05 0.850674 -0.525694
    outer loop
      vertex 0.232559 7.52512 -5.48627
      vertex -0.411148 7.13709 -6.11413
      vertex 0.202638 7.52764 -5.48219
    endloop
  endfacet
  facet normal -1.02752e-05 0.850654 -0.525726
    outer loop
      vertex -0.15657 7.55795 -5.43316
      vertex -0.411148 7.13709 -6.11413
      vertex -0.474976 7.65641 -5.27384
    endloop
  endfacet
  facet normal 1.79827e-05 0.850649 -0.525734
    outer loop
      vertex 0.202638 7.52764 -5.48219
      vertex -0.411148 7.13709 -6.11413
      vertex -0.15657 7.55795 -5.43316
    endloop
  endfacet
  facet normal -1.468e-05 0.850616 -0.525788
    outer loop
      vertex 0.280762 8.56706 -3.80037
      vertex 0.00233559 8.59034 -3.7627
      vertex 0.0188904 8.59149 -3.76084
    endloop
  endfacet
  facet normal -5.34552e-05 0.850876 -0.525367
    outer loop
      vertex 0.00233559 8.59034 -3.7627
      vertex -0.210308 8.5731 -3.7906
      vertex -0.196838 8.57654 -3.78503
    endloop
  endfacet
  facet normal -3.44278e-06 0.850653 -0.525728
    outer loop
      vertex 0.00233559 8.59034 -3.7627
      vertex 0.280762 8.56706 -3.80037
      vertex 0.653745 8.22468 -4.35436
    endloop
  endfacet
  facet normal 7.81583e-06 0.850651 -0.52573
    outer loop
      vertex -0.476349 7.98136 -4.74806
      vertex -0.58873 8.34058 -4.16683
      vertex 0.00233559 8.59034 -3.7627
    endloop
  endfacet
  facet normal -0.000275112 0.850938 -0.525265
    outer loop
      vertex -0.210308 8.5731 -3.7906
      vertex -0.382474 8.52573 -3.86725
      vertex -0.37236 8.53169 -3.8576
    endloop
  endfacet
  facet normal -6.92079e-05 0.850614 -0.52579
    outer loop
      vertex 0.60374 8.38365 -4.09713
      vertex 0.280762 8.56706 -3.80037
      vertex 0.468099 8.49939 -3.90987
    endloop
  endfacet
  facet normal 0.000525946 0.850807 -0.525478
    outer loop
      vertex 0.60374 8.38365 -4.09713
      vertex 0.468099 8.49939 -3.90987
      vertex 0.483673 8.49376 -3.91897
    endloop
  endfacet
  facet normal -2.17856e-06 0.850654 -0.525727
    outer loop
      vertex -0.476349 7.98136 -4.74806
      vertex 0.00233559 8.59034 -3.7627
      vertex 0.653745 8.22468 -4.35436
    endloop
  endfacet
  facet normal -0.000969881 0.851069 -0.525053
    outer loop
      vertex -0.382474 8.52573 -3.86725
      vertex -0.510629 8.44529 -3.9974
      vertex -0.504135 8.45399 -3.98331
    endloop
  endfacet
  facet normal 3.26241e-05 0.850664 -0.52571
    outer loop
      vertex 0.280762 8.56706 -3.80037
      vertex 0.60374 8.38365 -4.09713
      vertex 0.653745 8.22468 -4.35436
    endloop
  endfacet
  facet normal 0.000135671 0.850673 -0.525696
    outer loop
      vertex 0.653745 8.22468 -4.35436
      vertex 0.60374 8.38365 -4.09713
      vertex 0.613724 8.37449 -4.11195
    endloop
  endfacet
  facet normal -2.00909e-05 0.850663 -0.525712
    outer loop
      vertex -0.510629 8.44529 -3.9974
      vertex -0.210308 8.5731 -3.7906
      vertex -0.58873 8.34058 -4.16683
    endloop
  endfacet
  facet normal 3.51828e-05 0.850627 -0.52577
    outer loop
      vertex -0.210308 8.5731 -3.7906
      vertex -0.510629 8.44529 -3.9974
      vertex -0.382474 8.52573 -3.86725
    endloop
  endfacet
  facet normal 0 0.850652 -0.52573
    outer loop
      vertex 3.8985 10.7197 -0.3173
      vertex 0.0105743 8.91679 -3.23448
      vertex -3.8985 10.7197 -0.3173
    endloop
  endfacet
  facet normal -0.000128564 0.850728 -0.525606
    outer loop
      vertex 3.8985 10.7197 -0.3173
      vertex 0.0567776 8.91309 -3.24048
      vertex 0.0105743 8.91679 -3.23448
    endloop
  endfacet
  facet normal 8.71525e-07 0.850652 -0.525729
    outer loop
      vertex 3.8985 10.7197 -0.3173
      vertex 0.613022 8.86848 -3.31266
      vertex 0.0567776 8.91309 -3.24048
    endloop
  endfacet
  facet normal -1.32294e-06 0.850653 -0.525727
    outer loop
      vertex 3.8985 10.7197 -0.3173
      vertex 1.0719 8.72351 -3.54723
      vertex 0.613022 8.86848 -3.31266
    endloop
  endfacet
  facet normal 8.79473e-05 0.850618 -0.525784
    outer loop
      vertex 3.8985 10.7197 -0.3173
      vertex 1.09417 8.70612 -3.57536
      vertex 1.0719 8.72351 -3.54723
    endloop
  endfacet
  facet normal -7.72444e-06 0.850655 -0.525724
    outer loop
      vertex 3.8985 10.7197 -0.3173
      vertex 1.36221 8.49686 -3.91396
      vertex 1.09417 8.70612 -3.57536
    endloop
  endfacet
  facet normal 1.36737e-05 0.850648 -0.525735
    outer loop
      vertex 3.8985 10.7197 -0.3173
      vertex 1.45897 8.20345 -4.3887
      vertex 1.36221 8.49686 -3.91396
    endloop
  endfacet
  facet normal -0.000181436 0.850701 -0.52565
    outer loop
      vertex 3.8985 10.7197 -0.3173
      vertex 1.45255 8.18189 -4.42359
      vertex 1.45897 8.20345 -4.3887
    endloop
  endfacet
  facet normal -5.82537e-06 0.850654 -0.525726
    outer loop
      vertex 3.8985 10.7197 -0.3173
      vertex 1.37538 7.92264 -4.84307
      vertex 1.45255 8.18189 -4.42359
    endloop
  endfacet
  facet normal 6.7472e-05 0.850659 -0.525717
    outer loop
      vertex 1.23148 7.13709 -6.11413
      vertex 1.09461 7.69697 -5.20821
      vertex 1.1246 7.70748 -5.1912
    endloop
  endfacet
  facet normal -1.34266e-05 0.850647 -0.525738
    outer loop
      vertex 0.695834 7.56721 -5.41818
      vertex 1.23148 7.13709 -6.11413
      vertex 0.232559 7.52512 -5.48627
    endloop
  endfacet
  facet normal 0.000206487 0.850722 -0.525615
    outer loop
      vertex 0.734421 7.57071 -5.4125
      vertex 1.23148 7.13709 -6.11413
      vertex 0.695834 7.56721 -5.41818
    endloop
  endfacet
  facet normal -8.58185e-06 0.850654 -0.525726
    outer loop
      vertex 1.09461 7.69697 -5.20821
      vertex 1.23148 7.13709 -6.11413
      vertex 0.734421 7.57071 -5.4125
    endloop
  endfacet
  facet normal -2.45327e-05 0.850655 -0.525725
    outer loop
      vertex 1.37538 7.92264 -4.84307
      vertex 1.23148 7.13709 -6.11413
      vertex 1.1246 7.70748 -5.1912
    endloop
  endfacet
  facet normal -4.14716e-06 0.850653 -0.525727
    outer loop
      vertex 3.8985 10.7197 -0.3173
      vertex 1.23148 7.13709 -6.11413
      vertex 1.37538 7.92264 -4.84307
    endloop
  endfacet
  facet normal 1.44395e-05 0.85065 -0.525733
    outer loop
      vertex 3.8985 10.7197 -0.3173
      vertex 1.23148 6.8322 -6.60745
      vertex 1.23148 7.13709 -6.11413
    endloop
  endfacet
  facet normal 0 0.850652 -0.525729
    outer loop
      vertex 1.23148 6.8322 -6.60745
      vertex 0 4.4119 -10.5236
      vertex -1.11873 6.8322 -6.60745
    endloop
  endfacet
  facet normal 5.33419e-06 0.850651 -0.52573
    outer loop
      vertex 0 4.4119 -10.5236
      vertex 1.23148 6.8322 -6.60745
      vertex 3.8985 10.7197 -0.3173
    endloop
  endfacet
  facet normal 9.43137e-06 0.850657 -0.525721
    outer loop
      vertex -0.478409 8.88464 -3.28651
      vertex -3.8985 10.7197 -0.3173
      vertex 0.0105743 8.91679 -3.23448
    endloop
  endfacet
  facet normal -2.08294e-06 0.850651 -0.52573
    outer loop
      vertex -0.519028 8.88197 -3.29083
      vertex -3.8985 10.7197 -0.3173
      vertex -0.478409 8.88464 -3.28651
    endloop
  endfacet
  facet normal 6.77258e-06 0.850656 -0.525723
    outer loop
      vertex -0.899777 8.7855 -3.44693
      vertex -3.8985 10.7197 -0.3173
      vertex -0.519028 8.88197 -3.29083
    endloop
  endfacet
  facet normal -8.05507e-05 0.850618 -0.525783
    outer loop
      vertex -0.931412 8.77748 -3.4599
      vertex -3.8985 10.7197 -0.3173
      vertex -0.899777 8.7855 -3.44693
    endloop
  endfacet
  facet normal 1.00688e-05 0.850657 -0.525722
    outer loop
      vertex -1.1956 8.62008 -3.71459
      vertex -3.8985 10.7197 -0.3173
      vertex -0.931412 8.77748 -3.4599
    endloop
  endfacet
  facet normal -0.000274705 0.850555 -0.525885
    outer loop
      vertex -1.21756 8.60699 -3.73575
      vertex -3.8985 10.7197 -0.3173
      vertex -1.1956 8.62008 -3.71459
    endloop
  endfacet
  facet normal 1.7462e-05 0.850658 -0.52572
    outer loop
      vertex -1.35687 8.39201 -4.08361
      vertex -3.8985 10.7197 -0.3173
      vertex -1.21756 8.60699 -3.73575
    endloop
  endfacet
  facet normal -0.00018032 0.850598 -0.525816
    outer loop
      vertex -1.36845 8.37413 -4.11253
      vertex -3.8985 10.7197 -0.3173
      vertex -1.35687 8.39201 -4.08361
    endloop
  endfacet
  facet normal -0.000104077 0.85064 -0.525749
    outer loop
      vertex -0.494415 7.989 -4.73569
      vertex -0.648593 8.34315 -4.16266
      vertex -0.58873 8.34058 -4.16683
    endloop
  endfacet
  facet normal 1.35085e-05 0.850648 -0.525736
    outer loop
      vertex 0.00233559 8.59034 -3.7627
      vertex -0.58873 8.34058 -4.16683
      vertex -0.210308 8.5731 -3.7906
    endloop
  endfacet
  facet normal 0.00135651 0.850553 -0.525887
    outer loop
      vertex 0.61615 8.06652 -4.61026
      vertex 0.653745 8.22468 -4.35436
      vertex 0.657074 8.21221 -4.37452
    endloop
  endfacet
  facet normal 7.34415e-05 0.850638 -0.525751
    outer loop
      vertex 0.502796 7.96199 -4.7794
      vertex 0.653745 8.22468 -4.35436
      vertex 0.61615 8.06652 -4.61026
    endloop
  endfacet
  facet normal 0 0.850652 -0.525729
    outer loop
      vertex -0.648593 8.34315 -4.16266
      vertex -0.494415 7.989 -4.73569
      vertex -1.25465 7.989 -4.73569
    endloop
  endfacet
  facet normal -2.05537e-06 0.850653 -0.525727
    outer loop
      vertex -0.648593 8.34315 -4.16266
      vertex -1.25465 7.989 -4.73569
      vertex -1.36845 8.37413 -4.11253
    endloop
  endfacet
  facet normal 6.29507e-06 0.850654 -0.525726
    outer loop
      vertex -1.25465 7.989 -4.73569
      vertex -3.8985 10.7197 -0.3173
      vertex -1.36845 8.37413 -4.11253
    endloop
  endfacet
  facet normal 2.65929e-06 0.850653 -0.525728
    outer loop
      vertex -1.12919 6.92125 -6.46336
      vertex -3.8985 10.7197 -0.3173
      vertex -1.25465 7.989 -4.73569
    endloop
  endfacet
  facet normal 3.05393e-05 0.850658 -0.525719
    outer loop
      vertex -1.11873 6.8322 -6.60745
      vertex -3.8985 10.7197 -0.3173
      vertex -1.12919 6.92125 -6.46336
    endloop
  endfacet
  facet normal -3.7394e-06 0.850652 -0.52573
    outer loop
      vertex -3.8985 10.7197 -0.3173
      vertex -1.11873 6.8322 -6.60745
      vertex 0 4.4119 -10.5236
    endloop
  endfacet
  facet normal -0.85065 0.525732 1.51086e-05
    outer loop
      vertex -7.32878 5.80395 1.80276
      vertex -6.8212 6.6251 6.3078
      vertex -4.4119 10.5236 0
    endloop
  endfacet
  facet normal -0.850643 0.525744 1.21034e-05
    outer loop
      vertex -7.51125 5.50871 2.12404
      vertex -6.8212 6.6251 6.3078
      vertex -7.32878 5.80395 1.80276
    endloop
  endfacet
  facet normal -0.850652 0.525729 1.76756e-05
    outer loop
      vertex -7.78234 5.07007 2.26346
      vertex -6.8212 6.6251 6.3078
      vertex -7.51125 5.50871 2.12404
    endloop
  endfacet
  facet normal -0.850654 0.525725 1.95311e-05
    outer loop
      vertex -7.80491 5.03355 2.27507
      vertex -6.8212 6.6251 6.3078
      vertex -7.78234 5.07007 2.26346
    endloop
  endfacet
  facet normal -0.850647 0.525738 1.28925e-05
    outer loop
      vertex -7.98394 4.74388 2.20768
      vertex -6.8212 6.6251 6.3078
      vertex -7.80491 5.03355 2.27507
    endloop
  endfacet
  facet normal -0.85065 0.525733 1.57606e-05
    outer loop
      vertex -6.8212 6.6251 6.3078
      vertex -7.98394 4.74388 2.20768
      vertex -10.7197 0.3173 3.8985
    endloop
  endfacet
  facet normal -0.809012 0.309026 0.500003
    outer loop
      vertex -10.7197 0.3173 3.8985
      vertex -6.6251 6.3078 6.8212
      vertex -6.8212 6.6251 6.3078
    endloop
  endfacet
  facet normal -0.809012 0.309026 0.500003
    outer loop
      vertex -6.6251 6.3078 6.8212
      vertex -10.7197 0.3173 3.8985
      vertex -10.5236 0 4.4119
    endloop
  endfacet
endsolid OpenSCAD_Model
