solid OpenSCAD_Model
  facet normal -0.57735 0.57735 0.57735
    outer loop
      vertex -4.78596 6.29114 4.22818
      vertex -5.02108 6.01585 4.26835
      vertex -4.73963 5.84191 4.72374
    endloop
  endfacet
  facet normal -0.57735 0.57735 0.57735
    outer loop
      vertex -4.49477 5.69059 5.11992
      vertex -4.78596 6.29114 4.22818
      vertex -4.73963 5.84191 4.72374
    endloop
  endfacet
  facet normal -0.57735 0.57735 0.57735
    outer loop
      vertex -4.73963 5.84191 4.72374
      vertex -6.08955 4.26133 4.9544
      vertex -5.57584 4.4248 5.30464
    endloop
  endfacet
  facet normal -0.577353 0.577335 0.577362
    outer loop
      vertex -5.85777 4.11809 5.32941
      vertex -5.57584 4.4248 5.30464
      vertex -6.08955 4.26133 4.9544
    endloop
  endfacet
  facet normal -0.577364 0.577343 0.577343
    outer loop
      vertex -5.29257 4.22962 5.7831
      vertex -5.57584 4.4248 5.30464
      vertex -5.85777 4.11809 5.32941
    endloop
  endfacet
  facet normal -0.577345 0.577364 0.577341
    outer loop
      vertex -5.57584 4.4248 5.30464
      vertex -5.29257 4.22962 5.7831
      vertex -5.04395 4.52072 5.74061
    endloop
  endfacet
  facet normal -0.57735 0.57735 0.57735
    outer loop
      vertex -4.73963 5.84191 4.72374
      vertex -5.57584 4.4248 5.30464
      vertex -4.49477 5.69059 5.11992
    endloop
  endfacet
  facet normal -0.57734 0.577362 0.577349
    outer loop
      vertex -3.95555 5.77795 5.57177
      vertex -4.49477 5.69059 5.11992
      vertex -4.19067 5.50266 5.61195
    endloop
  endfacet
  facet normal -0.577342 0.577357 0.577352
    outer loop
      vertex -3.95555 5.77795 5.57177
      vertex -4.78596 6.29114 4.22818
      vertex -4.49477 5.69059 5.11992
    endloop
  endfacet
  facet normal 0.645499 0.755757 -0.11028
    outer loop
      vertex -4.73963 5.84191 4.72374
      vertex -5.36748 6.36226 4.61476
      vertex -5.08603 6.18832 5.07014
    endloop
  endfacet
  facet normal 0.645499 0.755758 -0.110277
    outer loop
      vertex -5.36748 6.36226 4.61476
      vertex -4.73963 5.84191 4.72374
      vertex -5.02108 6.01585 4.26835
    endloop
  endfacet
  facet normal 0.500023 -0.308983 0.809015
    outer loop
      vertex -6.43595 4.60773 5.30081
      vertex -4.73963 5.84191 4.72374
      vertex -5.08603 6.18832 5.07014
    endloop
  endfacet
  facet normal 0.500031 -0.308998 0.809005
    outer loop
      vertex -4.73963 5.84191 4.72374
      vertex -6.43595 4.60773 5.30081
      vertex -6.08955 4.26133 4.9544
    endloop
  endfacet
  facet normal 0.645487 0.755767 -0.11028
    outer loop
      vertex -5.85777 4.11809 5.32941
      vertex -6.43595 4.60773 5.30081
      vertex -6.20418 4.4645 5.67582
    endloop
  endfacet
  facet normal 0.645488 0.755768 -0.110277
    outer loop
      vertex -6.43595 4.60773 5.30081
      vertex -5.85777 4.11809 5.32941
      vertex -6.08955 4.26133 4.9544
    endloop
  endfacet
  facet normal 0.269394 0.802208 -0.532813
    outer loop
      vertex -5.85777 4.11809 5.32941
      vertex -5.63897 4.57602 6.1295
      vertex -5.29257 4.22962 5.7831
    endloop
  endfacet
  facet normal 0.269394 0.802208 -0.532813
    outer loop
      vertex -5.63897 4.57602 6.1295
      vertex -5.85777 4.11809 5.32941
      vertex -6.20418 4.4645 5.67582
    endloop
  endfacet
  facet normal -0.500033 0.308978 -0.809011
    outer loop
      vertex -5.63897 4.57602 6.1295
      vertex -5.04395 4.52072 5.74061
      vertex -5.29257 4.22962 5.7831
    endloop
  endfacet
  facet normal -0.50003 0.308992 -0.809008
    outer loop
      vertex -5.04395 4.52072 5.74061
      vertex -5.63897 4.57602 6.1295
      vertex -5.39035 4.86713 6.08702
    endloop
  endfacet
  facet normal -0.282721 -0.80473 0.521995
    outer loop
      vertex -5.57584 4.4248 5.30464
      vertex -5.39035 4.86713 6.08702
      vertex -5.92224 4.7712 5.65105
    endloop
  endfacet
  facet normal -0.282737 -0.804724 0.521995
    outer loop
      vertex -5.39035 4.86713 6.08702
      vertex -5.57584 4.4248 5.30464
      vertex -5.04395 4.52072 5.74061
    endloop
  endfacet
  facet normal -0.50003 0.308999 -0.809005
    outer loop
      vertex -5.92224 4.7712 5.65105
      vertex -4.49477 5.69059 5.11992
      vertex -5.57584 4.4248 5.30464
    endloop
  endfacet
  facet normal -0.500021 0.308976 -0.80902
    outer loop
      vertex -4.49477 5.69059 5.11992
      vertex -5.92224 4.7712 5.65105
      vertex -4.84118 6.037 5.46632
    endloop
  endfacet
  facet normal 0.645487 0.75577 -0.110262
    outer loop
      vertex -4.19067 5.50266 5.61195
      vertex -4.84118 6.037 5.46632
      vertex -4.53708 5.84906 5.95836
    endloop
  endfacet
  facet normal 0.645488 0.755766 -0.110281
    outer loop
      vertex -4.84118 6.037 5.46632
      vertex -4.19067 5.50266 5.61195
      vertex -4.49477 5.69059 5.11992
    endloop
  endfacet
  facet normal -0.500031 0.308988 -0.809009
    outer loop
      vertex -4.53708 5.84906 5.95836
      vertex -3.95555 5.77795 5.57177
      vertex -4.19067 5.50266 5.61195
    endloop
  endfacet
  facet normal -0.500033 0.308978 -0.809011
    outer loop
      vertex -3.95555 5.77795 5.57177
      vertex -4.53708 5.84906 5.95836
      vertex -4.30196 6.12436 5.91818
    endloop
  endfacet
  facet normal -0.645491 -0.755765 0.110274
    outer loop
      vertex -5.13236 6.63755 4.57458
      vertex -3.95555 5.77795 5.57177
      vertex -4.30196 6.12436 5.91818
    endloop
  endfacet
  facet normal -0.645496 -0.755759 0.110285
    outer loop
      vertex -3.95555 5.77795 5.57177
      vertex -5.13236 6.63755 4.57458
      vertex -4.78596 6.29114 4.22818
    endloop
  endfacet
  facet normal 0.500025 -0.308982 0.809015
    outer loop
      vertex -5.36748 6.36226 4.61476
      vertex -4.78596 6.29114 4.22818
      vertex -5.13236 6.63755 4.57458
    endloop
  endfacet
  facet normal 0.500018 -0.309006 0.80901
    outer loop
      vertex -4.78596 6.29114 4.22818
      vertex -5.36748 6.36226 4.61476
      vertex -5.02108 6.01585 4.26835
    endloop
  endfacet
  facet normal 1.3733e-05 0.934195 0.356762
    outer loop
      vertex -0.592209 8.24926 3.16756
      vertex -0.688934 8.20534 3.28257
      vertex -0.234055 8.14884 3.4305
    endloop
  endfacet
  facet normal -0 0.934187 0.356784
    outer loop
      vertex -0.872787 8.68919 2.01572
      vertex 0.266968 8.54555 2.39182
      vertex 0.845551 8.68919 2.01572
    endloop
  endfacet
  facet normal 0 0.934187 0.356784
    outer loop
      vertex 0.266968 8.54555 2.39182
      vertex -0.872787 8.68919 2.01572
      vertex -0.872787 8.54555 2.39182
    endloop
  endfacet
  facet normal -1.51189e-05 0.934174 0.356818
    outer loop
      vertex 0.331451 8.05992 3.66333
      vertex 0.29245 8.00714 3.80151
      vertex 0.739899 7.94255 3.97063
    endloop
  endfacet
  facet normal 5.27233e-06 0.93418 0.356803
    outer loop
      vertex 0.845551 8.56794 2.33319
      vertex 0.266968 8.54555 2.39182
      vertex 0.729446 8.49363 2.52775
    endloop
  endfacet
  facet normal 5.45638e-06 0.934182 0.356796
    outer loop
      vertex -0.311829 8.1008 3.55627
      vertex -0.817459 8.10484 3.5457
      vertex -0.337753 8.0537 3.67959
    endloop
  endfacet
  facet normal 5.86898e-06 0.93418 0.356801
    outer loop
      vertex -0.337753 8.0537 3.67959
      vertex -0.834457 8.04624 3.69913
      vertex -0.781296 7.94239 3.97103
    endloop
  endfacet
  facet normal 2.73514e-06 0.934183 0.356795
    outer loop
      vertex -0.257156 7.96789 3.90427
      vertex -0.621841 7.86467 4.17453
      vertex -0.363037 7.81616 4.30154
    endloop
  endfacet
  facet normal -5.27824e-06 0.934186 0.356785
    outer loop
      vertex -0.257156 7.96789 3.90427
      vertex -0.781296 7.94239 3.97103
      vertex -0.621841 7.86467 4.17453
    endloop
  endfacet
  facet normal -9.94907e-06 0.93418 0.356802
    outer loop
      vertex -0.0153503 7.93929 3.97917
      vertex -0.363037 7.81616 4.30154
      vertex -0.0118561 7.8 4.34386
    endloop
  endfacet
  facet normal 5.61663e-06 0.934182 0.356796
    outer loop
      vertex -0.817459 8.10484 3.5457
      vertex -0.834457 8.04624 3.69913
      vertex -0.337753 8.0537 3.67959
    endloop
  endfacet
  facet normal 1.06407e-05 0.934187 0.356785
    outer loop
      vertex 0.224258 7.96944 3.90021
      vertex 0.122955 7.94682 3.95944
      vertex 0.317276 7.81601 4.30194
    endloop
  endfacet
  facet normal 5.31762e-06 0.93418 0.356802
    outer loop
      vertex -0.766479 8.15754 3.40772
      vertex -0.817459 8.10484 3.5457
      vertex -0.311829 8.1008 3.55627
    endloop
  endfacet
  facet normal -7.06728e-07 0.934187 0.356785
    outer loop
      vertex 0.739899 7.94255 3.97063
      vertex 0.29245 8.00714 3.80151
      vertex 0.569321 7.86405 4.17617
    endloop
  endfacet
  facet normal 8.75167e-06 0.934184 0.35679
    outer loop
      vertex 0.824646 8.04997 3.68937
      vertex 0.331451 8.05992 3.66333
      vertex 0.739899 7.94255 3.97063
    endloop
  endfacet
  facet normal 2.4614e-05 0.934186 0.356788
    outer loop
      vertex -0.0918121 8.20386 3.28643
      vertex -0.480011 8.28991 3.06115
      vertex -0.234055 8.14884 3.4305
    endloop
  endfacet
  facet normal 1.41438e-05 0.934185 0.35679
    outer loop
      vertex -0.22818 8.36413 2.8668
      vertex -0.356049 8.32791 2.96164
      vertex -0.0918121 8.20386 3.28643
    endloop
  endfacet
  facet normal -1.08955e-05 0.934182 0.356798
    outer loop
      vertex -0.104218 8.39943 2.77438
      vertex -0.22818 8.36413 2.8668
      vertex 0.127548 8.27195 3.10816
    endloop
  endfacet
  facet normal -2.31971e-05 0.934179 0.356805
    outer loop
      vertex 0.0122986 8.4344 2.68283
      vertex -0.104218 8.39943 2.77438
      vertex 0.127548 8.27195 3.10816
    endloop
  endfacet
  facet normal 3.28273e-05 0.934193 0.356768
    outer loop
      vertex 0.117966 8.46968 2.59044
      vertex 0.0122986 8.4344 2.68283
      vertex 0.373062 8.34812 2.90872
    endloop
  endfacet
  facet normal -1.61451e-05 0.934183 0.356795
    outer loop
      vertex 0.205307 8.50637 2.49438
      vertex 0.117966 8.46968 2.59044
      vertex 0.572815 8.42119 2.71742
    endloop
  endfacet
  facet normal -3.00169e-05 0.934179 0.356804
    outer loop
      vertex 0.29245 8.00714 3.80151
      vertex 0.224258 7.96944 3.90021
      vertex 0.569321 7.86405 4.17617
    endloop
  endfacet
  facet normal -1.83449e-05 0.934184 0.356791
    outer loop
      vertex 0.569321 7.86405 4.17617
      vertex 0.224258 7.96944 3.90021
      vertex 0.317276 7.81601 4.30194
    endloop
  endfacet
  facet normal 1.00626e-06 0.934185 0.35679
    outer loop
      vertex 0.122955 7.94682 3.95944
      vertex -0.0118561 7.8 4.34386
      vertex 0.317276 7.81601 4.30194
    endloop
  endfacet
  facet normal 3.83974e-05 0.93418 0.356801
    outer loop
      vertex 0.122955 7.94682 3.95944
      vertex -0.0153503 7.93929 3.97917
      vertex -0.0118561 7.8 4.34386
    endloop
  endfacet
  facet normal -2.38504e-05 0.934185 0.356789
    outer loop
      vertex -0.257156 7.96789 3.90427
      vertex -0.363037 7.81616 4.30154
      vertex -0.0153503 7.93929 3.97917
    endloop
  endfacet
  facet normal -5.0402e-06 0.934186 0.356787
    outer loop
      vertex -0.337753 8.0537 3.67959
      vertex -0.781296 7.94239 3.97103
      vertex -0.257156 7.96789 3.90427
    endloop
  endfacet
  facet normal -7.50708e-06 0.934174 0.356819
    outer loop
      vertex -0.234055 8.14884 3.4305
      vertex -0.688934 8.20534 3.28257
      vertex -0.311829 8.1008 3.55627
    endloop
  endfacet
  facet normal 4.38288e-06 0.934179 0.356805
    outer loop
      vertex -0.688934 8.20534 3.28257
      vertex -0.766479 8.15754 3.40772
      vertex -0.311829 8.1008 3.55627
    endloop
  endfacet
  facet normal -3.89461e-05 0.934171 0.356825
    outer loop
      vertex -0.480011 8.28991 3.06115
      vertex -0.592209 8.24926 3.16756
      vertex -0.234055 8.14884 3.4305
    endloop
  endfacet
  facet normal 3.08164e-05 0.934189 0.356778
    outer loop
      vertex -0.356049 8.32791 2.96164
      vertex -0.480011 8.28991 3.06115
      vertex -0.0918121 8.20386 3.28643
    endloop
  endfacet
  facet normal -1.02265e-05 0.934182 0.356797
    outer loop
      vertex 0.127548 8.27195 3.10816
      vertex -0.22818 8.36413 2.8668
      vertex -0.0918121 8.20386 3.28643
    endloop
  endfacet
  facet normal 1.20386e-05 0.934182 0.356797
    outer loop
      vertex 0.373062 8.34812 2.90872
      vertex 0.0122986 8.4344 2.68283
      vertex 0.127548 8.27195 3.10816
    endloop
  endfacet
  facet normal -1.90498e-05 0.934179 0.356804
    outer loop
      vertex 0.572815 8.42119 2.71742
      vertex 0.117966 8.46968 2.59044
      vertex 0.373062 8.34812 2.90872
    endloop
  endfacet
  facet normal -4.80552e-05 0.934165 0.356841
    outer loop
      vertex 0.266968 8.54555 2.39182
      vertex 0.205307 8.50637 2.49438
      vertex 0.572815 8.42119 2.71742
    endloop
  endfacet
  facet normal 7.6888e-06 0.934183 0.356795
    outer loop
      vertex 0.729446 8.49363 2.52775
      vertex 0.266968 8.54555 2.39182
      vertex 0.572815 8.42119 2.71742
    endloop
  endfacet
  facet normal 3.73404e-06 0.934185 0.356789
    outer loop
      vertex 0.845551 8.68919 2.01572
      vertex 0.266968 8.54555 2.39182
      vertex 0.845551 8.56794 2.33319
    endloop
  endfacet
  facet normal 0 0.356784 -0.934187
    outer loop
      vertex -0.872787 8.54555 2.39182
      vertex 0.266968 9.10614 2.60592
      vertex 0.266968 8.54555 2.39182
    endloop
  endfacet
  facet normal 0 0.356784 -0.934187
    outer loop
      vertex 0.266968 9.10614 2.60592
      vertex -0.872787 8.54555 2.39182
      vertex -0.872787 9.10614 2.60592
    endloop
  endfacet
  facet normal 0.871967 -0.174669 0.457345
    outer loop
      vertex 0.262232 9.10313 2.6138
      vertex 0.266968 8.54555 2.39182
      vertex 0.266968 9.10614 2.60592
    endloop
  endfacet
  facet normal 0.871899 -0.174714 0.457458
    outer loop
      vertex 0.266968 8.54555 2.39182
      vertex 0.262232 9.10313 2.6138
      vertex 0.205307 8.50637 2.49438
    endloop
  endfacet
  facet normal 0.871893 -0.174716 0.457468
    outer loop
      vertex 0.205307 9.06696 2.70848
      vertex 0.205307 8.50637 2.49438
      vertex 0.262232 9.10313 2.6138
    endloop
  endfacet
  facet normal 0.762242 -0.230943 0.604692
    outer loop
      vertex 0.198598 9.06414 2.71586
      vertex 0.205307 8.50637 2.49438
      vertex 0.205307 9.06696 2.70848
    endloop
  endfacet
  facet normal 0.76217 -0.230975 0.60477
    outer loop
      vertex 0.205307 8.50637 2.49438
      vertex 0.198598 9.06414 2.71586
      vertex 0.117966 8.46968 2.59044
    endloop
  endfacet
  facet normal 0.762196 -0.230972 0.604739
    outer loop
      vertex 0.117966 9.03027 2.80455
      vertex 0.117966 8.46968 2.59044
      vertex 0.198598 9.06414 2.71586
    endloop
  endfacet
  facet normal 0.683011 -0.260609 0.682334
    outer loop
      vertex 0.109849 9.02756 2.81164
      vertex 0.117966 8.46968 2.59044
      vertex 0.117966 9.03027 2.80455
    endloop
  endfacet
  facet normal 0.683329 -0.260495 0.682058
    outer loop
      vertex 0.117966 8.46968 2.59044
      vertex 0.109849 9.02756 2.81164
      vertex 0.0122986 8.4344 2.68283
    endloop
  endfacet
  facet normal 0.683333 -0.260494 0.682055
    outer loop
      vertex 0.0122986 8.99498 2.89693
      vertex 0.0122986 8.4344 2.68283
      vertex 0.109849 9.02756 2.81164
    endloop
  endfacet
  facet normal 0.643719 -0.273037 0.714896
    outer loop
      vertex -0.104218 8.96001 2.98849
      vertex 0.0122986 8.4344 2.68283
      vertex 0.0122986 8.99498 2.89693
    endloop
  endfacet
  facet normal 0.643683 -0.273059 0.71492
    outer loop
      vertex 0.0122986 8.4344 2.68283
      vertex -0.104218 8.96001 2.98849
      vertex -0.104218 8.39943 2.77438
    endloop
  endfacet
  facet normal 0.623754 -0.278885 0.730174
    outer loop
      vertex -0.113741 8.9573 2.99559
      vertex -0.104218 8.39943 2.77438
      vertex -0.104218 8.96001 2.98849
    endloop
  endfacet
  facet normal 0.623781 -0.278877 0.730154
    outer loop
      vertex -0.104218 8.39943 2.77438
      vertex -0.113741 8.9573 2.99559
      vertex -0.22818 8.36413 2.8668
    endloop
  endfacet
  facet normal 0.623745 -0.278877 0.730185
    outer loop
      vertex -0.22818 8.92471 3.0809
      vertex -0.22818 8.36413 2.8668
      vertex -0.113741 8.9573 2.99559
    endloop
  endfacet
  facet normal 0.621915 -0.279396 0.731546
    outer loop
      vertex -0.238004 8.92193 3.08819
      vertex -0.22818 8.36413 2.8668
      vertex -0.22818 8.92471 3.0809
    endloop
  endfacet
  facet normal 0.621799 -0.279432 0.731631
    outer loop
      vertex -0.22818 8.36413 2.8668
      vertex -0.238004 8.92193 3.08819
      vertex -0.356049 8.32791 2.96164
    endloop
  endfacet
  facet normal 0.62179 -0.279432 0.731639
    outer loop
      vertex -0.356049 8.88849 3.17574
      vertex -0.356049 8.32791 2.96164
      vertex -0.238004 8.92193 3.08819
    endloop
  endfacet
  facet normal 0.651506 -0.270676 0.708713
    outer loop
      vertex -0.365573 8.88557 3.18338
      vertex -0.356049 8.32791 2.96164
      vertex -0.356049 8.88849 3.17574
    endloop
  endfacet
  facet normal 0.651728 -0.270602 0.708538
    outer loop
      vertex -0.356049 8.32791 2.96164
      vertex -0.365573 8.88557 3.18338
      vertex -0.480011 8.28991 3.06115
    endloop
  endfacet
  facet normal 0.65176 -0.270602 0.708508
    outer loop
      vertex -0.480011 8.85048 3.27525
      vertex -0.480011 8.28991 3.06115
      vertex -0.365573 8.88557 3.18338
    endloop
  endfacet
  facet normal 0.7123 -0.250426 0.65568
    outer loop
      vertex -0.488632 8.84735 3.28342
      vertex -0.480011 8.28991 3.06115
      vertex -0.480011 8.85048 3.27525
    endloop
  endfacet
  facet normal 0.712441 -0.250371 0.655548
    outer loop
      vertex -0.480011 8.28991 3.06115
      vertex -0.488632 8.84735 3.28342
      vertex -0.592209 8.24926 3.16756
    endloop
  endfacet
  facet normal 0.712452 -0.25037 0.655535
    outer loop
      vertex -0.592209 8.80983 3.38166
      vertex -0.592209 8.24926 3.16756
      vertex -0.488632 8.84735 3.28342
    endloop
  endfacet
  facet normal 0.786444 -0.220379 0.577009
    outer loop
      vertex -0.599642 8.80645 3.3905
      vertex -0.592209 8.24926 3.16756
      vertex -0.592209 8.80983 3.38166
    endloop
  endfacet
  facet normal 0.786334 -0.220432 0.577139
    outer loop
      vertex -0.592209 8.24926 3.16756
      vertex -0.599642 8.80645 3.3905
      vertex -0.688934 8.20534 3.28257
    endloop
  endfacet
  facet normal 0.786309 -0.220434 0.577171
    outer loop
      vertex -0.688934 8.7659 3.49666
      vertex -0.688934 8.20534 3.28257
      vertex -0.599642 8.80645 3.3905
    endloop
  endfacet
  facet normal 0.865484 -0.178727 0.467968
    outer loop
      vertex -0.766479 8.7181 3.62182
      vertex -0.688934 8.20534 3.28257
      vertex -0.688934 8.7659 3.49666
    endloop
  endfacet
  facet normal 0.865469 -0.178744 0.467989
    outer loop
      vertex -0.688934 8.20534 3.28257
      vertex -0.766479 8.7181 3.62182
      vertex -0.766479 8.15754 3.40772
    endloop
  endfacet
  facet normal 0.945271 -0.116419 0.30481
    outer loop
      vertex -0.817459 8.6654 3.75979
      vertex -0.766479 8.15754 3.40772
      vertex -0.766479 8.7181 3.62182
    endloop
  endfacet
  facet normal 0.945277 -0.116408 0.304795
    outer loop
      vertex -0.766479 8.15754 3.40772
      vertex -0.817459 8.6654 3.75979
      vertex -0.817459 8.10484 3.5457
    endloop
  endfacet
  facet normal 0.994688 -0.0367265 0.0961624
    outer loop
      vertex -0.834457 8.60679 3.91323
      vertex -0.817459 8.10484 3.5457
      vertex -0.817459 8.6654 3.75979
    endloop
  endfacet
  facet normal 0.994687 -0.0367314 0.0961691
    outer loop
      vertex -0.817459 8.10484 3.5457
      vertex -0.834457 8.60679 3.91323
      vertex -0.834457 8.04624 3.69913
    endloop
  endfacet
  facet normal 0.983725 0.0641112 -0.167854
    outer loop
      vertex -0.781296 8.50294 4.18512
      vertex -0.834457 8.04624 3.69913
      vertex -0.834457 8.60679 3.91323
    endloop
  endfacet
  facet normal 0.983726 0.0641066 -0.16785
    outer loop
      vertex -0.834457 8.04624 3.69913
      vertex -0.781296 8.50294 4.18512
      vertex -0.781296 7.94239 3.97103
    endloop
  endfacet
  facet normal 0.806924 0.210741 -0.55178
    outer loop
      vertex -0.621841 8.42521 4.38862
      vertex -0.781296 7.94239 3.97103
      vertex -0.781296 8.50294 4.18512
    endloop
  endfacet
  facet normal 0.80692 0.210746 -0.551785
    outer loop
      vertex -0.781296 7.94239 3.97103
      vertex -0.621841 8.42521 4.38862
      vertex -0.621841 7.86467 4.17453
    endloop
  endfacet
  facet normal 0.465066 0.315855 -0.827012
    outer loop
      vertex -0.621841 7.86467 4.17453
      vertex -0.60194 8.42148 4.39838
      vertex -0.363037 7.81616 4.30154
    endloop
  endfacet
  facet normal 0.464849 0.315904 -0.827115
    outer loop
      vertex -0.60194 8.42148 4.39838
      vertex -0.621841 7.86467 4.17453
      vertex -0.621841 8.42521 4.38862
    endloop
  endfacet
  facet normal 0.465067 0.315856 -0.827011
    outer loop
      vertex -0.363037 7.81616 4.30154
      vertex -0.60194 8.42148 4.39838
      vertex -0.363037 8.37669 4.51562
    endloop
  endfacet
  facet normal 0.127935 0.353862 -0.926506
    outer loop
      vertex -0.363037 7.81616 4.30154
      vertex -0.336029 8.37545 4.51888
      vertex -0.0118561 7.8 4.34386
    endloop
  endfacet
  facet normal 0.128078 0.35385 -0.926491
    outer loop
      vertex -0.336029 8.37545 4.51888
      vertex -0.363037 7.81616 4.30154
      vertex -0.363037 8.37669 4.51562
    endloop
  endfacet
  facet normal 0.127951 0.35387 -0.926501
    outer loop
      vertex -0.0118561 7.8 4.34386
      vertex -0.336029 8.37545 4.51888
      vertex -0.0118561 8.36053 4.55795
    endloop
  endfacet
  facet normal -0.135088 0.353524 -0.92562
    outer loop
      vertex -0.0118561 7.8 4.34386
      vertex 0.0134563 8.36176 4.55472
      vertex 0.317276 7.81601 4.30194
    endloop
  endfacet
  facet normal -0.135289 0.353522 -0.925591
    outer loop
      vertex 0.0134563 8.36176 4.55472
      vertex -0.0118561 7.8 4.34386
      vertex -0.0118561 8.36053 4.55795
    endloop
  endfacet
  facet normal -0.135101 0.353517 -0.925621
    outer loop
      vertex 0.317276 7.81601 4.30194
      vertex 0.0134563 8.36176 4.55472
      vertex 0.317276 8.37654 4.51602
    endloop
  endfacet
  facet normal -0.471156 0.314705 -0.823998
    outer loop
      vertex 0.317276 8.37654 4.51602
      vertex 0.569321 7.86405 4.17617
      vertex 0.317276 7.81601 4.30194
    endloop
  endfacet
  facet normal -0.471131 0.314722 -0.824006
    outer loop
      vertex 0.569321 7.86405 4.17617
      vertex 0.317276 8.37654 4.51602
      vertex 0.569321 8.42458 4.39026
    endloop
  endfacet
  facet normal -0.790312 0.218611 -0.572378
    outer loop
      vertex 0.739899 7.94255 3.97063
      vertex 0.569321 8.42458 4.39026
      vertex 0.739899 8.50309 4.18472
    endloop
  endfacet
  facet normal -0.790307 0.218617 -0.572383
    outer loop
      vertex 0.569321 8.42458 4.39026
      vertex 0.739899 7.94255 3.97063
      vertex 0.569321 7.86405 4.17617
    endloop
  endfacet
  facet normal -0.962594 0.0966722 -0.253116
    outer loop
      vertex 0.824646 8.04997 3.68937
      vertex 0.739899 8.50309 4.18472
      vertex 0.824646 8.61052 3.90346
    endloop
  endfacet
  facet normal -0.962593 0.0966748 -0.253118
    outer loop
      vertex 0.739899 8.50309 4.18472
      vertex 0.824646 8.04997 3.68937
      vertex 0.739899 7.94255 3.97063
    endloop
  endfacet
  facet normal -0.056343 -0.356225 0.9327
    outer loop
      vertex 0.786733 8.61128 3.90146
      vertex 0.824646 8.04997 3.68937
      vertex 0.824646 8.61052 3.90346
    endloop
  endfacet
  facet normal -0.0564316 -0.356228 0.932693
    outer loop
      vertex 0.824646 8.04997 3.68937
      vertex 0.786733 8.61128 3.90146
      vertex 0.331451 8.05992 3.66333
    endloop
  endfacet
  facet normal -0.056439 -0.356223 0.932695
    outer loop
      vertex 0.331451 8.62047 3.87742
      vertex 0.331451 8.05992 3.66333
      vertex 0.786733 8.61128 3.90146
    endloop
  endfacet
  facet normal 0.966949 -0.0909712 0.238189
    outer loop
      vertex 0.328453 8.61641 3.88804
      vertex 0.331451 8.05992 3.66333
      vertex 0.331451 8.62047 3.87742
    endloop
  endfacet
  facet normal 0.966953 -0.0909654 0.238175
    outer loop
      vertex 0.331451 8.05992 3.66333
      vertex 0.328453 8.61641 3.88804
      vertex 0.29245 8.00714 3.80151
    endloop
  endfacet
  facet normal 0.966953 -0.0909652 0.238173
    outer loop
      vertex 0.29245 8.56769 4.0156
      vertex 0.29245 8.00714 3.80151
      vertex 0.328453 8.61641 3.88804
    endloop
  endfacet
  facet normal 0.840197 -0.193481 0.50659
    outer loop
      vertex 0.224258 8.52999 4.1143
      vertex 0.29245 8.00714 3.80151
      vertex 0.29245 8.56769 4.0156
    endloop
  endfacet
  facet normal 0.840197 -0.193481 0.50659
    outer loop
      vertex 0.29245 8.00714 3.80151
      vertex 0.224258 8.52999 4.1143
      vertex 0.224258 7.96944 3.90021
    endloop
  endfacet
  facet normal 0.53055 -0.302436 0.791865
    outer loop
      vertex 0.122955 8.50736 4.17353
      vertex 0.224258 7.96944 3.90021
      vertex 0.224258 8.52999 4.1143
    endloop
  endfacet
  facet normal 0.530528 -0.302445 0.791875
    outer loop
      vertex 0.224258 7.96944 3.90021
      vertex 0.122955 8.50736 4.17353
      vertex 0.122955 7.94682 3.95944
    endloop
  endfacet
  facet normal 0.151231 -0.352693 0.923437
    outer loop
      vertex 0.112321 8.50678 4.17505
      vertex 0.122955 7.94682 3.95944
      vertex 0.122955 8.50736 4.17353
    endloop
  endfacet
  facet normal 0.150942 -0.352714 0.923477
    outer loop
      vertex 0.122955 7.94682 3.95944
      vertex 0.112321 8.50678 4.17505
      vertex -0.0153503 7.93929 3.97917
    endloop
  endfacet
  facet normal 0.150918 -0.35271 0.923482
    outer loop
      vertex -0.0153503 8.49983 4.19326
      vertex -0.0153503 7.93929 3.97917
      vertex 0.112321 8.50678 4.17505
    endloop
  endfacet
  facet normal -0.314783 -0.338659 0.886691
    outer loop
      vertex -0.0339421 8.50203 4.1875
      vertex -0.0153503 7.93929 3.97917
      vertex -0.0153503 8.49983 4.19326
    endloop
  endfacet
  facet normal -0.314718 -0.338664 0.886713
    outer loop
      vertex -0.0153503 7.93929 3.97917
      vertex -0.0339421 8.50203 4.1875
      vertex -0.257156 7.96789 3.90427
    endloop
  endfacet
  facet normal -0.314712 -0.338667 0.886713
    outer loop
      vertex -0.257156 8.52843 4.11836
      vertex -0.257156 7.96789 3.90427
      vertex -0.0339421 8.50203 4.1875
    endloop
  endfacet
  facet normal -0.948177 -0.113372 0.29683
    outer loop
      vertex -0.257156 7.96789 3.90427
      vertex -0.263353 8.53503 4.10109
      vertex -0.337753 8.0537 3.67959
    endloop
  endfacet
  facet normal -0.948155 -0.113393 0.296892
    outer loop
      vertex -0.263353 8.53503 4.10109
      vertex -0.257156 7.96789 3.90427
      vertex -0.257156 8.52843 4.11836
    endloop
  endfacet
  facet normal -0.94818 -0.113365 0.296822
    outer loop
      vertex -0.337753 8.61425 3.89368
      vertex -0.337753 8.0537 3.67959
      vertex -0.263353 8.53503 4.10109
    endloop
  endfacet
  facet normal -0.981258 0.0687532 -0.180018
    outer loop
      vertex -0.337753 8.0537 3.67959
      vertex -0.33576 8.61788 3.8842
      vertex -0.311829 8.1008 3.55627
    endloop
  endfacet
  facet normal -0.981267 0.068737 -0.179974
    outer loop
      vertex -0.33576 8.61788 3.8842
      vertex -0.337753 8.0537 3.67959
      vertex -0.337753 8.61425 3.89368
    endloop
  endfacet
  facet normal -0.981255 0.0687602 -0.180029
    outer loop
      vertex -0.311829 8.1008 3.55627
      vertex -0.33576 8.61788 3.8842
      vertex -0.311829 8.66136 3.77037
    endloop
  endfacet
  facet normal -0.865903 0.178476 -0.467288
    outer loop
      vertex -0.234055 8.14884 3.4305
      vertex -0.311829 8.66136 3.77037
      vertex -0.234055 8.7094 3.6446
    endloop
  endfacet
  facet normal -0.865903 0.178476 -0.467288
    outer loop
      vertex -0.311829 8.66136 3.77037
      vertex -0.234055 8.14884 3.4305
      vertex -0.311829 8.1008 3.55627
    endloop
  endfacet
  facet normal -0.735071 0.2419 -0.633368
    outer loop
      vertex -0.234055 8.14884 3.4305
      vertex -0.223122 8.71363 3.63352
      vertex -0.0918121 8.20386 3.28643
    endloop
  endfacet
  facet normal -0.735257 0.241835 -0.633177
    outer loop
      vertex -0.223122 8.71363 3.63352
      vertex -0.234055 8.14884 3.4305
      vertex -0.234055 8.7094 3.6446
    endloop
  endfacet
  facet normal -0.735064 0.241906 -0.633374
    outer loop
      vertex -0.0918121 8.20386 3.28643
      vertex -0.223122 8.71363 3.63352
      vertex -0.0918121 8.76443 3.50053
    endloop
  endfacet
  facet normal -0.656341 0.269189 -0.704807
    outer loop
      vertex -0.0918121 8.76443 3.50053
      vertex 0.127548 8.27195 3.10816
      vertex -0.0918121 8.20386 3.28643
    endloop
  endfacet
  facet normal -0.656307 0.26922 -0.704827
    outer loop
      vertex 0.127548 8.27195 3.10816
      vertex -0.0918121 8.76443 3.50053
      vertex -0.0749539 8.76966 3.48683
    endloop
  endfacet
  facet normal -0.656344 0.269188 -0.704805
    outer loop
      vertex 0.127548 8.27195 3.10816
      vertex -0.0749539 8.76966 3.48683
      vertex 0.127548 8.83252 3.32226
    endloop
  endfacet
  facet normal -0.656179 0.269239 -0.704939
    outer loop
      vertex 0.127548 8.83252 3.32226
      vertex 0.373062 8.34812 2.90872
      vertex 0.127548 8.27195 3.10816
    endloop
  endfacet
  facet normal -0.656248 0.269171 -0.704901
    outer loop
      vertex 0.373062 8.34812 2.90872
      vertex 0.127548 8.83252 3.32226
      vertex 0.146414 8.83837 3.30693
    endloop
  endfacet
  facet normal -0.65618 0.269235 -0.70494
    outer loop
      vertex 0.373062 8.34812 2.90872
      vertex 0.146414 8.83837 3.30693
      vertex 0.373062 8.9087 3.12282
    endloop
  endfacet
  facet normal -0.715839 0.249134 -0.652309
    outer loop
      vertex 0.373062 8.34812 2.90872
      vertex 0.38841 8.91431 3.10812
      vertex 0.572815 8.42119 2.71742
    endloop
  endfacet
  facet normal -0.715835 0.249135 -0.652312
    outer loop
      vertex 0.38841 8.91431 3.10812
      vertex 0.373062 8.34812 2.90872
      vertex 0.373062 8.9087 3.12282
    endloop
  endfacet
  facet normal -0.715822 0.24915 -0.652322
    outer loop
      vertex 0.572815 8.42119 2.71742
      vertex 0.38841 8.91431 3.10812
      vertex 0.572815 8.98177 2.93153
    endloop
  endfacet
  facet normal -0.791785 0.217927 -0.5706
    outer loop
      vertex 0.729446 8.49363 2.52775
      vertex 0.572815 8.98177 2.93153
      vertex 0.729446 9.05421 2.74185
    endloop
  endfacet
  facet normal -0.791771 0.217942 -0.570613
    outer loop
      vertex 0.572815 8.98177 2.93153
      vertex 0.729446 8.49363 2.52775
      vertex 0.572815 8.42119 2.71742
    endloop
  endfacet
  facet normal -0.873443 0.173734 -0.454878
    outer loop
      vertex 0.729446 8.49363 2.52775
      vertex 0.738365 9.05992 2.72691
      vertex 0.845551 8.56794 2.33319
    endloop
  endfacet
  facet normal -0.873381 0.17377 -0.454984
    outer loop
      vertex 0.738365 9.05992 2.72691
      vertex 0.729446 8.49363 2.52775
      vertex 0.729446 9.05421 2.74185
    endloop
  endfacet
  facet normal -0.873452 0.173722 -0.454865
    outer loop
      vertex 0.845551 8.56794 2.33319
      vertex 0.738365 9.05992 2.72691
      vertex 0.845551 9.12853 2.54729
    endloop
  endfacet
  facet normal -1 0 0
    outer loop
      vertex 0.845551 8.68919 2.01572
      vertex 0.845551 9.12853 2.54729
      vertex 0.845551 9.24979 2.22983
    endloop
  endfacet
  facet normal -1 0 0
    outer loop
      vertex 0.845551 9.12853 2.54729
      vertex 0.845551 8.68919 2.01572
      vertex 0.845551 8.56794 2.33319
    endloop
  endfacet
  facet normal 0 -0.356793 0.934184
    outer loop
      vertex -0.872787 9.24979 2.22983
      vertex 0.845551 8.68919 2.01572
      vertex 0.845551 9.24979 2.22983
    endloop
  endfacet
  facet normal 0 -0.356793 0.934184
    outer loop
      vertex 0.845551 8.68919 2.01572
      vertex -0.872787 9.24979 2.22983
      vertex -0.872787 8.68919 2.01572
    endloop
  endfacet
  facet normal 1 0 0
    outer loop
      vertex -0.872787 9.10614 2.60592
      vertex -0.872787 8.68919 2.01572
      vertex -0.872787 9.24979 2.22983
    endloop
  endfacet
  facet normal 1 0 -0
    outer loop
      vertex -0.872787 8.68919 2.01572
      vertex -0.872787 9.10614 2.60592
      vertex -0.872787 8.54555 2.39182
    endloop
  endfacet
  facet normal 1.5793e-05 0.93417 -0.356829
    outer loop
      vertex 0.188572 8.33011 -2.95589
      vertex -0.206821 8.26122 -3.13626
      vertex -0.0985537 8.35785 -2.88328
    endloop
  endfacet
  facet normal -5.51457e-05 0.934182 -0.356797
    outer loop
      vertex -0.337049 8.29507 -3.04765
      vertex -0.473532 8.30356 -3.0254
      vertex -0.277999 8.42382 -2.71056
    endloop
  endfacet
  facet normal 1.68233e-06 0.934179 -0.356806
    outer loop
      vertex -0.0985537 8.35785 -2.88328
      vertex -0.337049 8.29507 -3.04765
      vertex -0.277999 8.42382 -2.71056
    endloop
  endfacet
  facet normal 5.64916e-05 0.934183 -0.356795
    outer loop
      vertex -0.613605 8.28692 -3.06899
      vertex -0.684222 8.46345 -2.6068
      vertex -0.473532 8.30356 -3.0254
    endloop
  endfacet
  facet normal 9.29021e-06 0.93418 -0.356802
    outer loop
      vertex -0.613605 8.28692 -3.06899
      vertex -0.890221 8.43672 -2.67679
      vertex -0.684222 8.46345 -2.6068
    endloop
  endfacet
  facet normal 1.30186e-05 0.934177 -0.35681
    outer loop
      vertex 1.25695 8.27377 -3.10337
      vertex 0.835031 8.32435 -2.97096
      vertex 1.24392 8.37789 -2.83077
    endloop
  endfacet
  facet normal 5.99259e-06 0.934184 -0.356792
    outer loop
      vertex 1.24392 8.37789 -2.83077
      vertex 0.835031 8.32435 -2.97096
      vertex 0.83545 8.36886 -2.85442
    endloop
  endfacet
  facet normal 8.83318e-06 0.934171 -0.356826
    outer loop
      vertex 0.338768 8.45942 -2.61732
      vertex 0.143249 8.62378 -2.18703
      vertex 0.466478 8.47702 -2.57124
    endloop
  endfacet
  facet normal 2.52905e-05 0.934174 -0.356817
    outer loop
      vertex 0.466478 8.47702 -2.57124
      vertex 0.407128 8.65579 -2.10321
      vertex 0.667521 8.64238 -2.1383
    endloop
  endfacet
  facet normal -1.72734e-06 0.934186 -0.356787
    outer loop
      vertex 1.11875 8.48727 -2.54441
      vertex 0.69502 8.45518 -2.62843
      vertex 0.909658 8.58555 -2.28708
    endloop
  endfacet
  facet normal 1.48282e-05 0.934171 -0.356826
    outer loop
      vertex 1.1608 8.18054 -3.34745
      vertex 0.784198 8.28364 -3.07755
      vertex 1.25695 8.27377 -3.10337
    endloop
  endfacet
  facet normal 2.64921e-05 0.934176 -0.356812
    outer loop
      vertex 1.1608 8.18054 -3.34745
      vertex 0.683344 8.24895 -3.16838
      vertex 0.784198 8.28364 -3.07755
    endloop
  endfacet
  facet normal 1.502e-05 0.934174 -0.356817
    outer loop
      vertex 0.188572 8.33011 -2.95589
      vertex -0.0925283 8.35909 -2.88003
      vertex 0.178356 8.38258 -2.81852
    endloop
  endfacet
  facet normal 3.25194e-05 0.934172 -0.356822
    outer loop
      vertex 0.262241 8.26918 -3.1154
      vertex -0.0855732 8.20184 -3.29173
      vertex 0.188572 8.33011 -2.95589
    endloop
  endfacet
  facet normal 2.00986e-05 0.93418 -0.356803
    outer loop
      vertex -0.518594 8.03886 -3.71844
      vertex -0.862419 7.93716 -3.98473
      vertex -0.734387 8.1091 -3.53455
    endloop
  endfacet
  facet normal 3.20571e-05 0.934181 -0.356799
    outer loop
      vertex 0.958408 8.10385 -3.54826
      vertex 0.683344 8.24895 -3.16838
      vertex 1.1608 8.18054 -3.34745
    endloop
  endfacet
  facet normal -2.45879e-06 0.934184 -0.356792
    outer loop
      vertex 0.229234 8.42591 -2.70508
      vertex -0.116714 8.51457 -2.47294
      vertex -0.0213499 8.57595 -2.31223
    endloop
  endfacet
  facet normal 1.64619e-05 0.934181 -0.3568
    outer loop
      vertex 1.25695 8.27377 -3.10337
      vertex 0.784198 8.28364 -3.07755
      vertex 0.835031 8.32435 -2.97096
    endloop
  endfacet
  facet normal -4.34279e-07 0.934173 -0.35682
    outer loop
      vertex 0.178356 8.38258 -2.81852
      vertex -0.141047 8.44162 -2.66395
      vertex 0.229234 8.42591 -2.70508
    endloop
  endfacet
  facet normal 7.83763e-06 0.934173 -0.35682
    outer loop
      vertex 1.24392 8.37789 -2.83077
      vertex 0.83545 8.36886 -2.85442
      vertex 1.11875 8.48727 -2.54441
    endloop
  endfacet
  facet normal -6.72807e-07 0.934184 -0.356792
    outer loop
      vertex 0.785033 8.41494 -2.73379
      vertex 0.69502 8.45518 -2.62843
      vertex 1.11875 8.48727 -2.54441
    endloop
  endfacet
  facet normal 2.74318e-05 0.934167 -0.356835
    outer loop
      vertex 0.83545 8.36886 -2.85442
      vertex 0.785033 8.41494 -2.73379
      vertex 1.11875 8.48727 -2.54441
    endloop
  endfacet
  facet normal -1.8614e-05 0.934189 -0.356778
    outer loop
      vertex 0.69502 8.45518 -2.62843
      vertex 0.587023 8.47574 -2.57459
      vertex 0.909658 8.58555 -2.28708
    endloop
  endfacet
  facet normal 3.66162e-06 0.934178 -0.356808
    outer loop
      vertex 0.587023 8.47574 -2.57459
      vertex 0.466478 8.47702 -2.57124
      vertex 0.667521 8.64238 -2.1383
    endloop
  endfacet
  facet normal 1.31964e-05 0.934177 -0.356809
    outer loop
      vertex 0.909658 8.58555 -2.28708
      vertex 0.587023 8.47574 -2.57459
      vertex 0.667521 8.64238 -2.1383
    endloop
  endfacet
  facet normal 2.08033e-05 0.934174 -0.356817
    outer loop
      vertex 0.466478 8.47702 -2.57124
      vertex 0.143249 8.62378 -2.18703
      vertex 0.407128 8.65579 -2.10321
    endloop
  endfacet
  facet normal 4.46382e-05 0.934194 -0.356765
    outer loop
      vertex 0.229234 8.42591 -2.70508
      vertex -0.0213499 8.57595 -2.31223
      vertex 0.338768 8.45942 -2.61732
    endloop
  endfacet
  facet normal -2.84128e-05 0.934165 -0.356841
    outer loop
      vertex 0.338768 8.45942 -2.61732
      vertex -0.0213499 8.57595 -2.31223
      vertex 0.143249 8.62378 -2.18703
    endloop
  endfacet
  facet normal 4.3448e-06 0.934187 -0.356783
    outer loop
      vertex 0.229234 8.42591 -2.70508
      vertex -0.141047 8.44162 -2.66395
      vertex -0.116714 8.51457 -2.47294
    endloop
  endfacet
  facet normal 1.06467e-05 0.934181 -0.3568
    outer loop
      vertex -0.0925283 8.35909 -2.88003
      vertex -0.141047 8.44162 -2.66395
      vertex 0.178356 8.38258 -2.81852
    endloop
  endfacet
  facet normal 8.08388e-05 0.934256 -0.356604
    outer loop
      vertex 0.188572 8.33011 -2.95589
      vertex -0.0985537 8.35785 -2.88328
      vertex -0.0925283 8.35909 -2.88003
    endloop
  endfacet
  facet normal 1.26571e-05 0.934181 -0.3568
    outer loop
      vertex 0.342419 8.21963 -3.24513
      vertex -0.000169754 8.14906 -3.42991
      vertex 0.262241 8.26918 -3.1154
    endloop
  endfacet
  facet normal 2.45117e-05 0.934178 -0.356808
    outer loop
      vertex -0.000169754 8.14906 -3.42991
      vertex -0.0855732 8.20184 -3.29173
      vertex 0.262241 8.26918 -3.1154
    endloop
  endfacet
  facet normal 1.26754e-05 0.934184 -0.35679
    outer loop
      vertex -0.79573 8.20918 -3.27252
      vertex -1.23877 8.27157 -3.10918
      vertex -0.736863 8.25147 -3.16179
    endloop
  endfacet
  facet normal 4.74145e-07 0.934181 -0.356799
    outer loop
      vertex -0.0855732 8.20184 -3.29173
      vertex -0.206821 8.26122 -3.13626
      vertex 0.188572 8.33011 -2.95589
    endloop
  endfacet
  facet normal 2.17123e-05 0.934169 -0.356831
    outer loop
      vertex -0.206821 8.26122 -3.13626
      vertex -0.337049 8.29507 -3.04765
      vertex -0.0985537 8.35785 -2.88328
    endloop
  endfacet
  facet normal 1.92358e-05 0.934176 -0.356812
    outer loop
      vertex -0.473532 8.30356 -3.0254
      vertex -0.684222 8.46345 -2.6068
      vertex -0.476682 8.45908 -2.61823
    endloop
  endfacet
  facet normal -2.72047e-05 0.934176 -0.356812
    outer loop
      vertex -0.473532 8.30356 -3.0254
      vertex -0.476682 8.45908 -2.61823
      vertex -0.277999 8.42382 -2.71056
    endloop
  endfacet
  facet normal -2.5875e-05 0.934172 -0.356823
    outer loop
      vertex -0.736863 8.25147 -3.16179
      vertex -0.890221 8.43672 -2.67679
      vertex -0.613605 8.28692 -3.06899
    endloop
  endfacet
  facet normal 1.04284e-05 0.934177 -0.356809
    outer loop
      vertex -0.736863 8.25147 -3.16179
      vertex -1.23877 8.27157 -3.10918
      vertex -1.12678 8.36465 -2.86548
    endloop
  endfacet
  facet normal 5.67326e-06 0.934175 -0.356815
    outer loop
      vertex -0.736863 8.25147 -3.16179
      vertex -1.12678 8.36465 -2.86548
      vertex -0.890221 8.43672 -2.67679
    endloop
  endfacet
  facet normal 2.21032e-06 0.934175 -0.356815
    outer loop
      vertex -1.22379 8.16157 -3.39717
      vertex -1.23877 8.27157 -3.10918
      vertex -0.79573 8.20918 -3.27252
    endloop
  endfacet
  facet normal -1.27609e-05 0.934192 -0.35677
    outer loop
      vertex -0.793718 8.16132 -3.39784
      vertex -1.22379 8.16157 -3.39717
      vertex -0.79573 8.20918 -3.27252
    endloop
  endfacet
  facet normal -1.28049e-05 0.934183 -0.356795
    outer loop
      vertex -1.07937 8.03875 -3.71875
      vertex -1.22379 8.16157 -3.39717
      vertex -0.793718 8.16132 -3.39784
    endloop
  endfacet
  facet normal 2.21195e-05 0.934172 -0.356822
    outer loop
      vertex -0.734387 8.1091 -3.53455
      vertex -1.07937 8.03875 -3.71875
      vertex -0.793718 8.16132 -3.39784
    endloop
  endfacet
  facet normal 6.43987e-06 0.934177 -0.356809
    outer loop
      vertex -0.321903 7.8593 -4.18855
      vertex -0.518594 8.03886 -3.71844
      vertex -0.226734 8.04783 -3.69495
    endloop
  endfacet
  facet normal 2.0479e-05 0.934176 -0.356812
    outer loop
      vertex -0.0152645 7.88603 -4.11855
      vertex -0.321903 7.8593 -4.18855
      vertex -0.226734 8.04783 -3.69495
    endloop
  endfacet
  facet normal 2.49663e-06 0.934177 -0.356811
    outer loop
      vertex -0.321903 7.8593 -4.18855
      vertex -0.607116 7.87684 -4.14263
      vertex -0.518594 8.03886 -3.71844
    endloop
  endfacet
  facet normal 3.19565e-05 0.934175 -0.356816
    outer loop
      vertex -0.607116 7.87684 -4.14263
      vertex -0.862419 7.93716 -3.98473
      vertex -0.518594 8.03886 -3.71844
    endloop
  endfacet
  facet normal 8.40416e-06 0.934181 -0.3568
    outer loop
      vertex -0.862419 7.93716 -3.98473
      vertex -1.07937 8.03875 -3.71875
      vertex -0.734387 8.1091 -3.53455
    endloop
  endfacet
  facet normal 0.998822 0.0173148 0.0453409
    outer loop
      vertex -1.22379 8.16157 -3.39717
      vertex -1.22494 8.73058 -3.58913
      vertex -1.23877 8.27157 -3.10918
    endloop
  endfacet
  facet normal 0.998825 0.0172944 0.0452805
    outer loop
      vertex -1.22494 8.73058 -3.58913
      vertex -1.22379 8.16157 -3.39717
      vertex -1.22379 8.72213 -3.61127
    endloop
  endfacet
  facet normal 0.998821 0.017319 0.0453449
    outer loop
      vertex -1.23877 8.83213 -3.32328
      vertex -1.23877 8.27157 -3.10918
      vertex -1.22494 8.73058 -3.58913
    endloop
  endfacet
  facet normal 0.918905 -0.140755 -0.368513
    outer loop
      vertex -1.23877 8.27157 -3.10918
      vertex -1.23016 8.83928 -3.30455
      vertex -1.12678 8.36465 -2.86548
    endloop
  endfacet
  facet normal 0.918848 -0.140797 -0.368638
    outer loop
      vertex -1.23016 8.83928 -3.30455
      vertex -1.23877 8.27157 -3.10918
      vertex -1.23877 8.83213 -3.32328
    endloop
  endfacet
  facet normal 0.918909 -0.140747 -0.368505
    outer loop
      vertex -1.12678 8.36465 -2.86548
      vertex -1.23016 8.83928 -3.30455
      vertex -1.12678 8.92521 -3.07958
    endloop
  endfacet
  facet normal 0.649345 -0.271345 -0.710439
    outer loop
      vertex -1.12678 8.92521 -3.07958
      vertex -0.890221 8.43672 -2.67679
      vertex -1.12678 8.36465 -2.86548
    endloop
  endfacet
  facet normal 0.64933 -0.271359 -0.710447
    outer loop
      vertex -0.890221 8.43672 -2.67679
      vertex -1.12678 8.92521 -3.07958
      vertex -1.1086 8.93075 -3.06508
    endloop
  endfacet
  facet normal 0.649354 -0.271338 -0.710433
    outer loop
      vertex -0.890221 8.43672 -2.67679
      vertex -1.1086 8.93075 -3.06508
      vertex -0.890221 8.99729 -2.89089
    endloop
  endfacet
  facet normal 0.341791 -0.335307 -0.877923
    outer loop
      vertex -0.890221 8.43672 -2.67679
      vertex -0.874391 8.99934 -2.88551
      vertex -0.684222 8.46345 -2.6068
    endloop
  endfacet
  facet normal 0.341794 -0.335307 -0.877922
    outer loop
      vertex -0.874391 8.99934 -2.88551
      vertex -0.890221 8.43672 -2.67679
      vertex -0.890221 8.99729 -2.89089
    endloop
  endfacet
  facet normal 0.341791 -0.335307 -0.877923
    outer loop
      vertex -0.684222 8.46345 -2.6068
      vertex -0.874391 8.99934 -2.88551
      vertex -0.684222 9.02402 -2.8209
    endloop
  endfacet
  facet normal -0.0588594 -0.356161 -0.932569
    outer loop
      vertex -0.684222 8.46345 -2.6068
      vertex -0.668275 9.02369 -2.82177
      vertex -0.476682 8.45908 -2.61823
    endloop
  endfacet
  facet normal -0.0582493 -0.356189 -0.932597
    outer loop
      vertex -0.668275 9.02369 -2.82177
      vertex -0.684222 8.46345 -2.6068
      vertex -0.684222 9.02402 -2.8209
    endloop
  endfacet
  facet normal -0.0589102 -0.356175 -0.93256
    outer loop
      vertex -0.476682 8.45908 -2.61823
      vertex -0.668275 9.02369 -2.82177
      vertex -0.476682 9.01965 -2.83233
    endloop
  endfacet
  facet normal -0.445382 -0.319461 -0.836409
    outer loop
      vertex -0.476682 8.45908 -2.61823
      vertex -0.461416 9.01694 -2.83943
      vertex -0.277999 8.42382 -2.71056
    endloop
  endfacet
  facet normal -0.445647 -0.319406 -0.836289
    outer loop
      vertex -0.461416 9.01694 -2.83943
      vertex -0.476682 8.45908 -2.61823
      vertex -0.476682 9.01965 -2.83233
    endloop
  endfacet
  facet normal -0.44536 -0.319457 -0.836422
    outer loop
      vertex -0.277999 8.42382 -2.71056
      vertex -0.461416 9.01694 -2.83943
      vertex -0.277999 8.98439 -2.92466
    endloop
  endfacet
  facet normal -0.717593 -0.248494 -0.650623
    outer loop
      vertex -0.0985537 8.91842 -3.09738
      vertex -0.277999 8.42382 -2.71056
      vertex -0.277999 8.98439 -2.92466
    endloop
  endfacet
  facet normal -0.717593 -0.248494 -0.650623
    outer loop
      vertex -0.277999 8.42382 -2.71056
      vertex -0.0985537 8.91842 -3.09738
      vertex -0.0985537 8.35785 -2.88328
    endloop
  endfacet
  facet normal 0.499973 -0.308999 -0.80904
    outer loop
      vertex -0.0985537 8.91842 -3.09738
      vertex -0.0925283 8.35909 -2.88003
      vertex -0.0985537 8.35785 -2.88328
    endloop
  endfacet
  facet normal 0.497671 -0.3095 -0.810267
    outer loop
      vertex -0.0925283 8.35909 -2.88003
      vertex -0.0985537 8.91842 -3.09738
      vertex -0.0980907 8.91851 -3.09713
    endloop
  endfacet
  facet normal 0.500165 -0.30896 -0.808937
    outer loop
      vertex -0.0925283 8.35909 -2.88003
      vertex -0.0980907 8.91851 -3.09713
      vertex -0.0925283 8.91966 -3.09413
    endloop
  endfacet
  facet normal 0.9787 0.0732458 0.191782
    outer loop
      vertex -0.0925283 8.35909 -2.88003
      vertex -0.0962564 8.926 -3.07752
      vertex -0.141047 8.44162 -2.66395
    endloop
  endfacet
  facet normal 0.978714 0.0732248 0.191722
    outer loop
      vertex -0.0962564 8.926 -3.07752
      vertex -0.0925283 8.35909 -2.88003
      vertex -0.0925283 8.91966 -3.09413
    endloop
  endfacet
  facet normal 0.978699 0.0732495 0.191786
    outer loop
      vertex -0.141047 9.00219 -2.87805
      vertex -0.141047 8.44162 -2.66395
      vertex -0.0962564 8.926 -3.07752
    endloop
  endfacet
  facet normal 0.992993 -0.0421659 -0.110398
    outer loop
      vertex -0.116714 8.51457 -2.47294
      vertex -0.141047 9.00219 -2.87805
      vertex -0.116714 9.07515 -2.68705
    endloop
  endfacet
  facet normal 0.992993 -0.0421637 -0.110396
    outer loop
      vertex -0.141047 9.00219 -2.87805
      vertex -0.116714 8.51457 -2.47294
      vertex -0.141047 8.44162 -2.66395
    endloop
  endfacet
  facet normal 0.874613 -0.172983 -0.452911
    outer loop
      vertex -0.0213499 8.57595 -2.31223
      vertex -0.116714 9.07515 -2.68705
      vertex -0.0213499 9.13654 -2.52634
    endloop
  endfacet
  facet normal 0.874609 -0.172989 -0.452917
    outer loop
      vertex -0.116714 9.07515 -2.68705
      vertex -0.0213499 8.57595 -2.31223
      vertex -0.116714 8.51457 -2.47294
    endloop
  endfacet
  facet normal 0.631411 -0.276679 -0.724409
    outer loop
      vertex -0.0213499 9.13654 -2.52634
      vertex 0.143249 8.62378 -2.18703
      vertex -0.0213499 8.57595 -2.31223
    endloop
  endfacet
  facet normal 0.631418 -0.276674 -0.724405
    outer loop
      vertex 0.143249 8.62378 -2.18703
      vertex -0.0213499 9.13654 -2.52634
      vertex -0.00870507 9.14021 -2.51672
    endloop
  endfacet
  facet normal 0.631428 -0.276667 -0.724399
    outer loop
      vertex 0.143249 8.62378 -2.18703
      vertex -0.00870507 9.14021 -2.51672
      vertex 0.143249 9.18436 -2.40113
    endloop
  endfacet
  facet normal 0.32192 -0.337794 -0.884456
    outer loop
      vertex 0.143249 8.62378 -2.18703
      vertex 0.163519 9.18682 -2.39469
      vertex 0.407128 8.65579 -2.10321
    endloop
  endfacet
  facet normal 0.321989 -0.337788 -0.884433
    outer loop
      vertex 0.163519 9.18682 -2.39469
      vertex 0.143249 8.62378 -2.18703
      vertex 0.143249 9.18436 -2.40113
    endloop
  endfacet
  facet normal 0.321914 -0.337797 -0.884457
    outer loop
      vertex 0.407128 8.65579 -2.10321
      vertex 0.163519 9.18682 -2.39469
      vertex 0.407128 9.21637 -2.31731
    endloop
  endfacet
  facet normal -0.142785 -0.353135 -0.924612
    outer loop
      vertex 0.407128 8.65579 -2.10321
      vertex 0.427129 9.21535 -2.32001
      vertex 0.667521 8.64238 -2.1383
    endloop
  endfacet
  facet normal -0.142825 -0.353132 -0.924608
    outer loop
      vertex 0.427129 9.21535 -2.32001
      vertex 0.407128 8.65579 -2.10321
      vertex 0.407128 9.21637 -2.31731
    endloop
  endfacet
  facet normal -0.142805 -0.353141 -0.924607
    outer loop
      vertex 0.667521 8.64238 -2.1383
      vertex 0.427129 9.21535 -2.32001
      vertex 0.667521 9.20297 -2.35241
    endloop
  endfacet
  facet normal -0.549529 -0.298085 -0.780489
    outer loop
      vertex 0.667521 8.64238 -2.1383
      vertex 0.686119 9.19861 -2.36383
      vertex 0.909658 8.58555 -2.28708
    endloop
  endfacet
  facet normal -0.549255 -0.29816 -0.780653
    outer loop
      vertex 0.686119 9.19861 -2.36383
      vertex 0.667521 8.64238 -2.1383
      vertex 0.667521 9.20297 -2.35241
    endloop
  endfacet
  facet normal -0.549552 -0.298091 -0.780471
    outer loop
      vertex 0.909658 8.58555 -2.28708
      vertex 0.686119 9.19861 -2.36383
      vertex 0.909658 9.14614 -2.50119
    endloop
  endfacet
  facet normal -0.796443 -0.215761 -0.564913
    outer loop
      vertex 0.925719 9.13859 -2.52095
      vertex 0.909658 8.58555 -2.28708
      vertex 0.909658 9.14614 -2.50119
    endloop
  endfacet
  facet normal -0.79652 -0.215719 -0.56482
    outer loop
      vertex 0.909658 8.58555 -2.28708
      vertex 0.925719 9.13859 -2.52095
      vertex 1.11875 8.48727 -2.54441
    endloop
  endfacet
  facet normal -0.79652 -0.215719 -0.56482
    outer loop
      vertex 1.11875 8.48727 -2.54441
      vertex 0.925719 9.13859 -2.52095
      vertex 1.11875 9.04785 -2.75851
    endloop
  endfacet
  facet normal -0.925797 -0.134874 -0.353142
    outer loop
      vertex 1.24392 8.93847 -3.04488
      vertex 1.11875 8.48727 -2.54441
      vertex 1.11875 9.04785 -2.75851
    endloop
  endfacet
  facet normal -0.925793 -0.134883 -0.35315
    outer loop
      vertex 1.11875 8.48727 -2.54441
      vertex 1.24392 8.93847 -3.04488
      vertex 1.24392 8.37789 -2.83077
    endloop
  endfacet
  facet normal -0.999005 -0.0159164 -0.0416721
    outer loop
      vertex 1.25695 8.83435 -3.31748
      vertex 1.24392 8.37789 -2.83077
      vertex 1.24392 8.93847 -3.04488
    endloop
  endfacet
  facet normal -0.999005 -0.0159164 -0.0416721
    outer loop
      vertex 1.24392 8.37789 -2.83077
      vertex 1.25695 8.83435 -3.31748
      vertex 1.25695 8.27377 -3.10337
    endloop
  endfacet
  facet normal -0.938468 0.123228 0.322634
    outer loop
      vertex 1.1608 8.74112 -3.56155
      vertex 1.25695 8.27377 -3.10337
      vertex 1.25695 8.83435 -3.31748
    endloop
  endfacet
  facet normal -0.938472 0.123219 0.322625
    outer loop
      vertex 1.25695 8.27377 -3.10337
      vertex 1.1608 8.74112 -3.56155
      vertex 1.1608 8.18054 -3.34745
    endloop
  endfacet
  facet normal -0.728069 0.24458 0.640387
    outer loop
      vertex 0.958408 8.66442 -3.76236
      vertex 1.1608 8.18054 -3.34745
      vertex 1.1608 8.74112 -3.56155
    endloop
  endfacet
  facet normal -0.728064 0.244586 0.640391
    outer loop
      vertex 1.1608 8.18054 -3.34745
      vertex 0.958408 8.66442 -3.76236
      vertex 0.958408 8.10385 -3.54826
    endloop
  endfacet
  facet normal 0.828304 0.199906 0.523403
    outer loop
      vertex 0.958408 8.10385 -3.54826
      vertex 0.937271 8.67557 -3.73317
      vertex 0.683344 8.24895 -3.16838
    endloop
  endfacet
  facet normal 0.828292 0.199911 0.523419
    outer loop
      vertex 0.937271 8.67557 -3.73317
      vertex 0.958408 8.10385 -3.54826
      vertex 0.958408 8.66442 -3.76236
    endloop
  endfacet
  facet normal 0.828305 0.199904 0.523402
    outer loop
      vertex 0.683344 8.80952 -3.38248
      vertex 0.683344 8.24895 -3.16838
      vertex 0.937271 8.67557 -3.73317
    endloop
  endfacet
  facet normal 0.69405 -0.256867 -0.672543
    outer loop
      vertex 0.683344 8.24895 -3.16838
      vertex 0.691093 8.81218 -3.3755
      vertex 0.784198 8.28364 -3.07755
    endloop
  endfacet
  facet normal 0.694011 -0.25688 -0.672578
    outer loop
      vertex 0.691093 8.81218 -3.3755
      vertex 0.683344 8.24895 -3.16838
      vertex 0.683344 8.80952 -3.38248
    endloop
  endfacet
  facet normal 0.694054 -0.256865 -0.67254
    outer loop
      vertex 0.784198 8.28364 -3.07755
      vertex 0.691093 8.81218 -3.3755
      vertex 0.784198 8.84421 -3.29165
    endloop
  endfacet
  facet normal 0.913449 -0.145198 -0.38017
    outer loop
      vertex 0.784198 8.28364 -3.07755
      vertex 0.788103 8.84734 -3.28346
      vertex 0.835031 8.32435 -2.97096
    endloop
  endfacet
  facet normal 0.913493 -0.145164 -0.380077
    outer loop
      vertex 0.788103 8.84734 -3.28346
      vertex 0.784198 8.28364 -3.07755
      vertex 0.784198 8.84421 -3.29165
    endloop
  endfacet
  facet normal 0.913431 -0.145219 -0.380203
    outer loop
      vertex 0.835031 8.32435 -2.97096
      vertex 0.788103 8.84734 -3.28346
      vertex 0.835031 8.88492 -3.18507
    endloop
  endfacet
  facet normal 0.999994 -0.00119808 -0.00313773
    outer loop
      vertex 0.835031 8.32435 -2.97096
      vertex 0.835063 8.88834 -3.17611
      vertex 0.83545 8.36886 -2.85442
    endloop
  endfacet
  facet normal 0.999994 -0.00119053 -0.00311699
    outer loop
      vertex 0.835063 8.88834 -3.17611
      vertex 0.835031 8.32435 -2.97096
      vertex 0.835031 8.88492 -3.18507
    endloop
  endfacet
  facet normal 0.999994 -0.00119886 -0.003139
    outer loop
      vertex 0.83545 8.36886 -2.85442
      vertex 0.835063 8.88834 -3.17611
      vertex 0.83545 8.92944 -3.06852
    endloop
  endfacet
  facet normal 0.931519 0.12976 0.339758
    outer loop
      vertex 0.83545 8.36886 -2.85442
      vertex 0.831577 8.93298 -3.05925
      vertex 0.785033 8.41494 -2.73379
    endloop
  endfacet
  facet normal 0.931557 0.129727 0.339664
    outer loop
      vertex 0.831577 8.93298 -3.05925
      vertex 0.83545 8.36886 -2.85442
      vertex 0.83545 8.92944 -3.06852
    endloop
  endfacet
  facet normal 0.931515 0.129765 0.339765
    outer loop
      vertex 0.785033 8.97552 -2.94789
      vertex 0.785033 8.41494 -2.73379
      vertex 0.831577 8.93298 -3.05925
    endloop
  endfacet
  facet normal 0.781589 0.222567 0.582737
    outer loop
      vertex 0.785033 8.41494 -2.73379
      vertex 0.778118 8.97861 -2.9398
      vertex 0.69502 8.45518 -2.62843
    endloop
  endfacet
  facet normal 0.781442 0.222629 0.582911
    outer loop
      vertex 0.778118 8.97861 -2.9398
      vertex 0.785033 8.41494 -2.73379
      vertex 0.785033 8.97552 -2.94789
    endloop
  endfacet
  facet normal 0.781602 0.222557 0.582724
    outer loop
      vertex 0.69502 9.01576 -2.84253
      vertex 0.69502 8.45518 -2.62843
      vertex 0.778118 8.97861 -2.9398
    endloop
  endfacet
  facet normal 0.470803 0.314773 0.824174
    outer loop
      vertex 0.587023 8.47574 -2.57459
      vertex 0.69502 9.01576 -2.84253
      vertex 0.587023 9.03632 -2.78869
    endloop
  endfacet
  facet normal 0.470803 0.314773 0.824174
    outer loop
      vertex 0.69502 9.01576 -2.84253
      vertex 0.587023 8.47574 -2.57459
      vertex 0.69502 8.45518 -2.62843
    endloop
  endfacet
  facet normal 0.0297368 0.356632 0.933772
    outer loop
      vertex 0.466478 8.47702 -2.57124
      vertex 0.587023 9.03632 -2.78869
      vertex 0.466478 9.0376 -2.78534
    endloop
  endfacet
  facet normal 0.0297368 0.356632 0.933772
    outer loop
      vertex 0.587023 9.03632 -2.78869
      vertex 0.466478 8.47702 -2.57124
      vertex 0.587023 8.47574 -2.57459
    endloop
  endfacet
  facet normal -0.360358 0.332818 0.871421
    outer loop
      vertex 0.338768 9.02 -2.83143
      vertex 0.466478 8.47702 -2.57124
      vertex 0.466478 9.0376 -2.78534
    endloop
  endfacet
  facet normal -0.360299 0.33284 0.871437
    outer loop
      vertex 0.466478 8.47702 -2.57124
      vertex 0.338768 9.02 -2.83143
      vertex 0.338768 8.45942 -2.61732
    endloop
  endfacet
  facet normal -0.650983 0.270847 0.709128
    outer loop
      vertex 0.229234 8.98648 -2.91918
      vertex 0.338768 8.45942 -2.61732
      vertex 0.338768 9.02 -2.83143
    endloop
  endfacet
  facet normal -0.651006 0.270833 0.709112
    outer loop
      vertex 0.338768 8.45942 -2.61732
      vertex 0.229234 8.98648 -2.91918
      vertex 0.229234 8.42591 -2.70508
    endloop
  endfacet
  facet normal -0.922245 0.137939 0.361161
    outer loop
      vertex 0.225325 8.98315 -2.92789
      vertex 0.229234 8.42591 -2.70508
      vertex 0.229234 8.98648 -2.91918
    endloop
  endfacet
  facet normal -0.922318 0.137874 0.360998
    outer loop
      vertex 0.229234 8.42591 -2.70508
      vertex 0.225325 8.98315 -2.92789
      vertex 0.178356 8.38258 -2.81852
    endloop
  endfacet
  facet normal -0.922324 0.137871 0.360983
    outer loop
      vertex 0.178356 8.94315 -3.03262
      vertex 0.178356 8.38258 -2.81852
      vertex 0.225325 8.98315 -2.92789
    endloop
  endfacet
  facet normal -0.997593 -0.0247407 -0.0647778
    outer loop
      vertex 0.179141 8.93912 -3.04317
      vertex 0.178356 8.38258 -2.81852
      vertex 0.178356 8.94315 -3.03262
    endloop
  endfacet
  facet normal -0.997595 -0.0247274 -0.0647448
    outer loop
      vertex 0.178356 8.38258 -2.81852
      vertex 0.179141 8.93912 -3.04317
      vertex 0.188572 8.33011 -2.95589
    endloop
  endfacet
  facet normal -0.997596 -0.024727 -0.0647418
    outer loop
      vertex 0.188572 8.33011 -2.95589
      vertex 0.179141 8.93912 -3.04317
      vertex 0.188572 8.89068 -3.16999
    endloop
  endfacet
  facet normal -0.918188 -0.141342 -0.370071
    outer loop
      vertex 0.262241 8.82975 -3.3295
      vertex 0.188572 8.33011 -2.95589
      vertex 0.188572 8.89068 -3.16999
    endloop
  endfacet
  facet normal -0.918188 -0.141342 -0.370071
    outer loop
      vertex 0.188572 8.33011 -2.95589
      vertex 0.262241 8.82975 -3.3295
      vertex 0.262241 8.26918 -3.1154
    endloop
  endfacet
  facet normal -0.866023 -0.178399 -0.467096
    outer loop
      vertex 0.342419 8.7802 -3.45923
      vertex 0.262241 8.26918 -3.1154
      vertex 0.262241 8.82975 -3.3295
    endloop
  endfacet
  facet normal -0.866023 -0.178399 -0.467096
    outer loop
      vertex 0.262241 8.26918 -3.1154
      vertex 0.342419 8.7802 -3.45923
      vertex 0.342419 8.21963 -3.24513
    endloop
  endfacet
  facet normal -0.500014 0.308991 0.809019
    outer loop
      vertex -0.000169754 8.70962 -3.64401
      vertex 0.342419 8.21963 -3.24513
      vertex 0.342419 8.7802 -3.45923
    endloop
  endfacet
  facet normal -0.500007 0.308997 0.80902
    outer loop
      vertex 0.342419 8.21963 -3.24513
      vertex -0.000169754 8.70962 -3.64401
      vertex -0.000169754 8.14906 -3.42991
    endloop
  endfacet
  facet normal 0.866016 0.178406 0.467105
    outer loop
      vertex -0.0855732 8.20184 -3.29173
      vertex -0.000169754 8.70962 -3.64401
      vertex -0.0855732 8.7624 -3.50583
    endloop
  endfacet
  facet normal 0.866016 0.178406 0.467105
    outer loop
      vertex -0.000169754 8.70962 -3.64401
      vertex -0.0855732 8.20184 -3.29173
      vertex -0.000169754 8.14906 -3.42991
    endloop
  endfacet
  facet normal 0.808245 0.210097 0.55009
    outer loop
      vertex -0.0855732 8.20184 -3.29173
      vertex -0.0948912 8.76697 -3.49388
      vertex -0.206821 8.26122 -3.13626
    endloop
  endfacet
  facet normal 0.808338 0.210055 0.54997
    outer loop
      vertex -0.0948912 8.76697 -3.49388
      vertex -0.0855732 8.20184 -3.29173
      vertex -0.0855732 8.7624 -3.50583
    endloop
  endfacet
  facet normal 0.808261 0.210081 0.550072
    outer loop
      vertex -0.206821 8.82179 -3.35035
      vertex -0.206821 8.26122 -3.13626
      vertex -0.0948912 8.76697 -3.49388
    endloop
  endfacet
  facet normal 0.588254 0.288676 0.755396
    outer loop
      vertex -0.337049 8.29507 -3.04765
      vertex -0.206821 8.82179 -3.35035
      vertex -0.216829 8.82439 -3.34355
    endloop
  endfacet
  facet normal 0.588757 0.288389 0.755114
    outer loop
      vertex -0.206821 8.82179 -3.35035
      vertex -0.337049 8.29507 -3.04765
      vertex -0.206821 8.26122 -3.13626
    endloop
  endfacet
  facet normal 0.588742 0.288409 0.755118
    outer loop
      vertex -0.337049 8.85563 -3.26175
      vertex -0.337049 8.29507 -3.04765
      vertex -0.216829 8.82439 -3.34355
    endloop
  endfacet
  facet normal 0.17214 0.351474 0.920236
    outer loop
      vertex -0.347538 8.85629 -3.26004
      vertex -0.337049 8.29507 -3.04765
      vertex -0.337049 8.85563 -3.26175
    endloop
  endfacet
  facet normal 0.171892 0.351486 0.920278
    outer loop
      vertex -0.337049 8.29507 -3.04765
      vertex -0.347538 8.85629 -3.26004
      vertex -0.473532 8.30356 -3.0254
    endloop
  endfacet
  facet normal 0.171898 0.351484 0.920277
    outer loop
      vertex -0.473532 8.86413 -3.2395
      vertex -0.473532 8.30356 -3.0254
      vertex -0.347538 8.85629 -3.26004
    endloop
  endfacet
  facet normal -0.316049 0.338507 0.886299
    outer loop
      vertex -0.613605 8.84748 -3.28309
      vertex -0.473532 8.30356 -3.0254
      vertex -0.473532 8.86413 -3.2395
    endloop
  endfacet
  facet normal -0.316027 0.338514 0.886304
    outer loop
      vertex -0.473532 8.30356 -3.0254
      vertex -0.613605 8.84748 -3.28309
      vertex -0.613605 8.28692 -3.06899
    endloop
  endfacet
  facet normal -0.627338 0.277857 0.72749
    outer loop
      vertex -0.623078 8.84476 -3.29022
      vertex -0.613605 8.28692 -3.06899
      vertex -0.613605 8.84748 -3.28309
    endloop
  endfacet
  facet normal -0.627519 0.277801 0.727356
    outer loop
      vertex -0.613605 8.28692 -3.06899
      vertex -0.623078 8.84476 -3.29022
      vertex -0.736863 8.25147 -3.16179
    endloop
  endfacet
  facet normal -0.627534 0.277801 0.727343
    outer loop
      vertex -0.736863 8.81203 -3.37589
      vertex -0.736863 8.25147 -3.16179
      vertex -0.623078 8.84476 -3.29022
    endloop
  endfacet
  facet normal -0.895633 0.158703 0.415518
    outer loop
      vertex -0.741387 8.80878 -3.3844
      vertex -0.736863 8.25147 -3.16179
      vertex -0.736863 8.81203 -3.37589
    endloop
  endfacet
  facet normal -0.895628 0.158706 0.415527
    outer loop
      vertex -0.736863 8.25147 -3.16179
      vertex -0.741387 8.80878 -3.3844
      vertex -0.79573 8.20918 -3.27252
    endloop
  endfacet
  facet normal -0.895613 0.158711 0.415558
    outer loop
      vertex -0.79573 8.76974 -3.48661
      vertex -0.79573 8.20918 -3.27252
      vertex -0.741387 8.80878 -3.3844
    endloop
  endfacet
  facet normal -0.999888 -0.00535009 -0.0140083
    outer loop
      vertex -0.793718 8.72187 -3.61194
      vertex -0.79573 8.20918 -3.27252
      vertex -0.79573 8.76974 -3.48661
    endloop
  endfacet
  facet normal -0.999888 -0.0053509 -0.0140096
    outer loop
      vertex -0.79573 8.20918 -3.27252
      vertex -0.793718 8.72187 -3.61194
      vertex -0.793718 8.16132 -3.39784
    endloop
  endfacet
  facet normal -0.926642 -0.134139 -0.351199
    outer loop
      vertex -0.789158 8.71786 -3.62244
      vertex -0.793718 8.16132 -3.39784
      vertex -0.793718 8.72187 -3.61194
    endloop
  endfacet
  facet normal -0.926734 -0.134054 -0.350989
    outer loop
      vertex -0.793718 8.16132 -3.39784
      vertex -0.789158 8.71786 -3.62244
      vertex -0.734387 8.1091 -3.53455
    endloop
  endfacet
  facet normal -0.926733 -0.134054 -0.350993
    outer loop
      vertex -0.734387 8.1091 -3.53455
      vertex -0.789158 8.71786 -3.62244
      vertex -0.734387 8.66965 -3.74864
    endloop
  endfacet
  facet normal -0.673933 -0.263597 -0.690168
    outer loop
      vertex -0.734387 8.1091 -3.53455
      vertex -0.7178 8.66426 -3.76278
      vertex -0.518594 8.03886 -3.71844
    endloop
  endfacet
  facet normal -0.673973 -0.263582 -0.690134
    outer loop
      vertex -0.7178 8.66426 -3.76278
      vertex -0.734387 8.1091 -3.53455
      vertex -0.734387 8.66965 -3.74864
    endloop
  endfacet
  facet normal -0.673929 -0.263596 -0.690171
    outer loop
      vertex -0.518594 8.03886 -3.71844
      vertex -0.7178 8.66426 -3.76278
      vertex -0.518594 8.59941 -3.93253
    endloop
  endfacet
  facet normal 0.0858343 -0.355475 -0.930736
    outer loop
      vertex -0.518594 8.59941 -3.93253
      vertex -0.226734 8.04783 -3.69495
      vertex -0.518594 8.03886 -3.71844
    endloop
  endfacet
  facet normal 0.0858464 -0.355469 -0.930738
    outer loop
      vertex -0.226734 8.04783 -3.69495
      vertex -0.518594 8.59941 -3.93253
      vertex -0.226734 8.60839 -3.90904
    endloop
  endfacet
  facet normal -0.906295 -0.150794 -0.39483
    outer loop
      vertex -0.0152645 8.44658 -4.33265
      vertex -0.226734 8.04783 -3.69495
      vertex -0.226734 8.60839 -3.90904
    endloop
  endfacet
  facet normal -0.90629 -0.150806 -0.394836
    outer loop
      vertex -0.226734 8.04783 -3.69495
      vertex -0.0152645 8.44658 -4.33265
      vertex -0.0152645 7.88603 -4.11855
    endloop
  endfacet
  facet normal -0.237267 0.346617 0.907503
    outer loop
      vertex -0.0388368 8.44453 -4.33803
      vertex -0.0152645 7.88603 -4.11855
      vertex -0.0152645 8.44658 -4.33265
    endloop
  endfacet
  facet normal -0.237375 0.346604 0.90748
    outer loop
      vertex -0.0152645 7.88603 -4.11855
      vertex -0.0388368 8.44453 -4.33803
      vertex -0.321903 7.8593 -4.18855
    endloop
  endfacet
  facet normal -0.237354 0.346596 0.907488
    outer loop
      vertex -0.321903 8.41985 -4.40264
      vertex -0.321903 7.8593 -4.18855
      vertex -0.0388368 8.44453 -4.33803
    endloop
  endfacet
  facet normal 0.169855 0.351607 0.920609
    outer loop
      vertex -0.34383 8.4212 -4.39911
      vertex -0.321903 7.8593 -4.18855
      vertex -0.321903 8.41985 -4.40264
    endloop
  endfacet
  facet normal 0.169844 0.351607 0.920611
    outer loop
      vertex -0.321903 7.8593 -4.18855
      vertex -0.34383 8.4212 -4.39911
      vertex -0.607116 7.87684 -4.14263
    endloop
  endfacet
  facet normal 0.169843 0.351608 0.920611
    outer loop
      vertex -0.607116 8.43739 -4.35672
      vertex -0.607116 7.87684 -4.14263
      vertex -0.34383 8.4212 -4.39911
    endloop
  endfacet
  facet normal 0.552085 0.297466 0.77892
    outer loop
      vertex -0.862419 7.93716 -3.98473
      vertex -0.607116 8.43739 -4.35672
      vertex -0.626744 8.44203 -4.34458
    endloop
  endfacet
  facet normal 0.552046 0.297498 0.778935
    outer loop
      vertex -0.607116 8.43739 -4.35672
      vertex -0.862419 7.93716 -3.98473
      vertex -0.607116 7.87684 -4.14263
    endloop
  endfacet
  facet normal 0.552034 0.297505 0.778941
    outer loop
      vertex -0.862419 8.4977 -4.19882
      vertex -0.862419 7.93716 -3.98473
      vertex -0.626744 8.44203 -4.34458
    endloop
  endfacet
  facet normal 0.795404 0.216246 0.56619
    outer loop
      vertex -0.862419 7.93716 -3.98473
      vertex -0.879098 8.50551 -4.17837
      vertex -1.07937 8.03875 -3.71875
    endloop
  endfacet
  facet normal 0.795424 0.216238 0.566164
    outer loop
      vertex -0.879098 8.50551 -4.17837
      vertex -0.862419 7.93716 -3.98473
      vertex -0.862419 8.4977 -4.19882
    endloop
  endfacet
  facet normal 0.795406 0.216243 0.566188
    outer loop
      vertex -1.07937 8.5993 -3.93284
      vertex -1.07937 8.03875 -3.71875
      vertex -0.879098 8.50551 -4.17837
    endloop
  endfacet
  facet normal 0.922132 0.138037 0.361412
    outer loop
      vertex -1.22379 8.16157 -3.39717
      vertex -1.07937 8.5993 -3.93284
      vertex -1.22379 8.72213 -3.61127
    endloop
  endfacet
  facet normal 0.922134 0.138032 0.361408
    outer loop
      vertex -1.07937 8.5993 -3.93284
      vertex -1.22379 8.16157 -3.39717
      vertex -1.07937 8.03875 -3.71875
    endloop
  endfacet
  facet normal -0.577362 0.577349 -0.57734
    outer loop
      vertex -5.14799 5.60599 -4.5513
      vertex -5.32203 5.83087 -4.15237
      vertex -5.04675 5.87105 -4.38748
    endloop
  endfacet
  facet normal -0.57735 0.57735 -0.57735
    outer loop
      vertex -5.51418 4.64726 -5.14384
      vertex -5.5676 5.18795 -4.54973
      vertex -5.29232 5.22813 -4.78483
    endloop
  endfacet
  facet normal -0.577345 0.577351 -0.577355
    outer loop
      vertex -4.68345 5.20382 -5.418
      vertex -5.63485 4.32478 -5.34565
      vertex -5.51418 4.64726 -5.14384
    endloop
  endfacet
  facet normal -0.577362 0.577349 -0.57734
    outer loop
      vertex -5.14799 5.60599 -4.5513
      vertex -5.42327 5.56581 -4.31619
      vertex -5.32203 5.83087 -4.15237
    endloop
  endfacet
  facet normal -0.577358 0.577359 -0.577334
    outer loop
      vertex -5.42327 5.56581 -4.31619
      vertex -5.14799 5.60599 -4.5513
      vertex -5.5676 5.18795 -4.54973
    endloop
  endfacet
  facet normal -0.57735 0.57735 -0.57735
    outer loop
      vertex -5.5676 5.18795 -4.54973
      vertex -5.14799 5.60599 -4.5513
      vertex -5.29232 5.22813 -4.78483
    endloop
  endfacet
  facet normal -0.577342 0.577352 -0.577358
    outer loop
      vertex -5.42327 5.56581 -4.31619
      vertex -5.94563 5.13278 -4.22687
      vertex -5.8013 5.51065 -3.99333
    endloop
  endfacet
  facet normal -0.577346 0.57736 -0.577344
    outer loop
      vertex -5.94563 5.13278 -4.22687
      vertex -5.42327 5.56581 -4.31619
      vertex -5.5676 5.18795 -4.54973
    endloop
  endfacet
  facet normal -0.577362 0.577348 -0.57734
    outer loop
      vertex -5.63485 4.32478 -5.34565
      vertex -5.91278 4.28422 -5.10827
      vertex -5.51418 4.64726 -5.14384
    endloop
  endfacet
  facet normal -0.57735 0.57735 -0.57735
    outer loop
      vertex -4.41947 5.36748 -5.51833
      vertex -4.45926 5.35853 -5.48749
      vertex -3.94542 5.78149 -5.57837
    endloop
  endfacet
  facet normal -0.57736 0.577345 -0.577346
    outer loop
      vertex -5.51418 4.64726 -5.14384
      vertex -5.91278 4.28422 -5.10827
      vertex -5.5676 5.18795 -4.54973
    endloop
  endfacet
  facet normal -0.577349 0.577355 -0.577347
    outer loop
      vertex -4.11451 5.33878 -5.85198
      vertex -5.63485 4.32478 -5.34565
      vertex -4.68345 5.20382 -5.418
    endloop
  endfacet
  facet normal -0.577354 0.57734 -0.577356
    outer loop
      vertex -4.6851 5.31674 -5.30343
      vertex -5.14799 5.60599 -4.5513
      vertex -3.94542 5.78149 -5.57837
    endloop
  endfacet
  facet normal -0.57735 0.57735 -0.57735
    outer loop
      vertex -4.11451 5.33878 -5.85198
      vertex -4.68345 5.20382 -5.418
      vertex -4.52934 5.30286 -5.47307
    endloop
  endfacet
  facet normal -0.577345 0.577343 -0.577362
    outer loop
      vertex -4.11451 5.33878 -5.85198
      vertex -4.41947 5.36748 -5.51833
      vertex -3.94542 5.78149 -5.57837
    endloop
  endfacet
  facet normal -0.577379 0.577283 -0.577388
    outer loop
      vertex -4.11451 5.33878 -5.85198
      vertex -4.52934 5.30286 -5.47307
      vertex -4.41947 5.36748 -5.51833
    endloop
  endfacet
  facet normal -0.57735 0.57735 -0.57735
    outer loop
      vertex -4.52912 5.34416 -5.432
      vertex -3.94542 5.78149 -5.57837
      vertex -4.45926 5.35853 -5.48749
    endloop
  endfacet
  facet normal -0.57735 0.57735 -0.57735
    outer loop
      vertex -3.94542 5.78149 -5.57837
      vertex -4.52912 5.34416 -5.432
      vertex -4.61055 5.32879 -5.36594
    endloop
  endfacet
  facet normal -0.577368 0.577416 -0.577267
    outer loop
      vertex -4.61055 5.32879 -5.36594
      vertex -4.6851 5.31674 -5.30343
      vertex -3.94542 5.78149 -5.57837
    endloop
  endfacet
  facet normal -0.577345 0.577351 -0.577355
    outer loop
      vertex -4.6851 5.31674 -5.30343
      vertex -5.29232 5.22813 -4.78483
      vertex -5.14799 5.60599 -4.5513
    endloop
  endfacet
  facet normal 0.755766 0.110278 -0.645489
    outer loop
      vertex -5.32203 5.83087 -4.15237
      vertex -5.76968 5.91222 -4.6626
      vertex -5.66844 6.17728 -4.49878
    endloop
  endfacet
  facet normal 0.755766 0.110278 -0.645489
    outer loop
      vertex -5.76968 5.91222 -4.6626
      vertex -5.32203 5.83087 -4.15237
      vertex -5.42327 5.56581 -4.31619
    endloop
  endfacet
  facet normal -0.309124 -0.809033 -0.499908
    outer loop
      vertex -5.64724 6.18037 -4.51689
      vertex -5.32203 5.83087 -4.15237
      vertex -5.66844 6.17728 -4.49878
    endloop
  endfacet
  facet normal -0.308976 -0.809017 -0.500026
    outer loop
      vertex -5.32203 5.83087 -4.15237
      vertex -5.64724 6.18037 -4.51689
      vertex -5.04675 5.87105 -4.38748
    endloop
  endfacet
  facet normal -0.308979 -0.80902 -0.500018
    outer loop
      vertex -5.04675 5.87105 -4.38748
      vertex -5.64724 6.18037 -4.51689
      vertex -5.39316 6.21745 -4.73389
    endloop
  endfacet
  facet normal -0.755783 -0.110324 0.645462
    outer loop
      vertex -5.40095 6.19704 -4.7465
      vertex -5.04675 5.87105 -4.38748
      vertex -5.39316 6.21745 -4.73389
    endloop
  endfacet
  facet normal -0.755767 -0.110277 0.645489
    outer loop
      vertex -5.04675 5.87105 -4.38748
      vertex -5.40095 6.19704 -4.7465
      vertex -5.14799 5.60599 -4.5513
    endloop
  endfacet
  facet normal -0.755764 -0.110275 0.645492
    outer loop
      vertex -5.40095 6.19704 -4.7465
      vertex -5.4944 5.95239 -4.89771
      vertex -5.14799 5.60599 -4.5513
    endloop
  endfacet
  facet normal -0.308974 -0.80902 -0.500022
    outer loop
      vertex -4.29182 6.1279 -5.92478
      vertex -5.14799 5.60599 -4.5513
      vertex -5.4944 5.95239 -4.89771
    endloop
  endfacet
  facet normal -0.30899 -0.80901 -0.500028
    outer loop
      vertex -5.14799 5.60599 -4.5513
      vertex -4.29182 6.1279 -5.92478
      vertex -3.94542 5.78149 -5.57837
    endloop
  endfacet
  facet normal -0.755769 -0.110257 0.64549
    outer loop
      vertex -4.46092 5.68519 -6.19839
      vertex -3.94542 5.78149 -5.57837
      vertex -4.29182 6.1279 -5.92478
    endloop
  endfacet
  facet normal -0.755766 -0.110276 0.64549
    outer loop
      vertex -3.94542 5.78149 -5.57837
      vertex -4.46092 5.68519 -6.19839
      vertex -4.11451 5.33878 -5.85198
    endloop
  endfacet
  facet normal -0.154565 0.617039 0.771604
    outer loop
      vertex -4.46092 5.68519 -6.19839
      vertex -5.63485 4.32478 -5.34565
      vertex -4.11451 5.33878 -5.85198
    endloop
  endfacet
  facet normal -0.154567 0.61704 0.771603
    outer loop
      vertex -5.63485 4.32478 -5.34565
      vertex -4.46092 5.68519 -6.19839
      vertex -5.98125 4.67119 -5.69206
    endloop
  endfacet
  facet normal 0.309002 0.809011 0.500018
    outer loop
      vertex -5.98125 4.67119 -5.69206
      vertex -5.91278 4.28422 -5.10827
      vertex -5.63485 4.32478 -5.34565
    endloop
  endfacet
  facet normal 0.308993 0.809013 0.500021
    outer loop
      vertex -5.91278 4.28422 -5.10827
      vertex -5.98125 4.67119 -5.69206
      vertex -6.25919 4.63063 -5.45468
    endloop
  endfacet
  facet normal 0.755761 0.110285 -0.645495
    outer loop
      vertex -5.5676 5.18795 -4.54973
      vertex -6.25919 4.63063 -5.45468
      vertex -5.91401 5.53436 -4.89613
    endloop
  endfacet
  facet normal 0.755765 0.110274 -0.645491
    outer loop
      vertex -6.25919 4.63063 -5.45468
      vertex -5.5676 5.18795 -4.54973
      vertex -5.91278 4.28422 -5.10827
    endloop
  endfacet
  facet normal 0.30899 0.809008 0.500032
    outer loop
      vertex -5.91401 5.53436 -4.89613
      vertex -5.94563 5.13278 -4.22687
      vertex -5.5676 5.18795 -4.54973
    endloop
  endfacet
  facet normal 0.308997 0.809005 0.500031
    outer loop
      vertex -5.94563 5.13278 -4.22687
      vertex -5.91401 5.53436 -4.89613
      vertex -6.29203 5.47919 -4.57327
    endloop
  endfacet
  facet normal 0.755765 0.110277 -0.645491
    outer loop
      vertex -5.8013 5.51065 -3.99333
      vertex -6.29203 5.47919 -4.57327
      vertex -6.14771 5.85705 -4.33974
    endloop
  endfacet
  facet normal 0.755766 0.110272 -0.645491
    outer loop
      vertex -6.29203 5.47919 -4.57327
      vertex -5.8013 5.51065 -3.99333
      vertex -5.94563 5.13278 -4.22687
    endloop
  endfacet
  facet normal -0.308977 -0.80902 -0.50002
    outer loop
      vertex -5.76968 5.91222 -4.6626
      vertex -5.8013 5.51065 -3.99333
      vertex -6.14771 5.85705 -4.33974
    endloop
  endfacet
  facet normal -0.308997 -0.809014 -0.500017
    outer loop
      vertex -5.8013 5.51065 -3.99333
      vertex -5.76968 5.91222 -4.6626
      vertex -5.42327 5.56581 -4.31619
    endloop
  endfacet
  facet normal 0.157251 -0.615244 -0.772494
    outer loop
      vertex -5.51418 4.64726 -5.14384
      vertex -5.02986 5.55023 -5.76441
      vertex -4.68345 5.20382 -5.418
    endloop
  endfacet
  facet normal 0.157237 -0.61524 -0.7725
    outer loop
      vertex -5.02986 5.55023 -5.76441
      vertex -5.51418 4.64726 -5.14384
      vertex -5.86059 4.99367 -5.49024
    endloop
  endfacet
  facet normal 0.132711 -0.631349 -0.764059
    outer loop
      vertex -4.68345 5.20382 -5.418
      vertex -4.87575 5.64927 -5.81948
      vertex -4.52934 5.30286 -5.47307
    endloop
  endfacet
  facet normal 0.132711 -0.631349 -0.764059
    outer loop
      vertex -4.87575 5.64927 -5.81948
      vertex -4.68345 5.20382 -5.418
      vertex -5.02986 5.55023 -5.76441
    endloop
  endfacet
  facet normal 0.0826292 -0.662151 -0.744801
    outer loop
      vertex -4.52934 5.30286 -5.47307
      vertex -4.76588 5.71389 -5.86473
      vertex -4.41947 5.36748 -5.51833
    endloop
  endfacet
  facet normal 0.0826811 -0.662131 -0.744813
    outer loop
      vertex -4.76588 5.71389 -5.86473
      vertex -4.52934 5.30286 -5.47307
      vertex -4.87575 5.64927 -5.81948
    endloop
  endfacet
  facet normal 0.247175 0.797509 0.55035
    outer loop
      vertex -4.76588 5.71389 -5.86473
      vertex -4.45926 5.35853 -5.48749
      vertex -4.41947 5.36748 -5.51833
    endloop
  endfacet
  facet normal 0.246957 0.797475 0.550496
    outer loop
      vertex -4.45926 5.35853 -5.48749
      vertex -4.76588 5.71389 -5.86473
      vertex -4.80567 5.70493 -5.8339
    endloop
  endfacet
  facet normal 0.262708 0.800869 0.538138
    outer loop
      vertex -4.80567 5.70493 -5.8339
      vertex -4.52912 5.34416 -5.432
      vertex -4.45926 5.35853 -5.48749
    endloop
  endfacet
  facet normal 0.262708 0.800869 0.538138
    outer loop
      vertex -4.52912 5.34416 -5.432
      vertex -4.80567 5.70493 -5.8339
      vertex -4.87553 5.69056 -5.77841
    endloop
  endfacet
  facet normal 0.276147 0.80352 0.52735
    outer loop
      vertex -4.87553 5.69056 -5.77841
      vertex -4.61055 5.32879 -5.36594
      vertex -4.52912 5.34416 -5.432
    endloop
  endfacet
  facet normal 0.276236 0.803525 0.527297
    outer loop
      vertex -4.61055 5.32879 -5.36594
      vertex -4.87553 5.69056 -5.77841
      vertex -4.95695 5.6752 -5.71235
    endloop
  endfacet
  facet normal 0.29718 0.807194 0.510022
    outer loop
      vertex -4.95695 5.6752 -5.71235
      vertex -4.6851 5.31674 -5.30343
      vertex -4.61055 5.32879 -5.36594
    endloop
  endfacet
  facet normal 0.297154 0.807193 0.510038
    outer loop
      vertex -4.6851 5.31674 -5.30343
      vertex -4.95695 5.6752 -5.71235
      vertex -5.03151 5.66315 -5.64984
    endloop
  endfacet
  facet normal 0.30899 0.809013 0.500023
    outer loop
      vertex -5.03151 5.66315 -5.64984
      vertex -5.29232 5.22813 -4.78483
      vertex -4.6851 5.31674 -5.30343
    endloop
  endfacet
  facet normal 0.308981 0.809017 0.500022
    outer loop
      vertex -5.29232 5.22813 -4.78483
      vertex -5.03151 5.66315 -5.64984
      vertex -5.63872 5.57453 -5.13124
    endloop
  endfacet
  facet normal -0.75577 -0.110263 0.645488
    outer loop
      vertex -5.86059 4.99367 -5.49024
      vertex -5.29232 5.22813 -4.78483
      vertex -5.63872 5.57453 -5.13124
    endloop
  endfacet
  facet normal -0.755763 -0.11029 0.645491
    outer loop
      vertex -5.29232 5.22813 -4.78483
      vertex -5.86059 4.99367 -5.49024
      vertex -5.51418 4.64726 -5.14384
    endloop
  endfacet
  facet normal -0.934171 0.356825 -1.5914e-05
    outer loop
      vertex -8.30707 3.01621 0.071806
      vertex -8.39861 2.77655 -0.101548
      vertex -8.3315 2.95226 0.248636
    endloop
  endfacet
  facet normal -0.934181 0.356799 -1.33445e-05
    outer loop
      vertex -8.07728 3.61782 -0.551053
      vertex -8.09944 3.55982 -0.0199289
      vertex -7.98276 3.8653 -0.407212
    endloop
  endfacet
  facet normal -0.934179 0.356804 7.27385e-06
    outer loop
      vertex -8.20101 3.29389 -0.112127
      vertex -8.28928 3.06279 -0.459567
      vertex -8.25693 3.14748 -0.0550985
    endloop
  endfacet
  facet normal -0.934179 0.356806 6.87347e-06
    outer loop
      vertex -8.28928 3.06279 -0.459567
      vertex -8.3578 2.88339 -0.303407
      vertex -8.25693 3.14748 -0.0550985
    endloop
  endfacet
  facet normal -0.934174 0.356819 -5.45993e-06
    outer loop
      vertex -8.3578 2.88339 -0.303407
      vertex -8.39861 2.77655 -0.101548
      vertex -8.30707 3.01621 0.071806
    endloop
  endfacet
  facet normal -0.93417 0.356828 8.05613e-07
    outer loop
      vertex -8.18216 3.34324 -0.570014
      vertex -8.20101 3.29389 -0.112127
      vertex -8.1474 3.43424 -0.0985126
    endloop
  endfacet
  facet normal -0.934173 0.356821 2.34605e-06
    outer loop
      vertex -8.07728 3.61782 -0.551053
      vertex -8.18216 3.34324 -0.570014
      vertex -8.1474 3.43424 -0.0985126
    endloop
  endfacet
  facet normal -0.93418 0.356803 -7.3879e-07
    outer loop
      vertex -8.39861 2.77655 -0.101548
      vertex -8.69921 1.98952 -0.752091
      vertex -8.47904 2.56597 0.487383
    endloop
  endfacet
  facet normal -0.934178 0.356808 -7.68559e-06
    outer loop
      vertex -8.4969 2.5192 -0.658871
      vertex -8.69921 1.98952 -0.752091
      vertex -8.39861 2.77655 -0.101548
    endloop
  endfacet
  facet normal -0.93418 0.356803 -1.07071e-05
    outer loop
      vertex -8.24309 3.1837 -1.49015
      vertex -8.4969 2.5192 -0.658871
      vertex -8.17811 3.35384 -1.17472
    endloop
  endfacet
  facet normal -0.934178 0.356808 -5.73947e-06
    outer loop
      vertex -8.24309 3.1837 -1.49015
      vertex -8.69921 1.98952 -0.752091
      vertex -8.4969 2.5192 -0.658871
    endloop
  endfacet
  facet normal -0.934185 0.35679 1.35878e-05
    outer loop
      vertex -8.0341 3.73091 0.463685
      vertex -8.05785 3.66872 0.603242
      vertex -7.92913 4.00574 0.810742
    endloop
  endfacet
  facet normal -0.934169 0.356831 -6.92897e-06
    outer loop
      vertex -8.23428 3.2068 0.732761
      vertex -8.34014 2.92967 1.11508
      vertex -8.24826 3.17021 1.20162
    endloop
  endfacet
  facet normal -0.93418 0.356801 -1.74741e-06
    outer loop
      vertex -8.39861 2.77655 -0.101548
      vertex -8.47904 2.56597 0.487383
      vertex -8.3315 2.95226 0.248636
    endloop
  endfacet
  facet normal -0.934161 0.356851 -5.20164e-05
    outer loop
      vertex -8.10347 3.54928 0.710765
      vertex -8.14853 3.43133 0.763033
      vertex -8.03576 3.72658 1.04992
    endloop
  endfacet
  facet normal -0.934175 0.356815 -3.78279e-06
    outer loop
      vertex -8.25693 3.14748 -0.0550985
      vertex -8.3578 2.88339 -0.303407
      vertex -8.30707 3.01621 0.071806
    endloop
  endfacet
  facet normal -0.934178 0.356808 -2.00102e-05
    outer loop
      vertex -7.92913 4.00574 0.810742
      vertex -8.05785 3.66872 0.603242
      vertex -8.03576 3.72658 1.04992
    endloop
  endfacet
  facet normal -0.934175 0.356815 -8.39485e-07
    outer loop
      vertex -8.18216 3.34324 -0.570014
      vertex -8.28928 3.06279 -0.459567
      vertex -8.20101 3.29389 -0.112127
    endloop
  endfacet
  facet normal -0.934187 0.356783 -1.53757e-05
    outer loop
      vertex -8.07728 3.61782 -0.551053
      vertex -8.1474 3.43424 -0.0985126
      vertex -8.09944 3.55982 -0.0199289
    endloop
  endfacet
  facet normal -0.934182 0.356798 -1.45498e-05
    outer loop
      vertex -7.98276 3.8653 -0.407212
      vertex -8.09944 3.55982 -0.0199289
      vertex -7.90669 4.06448 -0.14294
    endloop
  endfacet
  facet normal -0.934176 0.356811 9.76455e-06
    outer loop
      vertex -7.90669 4.06448 -0.14294
      vertex -8.06045 3.66191 0.117955
      vertex -7.86293 4.17904 0.191002
    endloop
  endfacet
  facet normal -0.934181 0.356798 -1.31252e-05
    outer loop
      vertex -7.90669 4.06448 -0.14294
      vertex -8.09944 3.55982 -0.0199289
      vertex -8.06045 3.66191 0.117955
    endloop
  endfacet
  facet normal -0.934173 0.35682 -1.00039e-05
    outer loop
      vertex -7.86293 4.17904 0.191002
      vertex -8.03428 3.73044 0.299465
      vertex -7.87097 4.158 0.516658
    endloop
  endfacet
  facet normal -0.934175 0.356816 -2.89478e-05
    outer loop
      vertex -7.86293 4.17904 0.191002
      vertex -8.06045 3.66191 0.117955
      vertex -8.03428 3.73044 0.299465
    endloop
  endfacet
  facet normal -0.934175 0.356814 2.73277e-06
    outer loop
      vertex -7.87097 4.158 0.516658
      vertex -8.03428 3.73044 0.299465
      vertex -8.0341 3.73091 0.463685
    endloop
  endfacet
  facet normal -0.934175 0.356816 -9.64884e-06
    outer loop
      vertex -7.87097 4.158 0.516658
      vertex -8.0341 3.73091 0.463685
      vertex -7.92913 4.00574 0.810742
    endloop
  endfacet
  facet normal -0.934183 0.356794 -1.79333e-05
    outer loop
      vertex -8.05785 3.66872 0.603242
      vertex -8.10347 3.54928 0.710765
      vertex -8.03576 3.72658 1.04992
    endloop
  endfacet
  facet normal -0.934179 0.356804 -5.2754e-06
    outer loop
      vertex -8.19215 3.31711 0.771761
      vertex -8.24826 3.17021 1.20162
      vertex -8.14596 3.43805 1.1802
    endloop
  endfacet
  facet normal -0.934173 0.356821 -1.47043e-05
    outer loop
      vertex -8.27487 3.10053 0.641985
      vertex -8.34014 2.92967 1.11508
      vertex -8.23428 3.2068 0.732761
    endloop
  endfacet
  facet normal -0.934178 0.356807 -2.0511e-05
    outer loop
      vertex -8.27487 3.10053 0.641985
      vertex -8.41905 2.72306 0.921564
      vertex -8.34014 2.92967 1.11508
    endloop
  endfacet
  facet normal -0.934184 0.356791 -1.04955e-05
    outer loop
      vertex -8.23428 3.2068 0.732761
      vertex -8.24826 3.17021 1.20162
      vertex -8.19215 3.31711 0.771761
    endloop
  endfacet
  facet normal -0.934194 0.356764 8.20474e-06
    outer loop
      vertex -8.14853 3.43133 0.763033
      vertex -8.19215 3.31711 0.771761
      vertex -8.14596 3.43805 1.1802
    endloop
  endfacet
  facet normal -0.934181 0.356801 7.53643e-06
    outer loop
      vertex -8.03576 3.72658 1.04992
      vertex -8.14853 3.43133 0.763033
      vertex -8.14596 3.43805 1.1802
    endloop
  endfacet
  facet normal -0.312101 -0.817172 -0.484586
    outer loop
      vertex -8.48521 4.23153 0.788133
      vertex -7.92913 4.00574 0.810742
      vertex -8.48968 4.21983 0.810742
    endloop
  endfacet
  facet normal -0.31206 -0.817087 -0.484756
    outer loop
      vertex -7.92913 4.00574 0.810742
      vertex -8.48521 4.23153 0.788133
      vertex -7.87097 4.158 0.516658
    endloop
  endfacet
  facet normal -0.312065 -0.817076 -0.48477
    outer loop
      vertex -7.87097 4.158 0.516658
      vertex -8.48521 4.23153 0.788133
      vertex -8.43152 4.37209 0.516658
    endloop
  endfacet
  facet normal -0.355941 -0.931958 -0.0689997
    outer loop
      vertex -8.42348 4.39313 0.191002
      vertex -7.87097 4.158 0.516658
      vertex -8.43152 4.37209 0.516658
    endloop
  endfacet
  facet normal -0.355941 -0.931958 -0.0689997
    outer loop
      vertex -7.87097 4.158 0.516658
      vertex -8.42348 4.39313 0.191002
      vertex -7.86293 4.17904 0.191002
    endloop
  endfacet
  facet normal -0.33494 -0.876971 0.344581
    outer loop
      vertex -8.42685 4.38433 0.16533
      vertex -7.86293 4.17904 0.191002
      vertex -8.42348 4.39313 0.191002
    endloop
  endfacet
  facet normal -0.334928 -0.876921 0.34472
    outer loop
      vertex -7.86293 4.17904 0.191002
      vertex -8.42685 4.38433 0.16533
      vertex -7.90669 4.06448 -0.14294
    endloop
  endfacet
  facet normal -0.334921 -0.87692 0.344732
    outer loop
      vertex -8.42685 4.38433 0.16533
      vertex -8.46724 4.27857 -0.14294
      vertex -7.90669 4.06448 -0.14294
    endloop
  endfacet
  facet normal -0.277675 -0.727056 0.627923
    outer loop
      vertex -7.98276 3.8653 -0.407212
      vertex -8.46724 4.27857 -0.14294
      vertex -8.47309 4.26326 -0.163254
    endloop
  endfacet
  facet normal -0.277685 -0.727061 0.627912
    outer loop
      vertex -8.46724 4.27857 -0.14294
      vertex -7.98276 3.8653 -0.407212
      vertex -7.90669 4.06448 -0.14294
    endloop
  endfacet
  facet normal -0.277679 -0.727058 0.627918
    outer loop
      vertex -8.47309 4.26326 -0.163254
      vertex -8.54332 4.07939 -0.407212
      vertex -7.98276 3.8653 -0.407212
    endloop
  endfacet
  facet normal -0.17027 -0.445825 0.878776
    outer loop
      vertex -8.55058 4.06037 -0.418268
      vertex -7.98276 3.8653 -0.407212
      vertex -8.54332 4.07939 -0.407212
    endloop
  endfacet
  facet normal -0.170249 -0.445762 0.878812
    outer loop
      vertex -7.98276 3.8653 -0.407212
      vertex -8.55058 4.06037 -0.418268
      vertex -8.07728 3.61782 -0.551053
    endloop
  endfacet
  facet normal -0.170252 -0.445765 0.878811
    outer loop
      vertex -8.55058 4.06037 -0.418268
      vertex -8.63785 3.83192 -0.551053
      vertex -8.07728 3.61782 -0.551053
    endloop
  endfacet
  facet normal -0.0229677 -0.0601355 0.997926
    outer loop
      vertex -8.64591 3.81082 -0.55251
      vertex -8.07728 3.61782 -0.551053
      vertex -8.63785 3.83192 -0.551053
    endloop
  endfacet
  facet normal -0.0229686 -0.0601381 0.997926
    outer loop
      vertex -8.07728 3.61782 -0.551053
      vertex -8.64591 3.81082 -0.55251
      vertex -8.18216 3.34324 -0.570014
    endloop
  endfacet
  facet normal -0.0229688 -0.0601383 0.997926
    outer loop
      vertex -8.64591 3.81082 -0.55251
      vertex -8.74273 3.55734 -0.570014
      vertex -8.18216 3.34324 -0.570014
    endloop
  endfacet
  facet normal 0.123196 0.322558 0.938498
    outer loop
      vertex -8.75096 3.53579 -0.561527
      vertex -8.18216 3.34324 -0.570014
      vertex -8.74273 3.55734 -0.570014
    endloop
  endfacet
  facet normal 0.123192 0.322548 0.938502
    outer loop
      vertex -8.18216 3.34324 -0.570014
      vertex -8.75096 3.53579 -0.561527
      vertex -8.28928 3.06279 -0.459567
    endloop
  endfacet
  facet normal 0.123191 0.322547 0.938503
    outer loop
      vertex -8.75096 3.53579 -0.561527
      vertex -8.84985 3.27689 -0.459567
      vertex -8.28928 3.06279 -0.459567
    endloop
  endfacet
  facet normal 0.225074 0.589302 0.775928
    outer loop
      vertex -8.85511 3.2631 -0.447568
      vertex -8.28928 3.06279 -0.459567
      vertex -8.84985 3.27689 -0.459567
    endloop
  endfacet
  facet normal 0.2251 0.58938 0.775862
    outer loop
      vertex -8.28928 3.06279 -0.459567
      vertex -8.85511 3.2631 -0.447568
      vertex -8.3578 2.88339 -0.303407
    endloop
  endfacet
  facet normal 0.225105 0.589385 0.775856
    outer loop
      vertex -8.85511 3.2631 -0.447568
      vertex -8.91837 3.09749 -0.303407
      vertex -8.3578 2.88339 -0.303407
    endloop
  endfacet
  facet normal 0.310431 0.812791 0.492954
    outer loop
      vertex -8.91837 3.09749 -0.303407
      vertex -8.39861 2.77655 -0.101548
      vertex -8.3578 2.88339 -0.303407
    endloop
  endfacet
  facet normal 0.31037 0.812754 0.493054
    outer loop
      vertex -8.39861 2.77655 -0.101548
      vertex -8.91837 3.09749 -0.303407
      vertex -8.92151 3.08928 -0.287897
    endloop
  endfacet
  facet normal 0.310433 0.812795 0.492946
    outer loop
      vertex -8.92151 3.08928 -0.287897
      vertex -8.95918 2.99065 -0.101548
      vertex -8.39861 2.77655 -0.101548
    endloop
  endfacet
  facet normal -0.319826 -0.837389 0.443274
    outer loop
      vertex -8.96674 2.97087 -0.144369
      vertex -8.39861 2.77655 -0.101548
      vertex -8.95918 2.99065 -0.101548
    endloop
  endfacet
  facet normal -0.319841 -0.837466 0.443117
    outer loop
      vertex -8.39861 2.77655 -0.101548
      vertex -8.96674 2.97087 -0.144369
      vertex -8.4969 2.5192 -0.658871
    endloop
  endfacet
  facet normal -0.31985 -0.837467 0.443108
    outer loop
      vertex -8.96674 2.97087 -0.144369
      vertex -9.05748 2.7333 -0.658871
      vertex -8.4969 2.5192 -0.658871
    endloop
  endfacet
  facet normal -0.178402 -0.467102 -0.866019
    outer loop
      vertex -8.4969 2.5192 -0.658871
      vertex -9.03299 2.79742 -0.698498
      vertex -8.17811 3.35384 -1.17472
    endloop
  endfacet
  facet normal -0.178391 -0.467084 -0.866031
    outer loop
      vertex -9.03299 2.79742 -0.698498
      vertex -8.4969 2.5192 -0.658871
      vertex -9.05748 2.7333 -0.658871
    endloop
  endfacet
  facet normal -0.178402 -0.467102 -0.866019
    outer loop
      vertex -8.17811 3.35384 -1.17472
      vertex -9.03299 2.79742 -0.698498
      vertex -8.73868 3.56794 -1.17472
    endloop
  endfacet
  facet normal -0.308982 -0.80901 0.500034
    outer loop
      vertex -8.24309 3.1837 -1.49015
      vertex -8.73868 3.56794 -1.17472
      vertex -8.80367 3.3978 -1.49015
    endloop
  endfacet
  facet normal -0.308988 -0.809012 0.500026
    outer loop
      vertex -8.73868 3.56794 -1.17472
      vertex -8.24309 3.1837 -1.49015
      vertex -8.17811 3.35384 -1.17472
    endloop
  endfacet
  facet normal 0.178398 0.467101 0.86602
    outer loop
      vertex -8.80367 3.3978 -1.49015
      vertex -8.69921 1.98952 -0.752091
      vertex -8.24309 3.1837 -1.49015
    endloop
  endfacet
  facet normal 0.178395 0.467101 0.866021
    outer loop
      vertex -8.69921 1.98952 -0.752091
      vertex -8.80367 3.3978 -1.49015
      vertex -9.2598 2.20362 -0.752091
    endloop
  endfacet
  facet normal 0.319397 0.83628 -0.445669
    outer loop
      vertex -8.69921 1.98952 -0.752091
      vertex -9.03962 2.78007 0.487383
      vertex -8.47904 2.56597 0.487383
    endloop
  endfacet
  facet normal 0.319392 0.836281 -0.445671
    outer loop
      vertex -9.03962 2.78007 0.487383
      vertex -8.69921 1.98952 -0.752091
      vertex -9.2598 2.20362 -0.752091
    endloop
  endfacet
  facet normal -0.1784 -0.467105 -0.866018
    outer loop
      vertex -8.47904 2.56597 0.487383
      vertex -9.02828 2.80975 0.469039
      vertex -8.3315 2.95226 0.248636
    endloop
  endfacet
  facet normal -0.178395 -0.467094 -0.866024
    outer loop
      vertex -9.02828 2.80975 0.469039
      vertex -8.47904 2.56597 0.487383
      vertex -9.03962 2.78007 0.487383
    endloop
  endfacet
  facet normal -0.178401 -0.467102 -0.866019
    outer loop
      vertex -8.3315 2.95226 0.248636
      vertex -9.02828 2.80975 0.469039
      vertex -8.89207 3.16636 0.248636
    endloop
  endfacet
  facet normal -0.332731 -0.871177 -0.361027
    outer loop
      vertex -8.86764 3.23031 0.071806
      vertex -8.3315 2.95226 0.248636
      vertex -8.89207 3.16636 0.248636
    endloop
  endfacet
  facet normal -0.332731 -0.871177 -0.361027
    outer loop
      vertex -8.3315 2.95226 0.248636
      vertex -8.86764 3.23031 0.071806
      vertex -8.30707 3.01621 0.071806
    endloop
  endfacet
  facet normal -0.239139 -0.626124 -0.742146
    outer loop
      vertex -8.30707 3.01621 0.071806
      vertex -8.86379 3.2404 0.0620543
      vertex -8.25693 3.14748 -0.0550985
    endloop
  endfacet
  facet normal -0.239118 -0.626073 -0.742196
    outer loop
      vertex -8.86379 3.2404 0.0620543
      vertex -8.30707 3.01621 0.071806
      vertex -8.86764 3.23031 0.071806
    endloop
  endfacet
  facet normal -0.239139 -0.626129 -0.742142
    outer loop
      vertex -8.25693 3.14748 -0.0550985
      vertex -8.86379 3.2404 0.0620543
      vertex -8.8175 3.36158 -0.0550985
    endloop
  endfacet
  facet normal -0.122003 -0.319435 -0.939721
    outer loop
      vertex -8.25693 3.14748 -0.0550985
      vertex -8.8132 3.37283 -0.0594809
      vertex -8.20101 3.29389 -0.112127
    endloop
  endfacet
  facet normal -0.122002 -0.319434 -0.939722
    outer loop
      vertex -8.8132 3.37283 -0.0594809
      vertex -8.25693 3.14748 -0.0550985
      vertex -8.8175 3.36158 -0.0550985
    endloop
  endfacet
  facet normal -0.122003 -0.319435 -0.939721
    outer loop
      vertex -8.20101 3.29389 -0.112127
      vertex -8.8132 3.37283 -0.0594809
      vertex -8.76158 3.50799 -0.112127
    endloop
  endfacet
  facet normal 0.0321996 0.084308 -0.995919
    outer loop
      vertex -8.20101 3.29389 -0.112127
      vertex -8.75746 3.51877 -0.111081
      vertex -8.1474 3.43424 -0.0985126
    endloop
  endfacet
  facet normal 0.032207 0.0843263 -0.995918
    outer loop
      vertex -8.75746 3.51877 -0.111081
      vertex -8.20101 3.29389 -0.112127
      vertex -8.76158 3.50799 -0.112127
    endloop
  endfacet
  facet normal 0.0321993 0.0843063 -0.995919
    outer loop
      vertex -8.1474 3.43424 -0.0985126
      vertex -8.75746 3.51877 -0.111081
      vertex -8.70797 3.64834 -0.0985126
    endloop
  endfacet
  facet normal 0.180067 0.47146 -0.863308
    outer loop
      vertex -8.1474 3.43424 -0.0985126
      vertex -8.70428 3.65799 -0.0924734
      vertex -8.09944 3.55982 -0.0199289
    endloop
  endfacet
  facet normal 0.180057 0.471437 -0.863323
    outer loop
      vertex -8.70428 3.65799 -0.0924734
      vertex -8.1474 3.43424 -0.0985126
      vertex -8.70797 3.64834 -0.0985126
    endloop
  endfacet
  facet normal 0.180069 0.47148 -0.863297
    outer loop
      vertex -8.09944 3.55982 -0.0199289
      vertex -8.70428 3.65799 -0.0924734
      vertex -8.66 3.77391 -0.0199289
    endloop
  endfacet
  facet normal 0.279615 0.732124 -0.621136
    outer loop
      vertex -8.09944 3.55982 -0.0199289
      vertex -8.65701 3.78176 -0.00933157
      vertex -8.06045 3.66191 0.117955
    endloop
  endfacet
  facet normal 0.2796 0.732088 -0.621185
    outer loop
      vertex -8.65701 3.78176 -0.00933157
      vertex -8.09944 3.55982 -0.0199289
      vertex -8.66 3.77391 -0.0199289
    endloop
  endfacet
  facet normal 0.279615 0.732127 -0.621132
    outer loop
      vertex -8.06045 3.66191 0.117955
      vertex -8.65701 3.78176 -0.00933157
      vertex -8.62101 3.876 0.117955
    endloop
  endfacet
  facet normal 0.330811 0.866119 -0.374703
    outer loop
      vertex -8.06045 3.66191 0.117955
      vertex -8.59483 3.94454 0.299465
      vertex -8.03428 3.73044 0.299465
    endloop
  endfacet
  facet normal 0.330784 0.866104 -0.37476
    outer loop
      vertex -8.59483 3.94454 0.299465
      vertex -8.06045 3.66191 0.117955
      vertex -8.62101 3.876 0.117955
    endloop
  endfacet
  facet normal 0.356793 0.934178 -0.00306471
    outer loop
      vertex -8.03428 3.73044 0.299465
      vertex -8.59482 3.94457 0.312088
      vertex -8.0341 3.73091 0.463685
    endloop
  endfacet
  facet normal 0.356805 0.934176 -0.00250284
    outer loop
      vertex -8.59482 3.94457 0.312088
      vertex -8.03428 3.73044 0.299465
      vertex -8.59483 3.94454 0.299465
    endloop
  endfacet
  facet normal 0.356804 0.934174 -0.00311149
    outer loop
      vertex -8.0341 3.73091 0.463685
      vertex -8.59482 3.94457 0.312088
      vertex -8.59465 3.94501 0.463685
    endloop
  endfacet
  facet normal 0.322043 0.843163 0.43054
    outer loop
      vertex -8.59465 3.94501 0.463685
      vertex -8.05785 3.66872 0.603242
      vertex -8.0341 3.73091 0.463685
    endloop
  endfacet
  facet normal 0.322013 0.84314 0.430608
    outer loop
      vertex -8.05785 3.66872 0.603242
      vertex -8.59465 3.94501 0.463685
      vertex -8.61841 3.88281 0.603242
    endloop
  endfacet
  facet normal 0.229683 0.601388 0.765231
    outer loop
      vertex -8.62191 3.87363 0.611507
      vertex -8.05785 3.66872 0.603242
      vertex -8.61841 3.88281 0.603242
    endloop
  endfacet
  facet normal 0.229641 0.601267 0.765339
    outer loop
      vertex -8.05785 3.66872 0.603242
      vertex -8.62191 3.87363 0.611507
      vertex -8.10347 3.54928 0.710765
    endloop
  endfacet
  facet normal 0.229633 0.601258 0.765348
    outer loop
      vertex -8.62191 3.87363 0.611507
      vertex -8.66403 3.76337 0.710765
      vertex -8.10347 3.54928 0.710765
    endloop
  endfacet
  facet normal 0.136532 0.357488 0.923884
    outer loop
      vertex -8.66749 3.75431 0.714782
      vertex -8.10347 3.54928 0.710765
      vertex -8.66403 3.76337 0.710765
    endloop
  endfacet
  facet normal 0.136468 0.357308 0.923963
    outer loop
      vertex -8.10347 3.54928 0.710765
      vertex -8.66749 3.75431 0.714782
      vertex -8.14853 3.43133 0.763033
    endloop
  endfacet
  facet normal 0.136464 0.357303 0.923965
    outer loop
      vertex -8.66749 3.75431 0.714782
      vertex -8.70908 3.64542 0.763033
      vertex -8.14853 3.43133 0.763033
    endloop
  endfacet
  facet normal 0.0254112 0.066534 0.997461
    outer loop
      vertex -8.71243 3.63664 0.763704
      vertex -8.14853 3.43133 0.763033
      vertex -8.70908 3.64542 0.763033
    endloop
  endfacet
  facet normal 0.0254053 0.0665178 0.997462
    outer loop
      vertex -8.14853 3.43133 0.763033
      vertex -8.71243 3.63664 0.763704
      vertex -8.19215 3.31711 0.771761
    endloop
  endfacet
  facet normal 0.0254065 0.0665197 0.997462
    outer loop
      vertex -8.71243 3.63664 0.763704
      vertex -8.75271 3.53121 0.771761
      vertex -8.19215 3.31711 0.771761
    endloop
  endfacet
  facet normal -0.111891 -0.292954 0.949557
    outer loop
      vertex -8.75595 3.52273 0.768763
      vertex -8.19215 3.31711 0.771761
      vertex -8.75271 3.53121 0.771761
    endloop
  endfacet
  facet normal -0.111899 -0.292976 0.949549
    outer loop
      vertex -8.19215 3.31711 0.771761
      vertex -8.75595 3.52273 0.768763
      vertex -8.23428 3.2068 0.732761
    endloop
  endfacet
  facet normal -0.1119 -0.292977 0.949549
    outer loop
      vertex -8.75595 3.52273 0.768763
      vertex -8.79484 3.4209 0.732761
      vertex -8.23428 3.2068 0.732761
    endloop
  endfacet
  facet normal -0.222547 -0.582676 0.78164
    outer loop
      vertex -8.79484 3.4209 0.732761
      vertex -8.27487 3.10053 0.641985
      vertex -8.23428 3.2068 0.732761
    endloop
  endfacet
  facet normal -0.222547 -0.582676 0.78164
    outer loop
      vertex -8.27487 3.10053 0.641985
      vertex -8.79484 3.4209 0.732761
      vertex -8.83543 3.31463 0.641985
    endloop
  endfacet
  facet normal 0.202996 0.531488 0.822382
    outer loop
      vertex -8.84652 3.28562 0.663471
      vertex -8.27487 3.10053 0.641985
      vertex -8.83543 3.31463 0.641985
    endloop
  endfacet
  facet normal 0.203012 0.53154 0.822345
    outer loop
      vertex -8.27487 3.10053 0.641985
      vertex -8.84652 3.28562 0.663471
      vertex -8.41905 2.72306 0.921564
    endloop
  endfacet
  facet normal 0.203013 0.53154 0.822345
    outer loop
      vertex -8.84652 3.28562 0.663471
      vertex -8.97962 2.93716 0.921564
      vertex -8.41905 2.72306 0.921564
    endloop
  endfacet
  facet normal 0.234943 0.615157 -0.752584
    outer loop
      vertex -8.41905 2.72306 0.921564
      vertex -8.97355 2.95303 0.936435
      vertex -8.34014 2.92967 1.11508
    endloop
  endfacet
  facet normal 0.234984 0.61525 -0.752496
    outer loop
      vertex -8.97355 2.95303 0.936435
      vertex -8.41905 2.72306 0.921564
      vertex -8.97962 2.93716 0.921564
    endloop
  endfacet
  facet normal 0.234946 0.61514 -0.752597
    outer loop
      vertex -8.34014 2.92967 1.11508
      vertex -8.97355 2.95303 0.936435
      vertex -8.9007 3.14377 1.11508
    endloop
  endfacet
  facet normal 0.113652 0.297616 -0.947897
    outer loop
      vertex -8.34014 2.92967 1.11508
      vertex -8.89364 3.16225 1.12174
      vertex -8.24826 3.17021 1.20162
    endloop
  endfacet
  facet normal 0.113842 0.298062 -0.947734
    outer loop
      vertex -8.89364 3.16225 1.12174
      vertex -8.34014 2.92967 1.11508
      vertex -8.9007 3.14377 1.11508
    endloop
  endfacet
  facet normal 0.113654 0.297584 -0.947906
    outer loop
      vertex -8.24826 3.17021 1.20162
      vertex -8.89364 3.16225 1.12174
      vertex -8.80882 3.3843 1.20162
    endloop
  endfacet
  facet normal -0.0265757 -0.0696004 -0.997221
    outer loop
      vertex -8.24826 3.17021 1.20162
      vertex -8.80096 3.40489 1.19997
      vertex -8.14596 3.43805 1.1802
    endloop
  endfacet
  facet normal -0.0266368 -0.0697441 -0.997209
    outer loop
      vertex -8.80096 3.40489 1.19997
      vertex -8.24826 3.17021 1.20162
      vertex -8.80882 3.3843 1.20162
    endloop
  endfacet
  facet normal -0.0265767 -0.0695823 -0.997222
    outer loop
      vertex -8.14596 3.43805 1.1802
      vertex -8.80096 3.40489 1.19997
      vertex -8.70651 3.65215 1.1802
    endloop
  endfacet
  facet normal -0.138675 -0.363068 -0.921385
    outer loop
      vertex -8.14596 3.43805 1.1802
      vertex -8.5963 3.94068 1.04992
      vertex -8.03576 3.72658 1.04992
    endloop
  endfacet
  facet normal -0.138672 -0.363065 -0.921387
    outer loop
      vertex -8.5963 3.94068 1.04992
      vertex -8.14596 3.43805 1.1802
      vertex -8.70651 3.65215 1.1802
    endloop
  endfacet
  facet normal -0.222968 -0.583741 -0.780725
    outer loop
      vertex -8.03576 3.72658 1.04992
      vertex -8.58811 3.96214 1.03154
      vertex -7.92913 4.00574 0.810742
    endloop
  endfacet
  facet normal -0.22293 -0.583657 -0.780799
    outer loop
      vertex -8.58811 3.96214 1.03154
      vertex -8.03576 3.72658 1.04992
      vertex -8.5963 3.94068 1.04992
    endloop
  endfacet
  facet normal -0.222959 -0.583772 -0.780705
    outer loop
      vertex -7.92913 4.00574 0.810742
      vertex -8.58811 3.96214 1.03154
      vertex -8.48968 4.21983 0.810742
    endloop
  endfacet
  facet normal 0.577353 0.577341 0.577357
    outer loop
      vertex 5.55839 5.30065 4.44624
      vertex 5.27701 5.38365 4.64462
      vertex 5.58633 4.94546 4.77348
    endloop
  endfacet
  facet normal 0.57735 0.57735 0.57735
    outer loop
      vertex 5.62823 5.96527 3.71177
      vertex 5.22649 6.0239 4.05488
      vertex 5.38212 5.61644 4.30671
    endloop
  endfacet
  facet normal 0.577326 0.577379 0.577346
    outer loop
      vertex 5.22608 4.73877 5.34044
      vertex 4.9098 4.89275 5.50272
      vertex 4.97454 4.75585 5.57489
    endloop
  endfacet
  facet normal 0.577373 0.577308 0.57737
    outer loop
      vertex 5.29076 4.61784 5.39669
      vertex 5.16255 4.52005 5.62268
      vertex 5.27876 4.43152 5.59499
    endloop
  endfacet
  facet normal 0.577335 0.57735 0.577367
    outer loop
      vertex 5.22608 4.73877 5.34044
      vertex 5.16255 4.52005 5.62268
      vertex 5.29076 4.61784 5.39669
    endloop
  endfacet
  facet normal 0.57731 0.577367 0.577374
    outer loop
      vertex 5.16255 4.52005 5.62268
      vertex 5.22608 4.73877 5.34044
      vertex 5.05997 4.62988 5.61542
    endloop
  endfacet
  facet normal 0.57735 0.57735 0.57735
    outer loop
      vertex 5.30742 4.98533 5.01253
      vertex 5.0488 5.38035 4.87613
      vertex 4.90687 5.29123 5.10718
    endloop
  endfacet
  facet normal 0.57735 0.57735 0.57735
    outer loop
      vertex 5.22759 4.94156 5.13613
      vertex 4.90687 5.29123 5.10718
      vertex 4.85818 5.12562 5.32148
    endloop
  endfacet
  facet normal 0.57735 0.57735 0.57735
    outer loop
      vertex 5.0488 5.38035 4.87613
      vertex 5.30742 4.98533 5.01253
      vertex 5.27701 5.38365 4.64462
    endloop
  endfacet
  facet normal 0.57735 0.57735 0.57735
    outer loop
      vertex 4.90687 5.29123 5.10718
      vertex 5.22759 4.94156 5.13613
      vertex 5.30742 4.98533 5.01253
    endloop
  endfacet
  facet normal 0.577345 0.577338 0.577368
    outer loop
      vertex 5.20033 4.85784 5.24711
      vertex 4.85818 5.12562 5.32148
      vertex 4.9098 4.89275 5.50272
    endloop
  endfacet
  facet normal 0.57735 0.57735 0.57735
    outer loop
      vertex 4.85818 5.12562 5.32148
      vertex 5.20033 4.85784 5.24711
      vertex 5.22759 4.94156 5.13613
    endloop
  endfacet
  facet normal 0.577326 0.577385 0.57734
    outer loop
      vertex 5.20033 4.85784 5.24711
      vertex 4.9098 4.89275 5.50272
      vertex 5.22608 4.73877 5.34044
    endloop
  endfacet
  facet normal 0.57735 0.57735 0.57735
    outer loop
      vertex 6.01704 4.90824 4.38
      vertex 5.81447 4.77472 4.71609
      vertex 6.16582 4.62292 4.51654
    endloop
  endfacet
  facet normal 0.577361 0.577343 0.577347
    outer loop
      vertex 4.79223 4.5884 5.92465
      vertex 4.71178 4.32855 6.26495
      vertex 5.07882 4.1397 6.08675
    endloop
  endfacet
  facet normal 0.57735 0.57735 0.57735
    outer loop
      vertex 4.79223 4.5884 5.92465
      vertex 4.63933 4.71273 5.95322
      vertex 4.71178 4.32855 6.26495
    endloop
  endfacet
  facet normal 0.577358 0.577368 0.577325
    outer loop
      vertex 4.53513 5.00668 5.76346
      vertex 4.19194 5.13348 5.97986
      vertex 4.5478 4.86039 5.89709
    endloop
  endfacet
  facet normal 0.57735 0.57735 0.57735
    outer loop
      vertex 4.4479 5.45406 5.40332
      vertex 4.2892 5.39985 5.61623
      vertex 4.63933 5.07335 5.5926
    endloop
  endfacet
  facet normal 0.57734 0.577338 0.577373
    outer loop
      vertex 4.63933 5.07335 5.5926
      vertex 4.2892 5.39985 5.61623
      vertex 4.53513 5.00668 5.76346
    endloop
  endfacet
  facet normal 0.577342 0.577338 0.57737
    outer loop
      vertex 4.2892 5.39985 5.61623
      vertex 4.20408 5.29461 5.80658
      vertex 4.53513 5.00668 5.76346
    endloop
  endfacet
  facet normal 0.577359 0.577363 0.577329
    outer loop
      vertex 4.20408 5.29461 5.80658
      vertex 4.19194 5.13348 5.97986
      vertex 4.53513 5.00668 5.76346
    endloop
  endfacet
  facet normal 0.57735 0.57735 0.57735
    outer loop
      vertex 4.25216 4.91152 6.1416
      vertex 4.5478 4.86039 5.89709
      vertex 4.19194 5.13348 5.97986
    endloop
  endfacet
  facet normal 0.57735 0.57735 0.57735
    outer loop
      vertex 4.25216 4.91152 6.1416
      vertex 4.63933 4.71273 5.95322
      vertex 4.5478 4.86039 5.89709
    endloop
  endfacet
  facet normal 0.57735 0.57735 0.57735
    outer loop
      vertex 4.63933 4.71273 5.95322
      vertex 4.25216 4.91152 6.1416
      vertex 4.43492 4.58813 6.28223
    endloop
  endfacet
  facet normal 0.57735 0.57735 0.57735
    outer loop
      vertex 4.63933 4.71273 5.95322
      vertex 4.43492 4.58813 6.28223
      vertex 4.71178 4.32855 6.26495
    endloop
  endfacet
  facet normal 0.577351 0.577341 0.577359
    outer loop
      vertex 5.00565 4.49285 5.80678
      vertex 4.79223 4.5884 5.92465
      vertex 5.07882 4.1397 6.08675
    endloop
  endfacet
  facet normal 0.577345 0.577343 0.577363
    outer loop
      vertex 5.53221 4.02845 5.74462
      vertex 5.00565 4.49285 5.80678
      vertex 5.07882 4.1397 6.08675
    endloop
  endfacet
  facet normal 0.577358 0.577362 0.57733
    outer loop
      vertex 5.53221 4.02845 5.74462
      vertex 5.27876 4.43152 5.59499
      vertex 5.00565 4.49285 5.80678
    endloop
  endfacet
  facet normal 0.57734 0.577355 0.577356
    outer loop
      vertex 5.49835 4.44476 5.36217
      vertex 5.53221 4.02845 5.74462
      vertex 5.91055 4.01766 5.37708
    endloop
  endfacet
  facet normal 0.577334 0.577358 0.57736
    outer loop
      vertex 5.53221 4.02845 5.74462
      vertex 5.49835 4.44476 5.36217
      vertex 5.27876 4.43152 5.59499
    endloop
  endfacet
  facet normal 0.57737 0.577381 0.577299
    outer loop
      vertex 5.91055 4.01766 5.37708
      vertex 5.6223 4.40803 5.27494
      vertex 5.49835 4.44476 5.36217
    endloop
  endfacet
  facet normal 0.577323 0.577363 0.577364
    outer loop
      vertex 5.91055 4.01766 5.37708
      vertex 5.76243 4.40705 5.1358
      vertex 5.6223 4.40803 5.27494
    endloop
  endfacet
  facet normal 0.577354 0.577359 0.577338
    outer loop
      vertex 5.76243 4.40705 5.1358
      vertex 5.91055 4.01766 5.37708
      vertex 6.14195 4.11719 5.04614
    endloop
  endfacet
  facet normal 0.57735 0.57735 0.57735
    outer loop
      vertex 5.90193 4.53513 4.86822
      vertex 5.85883 4.45139 4.99506
      vertex 6.22689 4.32096 4.75743
    endloop
  endfacet
  facet normal 0.57735 0.57735 0.57735
    outer loop
      vertex 6.22689 4.32096 4.75743
      vertex 5.8822 4.65234 4.77074
      vertex 5.90193 4.53513 4.86822
    endloop
  endfacet
  facet normal 0.57735 0.57735 0.57735
    outer loop
      vertex 5.8822 4.65234 4.77074
      vertex 6.22689 4.32096 4.75743
      vertex 6.16582 4.62292 4.51654
    endloop
  endfacet
  facet normal 0.577321 0.577381 0.577349
    outer loop
      vertex 5.80981 5.13816 4.3573
      vertex 5.58633 4.94546 4.77348
      vertex 5.7136 4.87397 4.71771
    endloop
  endfacet
  facet normal 0.57735 0.57735 0.57735
    outer loop
      vertex 5.85883 4.45139 4.99506
      vertex 5.76243 4.40705 5.1358
      vertex 6.14195 4.11719 5.04614
    endloop
  endfacet
  facet normal 0.57735 0.57735 0.57735
    outer loop
      vertex 6.22689 4.32096 4.75743
      vertex 5.85883 4.45139 4.99506
      vertex 6.14195 4.11719 5.04614
    endloop
  endfacet
  facet normal 0.577368 0.577311 0.577372
    outer loop
      vertex 5.29076 4.61784 5.39669
      vertex 5.27876 4.43152 5.59499
      vertex 5.38468 4.51725 5.40335
    endloop
  endfacet
  facet normal 0.577347 0.577333 0.577371
    outer loop
      vertex 5.38468 4.51725 5.40335
      vertex 5.27876 4.43152 5.59499
      vertex 5.49835 4.44476 5.36217
    endloop
  endfacet
  facet normal 0.577354 0.577316 0.577381
    outer loop
      vertex 5.22608 4.73877 5.34044
      vertex 4.97454 4.75585 5.57489
      vertex 5.05997 4.62988 5.61542
    endloop
  endfacet
  facet normal 0.57735 0.57735 0.57735
    outer loop
      vertex 5.4394 4.98454 4.88134
      vertex 5.27701 5.38365 4.64462
      vertex 5.30742 4.98533 5.01253
    endloop
  endfacet
  facet normal 0.577374 0.577348 0.57733
    outer loop
      vertex 5.58633 4.94546 4.77348
      vertex 5.27701 5.38365 4.64462
      vertex 5.4394 4.98454 4.88134
    endloop
  endfacet
  facet normal 0.577364 0.577336 0.577351
    outer loop
      vertex 5.80981 5.13816 4.3573
      vertex 5.55839 5.30065 4.44624
      vertex 5.58633 4.94546 4.77348
    endloop
  endfacet
  facet normal 0.577341 0.577366 0.577344
    outer loop
      vertex 5.80981 5.13816 4.3573
      vertex 5.7136 4.87397 4.71771
      vertex 6.01704 4.90824 4.38
    endloop
  endfacet
  facet normal 0.57735 0.57735 0.57735
    outer loop
      vertex 6.16582 4.62292 4.51654
      vertex 5.81447 4.77472 4.71609
      vertex 5.8822 4.65234 4.77074
    endloop
  endfacet
  facet normal 0.57735 0.57735 0.57735
    outer loop
      vertex 6.01704 4.90824 4.38
      vertex 5.7136 4.87397 4.71771
      vertex 5.81447 4.77472 4.71609
    endloop
  endfacet
  facet normal 0.57735 0.57735 0.57735
    outer loop
      vertex 5.62823 5.96527 3.71177
      vertex 5.38212 5.61644 4.30671
      vertex 5.78386 5.55781 3.9636
    endloop
  endfacet
  facet normal -0.470007 -0.343208 0.813205
    outer loop
      vertex 6.34749 5.27235 4.72466
      vertex 6.01704 4.90824 4.38
      vertex 6.36345 5.25464 4.72641
    endloop
  endfacet
  facet normal -0.469941 -0.343276 0.813214
    outer loop
      vertex 6.01704 4.90824 4.38
      vertex 6.34749 5.27235 4.72466
      vertex 5.80981 5.13816 4.3573
    endloop
  endfacet
  facet normal -0.469943 -0.343272 0.813215
    outer loop
      vertex 6.15622 5.48457 4.70371
      vertex 5.80981 5.13816 4.3573
      vertex 6.34749 5.27235 4.72466
    endloop
  endfacet
  facet normal -0.135976 -0.629244 0.76522
    outer loop
      vertex 5.9048 5.64706 4.79265
      vertex 5.80981 5.13816 4.3573
      vertex 6.15622 5.48457 4.70371
    endloop
  endfacet
  facet normal -0.135976 -0.629244 0.76522
    outer loop
      vertex 5.80981 5.13816 4.3573
      vertex 5.9048 5.64706 4.79265
      vertex 5.55839 5.30065 4.44624
    endloop
  endfacet
  facet normal 0.188102 -0.782135 0.594039
    outer loop
      vertex 5.55839 5.30065 4.44624
      vertex 5.62341 5.73006 4.99103
      vertex 5.27701 5.38365 4.64462
    endloop
  endfacet
  facet normal 0.188096 -0.782136 0.59404
    outer loop
      vertex 5.62341 5.73006 4.99103
      vertex 5.55839 5.30065 4.44624
      vertex 5.9048 5.64706 4.79265
    endloop
  endfacet
  facet normal 0.417026 -0.816441 0.399391
    outer loop
      vertex 5.0488 5.38035 4.87613
      vertex 5.62341 5.73006 4.99103
      vertex 5.39521 5.72675 5.22254
    endloop
  endfacet
  facet normal 0.417012 -0.816429 0.39943
    outer loop
      vertex 5.62341 5.73006 4.99103
      vertex 5.0488 5.38035 4.87613
      vertex 5.27701 5.38365 4.64462
    endloop
  endfacet
  facet normal 0.647605 -0.754448 0.106846
    outer loop
      vertex 4.90687 5.29123 5.10718
      vertex 5.39521 5.72675 5.22254
      vertex 5.25328 5.63764 5.45358
    endloop
  endfacet
  facet normal 0.647612 -0.754447 0.106813
    outer loop
      vertex 5.39521 5.72675 5.22254
      vertex 4.90687 5.29123 5.10718
      vertex 5.0488 5.38035 4.87613
    endloop
  endfacet
  facet normal 0.79709 -0.551781 -0.245325
    outer loop
      vertex 4.85818 5.12562 5.32148
      vertex 5.25328 5.63764 5.45358
      vertex 5.20459 5.47202 5.66789
    endloop
  endfacet
  facet normal 0.797091 -0.551785 -0.245314
    outer loop
      vertex 5.25328 5.63764 5.45358
      vertex 4.85818 5.12562 5.32148
      vertex 4.90687 5.29123 5.10718
    endloop
  endfacet
  facet normal 0.798103 -0.249822 -0.548288
    outer loop
      vertex 5.25621 5.23916 5.84913
      vertex 4.85818 5.12562 5.32148
      vertex 5.20459 5.47202 5.66789
    endloop
  endfacet
  facet normal 0.798104 -0.249814 -0.548291
    outer loop
      vertex 4.85818 5.12562 5.32148
      vertex 5.25621 5.23916 5.84913
      vertex 4.9098 4.89275 5.50272
    endloop
  endfacet
  facet normal 0.719499 -0.0254729 -0.694026
    outer loop
      vertex 5.2612 5.22862 5.85469
      vertex 4.9098 4.89275 5.50272
      vertex 5.25621 5.23916 5.84913
    endloop
  endfacet
  facet normal 0.719544 -0.025573 -0.693976
    outer loop
      vertex 4.9098 4.89275 5.50272
      vertex 5.2612 5.22862 5.85469
      vertex 4.97454 4.75585 5.57489
    endloop
  endfacet
  facet normal 0.719549 -0.0255786 -0.693971
    outer loop
      vertex 5.32095 5.10225 5.9213
      vertex 4.97454 4.75585 5.57489
      vertex 5.2612 5.22862 5.85469
    endloop
  endfacet
  facet normal 0.610303 0.16458 -0.774883
    outer loop
      vertex 4.97454 4.75585 5.57489
      vertex 5.32753 5.09255 5.92442
      vertex 5.05997 4.62988 5.61542
    endloop
  endfacet
  facet normal 0.610227 0.164696 -0.774918
    outer loop
      vertex 5.32753 5.09255 5.92442
      vertex 4.97454 4.75585 5.57489
      vertex 5.32095 5.10225 5.9213
    endloop
  endfacet
  facet normal 0.610303 0.16458 -0.774883
    outer loop
      vertex 5.40638 4.97629 5.96183
      vertex 5.05997 4.62988 5.61542
      vertex 5.32753 5.09255 5.92442
    endloop
  endfacet
  facet normal 0.449308 0.365771 -0.815067
    outer loop
      vertex 5.05997 4.62988 5.61542
      vertex 5.50895 4.86646 5.96909
      vertex 5.16255 4.52005 5.62268
    endloop
  endfacet
  facet normal 0.449324 0.365745 -0.815069
    outer loop
      vertex 5.50895 4.86646 5.96909
      vertex 5.05997 4.62988 5.61542
      vertex 5.40638 4.97629 5.96183
    endloop
  endfacet
  facet normal 0.236222 0.558756 -0.794978
    outer loop
      vertex 5.27876 4.43152 5.59499
      vertex 5.50895 4.86646 5.96909
      vertex 5.62517 4.77793 5.9414
    endloop
  endfacet
  facet normal 0.236237 0.558749 -0.794979
    outer loop
      vertex 5.50895 4.86646 5.96909
      vertex 5.27876 4.43152 5.59499
      vertex 5.16255 4.52005 5.62268
    endloop
  endfacet
  facet normal 0.247483 -0.797584 0.550101
    outer loop
      vertex 5.27876 4.43152 5.59499
      vertex 5.35206 4.83926 6.15319
      vertex 5.00565 4.49285 5.80678
    endloop
  endfacet
  facet normal 0.247483 -0.797584 0.550101
    outer loop
      vertex 5.35206 4.83926 6.15319
      vertex 5.27876 4.43152 5.59499
      vertex 5.62517 4.77793 5.9414
    endloop
  endfacet
  facet normal 0.049211 -0.730427 0.681216
    outer loop
      vertex 5.00565 4.49285 5.80678
      vertex 5.13864 4.93481 6.27106
      vertex 4.79223 4.5884 5.92465
    endloop
  endfacet
  facet normal 0.049211 -0.730427 0.681216
    outer loop
      vertex 5.13864 4.93481 6.27106
      vertex 5.00565 4.49285 5.80678
      vertex 5.35206 4.83926 6.15319
    endloop
  endfacet
  facet normal -0.277613 -0.526174 0.803786
    outer loop
      vertex 4.98573 5.05913 6.29963
      vertex 4.79223 4.5884 5.92465
      vertex 5.13864 4.93481 6.27106
    endloop
  endfacet
  facet normal -0.277651 -0.526156 0.803784
    outer loop
      vertex 4.79223 4.5884 5.92465
      vertex 4.98573 5.05913 6.29963
      vertex 4.63933 4.71273 5.95322
    endloop
  endfacet
  facet normal -0.644465 -0.111948 0.756395
    outer loop
      vertex 4.5478 4.86039 5.89709
      vertex 4.98573 5.05913 6.29963
      vertex 4.8942 5.2068 6.2435
    endloop
  endfacet
  facet normal -0.644463 -0.111954 0.756395
    outer loop
      vertex 4.98573 5.05913 6.29963
      vertex 4.5478 4.86039 5.89709
      vertex 4.63933 4.71273 5.95322
    endloop
  endfacet
  facet normal -0.814003 0.351779 0.462224
    outer loop
      vertex 4.53513 5.00668 5.76346
      vertex 4.8942 5.2068 6.2435
      vertex 4.88154 5.35309 6.10987
    endloop
  endfacet
  facet normal -0.814008 0.351741 0.462244
    outer loop
      vertex 4.8942 5.2068 6.2435
      vertex 4.53513 5.00668 5.76346
      vertex 4.5478 4.86039 5.89709
    endloop
  endfacet
  facet normal -0.650131 0.752848 -0.102717
    outer loop
      vertex 4.98574 5.41976 5.939
      vertex 4.53513 5.00668 5.76346
      vertex 4.88154 5.35309 6.10987
    endloop
  endfacet
  facet normal -0.650129 0.752848 -0.102722
    outer loop
      vertex 4.53513 5.00668 5.76346
      vertex 4.98574 5.41976 5.939
      vertex 4.63933 5.07335 5.5926
    endloop
  endfacet
  facet normal -0.705729 -0.00272673 0.708476
    outer loop
      vertex 4.971 5.44908 5.92443
      vertex 4.63933 5.07335 5.5926
      vertex 4.98574 5.41976 5.939
    endloop
  endfacet
  facet normal -0.705768 -0.00265837 0.708438
    outer loop
      vertex 4.63933 5.07335 5.5926
      vertex 4.971 5.44908 5.92443
      vertex 4.4479 5.45406 5.40332
    endloop
  endfacet
  facet normal -0.705768 -0.00266958 0.708438
    outer loop
      vertex 4.7943 5.80047 5.74972
      vertex 4.4479 5.45406 5.40332
      vertex 4.971 5.44908 5.92443
    endloop
  endfacet
  facet normal 0.569039 -0.791609 0.222598
    outer loop
      vertex 4.4479 5.45406 5.40332
      vertex 4.78208 5.7963 5.76612
      vertex 4.2892 5.39985 5.61623
    endloop
  endfacet
  facet normal 0.56898 -0.79163 0.222673
    outer loop
      vertex 4.78208 5.7963 5.76612
      vertex 4.4479 5.45406 5.40332
      vertex 4.7943 5.80047 5.74972
    endloop
  endfacet
  facet normal 0.569045 -0.791609 0.222581
    outer loop
      vertex 4.6356 5.74626 5.96264
      vertex 4.2892 5.39985 5.61623
      vertex 4.78208 5.7963 5.76612
    endloop
  endfacet
  facet normal 0.730672 -0.680913 -0.0497596
    outer loop
      vertex 4.20408 5.29461 5.80658
      vertex 4.6356 5.74626 5.96264
      vertex 4.55049 5.64102 6.15299
    endloop
  endfacet
  facet normal 0.730668 -0.68092 -0.049727
    outer loop
      vertex 4.6356 5.74626 5.96264
      vertex 4.20408 5.29461 5.80658
      vertex 4.2892 5.39985 5.61623
    endloop
  endfacet
  facet normal 0.814889 -0.451836 -0.363042
    outer loop
      vertex 4.19194 5.13348 5.97986
      vertex 4.55049 5.64102 6.15299
      vertex 4.53834 5.47988 6.32627
    endloop
  endfacet
  facet normal 0.814886 -0.451829 -0.363057
    outer loop
      vertex 4.55049 5.64102 6.15299
      vertex 4.19194 5.13348 5.97986
      vertex 4.20408 5.29461 5.80658
    endloop
  endfacet
  facet normal 0.787905 -0.208443 -0.579445
    outer loop
      vertex 4.59857 5.25793 6.48801
      vertex 4.19194 5.13348 5.97986
      vertex 4.53834 5.47988 6.32627
    endloop
  endfacet
  facet normal 0.787904 -0.208465 -0.579439
    outer loop
      vertex 4.19194 5.13348 5.97986
      vertex 4.59857 5.25793 6.48801
      vertex 4.25216 4.91152 6.1416
    endloop
  endfacet
  facet normal 0.674496 0.0612404 -0.735734
    outer loop
      vertex 4.25216 4.91152 6.1416
      vertex 4.78133 4.93453 6.62864
      vertex 4.43492 4.58813 6.28223
    endloop
  endfacet
  facet normal 0.674496 0.0612385 -0.735734
    outer loop
      vertex 4.78133 4.93453 6.62864
      vertex 4.25216 4.91152 6.1416
      vertex 4.59857 5.25793 6.48801
    endloop
  endfacet
  facet normal 0.368226 0.44701 -0.815225
    outer loop
      vertex 4.71178 4.32855 6.26495
      vertex 4.78133 4.93453 6.62864
      vertex 5.05818 4.67496 6.61136
    endloop
  endfacet
  facet normal 0.368228 0.447009 -0.815224
    outer loop
      vertex 4.78133 4.93453 6.62864
      vertex 4.71178 4.32855 6.26495
      vertex 4.43492 4.58813 6.28223
    endloop
  endfacet
  facet normal 0.0136759 0.70017 -0.713846
    outer loop
      vertex 5.07882 4.1397 6.08675
      vertex 5.05818 4.67496 6.61136
      vertex 5.42523 4.48611 6.43316
    endloop
  endfacet
  facet normal 0.0136763 0.70017 -0.713846
    outer loop
      vertex 5.05818 4.67496 6.61136
      vertex 5.07882 4.1397 6.08675
      vertex 4.71178 4.32855 6.26495
    endloop
  endfacet
  facet normal -0.230289 0.793553 -0.563241
    outer loop
      vertex 5.53221 4.02845 5.74462
      vertex 5.42523 4.48611 6.43316
      vertex 5.87862 4.37485 6.09103
    endloop
  endfacet
  facet normal -0.230308 0.793548 -0.56324
    outer loop
      vertex 5.42523 4.48611 6.43316
      vertex 5.53221 4.02845 5.74462
      vertex 5.07882 4.1397 6.08675
    endloop
  endfacet
  facet normal -0.390414 0.816241 -0.425827
    outer loop
      vertex 5.91055 4.01766 5.37708
      vertex 5.87862 4.37485 6.09103
      vertex 6.25695 4.36406 5.72348
    endloop
  endfacet
  facet normal -0.390395 0.816248 -0.425829
    outer loop
      vertex 5.87862 4.37485 6.09103
      vertex 5.91055 4.01766 5.37708
      vertex 5.53221 4.02845 5.74462
    endloop
  endfacet
  facet normal -0.597565 0.780641 -0.183076
    outer loop
      vertex 6.48836 4.46359 5.39255
      vertex 5.91055 4.01766 5.37708
      vertex 6.25695 4.36406 5.72348
    endloop
  endfacet
  facet normal -0.597568 0.780644 -0.183053
    outer loop
      vertex 5.91055 4.01766 5.37708
      vertex 6.48836 4.46359 5.39255
      vertex 6.14195 4.11719 5.04614
    endloop
  endfacet
  facet normal -0.782328 0.593571 0.188774
    outer loop
      vertex 6.14195 4.11719 5.04614
      vertex 6.5733 4.66736 5.10384
      vertex 6.22689 4.32096 4.75743
    endloop
  endfacet
  facet normal -0.782328 0.593571 0.188774
    outer loop
      vertex 6.5733 4.66736 5.10384
      vertex 6.14195 4.11719 5.04614
      vertex 6.48836 4.46359 5.39255
    endloop
  endfacet
  facet normal -0.801422 0.265476 0.535954
    outer loop
      vertex 6.16582 4.62292 4.51654
      vertex 6.5733 4.66736 5.10384
      vertex 6.51223 4.96932 4.86295
    endloop
  endfacet
  facet normal -0.801422 0.265476 0.535954
    outer loop
      vertex 6.5733 4.66736 5.10384
      vertex 6.16582 4.62292 4.51654
      vertex 6.22689 4.32096 4.75743
    endloop
  endfacet
  facet normal -0.696815 -0.0201542 0.716968
    outer loop
      vertex 6.50077 4.9913 4.85243
      vertex 6.16582 4.62292 4.51654
      vertex 6.51223 4.96932 4.86295
    endloop
  endfacet
  facet normal -0.69678 -0.0202149 0.717
    outer loop
      vertex 6.16582 4.62292 4.51654
      vertex 6.50077 4.9913 4.85243
      vertex 6.01704 4.90824 4.38
    endloop
  endfacet
  facet normal -0.696779 -0.0202221 0.717001
    outer loop
      vertex 6.36345 5.25464 4.72641
      vertex 6.01704 4.90824 4.38
      vertex 6.50077 4.9913 4.85243
    endloop
  endfacet
  facet normal 0.769569 -0.621052 -0.148521
    outer loop
      vertex 5.85883 4.45139 4.99506
      vertex 6.24834 4.88154 5.21462
      vertex 6.20524 4.7978 5.34146
    endloop
  endfacet
  facet normal 0.769569 -0.621052 -0.148521
    outer loop
      vertex 6.24834 4.88154 5.21462
      vertex 5.85883 4.45139 4.99506
      vertex 5.90193 4.53513 4.86822
    endloop
  endfacet
  facet normal 0.606241 -0.776777 0.170554
    outer loop
      vertex 5.76243 4.40705 5.1358
      vertex 6.20524 4.7978 5.34146
      vertex 6.10883 4.75346 5.48221
    endloop
  endfacet
  facet normal 0.606251 -0.776775 0.17053
    outer loop
      vertex 6.20524 4.7978 5.34146
      vertex 5.76243 4.40705 5.1358
      vertex 5.85883 4.45139 4.99506
    endloop
  endfacet
  facet normal 0.403943 -0.816481 0.412539
    outer loop
      vertex 5.6223 4.40803 5.27494
      vertex 6.10883 4.75346 5.48221
      vertex 5.96871 4.75444 5.62135
    endloop
  endfacet
  facet normal 0.403932 -0.816478 0.412557
    outer loop
      vertex 6.10883 4.75346 5.48221
      vertex 5.6223 4.40803 5.27494
      vertex 5.76243 4.40705 5.1358
    endloop
  endfacet
  facet normal 0.186959 -0.781792 0.59485
    outer loop
      vertex 5.6223 4.40803 5.27494
      vertex 5.84476 4.79117 5.70857
      vertex 5.49835 4.44476 5.36217
    endloop
  endfacet
  facet normal 0.187064 -0.781802 0.594805
    outer loop
      vertex 5.84476 4.79117 5.70857
      vertex 5.6223 4.40803 5.27494
      vertex 5.8543 4.78834 5.70185
    endloop
  endfacet
  facet normal 0.186913 -0.781786 0.594873
    outer loop
      vertex 5.8543 4.78834 5.70185
      vertex 5.6223 4.40803 5.27494
      vertex 5.96871 4.75444 5.62135
    endloop
  endfacet
  facet normal -0.128108 -0.634256 0.762435
    outer loop
      vertex 5.73108 4.86366 5.74975
      vertex 5.49835 4.44476 5.36217
      vertex 5.73984 4.85808 5.74658
    endloop
  endfacet
  facet normal -0.128229 -0.634208 0.762455
    outer loop
      vertex 5.49835 4.44476 5.36217
      vertex 5.73108 4.86366 5.74975
      vertex 5.38468 4.51725 5.40335
    endloop
  endfacet
  facet normal -0.128229 -0.634206 0.762457
    outer loop
      vertex 5.73984 4.85808 5.74658
      vertex 5.49835 4.44476 5.36217
      vertex 5.84476 4.79117 5.70857
    endloop
  endfacet
  facet normal -0.449427 -0.365635 0.815062
    outer loop
      vertex 5.29076 4.61784 5.39669
      vertex 5.6444 4.9565 5.74361
      vertex 5.63716 4.96424 5.74309
    endloop
  endfacet
  facet normal -0.449414 -0.365649 0.815063
    outer loop
      vertex 5.6444 4.9565 5.74361
      vertex 5.29076 4.61784 5.39669
      vertex 5.38468 4.51725 5.40335
    endloop
  endfacet
  facet normal -0.44939 -0.365668 0.815068
    outer loop
      vertex 5.6444 4.9565 5.74361
      vertex 5.38468 4.51725 5.40335
      vertex 5.73108 4.86366 5.74975
    endloop
  endfacet
  facet normal -0.690117 -0.0328349 0.722952
    outer loop
      vertex 5.22608 4.73877 5.34044
      vertex 5.63716 4.96424 5.74309
      vertex 5.57248 5.08517 5.68684
    endloop
  endfacet
  facet normal -0.690117 -0.0328349 0.722952
    outer loop
      vertex 5.63716 4.96424 5.74309
      vertex 5.22608 4.73877 5.34044
      vertex 5.29076 4.61784 5.39669
    endloop
  endfacet
  facet normal -0.799073 0.254196 0.544854
    outer loop
      vertex 5.20033 4.85784 5.24711
      vertex 5.57248 5.08517 5.68684
      vertex 5.54673 5.20425 5.59352
    endloop
  endfacet
  facet normal -0.799074 0.254244 0.54483
    outer loop
      vertex 5.57248 5.08517 5.68684
      vertex 5.20033 4.85784 5.24711
      vertex 5.22608 4.73877 5.34044
    endloop
  endfacet
  facet normal -0.793495 0.563398 0.230104
    outer loop
      vertex 5.20033 4.85784 5.24711
      vertex 5.574 5.28797 5.48253
      vertex 5.22759 4.94156 5.13613
    endloop
  endfacet
  facet normal -0.793491 0.563431 0.230038
    outer loop
      vertex 5.574 5.28797 5.48253
      vertex 5.20033 4.85784 5.24711
      vertex 5.54673 5.20425 5.59352
    endloop
  endfacet
  facet normal -0.629445 0.76511 -0.135669
    outer loop
      vertex 5.65383 5.33173 5.35894
      vertex 5.22759 4.94156 5.13613
      vertex 5.574 5.28797 5.48253
    endloop
  endfacet
  facet normal -0.629467 0.765102 -0.135613
    outer loop
      vertex 5.22759 4.94156 5.13613
      vertex 5.65383 5.33173 5.35894
      vertex 5.30742 4.98533 5.01253
    endloop
  endfacet
  facet normal -0.404623 0.816482 -0.41187
    outer loop
      vertex 5.4394 4.98454 4.88134
      vertex 5.77564 5.33101 5.23785
      vertex 5.78581 5.33095 5.22774
    endloop
  endfacet
  facet normal -0.404569 0.816483 -0.411922
    outer loop
      vertex 5.77564 5.33101 5.23785
      vertex 5.4394 4.98454 4.88134
      vertex 5.30742 4.98533 5.01253
    endloop
  endfacet
  facet normal -0.404605 0.816494 -0.411865
    outer loop
      vertex 5.77564 5.33101 5.23785
      vertex 5.30742 4.98533 5.01253
      vertex 5.65383 5.33173 5.35894
    endloop
  endfacet
  facet normal -0.213064 0.789139 -0.576076
    outer loop
      vertex 5.58633 4.94546 4.77348
      vertex 5.92142 5.29488 5.1282
      vertex 5.93274 5.29187 5.11989
    endloop
  endfacet
  facet normal -0.213023 0.789129 -0.576104
    outer loop
      vertex 5.92142 5.29488 5.1282
      vertex 5.58633 4.94546 4.77348
      vertex 5.4394 4.98454 4.88134
    endloop
  endfacet
  facet normal -0.212999 0.789115 -0.576132
    outer loop
      vertex 5.92142 5.29488 5.1282
      vertex 5.4394 4.98454 4.88134
      vertex 5.78581 5.33095 5.22774
    endloop
  endfacet
  facet normal 0.0580769 0.676278 -0.734353
    outer loop
      vertex 5.7136 4.87397 4.71771
      vertex 6.0502 5.22588 5.06841
      vertex 6.06 5.22038 5.06412
    endloop
  endfacet
  facet normal 0.0580811 0.676276 -0.734355
    outer loop
      vertex 6.0502 5.22588 5.06841
      vertex 5.7136 4.87397 4.71771
      vertex 5.58633 4.94546 4.77348
    endloop
  endfacet
  facet normal 0.0580841 0.676273 -0.734357
    outer loop
      vertex 6.0502 5.22588 5.06841
      vertex 5.58633 4.94546 4.77348
      vertex 5.93274 5.29187 5.11989
    endloop
  endfacet
  facet normal 0.3983 0.418125 -0.816412
    outer loop
      vertex 5.81447 4.77472 4.71609
      vertex 6.06 5.22038 5.06412
      vertex 6.16088 5.12112 5.0625
    endloop
  endfacet
  facet normal 0.398298 0.418126 -0.816413
    outer loop
      vertex 6.06 5.22038 5.06412
      vertex 5.81447 4.77472 4.71609
      vertex 5.7136 4.87397 4.71771
    endloop
  endfacet
  facet normal 0.680627 0.0502952 -0.730901
    outer loop
      vertex 5.81447 4.77472 4.71609
      vertex 6.2286 4.99874 5.11715
      vertex 5.8822 4.65234 4.77074
    endloop
  endfacet
  facet normal 0.680768 0.0498548 -0.730801
    outer loop
      vertex 6.2286 4.99874 5.11715
      vertex 5.81447 4.77472 4.71609
      vertex 6.22339 5.00817 5.11294
    endloop
  endfacet
  facet normal 0.680626 0.0502798 -0.730904
    outer loop
      vertex 6.22339 5.00817 5.11294
      vertex 5.81447 4.77472 4.71609
      vertex 6.16088 5.12112 5.0625
    endloop
  endfacet
  facet normal 0.806342 -0.291962 -0.514365
    outer loop
      vertex 6.24834 4.88154 5.21462
      vertex 5.8822 4.65234 4.77074
      vertex 6.2286 4.99874 5.11715
    endloop
  endfacet
  facet normal 0.80634 -0.292023 -0.514332
    outer loop
      vertex 5.8822 4.65234 4.77074
      vertex 6.24834 4.88154 5.21462
      vertex 5.90193 4.53513 4.86822
    endloop
  endfacet
  facet normal 0.755766 -0.110277 -0.645489
    outer loop
      vertex 5.72853 5.96285 4.65312
      vertex 5.22649 6.0239 4.05488
      vertex 5.5729 6.37031 4.40129
    endloop
  endfacet
  facet normal 0.755766 -0.110277 -0.645489
    outer loop
      vertex 5.22649 6.0239 4.05488
      vertex 5.72853 5.96285 4.65312
      vertex 5.38212 5.61644 4.30671
    endloop
  endfacet
  facet normal -0.308985 0.809012 -0.500027
    outer loop
      vertex 5.78386 5.55781 3.9636
      vertex 5.72853 5.96285 4.65312
      vertex 6.13027 5.90422 4.31001
    endloop
  endfacet
  facet normal -0.308985 0.809012 -0.500027
    outer loop
      vertex 5.72853 5.96285 4.65312
      vertex 5.78386 5.55781 3.9636
      vertex 5.38212 5.61644 4.30671
    endloop
  endfacet
  facet normal -0.755766 0.110277 0.645489
    outer loop
      vertex 5.62823 5.96527 3.71177
      vertex 6.13027 5.90422 4.31001
      vertex 5.97464 6.31168 4.05818
    endloop
  endfacet
  facet normal -0.755766 0.110277 0.645489
    outer loop
      vertex 6.13027 5.90422 4.31001
      vertex 5.62823 5.96527 3.71177
      vertex 5.78386 5.55781 3.9636
    endloop
  endfacet
  facet normal 0.308985 -0.809012 0.500027
    outer loop
      vertex 5.62823 5.96527 3.71177
      vertex 5.5729 6.37031 4.40129
      vertex 5.22649 6.0239 4.05488
    endloop
  endfacet
  facet normal 0.308985 -0.809012 0.500027
    outer loop
      vertex 5.5729 6.37031 4.40129
      vertex 5.62823 5.96527 3.71177
      vertex 5.97464 6.31168 4.05818
    endloop
  endfacet
  facet normal -0.356797 -1.68978e-05 0.934182
    outer loop
      vertex -3.25993 0.408127 8.21399
      vertex -3.47605 0.0667572 8.13144
      vertex -3.02855 0.288956 8.30236
    endloop
  endfacet
  facet normal -0.356799 -1.27515e-05 0.934181
    outer loop
      vertex -3.02855 0.288956 8.30236
      vertex -3.47605 0.0667572 8.13144
      vertex -3.13274 -0.146713 8.26256
    endloop
  endfacet
  facet normal -0.356784 -5.15107e-06 0.934187
    outer loop
      vertex -2.79329 0.190704 8.39221
      vertex -2.85759 -0.280472 8.36765
      vertex -2.55151 0.115555 8.48455
    endloop
  endfacet
  facet normal -0.356802 -1.8613e-06 0.93418
    outer loop
      vertex -3.72332 0.697861 8.037
      vertex -3.95084 0.403976 7.9501
      vertex -3.49009 0.546021 8.12608
    endloop
  endfacet
  facet normal -0.356813 -5.16174e-06 0.934176
    outer loop
      vertex -3.25993 0.408127 8.21399
      vertex -3.49009 0.546021 8.12608
      vertex -3.47605 0.0667572 8.13144
    endloop
  endfacet
  facet normal -0.356771 0 0.934192
    outer loop
      vertex -4.32693 -0.815918 7.80647
      vertex -3.95084 0.403976 7.9501
      vertex -4.32693 0.858841 7.80647
    endloop
  endfacet
  facet normal -0.356771 0 0.934192
    outer loop
      vertex -3.95084 0.403976 7.9501
      vertex -4.32693 -0.815918 7.80647
      vertex -3.95084 -0.815918 7.9501
    endloop
  endfacet
  facet normal -0.356785 -1.31895e-05 0.934187
    outer loop
      vertex -3.96387 0.858841 7.94513
      vertex -4.32693 0.858841 7.80647
      vertex -3.95084 0.403976 7.9501
    endloop
  endfacet
  facet normal -0.356802 -4.77624e-06 0.93418
    outer loop
      vertex -3.49009 0.546021 8.12608
      vertex -3.95084 0.403976 7.9501
      vertex -3.47605 0.0667572 8.13144
    endloop
  endfacet
  facet normal -0.356791 1.2516e-06 0.934184
    outer loop
      vertex -2.55151 0.115555 8.48455
      vertex -2.85759 -0.280472 8.36765
      vertex -2.58733 -0.37851 8.47087
    endloop
  endfacet
  facet normal -0.356789 -1.33407e-05 0.934185
    outer loop
      vertex -3.72332 0.697861 8.037
      vertex -3.96387 0.858841 7.94513
      vertex -3.95084 0.403976 7.9501
    endloop
  endfacet
  facet normal -0.3568 -2.6827e-06 0.934181
    outer loop
      vertex -2.79329 0.190704 8.39221
      vertex -3.13274 -0.146713 8.26256
      vertex -2.85759 -0.280472 8.36765
    endloop
  endfacet
  facet normal -0.356789 -1.55501e-05 0.934185
    outer loop
      vertex -3.02855 0.288956 8.30236
      vertex -3.13274 -0.146713 8.26256
      vertex -2.79329 0.190704 8.39221
    endloop
  endfacet
  facet normal -0.356793 1.41146e-06 0.934183
    outer loop
      vertex -2.55151 0.115555 8.48455
      vertex -2.58733 -0.37851 8.47087
      vertex -2.29937 0.0678558 8.58085
    endloop
  endfacet
  facet normal -0.356787 -3.04577e-06 0.934186
    outer loop
      vertex -2.29937 0.0678558 8.58085
      vertex -2.58733 -0.37851 8.47087
      vertex -2.31484 -0.438629 8.57494
    endloop
  endfacet
  facet normal -0.356816 -2.02083e-06 0.934175
    outer loop
      vertex -2.29937 0.0678558 8.58085
      vertex -2.31484 -0.438629 8.57494
      vertex -2.03298 0.0519562 8.6826
    endloop
  endfacet
  facet normal -0.356819 0 0.934173
    outer loop
      vertex -2.03298 0.0519562 8.6826
      vertex -2.31484 -0.438629 8.57494
      vertex -2.03298 -0.458664 8.6826
    endloop
  endfacet
  facet normal -0.162574 -0.984741 -0.0620917
    outer loop
      vertex -2.76562 0.115555 9.04514
      vertex -2.29937 0.0678558 8.58085
      vertex -2.51348 0.0678558 9.14145
    endloop
  endfacet
  facet normal -0.162575 -0.98474 -0.0620935
    outer loop
      vertex -2.29937 0.0678558 8.58085
      vertex -2.76562 0.115555 9.04514
      vertex -2.55151 0.115555 8.48455
    endloop
  endfacet
  facet normal -0.260496 -0.960335 -0.0994929
    outer loop
      vertex -3.00739 0.190704 8.95279
      vertex -2.55151 0.115555 8.48455
      vertex -2.76562 0.115555 9.04514
    endloop
  endfacet
  facet normal -0.260491 -0.960337 -0.0994884
    outer loop
      vertex -2.55151 0.115555 8.48455
      vertex -3.00739 0.190704 8.95279
      vertex -2.79329 0.190704 8.39221
    endloop
  endfacet
  facet normal -0.339538 -0.93161 -0.129678
    outer loop
      vertex -3.24265 0.288956 8.86293
      vertex -2.79329 0.190704 8.39221
      vertex -3.00739 0.190704 8.95279
    endloop
  endfacet
  facet normal -0.339541 -0.931608 -0.129682
    outer loop
      vertex -2.79329 0.190704 8.39221
      vertex -3.24265 0.288956 8.86293
      vertex -3.02855 0.288956 8.30236
    endloop
  endfacet
  facet normal -0.405021 -0.901127 -0.154691
    outer loop
      vertex -3.26043 0.298113 8.85614
      vertex -3.02855 0.288956 8.30236
      vertex -3.24265 0.288956 8.86293
    endloop
  endfacet
  facet normal -0.405034 -0.90112 -0.154696
    outer loop
      vertex -3.02855 0.288956 8.30236
      vertex -3.26043 0.298113 8.85614
      vertex -3.25993 0.408127 8.21399
    endloop
  endfacet
  facet normal -0.405029 -0.901122 -0.154697
    outer loop
      vertex -3.26043 0.298113 8.85614
      vertex -3.47403 0.408127 8.77455
      vertex -3.25993 0.408127 8.21399
    endloop
  endfacet
  facet normal -0.456179 -0.872665 -0.174233
    outer loop
      vertex -3.49172 0.418724 8.76779
      vertex -3.25993 0.408127 8.21399
      vertex -3.47403 0.408127 8.77455
    endloop
  endfacet
  facet normal -0.456248 -0.872623 -0.174262
    outer loop
      vertex -3.25993 0.408127 8.21399
      vertex -3.49172 0.418724 8.76779
      vertex -3.49009 0.546021 8.12608
    endloop
  endfacet
  facet normal -0.456272 -0.872611 -0.17426
    outer loop
      vertex -3.49172 0.418724 8.76779
      vertex -3.70418 0.546021 8.68664
      vertex -3.49009 0.546021 8.12608
    endloop
  endfacet
  facet normal -0.485409 -0.854406 -0.185388
    outer loop
      vertex -3.93742 0.697861 8.59755
      vertex -3.49009 0.546021 8.12608
      vertex -3.70418 0.546021 8.68664
    endloop
  endfacet
  facet normal -0.485423 -0.854394 -0.185406
    outer loop
      vertex -3.49009 0.546021 8.12608
      vertex -3.93742 0.697861 8.59755
      vertex -3.72332 0.697861 8.037
    endloop
  endfacet
  facet normal -0.495221 -0.847927 -0.189148
    outer loop
      vertex -4.17796 0.858841 8.50567
      vertex -3.72332 0.697861 8.037
      vertex -3.93742 0.697861 8.59755
    endloop
  endfacet
  facet normal -0.495214 -0.847932 -0.18914
    outer loop
      vertex -3.72332 0.697861 8.037
      vertex -4.17796 0.858841 8.50567
      vertex -3.96387 0.858841 7.94513
    endloop
  endfacet
  facet normal 0 -1 0
    outer loop
      vertex -4.54101 0.858841 8.367
      vertex -3.96387 0.858841 7.94513
      vertex -4.17796 0.858841 8.50567
    endloop
  endfacet
  facet normal -0 -1 0
    outer loop
      vertex -3.96387 0.858841 7.94513
      vertex -4.54101 0.858841 8.367
      vertex -4.32693 0.858841 7.80647
    endloop
  endfacet
  facet normal 0.934185 -0 0.356788
    outer loop
      vertex -4.54101 -0.815918 8.367
      vertex -4.32693 0.858841 7.80647
      vertex -4.54101 0.858841 8.367
    endloop
  endfacet
  facet normal 0.934185 0 0.356788
    outer loop
      vertex -4.32693 0.858841 7.80647
      vertex -4.54101 -0.815918 8.367
      vertex -4.32693 -0.815918 7.80647
    endloop
  endfacet
  facet normal 0 1 0
    outer loop
      vertex -3.95084 -0.815918 7.9501
      vertex -4.54101 -0.815918 8.367
      vertex -4.16493 -0.815918 8.51065
    endloop
  endfacet
  facet normal 0 1 0
    outer loop
      vertex -4.54101 -0.815918 8.367
      vertex -3.95084 -0.815918 7.9501
      vertex -4.32693 -0.815918 7.80647
    endloop
  endfacet
  facet normal -0.934184 0 -0.356791
    outer loop
      vertex -3.95084 -0.815918 7.9501
      vertex -4.16493 0.403976 8.51065
      vertex -3.95084 0.403976 7.9501
    endloop
  endfacet
  facet normal -0.934184 -0 -0.356791
    outer loop
      vertex -4.16493 0.403976 8.51065
      vertex -3.95084 -0.815918 7.9501
      vertex -4.16493 -0.815918 8.51065
    endloop
  endfacet
  facet normal 0.516483 0.833266 0.197264
    outer loop
      vertex -3.95084 0.403976 7.9501
      vertex -4.12843 0.378049 8.52459
      vertex -3.47605 0.0667572 8.13144
    endloop
  endfacet
  facet normal 0.516528 0.833235 0.197277
    outer loop
      vertex -4.12843 0.378049 8.52459
      vertex -3.95084 0.403976 7.9501
      vertex -4.16493 0.403976 8.51065
    endloop
  endfacet
  facet normal 0.51648 0.83327 0.197255
    outer loop
      vertex -3.47605 0.0667572 8.13144
      vertex -4.12843 0.378049 8.52459
      vertex -3.69014 0.0667572 8.692
    endloop
  endfacet
  facet normal 0.469228 0.864702 0.179205
    outer loop
      vertex -3.47605 0.0667572 8.13144
      vertex -3.66375 0.0503498 8.70208
      vertex -3.13274 -0.146713 8.26256
    endloop
  endfacet
  facet normal 0.469183 0.86473 0.179191
    outer loop
      vertex -3.66375 0.0503498 8.70208
      vertex -3.47605 0.0667572 8.13144
      vertex -3.69014 0.0667572 8.692
    endloop
  endfacet
  facet normal 0.469228 0.864702 0.179205
    outer loop
      vertex -3.13274 -0.146713 8.26256
      vertex -3.66375 0.0503498 8.70208
      vertex -3.34683 -0.146713 8.82313
    endloop
  endfacet
  facet normal 0.38628 0.910507 0.147528
    outer loop
      vertex -3.13274 -0.146713 8.26256
      vertex -3.32569 -0.156992 8.83121
      vertex -2.85759 -0.280472 8.36765
    endloop
  endfacet
  facet normal 0.386319 0.910489 0.147541
    outer loop
      vertex -3.32569 -0.156992 8.83121
      vertex -3.13274 -0.146713 8.26256
      vertex -3.34683 -0.146713 8.82313
    endloop
  endfacet
  facet normal 0.386282 0.910506 0.147531
    outer loop
      vertex -2.85759 -0.280472 8.36765
      vertex -3.32569 -0.156992 8.83121
      vertex -3.07169 -0.280472 8.92823
    endloop
  endfacet
  facet normal 0.299832 0.947094 0.114517
    outer loop
      vertex -2.58733 -0.37851 8.47087
      vertex -3.07169 -0.280472 8.92823
      vertex -2.80144 -0.37851 9.03146
    endloop
  endfacet
  facet normal 0.299828 0.947096 0.114512
    outer loop
      vertex -3.07169 -0.280472 8.92823
      vertex -2.58733 -0.37851 8.47087
      vertex -2.85759 -0.280472 8.36765
    endloop
  endfacet
  facet normal 0.188578 0.979413 0.0720258
    outer loop
      vertex -2.58733 -0.37851 8.47087
      vertex -2.78051 -0.383128 9.03945
      vertex -2.31484 -0.438629 8.57494
    endloop
  endfacet
  facet normal 0.188599 0.979409 0.0720328
    outer loop
      vertex -2.78051 -0.383128 9.03945
      vertex -2.58733 -0.37851 8.47087
      vertex -2.80144 -0.37851 9.03146
    endloop
  endfacet
  facet normal 0.188575 0.979414 0.0720223
    outer loop
      vertex -2.31484 -0.438629 8.57494
      vertex -2.78051 -0.383128 9.03945
      vertex -2.52895 -0.438629 9.13554
    endloop
  endfacet
  facet normal 0.0618957 0.997803 0.0236398
    outer loop
      vertex -2.03298 -0.458664 8.6826
      vertex -2.52895 -0.438629 9.13554
      vertex -2.24709 -0.458664 9.2432
    endloop
  endfacet
  facet normal 0.0618957 0.997803 0.0236398
    outer loop
      vertex -2.52895 -0.438629 9.13554
      vertex -2.03298 -0.458664 8.6826
      vertex -2.31484 -0.438629 8.57494
    endloop
  endfacet
  facet normal -0.934184 0 -0.356793
    outer loop
      vertex -2.03298 -0.458664 8.6826
      vertex -2.24709 0.0519562 9.2432
      vertex -2.03298 0.0519562 8.6826
    endloop
  endfacet
  facet normal -0.934184 -0 -0.356793
    outer loop
      vertex -2.24709 0.0519562 9.2432
      vertex -2.03298 -0.458664 8.6826
      vertex -2.24709 -0.458664 9.2432
    endloop
  endfacet
  facet normal -0.0520061 -0.998449 -0.0198627
    outer loop
      vertex -2.51348 0.0678558 9.14145
      vertex -2.03298 0.0519562 8.6826
      vertex -2.24709 0.0519562 9.2432
    endloop
  endfacet
  facet normal -0.0520061 -0.998449 -0.0198627
    outer loop
      vertex -2.03298 0.0519562 8.6826
      vertex -2.51348 0.0678558 9.14145
      vertex -2.29937 0.0678558 8.58085
    endloop
  endfacet
  facet normal -0.934177 -0.356809 -1.48953e-05
    outer loop
      vertex -8.47348 -2.58054 0.682601
      vertex -8.474 -2.57917 0.477443
      vertex -8.29452 -3.04908 0.604576
    endloop
  endfacet
  facet normal -0.934179 -0.356805 2.06737e-05
    outer loop
      vertex -8.31644 -2.99168 0.306486
      vertex -8.44697 -2.64993 0.287562
      vertex -8.3937 -2.78941 0.123146
    endloop
  endfacet
  facet normal -0.934177 -0.356809 -1.1305e-05
    outer loop
      vertex -8.44408 -2.65752 0.892847
      vertex -8.47348 -2.58054 0.682601
      vertex -8.29452 -3.04908 0.604576
    endloop
  endfacet
  facet normal -0.934178 -0.356806 -1.69216e-05
    outer loop
      vertex -8.31644 -2.99168 0.306486
      vertex -8.474 -2.57917 0.477443
      vertex -8.44697 -2.64993 0.287562
    endloop
  endfacet
  facet normal -0.934175 -0.356815 7.79604e-06
    outer loop
      vertex -8.31644 -2.99168 0.306486
      vertex -8.3937 -2.78941 0.123146
      vertex -8.24476 -3.17935 0.0793219
    endloop
  endfacet
  facet normal -0.934175 -0.356814 -1.35097e-05
    outer loop
      vertex -8.37176 -2.84687 1.12974
      vertex -8.44408 -2.65752 0.892847
      vertex -8.25331 -3.15697 0.759753
    endloop
  endfacet
  facet normal -0.934182 -0.356796 -3.0506e-05
    outer loop
      vertex -8.27793 -3.09255 1.24278
      vertex -8.37176 -2.84687 1.12974
      vertex -8.25331 -3.15697 0.759753
    endloop
  endfacet
  facet normal -0.934176 -0.356812 2.22035e-05
    outer loop
      vertex -8.09719 -3.56569 -0.588042
      vertex -8.27189 -3.10831 -0.679682
      vertex -8.09839 -3.56256 -0.776784
    endloop
  endfacet
  facet normal -0.93419 -0.356775 1.03255e-05
    outer loop
      vertex -8.47003 -2.58954 -0.724034
      vertex -8.49115 -2.53425 -1.10969
      vertex -8.4299 -2.69462 -0.812376
    endloop
  endfacet
  facet normal -0.934169 -0.356831 1.65744e-05
    outer loop
      vertex -8.46951 -2.5909 -0.359896
      vertex -8.62981 -2.17123 -0.130701
      vertex -8.49025 -2.53661 -0.500648
    endloop
  endfacet
  facet normal -0.93418 -0.356802 4.77115e-06
    outer loop
      vertex -8.49028 -2.53652 -0.621074
      vertex -8.59255 -2.26876 -0.89656
      vertex -8.47003 -2.58954 -0.724034
    endloop
  endfacet
  facet normal -0.934176 -0.356814 -1.33602e-05
    outer loop
      vertex -8.4299 -2.69462 -0.812376
      vertex -8.49115 -2.53425 -1.10969
      vertex -8.37642 -2.83462 -1.24503
    endloop
  endfacet
  facet normal -0.934179 -0.356803 -2.24423e-05
    outer loop
      vertex -8.09839 -3.56256 -0.776784
      vertex -8.27189 -3.10831 -0.679682
      vertex -8.12262 -3.49911 -0.955428
    endloop
  endfacet
  facet normal -0.934176 -0.356813 1.60996e-05
    outer loop
      vertex -8.16115 -3.39824 -0.257175
      vertex -8.30816 -3.01335 -0.214495
      vertex -8.24956 -3.16678 -0.410954
    endloop
  endfacet
  facet normal -0.934175 -0.356815 -1.75434e-05
    outer loop
      vertex -8.11835 -3.5103 -0.408434
      vertex -8.24956 -3.16678 -0.410954
      vertex -8.09719 -3.56569 -0.588042
    endloop
  endfacet
  facet normal -0.934175 -0.356815 1.31714e-05
    outer loop
      vertex -8.16115 -3.39824 -0.257175
      vertex -8.24956 -3.16678 -0.410954
      vertex -8.11835 -3.5103 -0.408434
    endloop
  endfacet
  facet normal -0.934177 -0.356809 -1.35414e-05
    outer loop
      vertex -8.12262 -3.49911 -0.955428
      vertex -8.27189 -3.10831 -0.679682
      vertex -8.18722 -3.32997 -1.16227
    endloop
  endfacet
  facet normal -0.934166 -0.356839 1.70213e-05
    outer loop
      vertex -8.09845 -3.56241 0.101661
      vertex -8.14246 -3.4472 0.0304842
      vertex -8.08419 -3.59976 -0.293942
    endloop
  endfacet
  facet normal -0.934179 -0.356804 -7.99791e-06
    outer loop
      vertex -7.89903 -4.08453 0.0149221
      vertex -8.06119 -3.65997 0.235052
      vertex -7.9482 -3.95579 -0.155807
    endloop
  endfacet
  facet normal -0.93418 -0.356801 -1.45428e-05
    outer loop
      vertex -8.03511 -3.72826 0.408682
      vertex -8.06119 -3.65997 0.235052
      vertex -7.89903 -4.08453 0.0149221
    endloop
  endfacet
  facet normal -0.934166 -0.356838 -4.48984e-06
    outer loop
      vertex -8.34139 -2.92633 -0.858488
      vertex -8.4299 -2.69462 -0.812376
      vertex -8.37642 -2.83462 -1.24503
    endloop
  endfacet
  facet normal -0.934114 -0.356976 5.47307e-05
    outer loop
      vertex -8.3937 -2.78941 0.123146
      vertex -8.39495 -2.78614 0.117094
      vertex -8.3551 -2.89046 -0.16219
    endloop
  endfacet
  facet normal -0.934176 -0.356812 -1.45686e-05
    outer loop
      vertex -8.04249 -3.70896 1.08215
      vertex -8.16678 -3.38356 1.22817
      vertex -8.16051 -3.39996 0.846008
    endloop
  endfacet
  facet normal -0.934179 -0.356804 -3.33456e-05
    outer loop
      vertex -7.87525 -4.14682 0.592197
      vertex -8.03511 -3.72826 0.408682
      vertex -7.86246 -4.18028 0.307895
    endloop
  endfacet
  facet normal -0.934182 -0.356797 1.97171e-06
    outer loop
      vertex -7.93579 -3.98831 0.85467
      vertex -8.03399 -3.7312 0.55527
      vertex -7.87525 -4.14682 0.592197
    endloop
  endfacet
  facet normal -0.934174 -0.356817 -1.79071e-05
    outer loop
      vertex -7.93579 -3.98831 0.85467
      vertex -8.05746 -3.66976 0.67926
      vertex -8.03399 -3.7312 0.55527
    endloop
  endfacet
  facet normal -0.934176 -0.356811 -5.92587e-06
    outer loop
      vertex -8.04249 -3.70896 1.08215
      vertex -8.05746 -3.66976 0.67926
      vertex -7.93579 -3.98831 0.85467
    endloop
  endfacet
  facet normal -0.934182 -0.356798 -4.43302e-06
    outer loop
      vertex -8.04249 -3.70896 1.08215
      vertex -8.10513 -3.54495 0.785065
      vertex -8.05746 -3.66976 0.67926
    endloop
  endfacet
  facet normal -0.934258 -0.356599 -7.73977e-05
    outer loop
      vertex -8.15991 -3.40149 -0.251149
      vertex -8.19172 -3.31821 0.0226746
      vertex -8.16115 -3.39824 -0.257175
    endloop
  endfacet
  facet normal -0.93417 -0.356828 2.68092e-06
    outer loop
      vertex -8.52958 -2.43365 0.113599
      vertex -8.58688 -2.28364 0.0171576
      vertex -8.43455 -2.68244 -0.229816
    endloop
  endfacet
  facet normal -0.934174 -0.356818 -1.12337e-05
    outer loop
      vertex -8.24956 -3.16678 -0.410954
      vertex -8.27189 -3.10831 -0.679682
      vertex -8.09719 -3.56569 -0.588042
    endloop
  endfacet
  facet normal -0.934184 -0.356791 -1.01983e-05
    outer loop
      vertex -8.39682 -2.78123 -0.165616
      vertex -8.46368 -2.60618 0.149845
      vertex -8.43455 -2.68244 -0.229816
    endloop
  endfacet
  facet normal -0.934181 -0.356799 -1.44232e-05
    outer loop
      vertex -8.18722 -3.32997 -1.16227
      vertex -8.34139 -2.92633 -0.858488
      vertex -8.27346 -3.10417 -1.26069
    endloop
  endfacet
  facet normal -0.934183 -0.356795 -2.1084e-05
    outer loop
      vertex -8.27189 -3.10831 -0.679682
      vertex -8.34139 -2.92633 -0.858488
      vertex -8.18722 -3.32997 -1.16227
    endloop
  endfacet
  facet normal -0.934171 -0.356825 -1.10637e-06
    outer loop
      vertex -8.34139 -2.92633 -0.858488
      vertex -8.37642 -2.83462 -1.24503
      vertex -8.27346 -3.10417 -1.26069
    endloop
  endfacet
  facet normal -0.93418 -0.356801 6.07776e-06
    outer loop
      vertex -8.47003 -2.58954 -0.724034
      vertex -8.59255 -2.26876 -0.89656
      vertex -8.49115 -2.53425 -1.10969
    endloop
  endfacet
  facet normal -0.934175 -0.356815 -3.39466e-05
    outer loop
      vertex -8.49025 -2.53661 -0.500648
      vertex -8.65012 -2.11804 -0.656252
      vertex -8.49028 -2.53652 -0.621074
    endloop
  endfacet
  facet normal -0.934176 -0.356813 -7.13695e-06
    outer loop
      vertex -8.49028 -2.53652 -0.621074
      vertex -8.65012 -2.11804 -0.656252
      vertex -8.59255 -2.26876 -0.89656
    endloop
  endfacet
  facet normal -0.934173 -0.356819 3.92541e-06
    outer loop
      vertex -8.62981 -2.17123 -0.130701
      vertex -8.66287 -2.08468 -0.397911
      vertex -8.49025 -2.53661 -0.500648
    endloop
  endfacet
  facet normal -0.934176 -0.356813 -2.88872e-05
    outer loop
      vertex -8.49025 -2.53661 -0.500648
      vertex -8.66287 -2.08468 -0.397911
      vertex -8.65012 -2.11804 -0.656252
    endloop
  endfacet
  facet normal -0.934177 -0.356811 -2.80966e-05
    outer loop
      vertex -8.43455 -2.68244 -0.229816
      vertex -8.58688 -2.28364 0.0171576
      vertex -8.46951 -2.5909 -0.359896
    endloop
  endfacet
  facet normal -0.934178 -0.356808 -3.07426e-05
    outer loop
      vertex -8.58688 -2.28364 0.0171576
      vertex -8.62981 -2.17123 -0.130701
      vertex -8.46951 -2.5909 -0.359896
    endloop
  endfacet
  facet normal -0.934173 -0.35682 -3.62492e-06
    outer loop
      vertex -8.46368 -2.60618 0.149845
      vertex -8.52958 -2.43365 0.113599
      vertex -8.43455 -2.68244 -0.229816
    endloop
  endfacet
  facet normal -0.934188 -0.35678 -1.71893e-05
    outer loop
      vertex -8.39495 -2.78614 0.117094
      vertex -8.46368 -2.60618 0.149845
      vertex -8.39682 -2.78123 -0.165616
    endloop
  endfacet
  facet normal -0.934178 -0.356807 -1.77098e-05
    outer loop
      vertex -8.39495 -2.78614 0.117094
      vertex -8.39682 -2.78123 -0.165616
      vertex -8.3551 -2.89046 -0.16219
    endloop
  endfacet
  facet normal -0.934174 -0.356817 -1.69775e-05
    outer loop
      vertex -8.24476 -3.17935 0.0793219
      vertex -8.3551 -2.89046 -0.16219
      vertex -8.30816 -3.01335 -0.214495
    endloop
  endfacet
  facet normal -0.934182 -0.356797 -1.52578e-05
    outer loop
      vertex -7.9482 -3.95579 -0.155807
      vertex -8.09845 -3.56241 0.101661
      vertex -8.01176 -3.78937 -0.260457
    endloop
  endfacet
  facet normal -0.934181 -0.356799 -1.84513e-05
    outer loop
      vertex -8.03399 -3.7312 0.55527
      vertex -8.03511 -3.72826 0.408682
      vertex -7.87525 -4.14682 0.592197
    endloop
  endfacet
  facet normal -0.934177 -0.35681 -5.69462e-06
    outer loop
      vertex -7.86246 -4.18028 0.307895
      vertex -8.03511 -3.72826 0.408682
      vertex -7.89903 -4.08453 0.0149221
    endloop
  endfacet
  facet normal -0.934181 -0.356799 -1.26561e-05
    outer loop
      vertex -8.06119 -3.65997 0.235052
      vertex -8.09845 -3.56241 0.101661
      vertex -7.9482 -3.95579 -0.155807
    endloop
  endfacet
  facet normal -0.934164 -0.356843 1.74177e-05
    outer loop
      vertex -8.01176 -3.78937 -0.260457
      vertex -8.09845 -3.56241 0.101661
      vertex -8.08419 -3.59976 -0.293942
    endloop
  endfacet
  facet normal -0.934193 -0.356767 -2.18163e-05
    outer loop
      vertex -8.14246 -3.4472 0.0304842
      vertex -8.15991 -3.40149 -0.251149
      vertex -8.08419 -3.59976 -0.293942
    endloop
  endfacet
  facet normal -0.934196 -0.356761 -2.07533e-05
    outer loop
      vertex -8.14246 -3.4472 0.0304842
      vertex -8.19172 -3.31821 0.0226746
      vertex -8.15991 -3.40149 -0.251149
    endloop
  endfacet
  facet normal -0.934174 -0.356817 -1.70449e-05
    outer loop
      vertex -8.24476 -3.17935 0.0793219
      vertex -8.30816 -3.01335 -0.214495
      vertex -8.19172 -3.31821 0.0226746
    endloop
  endfacet
  facet normal -0.934177 -0.356811 -7.85529e-06
    outer loop
      vertex -8.19172 -3.31821 0.0226746
      vertex -8.30816 -3.01335 -0.214495
      vertex -8.16115 -3.39824 -0.257175
    endloop
  endfacet
  facet normal -0.934176 -0.356813 -1.1341e-05
    outer loop
      vertex -8.24476 -3.17935 0.0793219
      vertex -8.3937 -2.78941 0.123146
      vertex -8.3551 -2.89046 -0.16219
    endloop
  endfacet
  facet normal -0.934178 -0.356808 -1.21351e-05
    outer loop
      vertex -8.29452 -3.04908 0.604576
      vertex -8.474 -2.57917 0.477443
      vertex -8.31644 -2.99168 0.306486
    endloop
  endfacet
  facet normal -0.934174 -0.356818 1.61894e-06
    outer loop
      vertex -8.25331 -3.15697 0.759753
      vertex -8.44408 -2.65752 0.892847
      vertex -8.29452 -3.04908 0.604576
    endloop
  endfacet
  facet normal -0.934187 -0.356783 -3.25978e-05
    outer loop
      vertex -8.20927 -3.27229 0.838893
      vertex -8.27793 -3.09255 1.24278
      vertex -8.25331 -3.15697 0.759753
    endloop
  endfacet
  facet normal -0.934179 -0.356805 -2.1508e-05
    outer loop
      vertex -8.16678 -3.38356 1.22817
      vertex -8.27793 -3.09255 1.24278
      vertex -8.20927 -3.27229 0.838893
    endloop
  endfacet
  facet normal -0.934177 -0.356811 -1.23255e-05
    outer loop
      vertex -8.04249 -3.70896 1.08215
      vertex -8.16051 -3.39996 0.846008
      vertex -8.10513 -3.54495 0.785065
    endloop
  endfacet
  facet normal -0.934186 -0.356787 -1.57947e-05
    outer loop
      vertex -8.16678 -3.38356 1.22817
      vertex -8.20927 -3.27229 0.838893
      vertex -8.16051 -3.39996 0.846008
    endloop
  endfacet
  facet normal -0.016819 0.0440371 -0.998888
    outer loop
      vertex -8.73587 -3.57528 1.2293
      vertex -8.16678 -3.38356 1.22817
      vertex -8.72733 -3.59765 1.22817
    endloop
  endfacet
  facet normal -0.016726 0.0437609 -0.998902
    outer loop
      vertex -8.16678 -3.38356 1.22817
      vertex -8.73587 -3.57528 1.2293
      vertex -8.27793 -3.09255 1.24278
    endloop
  endfacet
  facet normal -0.0167065 0.0437424 -0.998903
    outer loop
      vertex -8.73587 -3.57528 1.2293
      vertex -8.83848 -3.30664 1.24278
      vertex -8.27793 -3.09255 1.24278
    endloop
  endfacet
  facet normal 0.140918 -0.368965 -0.918698
    outer loop
      vertex -8.8457 -3.28776 1.23409
      vertex -8.27793 -3.09255 1.24278
      vertex -8.83848 -3.30664 1.24278
    endloop
  endfacet
  facet normal 0.140898 -0.368904 -0.918726
    outer loop
      vertex -8.27793 -3.09255 1.24278
      vertex -8.8457 -3.28776 1.23409
      vertex -8.37176 -2.84687 1.12974
    endloop
  endfacet
  facet normal 0.140886 -0.368893 -0.918733
    outer loop
      vertex -8.8457 -3.28776 1.23409
      vertex -8.93233 -3.06096 1.12974
      vertex -8.37176 -2.84687 1.12974
    endloop
  endfacet
  facet normal 0.271108 -0.709831 -0.650108
    outer loop
      vertex -8.44408 -2.65752 0.892847
      vertex -8.93233 -3.06096 1.12974
      vertex -9.00465 -2.87162 0.892847
    endloop
  endfacet
  facet normal 0.271091 -0.709822 -0.650125
    outer loop
      vertex -8.93233 -3.06096 1.12974
      vertex -8.44408 -2.65752 0.892847
      vertex -8.37176 -2.84687 1.12974
    endloop
  endfacet
  facet normal 0.332191 -0.869764 -0.36491
    outer loop
      vertex -8.47348 -2.58054 0.682601
      vertex -9.00465 -2.87162 0.892847
      vertex -9.03405 -2.79464 0.682601
    endloop
  endfacet
  facet normal 0.332191 -0.869764 -0.36491
    outer loop
      vertex -9.00465 -2.87162 0.892847
      vertex -8.47348 -2.58054 0.682601
      vertex -8.44408 -2.65752 0.892847
    endloop
  endfacet
  facet normal 0.356786 -0.934159 -0.00714243
    outer loop
      vertex -9.03457 -2.79327 0.477443
      vertex -8.47348 -2.58054 0.682601
      vertex -9.03405 -2.79464 0.682601
    endloop
  endfacet
  facet normal 0.356786 -0.934159 -0.00714243
    outer loop
      vertex -8.47348 -2.58054 0.682601
      vertex -9.03457 -2.79327 0.477443
      vertex -8.474 -2.57917 0.477443
    endloop
  endfacet
  facet normal 0.331401 -0.867696 0.370509
    outer loop
      vertex -9.00755 -2.86403 0.287562
      vertex -8.474 -2.57917 0.477443
      vertex -9.03457 -2.79327 0.477443
    endloop
  endfacet
  facet normal 0.331394 -0.867692 0.370524
    outer loop
      vertex -8.474 -2.57917 0.477443
      vertex -9.00755 -2.86403 0.287562
      vertex -8.44697 -2.64993 0.287562
    endloop
  endfacet
  facet normal 0.264212 -0.69179 0.672026
    outer loop
      vertex -9.00346 -2.87474 0.274929
      vertex -8.44697 -2.64993 0.287562
      vertex -9.00755 -2.86403 0.287562
    endloop
  endfacet
  facet normal 0.264124 -0.691585 0.672271
    outer loop
      vertex -8.44697 -2.64993 0.287562
      vertex -9.00346 -2.87474 0.274929
      vertex -8.3937 -2.78941 0.123146
    endloop
  endfacet
  facet normal 0.264127 -0.691555 0.672301
    outer loop
      vertex -8.3937 -2.78941 0.123146
      vertex -9.00346 -2.87474 0.274929
      vertex -8.95427 -3.00351 0.123146
    endloop
  endfacet
  facet normal 0.308771 -0.808457 -0.501057
    outer loop
      vertex -8.39495 -2.78614 0.117094
      vertex -8.95427 -3.00351 0.123146
      vertex -8.95437 -3.00326 0.122681
    endloop
  endfacet
  facet normal 0.308846 -0.808641 -0.500713
    outer loop
      vertex -8.95427 -3.00351 0.123146
      vertex -8.39495 -2.78614 0.117094
      vertex -8.3937 -2.78941 0.123146
    endloop
  endfacet
  facet normal 0.308852 -0.808657 -0.500684
    outer loop
      vertex -8.95437 -3.00326 0.122681
      vertex -8.95552 -3.00024 0.117094
      vertex -8.39495 -2.78614 0.117094
    endloop
  endfacet
  facet normal -0.0598061 0.156588 -0.985852
    outer loop
      vertex -8.9608 -2.98641 0.119611
      vertex -8.39495 -2.78614 0.117094
      vertex -8.95552 -3.00024 0.117094
    endloop
  endfacet
  facet normal -0.059802 0.156576 -0.985854
    outer loop
      vertex -8.39495 -2.78614 0.117094
      vertex -8.9608 -2.98641 0.119611
      vertex -8.46368 -2.60618 0.149845
    endloop
  endfacet
  facet normal -0.0597993 0.156573 -0.985854
    outer loop
      vertex -8.9608 -2.98641 0.119611
      vertex -9.02426 -2.82028 0.149845
      vertex -8.46368 -2.60618 0.149845
    endloop
  endfacet
  facet normal 0.068702 -0.179883 -0.981286
    outer loop
      vertex -9.02932 -2.80702 0.14706
      vertex -8.46368 -2.60618 0.149845
      vertex -9.02426 -2.82028 0.149845
    endloop
  endfacet
  facet normal 0.0687107 -0.179908 -0.981281
    outer loop
      vertex -8.46368 -2.60618 0.149845
      vertex -9.02932 -2.80702 0.14706
      vertex -8.52958 -2.43365 0.113599
    endloop
  endfacet
  facet normal 0.0687185 -0.179918 -0.981278
    outer loop
      vertex -9.02932 -2.80702 0.14706
      vertex -9.09016 -2.64776 0.113599
      vertex -8.52958 -2.43365 0.113599
    endloop
  endfacet
  facet normal 0.183654 -0.480841 -0.857358
    outer loop
      vertex -9.09456 -2.63623 0.10619
      vertex -8.52958 -2.43365 0.113599
      vertex -9.09016 -2.64776 0.113599
    endloop
  endfacet
  facet normal 0.1837 -0.480973 -0.857274
    outer loop
      vertex -8.52958 -2.43365 0.113599
      vertex -9.09456 -2.63623 0.10619
      vertex -8.58688 -2.28364 0.0171576
    endloop
  endfacet
  facet normal 0.183692 -0.480963 -0.857282
    outer loop
      vertex -9.09456 -2.63623 0.10619
      vertex -9.14746 -2.49774 0.0171576
      vertex -8.58688 -2.28364 0.0171576
    endloop
  endfacet
  facet normal 0.276596 -0.724446 -0.631405
    outer loop
      vertex -8.62981 -2.17123 -0.130701
      vertex -9.14746 -2.49774 0.0171576
      vertex -9.15076 -2.4891 0.00579884
    endloop
  endfacet
  facet normal 0.276732 -0.724569 -0.631204
    outer loop
      vertex -9.14746 -2.49774 0.0171576
      vertex -8.62981 -2.17123 -0.130701
      vertex -8.58688 -2.28364 0.0171576
    endloop
  endfacet
  facet normal 0.276737 -0.724582 -0.631187
    outer loop
      vertex -9.15076 -2.4891 0.00579884
      vertex -9.19039 -2.38533 -0.130701
      vertex -8.62981 -2.17123 -0.130701
    endloop
  endfacet
  facet normal 0.337093 -0.882613 -0.327662
    outer loop
      vertex -9.19293 -2.37868 -0.151227
      vertex -8.62981 -2.17123 -0.130701
      vertex -9.19039 -2.38533 -0.130701
    endloop
  endfacet
  facet normal 0.337099 -0.882636 -0.327595
    outer loop
      vertex -8.62981 -2.17123 -0.130701
      vertex -9.19293 -2.37868 -0.151227
      vertex -8.66287 -2.08468 -0.397911
    endloop
  endfacet
  facet normal 0.337102 -0.882637 -0.327589
    outer loop
      vertex -9.19293 -2.37868 -0.151227
      vertex -9.22345 -2.29878 -0.397911
      vertex -8.66287 -2.08468 -0.397911
    endloop
  endfacet
  facet normal 0.35341 -0.925338 0.137301
    outer loop
      vertex -9.22247 -2.30135 -0.417754
      vertex -8.66287 -2.08468 -0.397911
      vertex -9.22345 -2.29878 -0.397911
    endloop
  endfacet
  facet normal 0.35344 -0.92538 0.136939
    outer loop
      vertex -8.66287 -2.08468 -0.397911
      vertex -9.22247 -2.30135 -0.417754
      vertex -8.65012 -2.11804 -0.656252
    endloop
  endfacet
  facet normal 0.353437 -0.925382 0.136933
    outer loop
      vertex -8.65012 -2.11804 -0.656252
      vertex -9.22247 -2.30135 -0.417754
      vertex -9.21071 -2.33215 -0.656252
    endloop
  endfacet
  facet normal 0.296227 -0.775591 0.557413
    outer loop
      vertex -9.15314 -2.48287 -0.89656
      vertex -8.65012 -2.11804 -0.656252
      vertex -9.21071 -2.33215 -0.656252
    endloop
  endfacet
  facet normal 0.296227 -0.775591 0.557413
    outer loop
      vertex -8.65012 -2.11804 -0.656252
      vertex -9.15314 -2.48287 -0.89656
      vertex -8.59255 -2.26876 -0.89656
    endloop
  endfacet
  facet normal 0.214068 -0.560482 0.800022
    outer loop
      vertex -8.59255 -2.26876 -0.89656
      vertex -9.14535 -2.50326 -0.91293
      vertex -8.49115 -2.53425 -1.10969
    endloop
  endfacet
  facet normal 0.214074 -0.560497 0.80001
    outer loop
      vertex -9.14535 -2.50326 -0.91293
      vertex -8.59255 -2.26876 -0.89656
      vertex -9.15314 -2.48287 -0.89656
    endloop
  endfacet
  facet normal 0.214066 -0.56049 0.800017
    outer loop
      vertex -8.49115 -2.53425 -1.10969
      vertex -9.14535 -2.50326 -0.91293
      vertex -9.05173 -2.74835 -1.10969
    endloop
  endfacet
  facet normal 0.138417 -0.362418 0.92168
    outer loop
      vertex -8.49115 -2.53425 -1.10969
      vertex -8.937 -3.04872 -1.24503
      vertex -8.37642 -2.83462 -1.24503
    endloop
  endfacet
  facet normal 0.138417 -0.362418 0.92168
    outer loop
      vertex -8.937 -3.04872 -1.24503
      vertex -8.49115 -2.53425 -1.10969
      vertex -9.05173 -2.74835 -1.10969
    endloop
  endfacet
  facet normal 0.0193247 -0.05063 0.99853
    outer loop
      vertex -8.37642 -2.83462 -1.24503
      vertex -8.92909 -3.06943 -1.24624
      vertex -8.27346 -3.10417 -1.26069
    endloop
  endfacet
  facet normal 0.0194447 -0.0509123 0.998514
    outer loop
      vertex -8.92909 -3.06943 -1.24624
      vertex -8.37642 -2.83462 -1.24503
      vertex -8.937 -3.04872 -1.24503
    endloop
  endfacet
  facet normal 0.0193264 -0.0506 0.998532
    outer loop
      vertex -8.27346 -3.10417 -1.26069
      vertex -8.92909 -3.06943 -1.24624
      vertex -8.83404 -3.31828 -1.26069
    endloop
  endfacet
  facet normal -0.134552 0.3523 0.926164
    outer loop
      vertex -8.27346 -3.10417 -1.26069
      vertex -8.7478 -3.54407 -1.16227
      vertex -8.18722 -3.32997 -1.16227
    endloop
  endfacet
  facet normal -0.134562 0.352309 0.926159
    outer loop
      vertex -8.7478 -3.54407 -1.16227
      vertex -8.27346 -3.10417 -1.26069
      vertex -8.83404 -3.31828 -1.26069
    endloop
  endfacet
  facet normal -0.268471 0.702926 0.658649
    outer loop
      vertex -8.18722 -3.32997 -1.16227
      vertex -8.68319 -3.71321 -0.955428
      vertex -8.12262 -3.49911 -0.955428
    endloop
  endfacet
  facet normal -0.268464 0.702922 0.658656
    outer loop
      vertex -8.68319 -3.71321 -0.955428
      vertex -8.18722 -3.32997 -1.16227
      vertex -8.7478 -3.54407 -1.16227
    endloop
  endfacet
  facet normal -0.33351 0.873201 0.355375
    outer loop
      vertex -8.12262 -3.49911 -0.955428
      vertex -8.65895 -3.77666 -0.776784
      vertex -8.09839 -3.56256 -0.776784
    endloop
  endfacet
  facet normal -0.333503 0.873197 0.355391
    outer loop
      vertex -8.65895 -3.77666 -0.776784
      vertex -8.12262 -3.49911 -0.955428
      vertex -8.68319 -3.71321 -0.955428
    endloop
  endfacet
  facet normal -0.356739 0.934035 0.0177577
    outer loop
      vertex -8.09839 -3.56256 -0.776784
      vertex -8.65776 -3.77979 -0.588042
      vertex -8.09719 -3.56569 -0.588042
    endloop
  endfacet
  facet normal -0.356744 0.934034 0.0177388
    outer loop
      vertex -8.65776 -3.77979 -0.588042
      vertex -8.09839 -3.56256 -0.776784
      vertex -8.65895 -3.77666 -0.776784
    endloop
  endfacet
  facet normal -0.338808 0.887093 -0.31349
    outer loop
      vertex -8.09719 -3.56569 -0.588042
      vertex -8.65938 -3.77553 -0.574239
      vertex -8.11835 -3.5103 -0.408434
    endloop
  endfacet
  facet normal -0.338803 0.887076 -0.313541
    outer loop
      vertex -8.65938 -3.77553 -0.574239
      vertex -8.09719 -3.56569 -0.588042
      vertex -8.65776 -3.77979 -0.588042
    endloop
  endfacet
  facet normal -0.33881 0.887093 -0.313485
    outer loop
      vertex -8.65938 -3.77553 -0.574239
      vertex -8.67892 -3.7244 -0.408434
      vertex -8.11835 -3.5103 -0.408434
    endloop
  endfacet
  facet normal -0.279556 0.73195 -0.621367
    outer loop
      vertex -8.67892 -3.7244 -0.408434
      vertex -8.16115 -3.39824 -0.257175
      vertex -8.11835 -3.5103 -0.408434
    endloop
  endfacet
  facet normal -0.279589 0.73198 -0.621318
    outer loop
      vertex -8.16115 -3.39824 -0.257175
      vertex -8.67892 -3.7244 -0.408434
      vertex -8.68221 -3.71579 -0.39681
    endloop
  endfacet
  facet normal -0.279555 0.731947 -0.621371
    outer loop
      vertex -8.68221 -3.71579 -0.39681
      vertex -8.72172 -3.61234 -0.257175
      vertex -8.16115 -3.39824 -0.257175
    endloop
  endfacet
  facet normal -0.309007 0.80906 0.499936
    outer loop
      vertex -8.16115 -3.39824 -0.257175
      vertex -8.72048 -3.61559 -0.251149
      vertex -8.15991 -3.40149 -0.251149
    endloop
  endfacet
  facet normal -0.309007 0.80906 0.499936
    outer loop
      vertex -8.72048 -3.61559 -0.251149
      vertex -8.16115 -3.39824 -0.257175
      vertex -8.72172 -3.61234 -0.257175
    endloop
  endfacet
  facet normal 0.070519 -0.184643 0.980272
    outer loop
      vertex -8.15991 -3.40149 -0.251149
      vertex -8.64475 -3.81385 -0.293942
      vertex -8.08419 -3.59976 -0.293942
    endloop
  endfacet
  facet normal 0.0705226 -0.184647 0.980271
    outer loop
      vertex -8.64475 -3.81385 -0.293942
      vertex -8.15991 -3.40149 -0.251149
      vertex -8.72048 -3.61559 -0.251149
    endloop
  endfacet
  facet normal -0.0580754 0.15206 0.986664
    outer loop
      vertex -8.08419 -3.59976 -0.293942
      vertex -8.63918 -3.82842 -0.291369
      vertex -8.01176 -3.78937 -0.260457
    endloop
  endfacet
  facet normal -0.0580682 0.152042 0.986667
    outer loop
      vertex -8.63918 -3.82842 -0.291369
      vertex -8.08419 -3.59976 -0.293942
      vertex -8.64475 -3.81385 -0.293942
    endloop
  endfacet
  facet normal -0.0580751 0.152053 0.986665
    outer loop
      vertex -8.01176 -3.78937 -0.260457
      vertex -8.63918 -3.82842 -0.291369
      vertex -8.57232 -4.00347 -0.260457
    endloop
  endfacet
  facet normal -0.180725 0.473174 0.862232
    outer loop
      vertex -8.01176 -3.78937 -0.260457
      vertex -8.56743 -4.01626 -0.252414
      vertex -7.9482 -3.95579 -0.155807
    endloop
  endfacet
  facet normal -0.18071 0.473139 0.862255
    outer loop
      vertex -8.56743 -4.01626 -0.252414
      vertex -8.01176 -3.78937 -0.260457
      vertex -8.57232 -4.00347 -0.260457
    endloop
  endfacet
  facet normal -0.180726 0.473201 0.862218
    outer loop
      vertex -7.9482 -3.95579 -0.155807
      vertex -8.56743 -4.01626 -0.252414
      vertex -8.50876 -4.16988 -0.155807
    endloop
  endfacet
  facet normal -0.277631 0.72692 0.628099
    outer loop
      vertex -7.9482 -3.95579 -0.155807
      vertex -8.50498 -4.17978 -0.142683
      vertex -7.89903 -4.08453 0.0149221
    endloop
  endfacet
  facet normal -0.27759 0.726825 0.628227
    outer loop
      vertex -8.50498 -4.17978 -0.142683
      vertex -7.9482 -3.95579 -0.155807
      vertex -8.50876 -4.16988 -0.155807
    endloop
  endfacet
  facet normal -0.277631 0.72692 0.628099
    outer loop
      vertex -7.89903 -4.08453 0.0149221
      vertex -8.50498 -4.17978 -0.142683
      vertex -8.45958 -4.29862 0.0149221
    endloop
  endfacet
  facet normal -0.336775 0.88178 0.330223
    outer loop
      vertex -7.89903 -4.08453 0.0149221
      vertex -8.45677 -4.30598 0.0374434
      vertex -7.86246 -4.18028 0.307895
    endloop
  endfacet
  facet normal -0.336781 0.88179 0.330191
    outer loop
      vertex -8.45677 -4.30598 0.0374434
      vertex -7.89903 -4.08453 0.0149221
      vertex -8.45958 -4.29862 0.0149221
    endloop
  endfacet
  facet normal -0.336776 0.881778 0.330225
    outer loop
      vertex -7.86246 -4.18028 0.307895
      vertex -8.45677 -4.30598 0.0374434
      vertex -8.42301 -4.39437 0.307895
    endloop
  endfacet
  facet normal -0.353993 0.926856 -0.125009
    outer loop
      vertex -8.42301 -4.39437 0.307895
      vertex -7.87525 -4.14682 0.592197
      vertex -7.86246 -4.18028 0.307895
    endloop
  endfacet
  facet normal -0.353999 0.926855 -0.124996
    outer loop
      vertex -7.87525 -4.14682 0.592197
      vertex -8.42301 -4.39437 0.307895
      vertex -8.43579 -4.36091 0.592197
    endloop
  endfacet
  facet normal -0.299637 0.784527 -0.542895
    outer loop
      vertex -7.87525 -4.14682 0.592197
      vertex -8.44044 -4.34872 0.612377
      vertex -7.93579 -3.98831 0.85467
    endloop
  endfacet
  facet normal -0.29963 0.784504 -0.542933
    outer loop
      vertex -8.44044 -4.34872 0.612377
      vertex -7.87525 -4.14682 0.592197
      vertex -8.43579 -4.36091 0.592197
    endloop
  endfacet
  facet normal -0.299639 0.784528 -0.542892
    outer loop
      vertex -8.44044 -4.34872 0.612377
      vertex -8.49633 -4.2024 0.85467
      vertex -7.93579 -3.98831 0.85467
    endloop
  endfacet
  facet normal -0.216021 0.565595 -0.795887
    outer loop
      vertex -8.49633 -4.2024 0.85467
      vertex -8.04249 -3.70896 1.08215
      vertex -7.93579 -3.98831 0.85467
    endloop
  endfacet
  facet normal -0.216016 0.565592 -0.795891
    outer loop
      vertex -8.04249 -3.70896 1.08215
      vertex -8.49633 -4.2024 0.85467
      vertex -8.60304 -3.92305 1.08215
    endloop
  endfacet
  facet normal -0.137938 0.361161 -0.922245
    outer loop
      vertex -8.60304 -3.92305 1.08215
      vertex -8.16678 -3.38356 1.22817
      vertex -8.04249 -3.70896 1.08215
    endloop
  endfacet
  facet normal -0.137938 0.361161 -0.922245
    outer loop
      vertex -8.16678 -3.38356 1.22817
      vertex -8.60304 -3.92305 1.08215
      vertex -8.72733 -3.59765 1.22817
    endloop
  endfacet
  facet normal 0.347463 -0.909749 -0.227214
    outer loop
      vertex -8.27189 -3.10831 -0.679682
      vertex -8.83074 -3.32691 -0.659034
      vertex -8.83246 -3.32241 -0.679682
    endloop
  endfacet
  facet normal 0.347507 -0.909826 -0.226837
    outer loop
      vertex -8.83074 -3.32691 -0.659034
      vertex -8.27189 -3.10831 -0.679682
      vertex -8.24956 -3.16678 -0.410954
    endloop
  endfacet
  facet normal 0.347497 -0.909838 -0.226805
    outer loop
      vertex -8.81013 -3.38088 -0.410954
      vertex -8.83074 -3.32691 -0.659034
      vertex -8.24956 -3.16678 -0.410954
    endloop
  endfacet
  facet normal 0.241265 -0.631712 -0.736703
    outer loop
      vertex -8.89663 -3.15441 -0.84475
      vertex -8.34139 -2.92633 -0.858488
      vertex -8.27189 -3.10831 -0.679682
    endloop
  endfacet
  facet normal 0.241282 -0.63175 -0.736665
    outer loop
      vertex -8.34139 -2.92633 -0.858488
      vertex -8.89663 -3.15441 -0.84475
      vertex -8.90197 -3.14043 -0.858488
    endloop
  endfacet
  facet normal 0.241267 -0.6317 -0.736713
    outer loop
      vertex -8.83246 -3.32241 -0.679682
      vertex -8.89663 -3.15441 -0.84475
      vertex -8.27189 -3.10831 -0.679682
    endloop
  endfacet
  facet normal -0.065211 0.170745 -0.983155
    outer loop
      vertex -8.98368 -2.92652 -0.815919
      vertex -8.4299 -2.69462 -0.812376
      vertex -8.34139 -2.92633 -0.858488
    endloop
  endfacet
  facet normal -0.0652231 0.170774 -0.983149
    outer loop
      vertex -8.4299 -2.69462 -0.812376
      vertex -8.98368 -2.92652 -0.815919
      vertex -8.99048 -2.90872 -0.812376
    endloop
  endfacet
  facet normal -0.065211 0.170743 -0.983155
    outer loop
      vertex -8.90197 -3.14043 -0.858488
      vertex -8.98368 -2.92652 -0.815919
      vertex -8.34139 -2.92633 -0.858488
    endloop
  endfacet
  facet normal -0.220372 0.577012 -0.786443
    outer loop
      vertex -9.02753 -2.81171 -0.730821
      vertex -8.47003 -2.58954 -0.724034
      vertex -8.4299 -2.69462 -0.812376
    endloop
  endfacet
  facet normal -0.220436 0.577169 -0.786311
    outer loop
      vertex -8.47003 -2.58954 -0.724034
      vertex -9.02753 -2.81171 -0.730821
      vertex -9.03061 -2.80364 -0.724034
    endloop
  endfacet
  facet normal -0.22037 0.576998 -0.786454
    outer loop
      vertex -8.99048 -2.90872 -0.812376
      vertex -9.02753 -2.81171 -0.730821
      vertex -8.4299 -2.69462 -0.812376
    endloop
  endfacet
  facet normal -0.312461 0.81812 -0.482751
    outer loop
      vertex -9.03061 -2.80364 -0.724034
      vertex -8.49028 -2.53652 -0.621074
      vertex -8.47003 -2.58954 -0.724034
    endloop
  endfacet
  facet normal -0.312461 0.81812 -0.482751
    outer loop
      vertex -8.49028 -2.53652 -0.621074
      vertex -9.03061 -2.80364 -0.724034
      vertex -9.05086 -2.75062 -0.621074
    endloop
  endfacet
  facet normal -0.356789 0.934185 0
    outer loop
      vertex -8.49025 -2.53661 -0.500648
      vertex -9.05083 -2.75071 -0.5099
      vertex -9.05083 -2.75071 -0.500648
    endloop
  endfacet
  facet normal -0.356801 0.93418 0.000787041
    outer loop
      vertex -9.05083 -2.75071 -0.5099
      vertex -8.49025 -2.53661 -0.500648
      vertex -8.49028 -2.53652 -0.621074
    endloop
  endfacet
  facet normal -0.356789 0.934185 0.00085254
    outer loop
      vertex -8.49028 -2.53652 -0.621074
      vertex -9.05086 -2.75062 -0.621074
      vertex -9.05083 -2.75071 -0.5099
    endloop
  endfacet
  facet normal -0.329783 0.863474 0.381648
    outer loop
      vertex -8.49025 -2.53661 -0.500648
      vertex -9.03009 -2.805 -0.359896
      vertex -8.46951 -2.5909 -0.359896
    endloop
  endfacet
  facet normal -0.329733 0.863438 0.381773
    outer loop
      vertex -9.03009 -2.805 -0.359896
      vertex -8.49025 -2.53661 -0.500648
      vertex -9.03169 -2.80083 -0.370709
    endloop
  endfacet
  facet normal -0.329785 0.863478 0.381638
    outer loop
      vertex -8.49025 -2.53661 -0.500648
      vertex -9.05083 -2.75071 -0.500648
      vertex -9.03169 -2.80083 -0.370709
    endloop
  endfacet
  facet normal -0.28498 0.746166 0.601683
    outer loop
      vertex -8.46951 -2.5909 -0.359896
      vertex -8.99513 -2.89654 -0.229816
      vertex -8.43455 -2.68244 -0.229816
    endloop
  endfacet
  facet normal -0.285127 0.746312 0.601432
    outer loop
      vertex -8.99513 -2.89654 -0.229816
      vertex -8.46951 -2.5909 -0.359896
      vertex -8.99781 -2.88951 -0.23981
    endloop
  endfacet
  facet normal -0.284974 0.746151 0.601704
    outer loop
      vertex -8.46951 -2.5909 -0.359896
      vertex -9.03009 -2.805 -0.359896
      vertex -8.99781 -2.88951 -0.23981
    endloop
  endfacet
  facet normal -0.185158 0.484792 0.854806
    outer loop
      vertex -8.43455 -2.68244 -0.229816
      vertex -8.95739 -2.99533 -0.165616
      vertex -8.39682 -2.78123 -0.165616
    endloop
  endfacet
  facet normal -0.18515 0.484781 0.854814
    outer loop
      vertex -8.95739 -2.99533 -0.165616
      vertex -8.43455 -2.68244 -0.229816
      vertex -8.99513 -2.89654 -0.229816
    endloop
  endfacet
  facet normal -0.0104498 0.0273603 0.999571
    outer loop
      vertex -8.39682 -2.78123 -0.165616
      vertex -8.91567 -3.10456 -0.16219
      vertex -8.3551 -2.89046 -0.16219
    endloop
  endfacet
  facet normal -0.0104498 0.0273603 0.999571
    outer loop
      vertex -8.91567 -3.10456 -0.16219
      vertex -8.39682 -2.78123 -0.165616
      vertex -8.95739 -2.99533 -0.165616
    endloop
  endfacet
  facet normal 0.131821 -0.345157 0.929242
    outer loop
      vertex -8.87234 -3.218 -0.210476
      vertex -8.30816 -3.01335 -0.214495
      vertex -8.3551 -2.89046 -0.16219
    endloop
  endfacet
  facet normal 0.131873 -0.3453 0.929181
    outer loop
      vertex -8.30816 -3.01335 -0.214495
      vertex -8.87234 -3.218 -0.210476
      vertex -8.86874 -3.22744 -0.214495
    endloop
  endfacet
  facet normal 0.131833 -0.345175 0.929233
    outer loop
      vertex -8.3551 -2.89046 -0.16219
      vertex -8.91567 -3.10456 -0.16219
      vertex -8.87234 -3.218 -0.210476
    endloop
  endfacet
  facet normal 0.273775 -0.716744 0.641346
    outer loop
      vertex -8.81013 -3.38088 -0.410954
      vertex -8.30816 -3.01335 -0.214495
      vertex -8.81463 -3.36909 -0.395857
    endloop
  endfacet
  facet normal 0.273738 -0.716718 0.641391
    outer loop
      vertex -8.30816 -3.01335 -0.214495
      vertex -8.81013 -3.38088 -0.410954
      vertex -8.24956 -3.16678 -0.410954
    endloop
  endfacet
  facet normal 0.273712 -0.716696 0.641427
    outer loop
      vertex -8.30816 -3.01335 -0.214495
      vertex -8.86874 -3.22744 -0.214495
      vertex -8.81463 -3.36909 -0.395857
    endloop
  endfacet
  facet normal 0.31521 -0.825283 0.468562
    outer loop
      vertex -8.59454 -3.94529 0.55527
      vertex -8.05746 -3.66976 0.67926
      vertex -8.59635 -3.94057 0.564801
    endloop
  endfacet
  facet normal 0.315193 -0.825267 0.468602
    outer loop
      vertex -8.05746 -3.66976 0.67926
      vertex -8.59454 -3.94529 0.55527
      vertex -8.03399 -3.7312 0.55527
    endloop
  endfacet
  facet normal 0.315192 -0.825265 0.468605
    outer loop
      vertex -8.05746 -3.66976 0.67926
      vertex -8.61801 -3.88385 0.67926
      vertex -8.59635 -3.94057 0.564801
    endloop
  endfacet
  facet normal 0.356707 -0.933979 -0.0210844
    outer loop
      vertex -8.03511 -3.72826 0.408682
      vertex -8.59558 -3.94257 0.41995
      vertex -8.59567 -3.94235 0.408682
    endloop
  endfacet
  facet normal 0.356697 -0.933974 -0.0214573
    outer loop
      vertex -8.59558 -3.94257 0.41995
      vertex -8.03511 -3.72826 0.408682
      vertex -8.03399 -3.7312 0.55527
    endloop
  endfacet
  facet normal 0.356709 -0.933968 -0.0215147
    outer loop
      vertex -8.59454 -3.94529 0.55527
      vertex -8.59558 -3.94257 0.41995
      vertex -8.03399 -3.7312 0.55527
    endloop
  endfacet
  facet normal 0.328807 -0.860927 -0.388189
    outer loop
      vertex -8.06119 -3.65997 0.235052
      vertex -8.61974 -3.87931 0.248398
      vertex -8.62175 -3.87406 0.235052
    endloop
  endfacet
  facet normal 0.328835 -0.86099 -0.388026
    outer loop
      vertex -8.61974 -3.87931 0.248398
      vertex -8.06119 -3.65997 0.235052
      vertex -8.03511 -3.72826 0.408682
    endloop
  endfacet
  facet normal 0.328833 -0.860996 -0.388013
    outer loop
      vertex -8.59567 -3.94235 0.408682
      vertex -8.61974 -3.87931 0.248398
      vertex -8.03511 -3.72826 0.408682
    endloop
  endfacet
  facet normal 0.280924 -0.735554 -0.616475
    outer loop
      vertex -8.09845 -3.56241 0.101661
      vertex -8.65615 -3.784 0.111913
      vertex -8.65901 -3.7765 0.101661
    endloop
  endfacet
  facet normal 0.28093 -0.735569 -0.616455
    outer loop
      vertex -8.65615 -3.784 0.111913
      vertex -8.09845 -3.56241 0.101661
      vertex -8.06119 -3.65997 0.235052
    endloop
  endfacet
  facet normal 0.28093 -0.73557 -0.616453
    outer loop
      vertex -8.62175 -3.87406 0.235052
      vertex -8.65615 -3.784 0.111913
      vertex -8.06119 -3.65997 0.235052
    endloop
  endfacet
  facet normal 0.178344 -0.466956 -0.866109
    outer loop
      vertex -8.69964 -3.67015 0.0359545
      vertex -8.14246 -3.4472 0.0304842
      vertex -8.09845 -3.56241 0.101661
    endloop
  endfacet
  facet normal 0.178419 -0.46714 -0.865994
    outer loop
      vertex -8.14246 -3.4472 0.0304842
      vertex -8.69964 -3.67015 0.0359545
      vertex -8.70302 -3.6613 0.0304842
    endloop
  endfacet
  facet normal 0.178346 -0.46697 -0.866101
    outer loop
      vertex -8.65901 -3.7765 0.101661
      vertex -8.69964 -3.67015 0.0359545
      vertex -8.09845 -3.56241 0.101661
    endloop
  endfacet
  facet normal 0.0201482 -0.0527532 -0.998404
    outer loop
      vertex -8.7485 -3.54222 0.0232747
      vertex -8.19172 -3.31821 0.0226746
      vertex -8.14246 -3.4472 0.0304842
    endloop
  endfacet
  facet normal 0.0201481 -0.0527529 -0.998404
    outer loop
      vertex -8.19172 -3.31821 0.0226746
      vertex -8.7485 -3.54222 0.0232747
      vertex -8.75229 -3.53231 0.0226746
    endloop
  endfacet
  facet normal 0.0201479 -0.0527517 -0.998404
    outer loop
      vertex -8.70302 -3.6613 0.0304842
      vertex -8.7485 -3.54222 0.0232747
      vertex -8.14246 -3.4472 0.0304842
    endloop
  endfacet
  facet normal -0.127058 0.33267 -0.934445
    outer loop
      vertex -8.75229 -3.53231 0.0226746
      vertex -8.24476 -3.17935 0.0793219
      vertex -8.19172 -3.31821 0.0226746
    endloop
  endfacet
  facet normal -0.127046 0.332654 -0.934452
    outer loop
      vertex -8.24476 -3.17935 0.0793219
      vertex -8.75229 -3.53231 0.0226746
      vertex -8.80533 -3.39344 0.0793219
    endloop
  endfacet
  facet normal -0.267276 0.699799 -0.662454
    outer loop
      vertex -8.31644 -2.99168 0.306486
      vertex -8.8715 -3.2202 0.28903
      vertex -8.87701 -3.20578 0.306486
    endloop
  endfacet
  facet normal -0.267273 0.699791 -0.662463
    outer loop
      vertex -8.8715 -3.2202 0.28903
      vertex -8.31644 -2.99168 0.306486
      vertex -8.24476 -3.17935 0.0793219
    endloop
  endfacet
  facet normal -0.267268 0.69981 -0.662445
    outer loop
      vertex -8.80533 -3.39344 0.0793219
      vertex -8.8715 -3.2202 0.28903
      vertex -8.24476 -3.17935 0.0793219
    endloop
  endfacet
  facet normal -0.349449 0.914948 0.201878
    outer loop
      vertex -8.31644 -2.99168 0.306486
      vertex -8.85509 -3.26318 0.604576
      vertex -8.29452 -3.04908 0.604576
    endloop
  endfacet
  facet normal -0.349449 0.914948 0.201878
    outer loop
      vertex -8.85509 -3.26318 0.604576
      vertex -8.31644 -2.99168 0.306486
      vertex -8.87701 -3.20578 0.306486
    endloop
  endfacet
  facet normal -0.286222 0.749405 0.59705
    outer loop
      vertex -8.29452 -3.04908 0.604576
      vertex -8.81388 -3.37107 0.759753
      vertex -8.25331 -3.15697 0.759753
    endloop
  endfacet
  facet normal -0.28634 0.749506 0.596867
    outer loop
      vertex -8.81388 -3.37107 0.759753
      vertex -8.29452 -3.04908 0.604576
      vertex -8.81704 -3.36278 0.747827
    endloop
  endfacet
  facet normal -0.286218 0.749394 0.597066
    outer loop
      vertex -8.29452 -3.04908 0.604576
      vertex -8.85509 -3.26318 0.604576
      vertex -8.81704 -3.36278 0.747827
    endloop
  endfacet
  facet normal -0.192575 0.504188 0.841849
    outer loop
      vertex -8.77321 -3.47753 0.83281
      vertex -8.20927 -3.27229 0.838893
      vertex -8.25331 -3.15697 0.759753
    endloop
  endfacet
  facet normal -0.192649 0.504396 0.841707
    outer loop
      vertex -8.20927 -3.27229 0.838893
      vertex -8.77321 -3.47753 0.83281
      vertex -8.76983 -3.48639 0.838893
    endloop
  endfacet
  facet normal -0.192556 0.504162 0.841868
    outer loop
      vertex -8.25331 -3.15697 0.759753
      vertex -8.81388 -3.37107 0.759753
      vertex -8.77321 -3.47753 0.83281
    endloop
  endfacet
  facet normal -0.0185505 0.0485694 0.998648
    outer loop
      vertex -8.72481 -3.60424 0.845461
      vertex -8.16051 -3.39996 0.846008
      vertex -8.20927 -3.27229 0.838893
    endloop
  endfacet
  facet normal -0.0185579 0.04859 0.998646
    outer loop
      vertex -8.16051 -3.39996 0.846008
      vertex -8.72481 -3.60424 0.845461
      vertex -8.72106 -3.61405 0.846008
    endloop
  endfacet
  facet normal -0.0185508 0.0485699 0.998648
    outer loop
      vertex -8.20927 -3.27229 0.838893
      vertex -8.76983 -3.48639 0.838893
      vertex -8.72481 -3.60424 0.845461
    endloop
  endfacet
  facet normal 0.130404 -0.341436 0.930815
    outer loop
      vertex -8.16051 -3.39996 0.846008
      vertex -8.66568 -3.75904 0.785065
      vertex -8.10513 -3.54495 0.785065
    endloop
  endfacet
  facet normal 0.130404 -0.341436 0.930815
    outer loop
      vertex -8.66568 -3.75904 0.785065
      vertex -8.16051 -3.39996 0.846008
      vertex -8.72106 -3.61405 0.846008
    endloop
  endfacet
  facet normal 0.2215 -0.579973 0.783945
    outer loop
      vertex -8.62168 -3.87425 0.687393
      vertex -8.05746 -3.66976 0.67926
      vertex -8.10513 -3.54495 0.785065
    endloop
  endfacet
  facet normal 0.221404 -0.579701 0.784173
    outer loop
      vertex -8.05746 -3.66976 0.67926
      vertex -8.62168 -3.87425 0.687393
      vertex -8.61801 -3.88385 0.67926
    endloop
  endfacet
  facet normal 0.221516 -0.579992 0.783926
    outer loop
      vertex -8.10513 -3.54495 0.785065
      vertex -8.66568 -3.75904 0.785065
      vertex -8.62168 -3.87425 0.687393
    endloop
  endfacet
  facet normal -0.356818 9.37975e-06 -0.934174
    outer loop
      vertex -3.29931 -0.66322 -8.19895
      vertex -3.70807 -0.708402 -8.04282
      vertex -3.66308 -0.266831 -8.06
    endloop
  endfacet
  facet normal -0.356819 3.29205e-06 -0.934174
    outer loop
      vertex -2.5497 -0.710717 -8.48526
      vertex -2.81072 -0.613038 -8.38556
      vertex -2.6213 -0.274069 -8.45791
    endloop
  endfacet
  facet normal -0.356816 -2.16634e-06 -0.934175
    outer loop
      vertex -2.81072 -0.613038 -8.38556
      vertex -2.9383 -0.512811 -8.33683
      vertex -2.7548 -0.22703 -8.40692
    endloop
  endfacet
  facet normal -0.356816 2.59316e-05 -0.934175
    outer loop
      vertex -4.05368 -0.215096 -7.91082
      vertex -4.70942 -0.423578 -7.66036
      vertex -4.46114 0.0367336 -7.75518
    endloop
  endfacet
  facet normal -0.356812 -4.94494e-06 -0.934176
    outer loop
      vertex -1.85794 -0.258129 -8.74947
      vertex -2.19385 0.159006 -8.62117
      vertex -1.74225 0.0683165 -8.79366
    endloop
  endfacet
  facet normal -0.356763 -6.20659e-06 -0.934195
    outer loop
      vertex -2.23313 0.446903 -8.60616
      vertex -2.33659 0.544813 -8.56665
      vertex -2.16736 0.88294 -8.63128
    endloop
  endfacet
  facet normal -0.356789 3.75164e-05 -0.934185
    outer loop
      vertex -1.85794 -0.258129 -8.74947
      vertex -2.36583 -0.160294 -8.55549
      vertex -2.26137 -0.012805 -8.59538
    endloop
  endfacet
  facet normal -0.356805 -2.38156e-06 -0.934179
    outer loop
      vertex -2.29113 -0.679626 -8.58402
      vertex -2.36583 -0.160294 -8.55549
      vertex -2.05416 -0.526503 -8.67453
    endloop
  endfacet
  facet normal -0.356839 -5.40405e-07 -0.934166
    outer loop
      vertex -2.5497 -0.710717 -8.48526
      vertex -2.6213 -0.274069 -8.45791
      vertex -2.48873 -0.249605 -8.50855
    endloop
  endfacet
  facet normal -0.356825 -2.05594e-05 -0.934171
    outer loop
      vertex -2.85842 -0.132049 -8.36734
      vertex -3.11894 -0.100567 -8.26783
      vertex -2.9155 -0.00397015 -8.34554
    endloop
  endfacet
  facet normal -0.356808 -3.43574e-06 -0.934178
    outer loop
      vertex -2.6213 -0.274069 -8.45791
      vertex -2.81072 -0.613038 -8.38556
      vertex -2.7548 -0.22703 -8.40692
    endloop
  endfacet
  facet normal -0.356806 -5.56712e-06 -0.934179
    outer loop
      vertex -3.03907 -0.386383 -8.29834
      vertex -3.10272 -0.245167 -8.27403
      vertex -2.85842 -0.132049 -8.36734
    endloop
  endfacet
  facet normal -0.356817 -9.75537e-07 -0.934174
    outer loop
      vertex -2.9383 -0.512811 -8.33683
      vertex -3.03907 -0.386383 -8.29834
      vertex -2.7548 -0.22703 -8.40692
    endloop
  endfacet
  facet normal -0.356806 2.18852e-05 -0.934179
    outer loop
      vertex -3.58797 -1.06336 -8.0887
      vertex -3.70807 -0.708402 -8.04282
      vertex -3.25956 -0.85834 -8.21413
    endloop
  endfacet
  facet normal -0.356819 2.52265e-05 -0.934173
    outer loop
      vertex -2.62477 -1.38574 -8.4566
      vertex -2.94263 -1.03711 -8.33518
      vertex -2.76195 -0.926899 -8.40419
    endloop
  endfacet
  facet normal -0.356771 8.27832e-06 -0.934192
    outer loop
      vertex -3.06102 -1.44262 -8.28997
      vertex -3.1354 -0.991932 -8.26156
      vertex -2.94263 -1.03711 -8.33518
    endloop
  endfacet
  facet normal -0.356819 1.65081e-05 -0.934173
    outer loop
      vertex -2.18499 0.315257 -8.62455
      vertex -2.23313 0.446903 -8.60616
      vertex -1.89903 0.654215 -8.73377
    endloop
  endfacet
  facet normal -0.356766 4.33602e-05 -0.934194
    outer loop
      vertex -2.86547 0.296171 -8.36465
      vertex -3.15042 0.695396 -8.25581
      vertex -2.74945 0.461149 -8.40895
    endloop
  endfacet
  facet normal -0.3568 -1.15125e-05 -0.934181
    outer loop
      vertex -3.11894 -0.100567 -8.26783
      vertex -3.66308 -0.266831 -8.06
      vertex -3.44458 0.257658 -8.14346
    endloop
  endfacet
  facet normal -0.356824 2.87577e-05 -0.934172
    outer loop
      vertex -2.33659 0.544813 -8.56665
      vertex -2.47309 0.590186 -8.51451
      vertex -2.16736 0.88294 -8.63128
    endloop
  endfacet
  facet normal -0.356818 9.05957e-06 -0.934174
    outer loop
      vertex -3.29931 -0.66322 -8.19895
      vertex -3.66308 -0.266831 -8.06
      vertex -3.25299 -0.409625 -8.21664
    endloop
  endfacet
  facet normal -0.356811 3.25616e-05 -0.934176
    outer loop
      vertex -3.25299 -0.409625 -8.21664
      vertex -3.66308 -0.266831 -8.06
      vertex -3.11894 -0.100567 -8.26783
    endloop
  endfacet
  facet normal -0.356816 -1.36392e-05 -0.934175
    outer loop
      vertex -3.25956 -0.85834 -8.21413
      vertex -3.70807 -0.708402 -8.04282
      vertex -3.29931 -0.66322 -8.19895
    endloop
  endfacet
  facet normal -0.3568 1.20264e-05 -0.934181
    outer loop
      vertex -3.31105 -1.32808 -8.19447
      vertex -3.58797 -1.06336 -8.0887
      vertex -3.25956 -0.85834 -8.21413
    endloop
  endfacet
  facet normal -0.35684 1.69793e-05 -0.934166
    outer loop
      vertex -3.1354 -0.991932 -8.26156
      vertex -3.31105 -1.32808 -8.19447
      vertex -3.25956 -0.85834 -8.21413
    endloop
  endfacet
  facet normal -0.356797 3.29274e-05 -0.934182
    outer loop
      vertex -2.62477 -1.38574 -8.4566
      vertex -2.76195 -0.926899 -8.40419
      vertex -2.41985 -1.21279 -8.53486
    endloop
  endfacet
  facet normal -0.356821 2.28891e-05 -0.934173
    outer loop
      vertex -2.83537 -1.46209 -8.37616
      vertex -2.94263 -1.03711 -8.33518
      vertex -2.62477 -1.38574 -8.4566
    endloop
  endfacet
  facet normal -0.356818 2.38761e-05 -0.934174
    outer loop
      vertex -2.83537 -1.46209 -8.37616
      vertex -3.06102 -1.44262 -8.28997
      vertex -2.94263 -1.03711 -8.33518
    endloop
  endfacet
  facet normal -0.356812 5.58715e-07 -0.934176
    outer loop
      vertex -3.06102 -1.44262 -8.28997
      vertex -3.31105 -1.32808 -8.19447
      vertex -3.1354 -0.991932 -8.26156
    endloop
  endfacet
  facet normal -0.356806 -5.55806e-06 -0.934179
    outer loop
      vertex -2.29113 -0.679626 -8.58402
      vertex -2.5497 -0.710717 -8.48526
      vertex -2.48873 -0.249605 -8.50855
    endloop
  endfacet
  facet normal -0.356797 -1.07335e-06 -0.934182
    outer loop
      vertex -2.29113 -0.679626 -8.58402
      vertex -2.48873 -0.249605 -8.50855
      vertex -2.36583 -0.160294 -8.55549
    endloop
  endfacet
  facet normal -0.356794 8.88516e-06 -0.934183
    outer loop
      vertex -2.05416 -0.526503 -8.67453
      vertex -2.36583 -0.160294 -8.55549
      vertex -1.85794 -0.258129 -8.74947
    endloop
  endfacet
  facet normal -0.356811 -3.29493e-06 -0.934177
    outer loop
      vertex -1.85794 -0.258129 -8.74947
      vertex -2.26137 -0.012805 -8.59538
      vertex -2.19385 0.159006 -8.62117
    endloop
  endfacet
  facet normal -0.35681 1.12694e-05 -0.934177
    outer loop
      vertex -1.74225 0.0683165 -8.79366
      vertex -2.19385 0.159006 -8.62117
      vertex -1.75664 0.377548 -8.78816
    endloop
  endfacet
  facet normal -0.356815 2.47919e-05 -0.934175
    outer loop
      vertex -1.75664 0.377548 -8.78816
      vertex -2.19385 0.159006 -8.62117
      vertex -2.18499 0.315257 -8.62455
    endloop
  endfacet
  facet normal -0.356814 1.12104e-05 -0.934176
    outer loop
      vertex -1.75664 0.377548 -8.78816
      vertex -2.18499 0.315257 -8.62455
      vertex -1.89903 0.654215 -8.73377
    endloop
  endfacet
  facet normal -0.356811 2.24763e-06 -0.934176
    outer loop
      vertex -1.89903 0.654215 -8.73377
      vertex -2.23313 0.446903 -8.60616
      vertex -2.16736 0.88294 -8.63128
    endloop
  endfacet
  facet normal -0.356802 2.92083e-06 -0.93418
    outer loop
      vertex -2.47309 0.590186 -8.51451
      vertex -2.51414 1.00898 -8.49883
      vertex -2.16736 0.88294 -8.63128
    endloop
  endfacet
  facet normal -0.356812 1.14122e-05 -0.934176
    outer loop
      vertex -2.61469 0.56071 -8.46043
      vertex -2.84104 0.946148 -8.37397
      vertex -2.51414 1.00898 -8.49883
    endloop
  endfacet
  facet normal -0.356786 4.69322e-06 -0.934186
    outer loop
      vertex -2.47309 0.590186 -8.51451
      vertex -2.61469 0.56071 -8.46043
      vertex -2.51414 1.00898 -8.49883
    endloop
  endfacet
  facet normal -0.356851 -1.44043e-05 -0.934161
    outer loop
      vertex -2.74945 0.461149 -8.40895
      vertex -2.84104 0.946148 -8.37397
      vertex -2.61469 0.56071 -8.46043
    endloop
  endfacet
  facet normal -0.356788 -8.74709e-07 -0.934185
    outer loop
      vertex -2.74945 0.461149 -8.40895
      vertex -3.15042 0.695396 -8.25581
      vertex -2.84104 0.946148 -8.37397
    endloop
  endfacet
  facet normal -0.356807 -3.51723e-06 -0.934178
    outer loop
      vertex -2.9199 0.143403 -8.34386
      vertex -3.44458 0.257658 -8.14346
      vertex -2.86547 0.296171 -8.36465
    endloop
  endfacet
  facet normal -0.356808 8.64821e-06 -0.934178
    outer loop
      vertex -2.86547 0.296171 -8.36465
      vertex -3.44458 0.257658 -8.14346
      vertex -3.15042 0.695396 -8.25581
    endloop
  endfacet
  facet normal -0.356811 -2.35757e-05 -0.934177
    outer loop
      vertex -3.11894 -0.100567 -8.26783
      vertex -3.44458 0.257658 -8.14346
      vertex -2.9199 0.143403 -8.34386
    endloop
  endfacet
  facet normal -0.356832 -4.44862e-06 -0.934169
    outer loop
      vertex -2.9155 -0.00397015 -8.34554
      vertex -3.11894 -0.100567 -8.26783
      vertex -2.9199 0.143403 -8.34386
    endloop
  endfacet
  facet normal -0.356821 7.44978e-06 -0.934173
    outer loop
      vertex -2.7548 -0.22703 -8.40692
      vertex -3.03907 -0.386383 -8.29834
      vertex -2.85842 -0.132049 -8.36734
    endloop
  endfacet
  facet normal -0.35682 2.94577e-05 -0.934173
    outer loop
      vertex -3.10272 -0.245167 -8.27403
      vertex -3.11894 -0.100567 -8.26783
      vertex -2.85842 -0.132049 -8.36734
    endloop
  endfacet
  facet normal -0.35681 1.43666e-06 -0.934177
    outer loop
      vertex -4.30196 -0.675409 -7.81599
      vertex -4.70942 -0.423578 -7.66036
      vertex -4.05368 -0.215096 -7.91082
    endloop
  endfacet
  facet normal 0.878347 0.340548 -0.33546
    outer loop
      vertex -3.58797 -1.06336 -8.0887
      vertex -3.92216 -0.708402 -8.60338
      vertex -3.70807 -0.708402 -8.04282
    endloop
  endfacet
  facet normal 0.878348 0.34054 -0.335466
    outer loop
      vertex -3.92216 -0.708402 -8.60338
      vertex -3.58797 -1.06336 -8.0887
      vertex -3.80206 -1.06336 -8.64925
    endloop
  endfacet
  facet normal 0.928675 -0.108419 -0.354695
    outer loop
      vertex -3.70807 -0.708402 -8.04282
      vertex -3.91871 -0.674458 -8.6047
      vertex -3.66308 -0.266831 -8.06
    endloop
  endfacet
  facet normal 0.928703 -0.108185 -0.354692
    outer loop
      vertex -3.91871 -0.674458 -8.6047
      vertex -3.70807 -0.708402 -8.04282
      vertex -3.92216 -0.708402 -8.60338
    endloop
  endfacet
  facet normal 0.928674 -0.108416 -0.354697
    outer loop
      vertex -3.66308 -0.266831 -8.06
      vertex -3.91871 -0.674458 -8.6047
      vertex -3.87718 -0.266831 -8.62056
    endloop
  endfacet
  facet normal 0.853189 -0.407288 -0.325861
    outer loop
      vertex -3.66308 -0.266831 -8.06
      vertex -3.86038 -0.226518 -8.62697
      vertex -3.44458 0.257658 -8.14346
    endloop
  endfacet
  facet normal 0.853158 -0.407357 -0.325855
    outer loop
      vertex -3.86038 -0.226518 -8.62697
      vertex -3.66308 -0.266831 -8.06
      vertex -3.87718 -0.266831 -8.62056
    endloop
  endfacet
  facet normal 0.853188 -0.407297 -0.325851
    outer loop
      vertex -3.44458 0.257658 -8.14346
      vertex -3.86038 -0.226518 -8.62697
      vertex -3.65867 0.257658 -8.70402
    endloop
  endfacet
  facet normal 0.758358 -0.583955 -0.289638
    outer loop
      vertex -3.44458 0.257658 -8.14346
      vertex -3.63607 0.291298 -8.71266
      vertex -3.15042 0.695396 -8.25581
    endloop
  endfacet
  facet normal 0.758397 -0.583898 -0.289648
    outer loop
      vertex -3.63607 0.291298 -8.71266
      vertex -3.44458 0.257658 -8.14346
      vertex -3.65867 0.257658 -8.70402
    endloop
  endfacet
  facet normal 0.758358 -0.583952 -0.289642
    outer loop
      vertex -3.15042 0.695396 -8.25581
      vertex -3.63607 0.291298 -8.71266
      vertex -3.36452 0.695396 -8.81638
    endloop
  endfacet
  facet normal 0.563933 -0.797238 -0.215385
    outer loop
      vertex -3.34075 0.714663 -8.82546
      vertex -3.15042 0.695396 -8.25581
      vertex -3.36452 0.695396 -8.81638
    endloop
  endfacet
  facet normal 0.563914 -0.797253 -0.215379
    outer loop
      vertex -3.15042 0.695396 -8.25581
      vertex -3.34075 0.714663 -8.82546
      vertex -2.84104 0.946148 -8.37397
    endloop
  endfacet
  facet normal 0.563918 -0.797249 -0.215385
    outer loop
      vertex -2.84104 0.946148 -8.37397
      vertex -3.34075 0.714663 -8.82546
      vertex -3.05515 0.946148 -8.93455
    endloop
  endfacet
  facet normal 0.165065 -0.984266 -0.0630457
    outer loop
      vertex -3.03003 0.950975 -8.94414
      vertex -2.84104 0.946148 -8.37397
      vertex -3.05515 0.946148 -8.93455
    endloop
  endfacet
  facet normal 0.165096 -0.98426 -0.0630558
    outer loop
      vertex -2.84104 0.946148 -8.37397
      vertex -3.03003 0.950975 -8.94414
      vertex -2.51414 1.00898 -8.49883
    endloop
  endfacet
  facet normal 0.165098 -0.984259 -0.0630581
    outer loop
      vertex -2.51414 1.00898 -8.49883
      vertex -3.03003 0.950975 -8.94414
      vertex -2.72825 1.00898 -9.05941
    endloop
  endfacet
  facet normal -0.300346 -0.946907 0.114715
    outer loop
      vertex -2.72825 1.00898 -9.05941
      vertex -2.16736 0.88294 -8.63128
      vertex -2.51414 1.00898 -8.49883
    endloop
  endfacet
  facet normal -0.300344 -0.946908 0.114713
    outer loop
      vertex -2.16736 0.88294 -8.63128
      vertex -2.72825 1.00898 -9.05941
      vertex -2.38147 0.88294 -9.19187
    endloop
  endfacet
  facet normal -0.581925 -0.782281 0.222259
    outer loop
      vertex -2.38147 0.88294 -9.19187
      vertex -1.89903 0.654215 -8.73377
      vertex -2.16736 0.88294 -8.63128
    endloop
  endfacet
  facet normal -0.581925 -0.782281 0.222259
    outer loop
      vertex -1.89903 0.654215 -8.73377
      vertex -2.38147 0.88294 -9.19187
      vertex -2.11314 0.654215 -9.29436
    endloop
  endfacet
  facet normal -0.818223 -0.482545 0.312509
    outer loop
      vertex -1.75664 0.377548 -8.78816
      vertex -2.11314 0.654215 -9.29436
      vertex -1.97075 0.377548 -9.34875
    endloop
  endfacet
  facet normal -0.818223 -0.482545 0.312509
    outer loop
      vertex -2.11314 0.654215 -9.29436
      vertex -1.75664 0.377548 -8.78816
      vertex -1.89903 0.654215 -8.73377
    endloop
  endfacet
  facet normal -0.933024 -0.0497562 0.356356
    outer loop
      vertex -1.74225 0.0683165 -8.79366
      vertex -1.97075 0.377548 -9.34875
      vertex -1.95636 0.0683165 -9.35425
    endloop
  endfacet
  facet normal -0.933024 -0.0497562 0.356356
    outer loop
      vertex -1.97075 0.377548 -9.34875
      vertex -1.74225 0.0683165 -8.79366
      vertex -1.75664 0.377548 -8.78816
    endloop
  endfacet
  facet normal -0.873478 0.354595 0.333614
    outer loop
      vertex -1.96524 0.0432435 -9.35085
      vertex -1.74225 0.0683165 -8.79366
      vertex -1.95636 0.0683165 -9.35425
    endloop
  endfacet
  facet normal -0.873443 0.3547 0.333595
    outer loop
      vertex -1.74225 0.0683165 -8.79366
      vertex -1.96524 0.0432435 -9.35085
      vertex -1.85794 -0.258129 -8.74947
    endloop
  endfacet
  facet normal -0.873452 0.354683 0.333588
    outer loop
      vertex -1.96524 0.0432435 -9.35085
      vertex -2.07204 -0.258129 -9.31006
      vertex -1.85794 -0.258129 -8.74947
    endloop
  endfacet
  facet normal -0.735657 0.616336 0.280961
    outer loop
      vertex -2.26826 -0.526503 -9.23511
      vertex -1.85794 -0.258129 -8.74947
      vertex -2.07204 -0.258129 -9.31006
    endloop
  endfacet
  facet normal -0.73566 0.61633 0.280967
    outer loop
      vertex -1.85794 -0.258129 -8.74947
      vertex -2.26826 -0.526503 -9.23511
      vertex -2.05416 -0.526503 -8.67453
    endloop
  endfacet
  facet normal -0.482771 0.856116 0.184387
    outer loop
      vertex -2.05416 -0.526503 -8.67453
      vertex -2.28647 -0.538266 -9.22816
      vertex -2.29113 -0.679626 -8.58402
    endloop
  endfacet
  facet normal -0.482693 0.856167 0.184353
    outer loop
      vertex -2.28647 -0.538266 -9.22816
      vertex -2.05416 -0.526503 -8.67453
      vertex -2.26826 -0.526503 -9.23511
    endloop
  endfacet
  facet normal -0.482779 0.856111 0.184386
    outer loop
      vertex -2.28647 -0.538266 -9.22816
      vertex -2.50523 -0.679626 -9.1446
      vertex -2.29113 -0.679626 -8.58402
    endloop
  endfacet
  facet normal -0.104279 0.99375 0.0398274
    outer loop
      vertex -2.29113 -0.679626 -8.58402
      vertex -2.7638 -0.710717 -9.04583
      vertex -2.5497 -0.710717 -8.48526
    endloop
  endfacet
  facet normal -0.104278 0.99375 0.0398263
    outer loop
      vertex -2.7638 -0.710717 -9.04583
      vertex -2.29113 -0.679626 -8.58402
      vertex -2.50523 -0.679626 -9.1446
    endloop
  endfacet
  facet normal 0.308283 0.94398 -0.117743
    outer loop
      vertex -2.5497 -0.710717 -8.48526
      vertex -3.02482 -0.613038 -8.94613
      vertex -2.81072 -0.613038 -8.38556
    endloop
  endfacet
  facet normal 0.308283 0.94398 -0.117743
    outer loop
      vertex -3.02482 -0.613038 -8.94613
      vertex -2.5497 -0.710717 -8.48526
      vertex -2.7638 -0.710717 -9.04583
    endloop
  endfacet
  facet normal 0.552714 0.806191 -0.2111
    outer loop
      vertex -2.81072 -0.613038 -8.38556
      vertex -3.1524 -0.512811 -8.8974
      vertex -2.9383 -0.512811 -8.33683
    endloop
  endfacet
  facet normal 0.552714 0.806191 -0.2111
    outer loop
      vertex -3.1524 -0.512811 -8.8974
      vertex -2.81072 -0.613038 -8.38556
      vertex -3.02482 -0.613038 -8.94613
    endloop
  endfacet
  facet normal 0.710658 0.649068 -0.271432
    outer loop
      vertex -2.9383 -0.512811 -8.33683
      vertex -3.16015 -0.503095 -8.89444
      vertex -3.03907 -0.386383 -8.29834
    endloop
  endfacet
  facet normal 0.710438 0.649348 -0.27134
    outer loop
      vertex -3.16015 -0.503095 -8.89444
      vertex -2.9383 -0.512811 -8.33683
      vertex -3.1524 -0.512811 -8.8974
    endloop
  endfacet
  facet normal 0.710679 0.649045 -0.271432
    outer loop
      vertex -3.16015 -0.503095 -8.89444
      vertex -3.25317 -0.386383 -8.85891
      vertex -3.03907 -0.386383 -8.29834
    endloop
  endfacet
  facet normal 0.84137 0.434548 -0.321347
    outer loop
      vertex -3.03907 -0.386383 -8.29834
      vertex -3.31682 -0.245167 -8.8346
      vertex -3.10272 -0.245167 -8.27403
    endloop
  endfacet
  facet normal 0.84137 0.434548 -0.321347
    outer loop
      vertex -3.31682 -0.245167 -8.8346
      vertex -3.03907 -0.386383 -8.29834
      vertex -3.25317 -0.386383 -8.85891
    endloop
  endfacet
  facet normal 0.927519 0.11923 -0.35425
    outer loop
      vertex -3.10272 -0.245167 -8.27403
      vertex -3.33304 -0.100567 -8.8284
      vertex -3.11894 -0.100567 -8.26783
    endloop
  endfacet
  facet normal 0.927519 0.11923 -0.35425
    outer loop
      vertex -3.33304 -0.100567 -8.8284
      vertex -3.10272 -0.245167 -8.27403
      vertex -3.31682 -0.245167 -8.8346
    endloop
  endfacet
  facet normal -0.847346 0.421033 0.323629
    outer loop
      vertex -3.34334 -0.124317 -8.82447
      vertex -3.11894 -0.100567 -8.26783
      vertex -3.33304 -0.100567 -8.8284
    endloop
  endfacet
  facet normal -0.847313 0.421112 0.323612
    outer loop
      vertex -3.11894 -0.100567 -8.26783
      vertex -3.34334 -0.124317 -8.82447
      vertex -3.25299 -0.409625 -8.21664
    endloop
  endfacet
  facet normal -0.847319 0.421104 0.323609
    outer loop
      vertex -3.34334 -0.124317 -8.82447
      vertex -3.46708 -0.409625 -8.7772
      vertex -3.25299 -0.409625 -8.21664
    endloop
  endfacet
  facet normal -0.916826 0.191887 0.350156
    outer loop
      vertex -3.5134 -0.66322 -8.75951
      vertex -3.25299 -0.409625 -8.21664
      vertex -3.46708 -0.409625 -8.7772
    endloop
  endfacet
  facet normal -0.916826 0.191887 0.350156
    outer loop
      vertex -3.25299 -0.409625 -8.21664
      vertex -3.5134 -0.66322 -8.75951
      vertex -3.29931 -0.66322 -8.19895
    endloop
  endfacet
  facet normal -0.912736 -0.213063 0.348594
    outer loop
      vertex -3.25956 -0.85834 -8.21413
      vertex -3.5134 -0.66322 -8.75951
      vertex -3.47365 -0.85834 -8.77469
    endloop
  endfacet
  facet normal -0.912736 -0.213063 0.348594
    outer loop
      vertex -3.5134 -0.66322 -8.75951
      vertex -3.25956 -0.85834 -8.21413
      vertex -3.29931 -0.66322 -8.19895
    endloop
  endfacet
  facet normal -0.662296 -0.705254 0.252945
    outer loop
      vertex -3.46411 -0.868608 -8.77834
      vertex -3.25956 -0.85834 -8.21413
      vertex -3.47365 -0.85834 -8.77469
    endloop
  endfacet
  facet normal -0.662255 -0.705297 0.252931
    outer loop
      vertex -3.25956 -0.85834 -8.21413
      vertex -3.46411 -0.868608 -8.77834
      vertex -3.1354 -0.991932 -8.26156
    endloop
  endfacet
  facet normal -0.662281 -0.705264 0.252956
    outer loop
      vertex -3.1354 -0.991932 -8.26156
      vertex -3.46411 -0.868608 -8.77834
      vertex -3.3495 -0.991932 -8.82211
    endloop
  endfacet
  facet normal -0.199727 -0.976878 0.0762848
    outer loop
      vertex -3.33468 -0.995404 -8.82777
      vertex -3.1354 -0.991932 -8.26156
      vertex -3.3495 -0.991932 -8.82211
    endloop
  endfacet
  facet normal -0.199796 -0.976861 0.0763093
    outer loop
      vertex -3.1354 -0.991932 -8.26156
      vertex -3.33468 -0.995404 -8.82777
      vertex -2.94263 -1.03711 -8.33518
    endloop
  endfacet
  facet normal -0.199795 -0.976862 0.0763083
    outer loop
      vertex -2.94263 -1.03711 -8.33518
      vertex -3.33468 -0.995404 -8.82777
      vertex -3.15673 -1.03711 -8.89575
    endloop
  endfacet
  facet normal 0.462661 -0.868746 -0.176705
    outer loop
      vertex -3.14285 -1.02864 -8.90105
      vertex -2.94263 -1.03711 -8.33518
      vertex -3.15673 -1.03711 -8.89575
    endloop
  endfacet
  facet normal 0.462504 -0.868841 -0.176651
    outer loop
      vertex -2.94263 -1.03711 -8.33518
      vertex -3.14285 -1.02864 -8.90105
      vertex -2.76195 -0.926899 -8.40419
    endloop
  endfacet
  facet normal 0.462493 -0.868849 -0.176641
    outer loop
      vertex -2.76195 -0.926899 -8.40419
      vertex -3.14285 -1.02864 -8.90105
      vertex -2.97605 -0.926899 -8.96476
    endloop
  endfacet
  facet normal -0.57485 -0.788253 0.219554
    outer loop
      vertex -2.94976 -0.948868 -8.9748
      vertex -2.76195 -0.926899 -8.40419
      vertex -2.97605 -0.926899 -8.96476
    endloop
  endfacet
  facet normal -0.574865 -0.788241 0.219559
    outer loop
      vertex -2.76195 -0.926899 -8.40419
      vertex -2.94976 -0.948868 -8.9748
      vertex -2.41985 -1.21279 -8.53486
    endloop
  endfacet
  facet normal -0.574866 -0.78824 0.21956
    outer loop
      vertex -2.41985 -1.21279 -8.53486
      vertex -2.94976 -0.948868 -8.9748
      vertex -2.63395 -1.21279 -9.09543
    endloop
  endfacet
  facet normal -0.578396 0.785275 0.22091
    outer loop
      vertex -2.41985 -1.21279 -8.53486
      vertex -2.6497 -1.22608 -9.08942
      vertex -2.62477 -1.38574 -8.4566
    endloop
  endfacet
  facet normal -0.578359 0.785307 0.220894
    outer loop
      vertex -2.6497 -1.22608 -9.08942
      vertex -2.41985 -1.21279 -8.53486
      vertex -2.63395 -1.21279 -9.09543
    endloop
  endfacet
  facet normal -0.578412 0.785264 0.220908
    outer loop
      vertex -2.6497 -1.22608 -9.08942
      vertex -2.83886 -1.38574 -9.01716
      vertex -2.62477 -1.38574 -8.4566
    endloop
  endfacet
  facet normal -0.299664 0.947155 0.114446
    outer loop
      vertex -2.62477 -1.38574 -8.4566
      vertex -2.85505 -1.39161 -9.01098
      vertex -2.83537 -1.46209 -8.37616
    endloop
  endfacet
  facet normal -0.29971 0.947139 0.114466
    outer loop
      vertex -2.85505 -1.39161 -9.01098
      vertex -2.62477 -1.38574 -8.4566
      vertex -2.83886 -1.38574 -9.01716
    endloop
  endfacet
  facet normal -0.29966 0.947157 0.114446
    outer loop
      vertex -2.85505 -1.39161 -9.01098
      vertex -3.04946 -1.46209 -8.93672
      vertex -2.83537 -1.46209 -8.37616
    endloop
  endfacet
  facet normal 0.0750522 0.996767 -0.0286754
    outer loop
      vertex -2.83537 -1.46209 -8.37616
      vertex -3.0668 -1.4606 -8.93009
      vertex -3.06102 -1.44262 -8.28997
    endloop
  endfacet
  facet normal 0.074739 0.996795 -0.0285444
    outer loop
      vertex -3.0668 -1.4606 -8.93009
      vertex -2.83537 -1.46209 -8.37616
      vertex -3.04946 -1.46209 -8.93672
    endloop
  endfacet
  facet normal 0.0750824 0.996765 -0.0286756
    outer loop
      vertex -3.0668 -1.4606 -8.93009
      vertex -3.27511 -1.44262 -8.85053
      vertex -3.06102 -1.44262 -8.28997
    endloop
  endfacet
  facet normal 0.367547 0.919352 -0.140365
    outer loop
      vertex -3.06102 -1.44262 -8.28997
      vertex -3.29433 -1.43381 -8.84319
      vertex -3.31105 -1.32808 -8.19447
    endloop
  endfacet
  facet normal 0.367734 0.919264 -0.140446
    outer loop
      vertex -3.29433 -1.43381 -8.84319
      vertex -3.06102 -1.44262 -8.28997
      vertex -3.27511 -1.44262 -8.85053
    endloop
  endfacet
  facet normal 0.367522 0.919361 -0.140367
    outer loop
      vertex -3.29433 -1.43381 -8.84319
      vertex -3.52514 -1.32808 -8.75502
      vertex -3.31105 -1.32808 -8.19447
    endloop
  endfacet
  facet normal 0.622244 0.745877 -0.237655
    outer loop
      vertex -3.31105 -1.32808 -8.19447
      vertex -3.54643 -1.30773 -8.74689
      vertex -3.58797 -1.06336 -8.0887
    endloop
  endfacet
  facet normal 0.622219 0.745901 -0.237643
    outer loop
      vertex -3.54643 -1.30773 -8.74689
      vertex -3.31105 -1.32808 -8.19447
      vertex -3.52514 -1.32808 -8.75502
    endloop
  endfacet
  facet normal 0.622247 0.745875 -0.237654
    outer loop
      vertex -3.54643 -1.30773 -8.74689
      vertex -3.80206 -1.06336 -8.64925
      vertex -3.58797 -1.06336 -8.0887
    endloop
  endfacet
  facet normal 0.158702 -0.985464 -0.060611
    outer loop
      vertex -2.71301 -0.251485 -9.06523
      vertex -2.48873 -0.249605 -8.50855
      vertex -2.6213 -0.274069 -8.45791
    endloop
  endfacet
  facet normal 0.15881 -0.985444 -0.0606548
    outer loop
      vertex -2.48873 -0.249605 -8.50855
      vertex -2.71301 -0.251485 -9.06523
      vertex -2.70283 -0.249605 -9.06912
    endloop
  endfacet
  facet normal 0.158692 -0.985466 -0.0606095
    outer loop
      vertex -2.6213 -0.274069 -8.45791
      vertex -2.8354 -0.274069 -9.01848
      vertex -2.71301 -0.251485 -9.06523
    endloop
  endfacet
  facet normal 0.524701 -0.827362 -0.2004
    outer loop
      vertex -2.70283 -0.249605 -9.06912
      vertex -2.36583 -0.160294 -8.55549
      vertex -2.48873 -0.249605 -8.50855
    endloop
  endfacet
  facet normal 0.524701 -0.827362 -0.2004
    outer loop
      vertex -2.36583 -0.160294 -8.55549
      vertex -2.70283 -0.249605 -9.06912
      vertex -2.57993 -0.160294 -9.11606
    endloop
  endfacet
  facet normal 0.744428 -0.604143 -0.284321
    outer loop
      vertex -2.57993 -0.160294 -9.11606
      vertex -2.26137 -0.012805 -8.59538
      vertex -2.36583 -0.160294 -8.55549
    endloop
  endfacet
  facet normal 0.744439 -0.604123 -0.284334
    outer loop
      vertex -2.26137 -0.012805 -8.59538
      vertex -2.57993 -0.160294 -9.11606
      vertex -2.47548 -0.012805 -9.15596
    endloop
  endfacet
  facet normal 0.861242 -0.387373 -0.328946
    outer loop
      vertex -2.19385 0.159006 -8.62117
      vertex -2.41314 0.145808 -9.17977
      vertex -2.40796 0.159006 -9.18175
    endloop
  endfacet
  facet normal 0.86109 -0.387767 -0.328877
    outer loop
      vertex -2.41314 0.145808 -9.17977
      vertex -2.19385 0.159006 -8.62117
      vertex -2.26137 -0.012805 -8.59538
    endloop
  endfacet
  facet normal 0.861074 -0.387799 -0.328882
    outer loop
      vertex -2.26137 -0.012805 -8.59538
      vertex -2.47548 -0.012805 -9.15596
      vertex -2.41314 0.145808 -9.17977
    endloop
  endfacet
  facet normal 0.932468 -0.0605462 -0.356144
    outer loop
      vertex -2.18499 0.315257 -8.62455
      vertex -2.39978 0.303255 -9.18488
      vertex -2.3991 0.315257 -9.18514
    endloop
  endfacet
  facet normal 0.932466 -0.0605782 -0.356142
    outer loop
      vertex -2.39978 0.303255 -9.18488
      vertex -2.18499 0.315257 -8.62455
      vertex -2.19385 0.159006 -8.62117
    endloop
  endfacet
  facet normal 0.932462 -0.0606055 -0.356148
    outer loop
      vertex -2.19385 0.159006 -8.62117
      vertex -2.40796 0.159006 -9.18175
      vertex -2.39978 0.303255 -9.18488
    endloop
  endfacet
  facet normal 0.869906 0.364518 -0.332249
    outer loop
      vertex -2.18499 0.315257 -8.62455
      vertex -2.44724 0.446903 -9.16675
      vertex -2.23313 0.446903 -8.60616
    endloop
  endfacet
  facet normal 0.86988 0.364614 -0.332213
    outer loop
      vertex -2.44724 0.446903 -9.16675
      vertex -2.18499 0.315257 -8.62455
      vertex -2.44354 0.436791 -9.16816
    endloop
  endfacet
  facet normal 0.869909 0.36451 -0.33225
    outer loop
      vertex -2.3991 0.315257 -9.18514
      vertex -2.44354 0.436791 -9.16816
      vertex -2.18499 0.315257 -8.62455
    endloop
  endfacet
  facet normal 0.618757 0.749194 -0.236319
    outer loop
      vertex -2.23313 0.446903 -8.60616
      vertex -2.55069 0.544813 -9.12723
      vertex -2.33659 0.544813 -8.56665
    endloop
  endfacet
  facet normal 0.618773 0.749177 -0.236332
    outer loop
      vertex -2.55069 0.544813 -9.12723
      vertex -2.23313 0.446903 -8.60616
      vertex -2.44724 0.446903 -9.16675
    endloop
  endfacet
  facet normal 0.277034 0.955017 -0.105808
    outer loop
      vertex -2.67671 0.586701 -9.0791
      vertex -2.47309 0.590186 -8.51451
      vertex -2.33659 0.544813 -8.56665
    endloop
  endfacet
  facet normal 0.277082 0.955001 -0.105825
    outer loop
      vertex -2.47309 0.590186 -8.51451
      vertex -2.67671 0.586701 -9.0791
      vertex -2.68719 0.590186 -9.07509
    endloop
  endfacet
  facet normal 0.277031 0.955018 -0.105805
    outer loop
      vertex -2.55069 0.544813 -9.12723
      vertex -2.67671 0.586701 -9.0791
      vertex -2.33659 0.544813 -8.56665
    endloop
  endfacet
  facet normal -0.178325 0.981612 0.0681068
    outer loop
      vertex -2.47309 0.590186 -8.51451
      vertex -2.82879 0.56071 -9.02101
      vertex -2.61469 0.56071 -8.46043
    endloop
  endfacet
  facet normal -0.178325 0.981612 0.0681068
    outer loop
      vertex -2.82879 0.56071 -9.02101
      vertex -2.47309 0.590186 -8.51451
      vertex -2.68719 0.590186 -9.07509
    endloop
  endfacet
  facet normal -0.530629 0.823019 0.202662
    outer loop
      vertex -2.9532 0.468798 -8.97349
      vertex -2.74945 0.461149 -8.40895
      vertex -2.61469 0.56071 -8.46043
    endloop
  endfacet
  facet normal -0.530365 0.823213 0.202569
    outer loop
      vertex -2.74945 0.461149 -8.40895
      vertex -2.9532 0.468798 -8.97349
      vertex -2.96356 0.461149 -8.96953
    endloop
  endfacet
  facet normal -0.530626 0.823022 0.20266
    outer loop
      vertex -2.82879 0.56071 -9.02101
      vertex -2.9532 0.468798 -8.97349
      vertex -2.61469 0.56071 -8.46043
    endloop
  endfacet
  facet normal -0.746364 0.601396 0.285069
    outer loop
      vertex -3.07957 0.296171 -8.92522
      vertex -2.74945 0.461149 -8.40895
      vertex -2.96356 0.461149 -8.96953
    endloop
  endfacet
  facet normal -0.746354 0.601414 0.285057
    outer loop
      vertex -2.74945 0.461149 -8.40895
      vertex -3.07957 0.296171 -8.92522
      vertex -2.86547 0.296171 -8.36465
    endloop
  endfacet
  facet normal -0.872872 0.356283 0.333402
    outer loop
      vertex -3.134 0.143403 -8.90443
      vertex -2.86547 0.296171 -8.36465
      vertex -3.12982 0.155141 -8.90603
    endloop
  endfacet
  facet normal -0.872853 0.356358 0.333371
    outer loop
      vertex -2.86547 0.296171 -8.36465
      vertex -3.134 0.143403 -8.90443
      vertex -2.9199 0.143403 -8.34386
    endloop
  endfacet
  facet normal -0.872851 0.356365 0.33337
    outer loop
      vertex -3.07957 0.296171 -8.92522
      vertex -3.12982 0.155141 -8.90603
      vertex -2.86547 0.296171 -8.36465
    endloop
  endfacet
  facet normal -0.933725 -0.0313042 0.35662
    outer loop
      vertex -2.9155 -0.00397015 -8.34554
      vertex -3.12993 0.00735387 -8.90598
      vertex -3.1296 -0.00397015 -8.90611
    endloop
  endfacet
  facet normal -0.93371 -0.0319422 0.356602
    outer loop
      vertex -3.12993 0.00735387 -8.90598
      vertex -2.9155 -0.00397015 -8.34554
      vertex -2.9199 0.143403 -8.34386
    endloop
  endfacet
  facet normal -0.933704 -0.0319953 0.356612
    outer loop
      vertex -2.9199 0.143403 -8.34386
      vertex -3.134 0.143403 -8.90443
      vertex -3.12993 0.00735387 -8.90598
    endloop
  endfacet
  facet normal -0.843152 -0.430573 0.322027
    outer loop
      vertex -2.85842 -0.132049 -8.36734
      vertex -3.1296 -0.00397015 -8.90611
      vertex -3.07252 -0.132049 -8.92791
    endloop
  endfacet
  facet normal -0.843152 -0.430573 0.322027
    outer loop
      vertex -3.1296 -0.00397015 -8.90611
      vertex -2.85842 -0.132049 -8.36734
      vertex -2.9155 -0.00397015 -8.34554
    endloop
  endfacet
  facet normal -0.607609 -0.759578 0.232063
    outer loop
      vertex -2.97686 -0.219732 -8.96445
      vertex -2.7548 -0.22703 -8.40692
      vertex -2.85842 -0.132049 -8.36734
    endloop
  endfacet
  facet normal -0.607694 -0.759499 0.232098
    outer loop
      vertex -2.7548 -0.22703 -8.40692
      vertex -2.97686 -0.219732 -8.96445
      vertex -2.9689 -0.22703 -8.96749
    endloop
  endfacet
  facet normal -0.607601 -0.759584 0.232063
    outer loop
      vertex -2.85842 -0.132049 -8.36734
      vertex -3.07252 -0.132049 -8.92791
      vertex -2.97686 -0.219732 -8.96445
    endloop
  endfacet
  facet normal -0.292078 -0.949866 0.111556
    outer loop
      vertex -2.84566 -0.270455 -9.01456
      vertex -2.6213 -0.274069 -8.45791
      vertex -2.7548 -0.22703 -8.40692
    endloop
  endfacet
  facet normal -0.291986 -0.949899 0.111519
    outer loop
      vertex -2.6213 -0.274069 -8.45791
      vertex -2.84566 -0.270455 -9.01456
      vertex -2.8354 -0.274069 -9.01848
    endloop
  endfacet
  facet normal -0.292087 -0.949863 0.111558
    outer loop
      vertex -2.7548 -0.22703 -8.40692
      vertex -2.9689 -0.22703 -8.96749
      vertex -2.84566 -0.270455 -9.01456
    endloop
  endfacet
  facet normal -0.467078 -0.866034 0.17839
    outer loop
      vertex -4.6439 0.0173728 -8.32769
      vertex -4.46114 0.0367336 -7.75518
      vertex -4.67523 0.0367336 -8.31573
    endloop
  endfacet
  facet normal -0.467099 -0.866021 0.178397
    outer loop
      vertex -4.46114 0.0367336 -7.75518
      vertex -4.6439 0.0173728 -8.32769
      vertex -4.05368 -0.215096 -7.91082
    endloop
  endfacet
  facet normal -0.467102 -0.866018 0.178403
    outer loop
      vertex -4.05368 -0.215096 -7.91082
      vertex -4.6439 0.0173728 -8.32769
      vertex -4.26777 -0.215096 -8.47136
    endloop
  endfacet
  facet normal -0.809016 0.500017 0.308992
    outer loop
      vertex -4.51605 -0.675409 -8.37653
      vertex -4.05368 -0.215096 -7.91082
      vertex -4.26777 -0.215096 -8.47136
    endloop
  endfacet
  facet normal -0.809016 0.500017 0.308992
    outer loop
      vertex -4.05368 -0.215096 -7.91082
      vertex -4.51605 -0.675409 -8.37653
      vertex -4.30196 -0.675409 -7.81599
    endloop
  endfacet
  facet normal 0.467101 0.866018 -0.178406
    outer loop
      vertex -4.30196 -0.675409 -7.81599
      vertex -4.92351 -0.423578 -8.22089
      vertex -4.70942 -0.423578 -7.66036
    endloop
  endfacet
  facet normal 0.467099 0.86602 -0.178402
    outer loop
      vertex -4.92351 -0.423578 -8.22089
      vertex -4.30196 -0.675409 -7.81599
      vertex -4.51605 -0.675409 -8.37653
    endloop
  endfacet
  facet normal 0.809018 -0.500013 -0.308994
    outer loop
      vertex -4.70942 -0.423578 -7.66036
      vertex -4.90442 -0.388184 -8.22819
      vertex -4.46114 0.0367336 -7.75518
    endloop
  endfacet
  facet normal 0.80899 -0.500063 -0.308987
    outer loop
      vertex -4.90442 -0.388184 -8.22819
      vertex -4.70942 -0.423578 -7.66036
      vertex -4.92351 -0.423578 -8.22089
    endloop
  endfacet
  facet normal 0.809017 -0.50002 -0.308986
    outer loop
      vertex -4.46114 0.0367336 -7.75518
      vertex -4.90442 -0.388184 -8.22819
      vertex -4.67523 0.0367336 -8.31573
    endloop
  endfacet
  facet normal 0.577359 0.57736 -0.577332
    outer loop
      vertex 4.36999 6.04156 -4.89373
      vertex 4.09713 6.29857 -4.90958
      vertex 4.2928 6.31711 -4.69536
    endloop
  endfacet
  facet normal 0.57735 0.577363 -0.577337
    outer loop
      vertex 4.44897 5.01643 -5.83988
      vertex 4.33122 4.85008 -6.12399
      vertex 4.36398 5.05689 -5.88441
    endloop
  endfacet
  facet normal 0.577336 0.57735 -0.577365
    outer loop
      vertex 4.43556 6.03725 -4.83246
      vertex 4.2928 6.31711 -4.69536
      vertex 4.55215 6.20331 -4.54982
    endloop
  endfacet
  facet normal 0.577398 0.577334 -0.577319
    outer loop
      vertex 4.60458 5.93266 -4.76804
      vertex 4.51955 5.99743 -4.78831
      vertex 4.55215 6.20331 -4.54982
    endloop
  endfacet
  facet normal 0.577362 0.577346 -0.577343
    outer loop
      vertex 4.70927 5.67211 -4.9239
      vertex 4.69513 5.77588 -4.83427
      vertex 5.01389 5.59736 -4.69402
    endloop
  endfacet
  facet normal 0.577362 0.577344 -0.577345
    outer loop
      vertex 5.0311 5.39845 -4.87572
      vertex 4.70488 5.54189 -5.05851
      vertex 4.70927 5.67211 -4.9239
    endloop
  endfacet
  facet normal 0.57735 0.57735 -0.57735
    outer loop
      vertex 5.01005 5.17541 -5.11982
      vertex 4.68277 5.37768 -5.24483
      vertex 4.70488 5.54189 -5.05851
    endloop
  endfacet
  facet normal 0.57735 0.57735 -0.57735
    outer loop
      vertex 5.01005 5.17541 -5.11982
      vertex 4.6122 5.11153 -5.58155
      vertex 4.6498 5.22148 -5.434
    endloop
  endfacet
  facet normal 0.577325 0.57734 -0.577386
    outer loop
      vertex 4.78278 4.75721 -5.76528
      vertex 4.56799 5.04317 -5.69411
      vertex 4.6122 5.11153 -5.58155
    endloop
  endfacet
  facet normal 0.577364 0.57735 -0.577336
    outer loop
      vertex 4.78278 4.75721 -5.76528
      vertex 4.33122 4.85008 -6.12399
      vertex 4.44897 5.01643 -5.83988
    endloop
  endfacet
  facet normal 0.577344 0.577376 -0.577331
    outer loop
      vertex 4.33122 4.85008 -6.12399
      vertex 4.08884 5.04714 -6.1693
      vertex 4.28339 5.1194 -5.90248
    endloop
  endfacet
  facet normal 0.57735 0.57735 -0.57735
    outer loop
      vertex 4.17981 5.38442 -5.74105
      vertex 3.86149 5.56292 -5.88087
      vertex 4.18317 5.51438 -5.60773
    endloop
  endfacet
  facet normal 0.577334 0.577284 -0.577432
    outer loop
      vertex 4.78278 4.75721 -5.76528
      vertex 4.44897 5.01643 -5.83988
      vertex 4.51528 5.01167 -5.77834
    endloop
  endfacet
  facet normal 0.577413 0.577376 -0.577262
    outer loop
      vertex 4.78278 4.75721 -5.76528
      vertex 4.51528 5.01167 -5.77834
      vertex 4.56799 5.04317 -5.69411
    endloop
  endfacet
  facet normal 0.577357 0.577339 -0.577355
    outer loop
      vertex 4.78278 4.75721 -5.76528
      vertex 4.6122 5.11153 -5.58155
      vertex 5.01005 5.17541 -5.11982
    endloop
  endfacet
  facet normal 0.577362 0.577339 -0.57735
    outer loop
      vertex 4.31788 6.00981 -4.97758
      vertex 3.95984 6.15071 -5.19473
      vertex 4.09713 6.29857 -4.90958
    endloop
  endfacet
  facet normal 0.57735 0.57735 -0.57735
    outer loop
      vertex 5.01005 5.17541 -5.11982
      vertex 4.6498 5.22148 -5.434
      vertex 4.68277 5.37768 -5.24483
    endloop
  endfacet
  facet normal 0.577361 0.577356 -0.577333
    outer loop
      vertex 5.01005 5.17541 -5.11982
      vertex 4.70488 5.54189 -5.05851
      vertex 5.0311 5.39845 -4.87572
    endloop
  endfacet
  facet normal 0.577363 0.577348 -0.577341
    outer loop
      vertex 5.01389 5.59736 -4.69402
      vertex 4.69513 5.77588 -4.83427
      vertex 4.95881 5.77422 -4.57224
    endloop
  endfacet
  facet normal 0.577363 0.577345 -0.577343
    outer loop
      vertex 5.0311 5.39845 -4.87572
      vertex 4.70927 5.67211 -4.9239
      vertex 5.01389 5.59736 -4.69402
    endloop
  endfacet
  facet normal 0.577329 0.577325 -0.577397
    outer loop
      vertex 4.31788 6.00981 -4.97758
      vertex 4.09713 6.29857 -4.90958
      vertex 4.36999 6.04156 -4.89373
    endloop
  endfacet
  facet normal 0.57735 0.57735 -0.57735
    outer loop
      vertex 4.73199 6.07264 -4.50065
      vertex 4.60458 5.93266 -4.76804
      vertex 4.55215 6.20331 -4.54982
    endloop
  endfacet
  facet normal 0.57735 0.57735 -0.57735
    outer loop
      vertex 4.86619 5.93113 -4.50796
      vertex 4.60458 5.93266 -4.76804
      vertex 4.73199 6.07264 -4.50065
    endloop
  endfacet
  facet normal 0.577362 0.577326 -0.577363
    outer loop
      vertex 4.95881 5.77422 -4.57224
      vertex 4.60458 5.93266 -4.76804
      vertex 4.86619 5.93113 -4.50796
    endloop
  endfacet
  facet normal 0.57736 0.577355 -0.577335
    outer loop
      vertex 4.60458 5.93266 -4.76804
      vertex 4.95881 5.77422 -4.57224
      vertex 4.66167 5.86078 -4.78283
    endloop
  endfacet
  facet normal 0.577362 0.577349 -0.57734
    outer loop
      vertex 4.66167 5.86078 -4.78283
      vertex 4.95881 5.77422 -4.57224
      vertex 4.69513 5.77588 -4.83427
    endloop
  endfacet
  facet normal 0.577258 0.57742 -0.577373
    outer loop
      vertex 4.51955 5.99743 -4.78831
      vertex 4.43556 6.03725 -4.83246
      vertex 4.55215 6.20331 -4.54982
    endloop
  endfacet
  facet normal 0.577396 0.577351 -0.577304
    outer loop
      vertex 4.36999 6.04156 -4.89373
      vertex 4.2928 6.31711 -4.69536
      vertex 4.43556 6.03725 -4.83246
    endloop
  endfacet
  facet normal 0.577362 0.57734 -0.577349
    outer loop
      vertex 4.27434 5.94142 -5.08951
      vertex 3.95984 6.15071 -5.19473
      vertex 4.31788 6.00981 -4.97758
    endloop
  endfacet
  facet normal 0.577367 0.577361 -0.577323
    outer loop
      vertex 4.23714 5.83111 -5.23703
      vertex 3.95984 6.15071 -5.19473
      vertex 4.27434 5.94142 -5.08951
    endloop
  endfacet
  facet normal 0.577337 0.577342 -0.577371
    outer loop
      vertex 4.20408 5.67353 -5.42766
      vertex 3.95984 6.15071 -5.19473
      vertex 4.23714 5.83111 -5.23703
    endloop
  endfacet
  facet normal 0.577362 0.577342 -0.577347
    outer loop
      vertex 4.20408 5.67353 -5.42766
      vertex 3.87565 5.87652 -5.55311
      vertex 3.95984 6.15071 -5.19473
    endloop
  endfacet
  facet normal 0.577364 0.577359 -0.577327
    outer loop
      vertex 4.18317 5.51438 -5.60773
      vertex 3.87565 5.87652 -5.55311
      vertex 4.20408 5.67353 -5.42766
    endloop
  endfacet
  facet normal 0.57735 0.57735 -0.57735
    outer loop
      vertex 3.87565 5.87652 -5.55311
      vertex 4.18317 5.51438 -5.60773
      vertex 3.86149 5.56292 -5.88087
    endloop
  endfacet
  facet normal 0.57735 0.57735 -0.57735
    outer loop
      vertex 4.19456 5.2786 -5.83212
      vertex 3.86149 5.56292 -5.88087
      vertex 4.17981 5.38442 -5.74105
    endloop
  endfacet
  facet normal 0.57735 0.57735 -0.57735
    outer loop
      vertex 4.19456 5.2786 -5.83212
      vertex 3.93242 5.2856 -6.08726
      vertex 3.86149 5.56292 -5.88087
    endloop
  endfacet
  facet normal 0.57735 0.57735 -0.57735
    outer loop
      vertex 3.93242 5.2856 -6.08726
      vertex 4.19456 5.2786 -5.83212
      vertex 4.22801 5.19178 -5.88549
    endloop
  endfacet
  facet normal 0.57735 0.57735 -0.57735
    outer loop
      vertex 4.08884 5.04714 -6.1693
      vertex 3.93242 5.2856 -6.08726
      vertex 4.22801 5.19178 -5.88549
    endloop
  endfacet
  facet normal 0.577309 0.577388 -0.577353
    outer loop
      vertex 4.33122 4.85008 -6.12399
      vertex 4.28339 5.1194 -5.90248
      vertex 4.36398 5.05689 -5.88441
    endloop
  endfacet
  facet normal 0.577396 0.577305 -0.57735
    outer loop
      vertex 4.28339 5.1194 -5.90248
      vertex 4.08884 5.04714 -6.1693
      vertex 4.22801 5.19178 -5.88549
    endloop
  endfacet
  facet normal 0.577348 0.577338 -0.577365
    outer loop
      vertex 5.43717 4.40183 -5.46628
      vertex 5.0278 4.4401 -5.83737
      vertex 5.06099 4.63433 -5.60996
    endloop
  endfacet
  facet normal 0.577348 0.577338 -0.577365
    outer loop
      vertex 5.76447 4.19954 -5.34127
      vertex 5.0278 4.4401 -5.83737
      vertex 5.43717 4.40183 -5.46628
    endloop
  endfacet
  facet normal 0.577338 0.577332 -0.577381
    outer loop
      vertex 6.27721 4.65321 -4.37485
      vertex 5.91707 5.09259 -4.29562
      vertex 6.31231 4.8586 -4.13438
    endloop
  endfacet
  facet normal 0.577341 0.577356 -0.577354
    outer loop
      vertex 6.31231 4.8586 -4.13438
      vertex 5.91707 5.09259 -4.29562
      vertex 5.93753 5.32551 -4.04224
    endloop
  endfacet
  facet normal 0.577341 0.577358 -0.577351
    outer loop
      vertex 5.91707 5.09259 -4.29562
      vertex 5.43717 4.40183 -5.46628
      vertex 5.62772 5.51698 -4.16057
    endloop
  endfacet
  facet normal 0.57735 0.57735 -0.57735
    outer loop
      vertex 5.76447 4.19954 -5.34127
      vertex 5.43717 4.40183 -5.46628
      vertex 5.91707 5.09259 -4.29562
    endloop
  endfacet
  facet normal 0.577338 0.577357 -0.577356
    outer loop
      vertex 5.91707 5.09259 -4.29562
      vertex 5.62772 5.51698 -4.16057
      vertex 5.93753 5.32551 -4.04224
    endloop
  endfacet
  facet normal 0.57735 0.57735 -0.57735
    outer loop
      vertex 6.13774 3.75411 -5.41343
      vertex 5.76447 4.19954 -5.34127
      vertex 6.17093 3.94833 -5.18602
    endloop
  endfacet
  facet normal 0.577346 0.577348 -0.577357
    outer loop
      vertex 5.76447 4.19954 -5.34127
      vertex 6.13774 3.75411 -5.41343
      vertex 5.0278 4.4401 -5.83737
    endloop
  endfacet
  facet normal 0.623559 0.144708 0.768267
    outer loop
      vertex 3.93242 5.2856 -6.08726
      vertex 4.43525 5.39354 -6.51571
      vertex 4.27883 5.63201 -6.43367
    endloop
  endfacet
  facet normal 0.623558 0.144713 0.768267
    outer loop
      vertex 4.43525 5.39354 -6.51571
      vertex 3.93242 5.2856 -6.08726
      vertex 4.08884 5.04714 -6.1693
    endloop
  endfacet
  facet normal 0.791372 -0.221617 0.569751
    outer loop
      vertex 3.93242 5.2856 -6.08726
      vertex 4.27336 5.65336 -6.41777
      vertex 3.86149 5.56292 -5.88087
    endloop
  endfacet
  facet normal 0.791361 -0.221581 0.56978
    outer loop
      vertex 4.27336 5.65336 -6.41777
      vertex 3.93242 5.2856 -6.08726
      vertex 4.27883 5.63201 -6.43367
    endloop
  endfacet
  facet normal 0.79137 -0.221641 0.569745
    outer loop
      vertex 4.2079 5.90933 -6.22727
      vertex 3.86149 5.56292 -5.88087
      vertex 4.27336 5.65336 -6.41777
    endloop
  endfacet
  facet normal 0.815897 -0.434974 0.380933
    outer loop
      vertex 3.86149 5.56292 -5.88087
      vertex 4.20899 5.93348 -6.20203
      vertex 3.87565 5.87652 -5.55311
    endloop
  endfacet
  facet normal 0.815897 -0.434963 0.380945
    outer loop
      vertex 4.20899 5.93348 -6.20203
      vertex 3.86149 5.56292 -5.88087
      vertex 4.2079 5.90933 -6.22727
    endloop
  endfacet
  facet normal 0.815909 -0.434944 0.380942
    outer loop
      vertex 4.22205 6.22293 -5.89952
      vertex 3.87565 5.87652 -5.55311
      vertex 4.20899 5.93348 -6.20203
    endloop
  endfacet
  facet normal 0.795628 -0.556655 0.238979
    outer loop
      vertex 3.87565 5.87652 -5.55311
      vertex 4.30625 6.49712 -5.54113
      vertex 3.95984 6.15071 -5.19473
    endloop
  endfacet
  facet normal 0.795634 -0.556659 0.238952
    outer loop
      vertex 4.30625 6.49712 -5.54113
      vertex 3.87565 5.87652 -5.55311
      vertex 4.22205 6.22293 -5.89952
    endloop
  endfacet
  facet normal 0.71568 -0.69821 0.0174703
    outer loop
      vertex 3.95984 6.15071 -5.19473
      vertex 4.44354 6.64498 -5.25598
      vertex 4.09713 6.29857 -4.90958
    endloop
  endfacet
  facet normal 0.71568 -0.69821 0.0174703
    outer loop
      vertex 4.44354 6.64498 -5.25598
      vertex 3.95984 6.15071 -5.19473
      vertex 4.30625 6.49712 -5.54113
    endloop
  endfacet
  facet normal 0.462239 -0.814001 -0.351763
    outer loop
      vertex 4.09713 6.29857 -4.90958
      vertex 4.63921 6.66352 -5.04177
      vertex 4.2928 6.31711 -4.69536
    endloop
  endfacet
  facet normal 0.462234 -0.813999 -0.351775
    outer loop
      vertex 4.63921 6.66352 -5.04177
      vertex 4.09713 6.29857 -4.90958
      vertex 4.44354 6.64498 -5.25598
    endloop
  endfacet
  facet normal 0.0575491 -0.734123 -0.676574
    outer loop
      vertex 4.63921 6.66352 -5.04177
      vertex 4.55215 6.20331 -4.54982
      vertex 4.2928 6.31711 -4.69536
    endloop
  endfacet
  facet normal 0.0575749 -0.734124 -0.67657
    outer loop
      vertex 4.55215 6.20331 -4.54982
      vertex 4.63921 6.66352 -5.04177
      vertex 4.89855 6.54972 -4.89622
    endloop
  endfacet
  facet normal -0.206704 -0.580724 -0.787422
    outer loop
      vertex 4.73199 6.07264 -4.50065
      vertex 4.89855 6.54972 -4.89622
      vertex 5.07839 6.41905 -4.84706
    endloop
  endfacet
  facet normal -0.206669 -0.580736 -0.787422
    outer loop
      vertex 4.89855 6.54972 -4.89622
      vertex 4.73199 6.07264 -4.50065
      vertex 4.55215 6.20331 -4.54982
    endloop
  endfacet
  facet normal -0.440249 -0.375373 -0.815645
    outer loop
      vertex 4.73199 6.07264 -4.50065
      vertex 5.2126 6.27754 -4.85436
      vertex 4.86619 5.93113 -4.50796
    endloop
  endfacet
  facet normal -0.440216 -0.375431 -0.815635
    outer loop
      vertex 5.2126 6.27754 -4.85436
      vertex 4.73199 6.07264 -4.50065
      vertex 5.07839 6.41905 -4.84706
    endloop
  endfacet
  facet normal -0.660951 -0.0846844 -0.745635
    outer loop
      vertex 4.86619 5.93113 -4.50796
      vertex 5.30522 6.12063 -4.91865
      vertex 4.95881 5.77422 -4.57224
    endloop
  endfacet
  facet normal -0.660962 -0.0846459 -0.74563
    outer loop
      vertex 5.30522 6.12063 -4.91865
      vertex 4.86619 5.93113 -4.50796
      vertex 5.2126 6.27754 -4.85436
    endloop
  endfacet
  facet normal -0.777809 0.173823 -0.603986
    outer loop
      vertex 5.30946 6.10701 -4.92803
      vertex 4.95881 5.77422 -4.57224
      vertex 5.30522 6.12063 -4.91865
    endloop
  endfacet
  facet normal -0.777777 0.17371 -0.60406
    outer loop
      vertex 4.95881 5.77422 -4.57224
      vertex 5.30946 6.10701 -4.92803
      vertex 5.01389 5.59736 -4.69402
    endloop
  endfacet
  facet normal -0.777772 0.173703 -0.604068
    outer loop
      vertex 5.3603 5.94377 -5.04043
      vertex 5.01389 5.59736 -4.69402
      vertex 5.30946 6.10701 -4.92803
    endloop
  endfacet
  facet normal -0.814011 0.351877 -0.462134
    outer loop
      vertex 5.36162 5.92845 -5.05442
      vertex 5.01389 5.59736 -4.69402
      vertex 5.3603 5.94377 -5.04043
    endloop
  endfacet
  facet normal -0.814006 0.35179 -0.46221
    outer loop
      vertex 5.01389 5.59736 -4.69402
      vertex 5.36162 5.92845 -5.05442
      vertex 5.0311 5.39845 -4.87572
    endloop
  endfacet
  facet normal -0.814003 0.351785 -0.462219
    outer loop
      vertex 5.37751 5.74486 -5.22213
      vertex 5.0311 5.39845 -4.87572
      vertex 5.36162 5.92845 -5.05442
    endloop
  endfacet
  facet normal -0.814026 0.462049 -0.351954
    outer loop
      vertex 5.01005 5.17541 -5.11982
      vertex 5.37751 5.74486 -5.22213
      vertex 5.35645 5.52182 -5.46623
    endloop
  endfacet
  facet normal -0.81402 0.46204 -0.35198
    outer loop
      vertex 5.37751 5.74486 -5.22213
      vertex 5.01005 5.17541 -5.11982
      vertex 5.0311 5.39845 -4.87572
    endloop
  endfacet
  facet normal -0.765767 0.628248 -0.137497
    outer loop
      vertex 5.33895 5.48961 -5.51594
      vertex 5.01005 5.17541 -5.11982
      vertex 5.35645 5.52182 -5.46623
    endloop
  endfacet
  facet normal -0.765745 0.628285 -0.137449
    outer loop
      vertex 5.01005 5.17541 -5.11982
      vertex 5.33895 5.48961 -5.51594
      vertex 4.78278 4.75721 -5.76528
    endloop
  endfacet
  facet normal -0.765743 0.628286 -0.137457
    outer loop
      vertex 5.12919 5.10362 -6.11169
      vertex 4.78278 4.75721 -5.76528
      vertex 5.33895 5.48961 -5.51594
    endloop
  endfacet
  facet normal -0.262719 0.800862 0.538144
    outer loop
      vertex 5.09441 5.11077 -6.13931
      vertex 4.78278 4.75721 -5.76528
      vertex 5.12919 5.10362 -6.11169
    endloop
  endfacet
  facet normal -0.262758 0.800868 0.538116
    outer loop
      vertex 4.78278 4.75721 -5.76528
      vertex 5.09441 5.11077 -6.13931
      vertex 4.33122 4.85008 -6.12399
    endloop
  endfacet
  facet normal -0.262759 0.800871 0.538112
    outer loop
      vertex 4.67762 5.19648 -6.47039
      vertex 4.33122 4.85008 -6.12399
      vertex 5.09441 5.11077 -6.13931
    endloop
  endfacet
  facet normal 0.277671 0.526126 0.803797
    outer loop
      vertex 4.65896 5.21166 -6.47388
      vertex 4.33122 4.85008 -6.12399
      vertex 4.67762 5.19648 -6.47039
    endloop
  endfacet
  facet normal 0.277562 0.526209 0.803781
    outer loop
      vertex 4.33122 4.85008 -6.12399
      vertex 4.65896 5.21166 -6.47388
      vertex 4.08884 5.04714 -6.1693
    endloop
  endfacet
  facet normal 0.277548 0.526236 0.803768
    outer loop
      vertex 4.43525 5.39354 -6.51571
      vertex 4.08884 5.04714 -6.1693
      vertex 4.65896 5.21166 -6.47388
    endloop
  endfacet
  facet normal 0.361857 -0.81481 -0.452929
    outer loop
      vertex 4.79538 5.36283 -6.18629
      vertex 4.51528 5.01167 -5.77834
      vertex 4.44897 5.01643 -5.83988
    endloop
  endfacet
  facet normal 0.361931 -0.814807 -0.452876
    outer loop
      vertex 4.51528 5.01167 -5.77834
      vertex 4.79538 5.36283 -6.18629
      vertex 4.86168 5.35807 -6.12474
    endloop
  endfacet
  facet normal 0.64101 -0.758489 -0.117479
    outer loop
      vertex 4.51528 5.01167 -5.77834
      vertex 4.9144 5.38958 -6.04052
      vertex 4.56799 5.04317 -5.69411
    endloop
  endfacet
  facet normal 0.64101 -0.758489 -0.117479
    outer loop
      vertex 4.9144 5.38958 -6.04052
      vertex 4.51528 5.01167 -5.77834
      vertex 4.86168 5.35807 -6.12474
    endloop
  endfacet
  facet normal 0.751936 -0.651551 0.100364
    outer loop
      vertex 4.56799 5.04317 -5.69411
      vertex 4.9586 5.45794 -5.92796
      vertex 4.6122 5.11153 -5.58155
    endloop
  endfacet
  facet normal 0.751946 -0.651532 0.100415
    outer loop
      vertex 4.9586 5.45794 -5.92796
      vertex 4.56799 5.04317 -5.69411
      vertex 4.9144 5.38958 -6.04052
    endloop
  endfacet
  facet normal 0.79157 -0.569166 0.222411
    outer loop
      vertex 4.6122 5.11153 -5.58155
      vertex 4.99621 5.56789 -5.7804
      vertex 4.6498 5.22148 -5.434
    endloop
  endfacet
  facet normal 0.791569 -0.569188 0.222359
    outer loop
      vertex 4.99621 5.56789 -5.7804
      vertex 4.6122 5.11153 -5.58155
      vertex 4.9586 5.45794 -5.92796
    endloop
  endfacet
  facet normal 0.805556 -0.518134 0.287431
    outer loop
      vertex 4.6498 5.22148 -5.434
      vertex 5.02918 5.72409 -5.59123
      vertex 4.68277 5.37768 -5.24483
    endloop
  endfacet
  facet normal 0.805556 -0.518134 0.287431
    outer loop
      vertex 5.02918 5.72409 -5.59123
      vertex 4.6498 5.22148 -5.434
      vertex 4.99621 5.56789 -5.7804
    endloop
  endfacet
  facet normal 0.811667 -0.482628 0.329039
    outer loop
      vertex 4.68277 5.37768 -5.24483
      vertex 5.05129 5.8883 -5.40492
      vertex 4.70488 5.54189 -5.05851
    endloop
  endfacet
  facet normal 0.811665 -0.482623 0.329052
    outer loop
      vertex 5.05129 5.8883 -5.40492
      vertex 4.68277 5.37768 -5.24483
      vertex 5.02918 5.72409 -5.59123
    endloop
  endfacet
  facet normal 0.816168 -0.428366 0.387778
    outer loop
      vertex 4.70488 5.54189 -5.05851
      vertex 5.05567 6.01852 -5.27031
      vertex 4.70927 5.67211 -4.9239
    endloop
  endfacet
  facet normal 0.816161 -0.428344 0.387818
    outer loop
      vertex 5.05567 6.01852 -5.27031
      vertex 4.70488 5.54189 -5.05851
      vertex 5.05129 5.8883 -5.40492
    endloop
  endfacet
  facet normal 0.810032 -0.316255 0.493792
    outer loop
      vertex 4.69513 5.77588 -4.83427
      vertex 5.05567 6.01852 -5.27031
      vertex 5.04154 6.12229 -5.18067
    endloop
  endfacet
  facet normal 0.810035 -0.316171 0.493841
    outer loop
      vertex 5.05567 6.01852 -5.27031
      vertex 4.69513 5.77588 -4.83427
      vertex 4.70927 5.67211 -4.9239
    endloop
  endfacet
  facet normal 0.751392 -0.0989795 0.652391
    outer loop
      vertex 4.66167 5.86078 -4.78283
      vertex 5.04154 6.12229 -5.18067
      vertex 5.00807 6.20719 -5.12924
    endloop
  endfacet
  facet normal 0.751421 -0.0991017 0.652338
    outer loop
      vertex 5.04154 6.12229 -5.18067
      vertex 4.66167 5.86078 -4.78283
      vertex 4.69513 5.77588 -4.83427
    endloop
  endfacet
  facet normal 0.538236 0.262597 0.80084
    outer loop
      vertex 4.60458 5.93266 -4.76804
      vertex 5.00807 6.20719 -5.12924
      vertex 4.95098 6.27907 -5.11444
    endloop
  endfacet
  facet normal 0.538191 0.262671 0.800846
    outer loop
      vertex 5.00807 6.20719 -5.12924
      vertex 4.60458 5.93266 -4.76804
      vertex 4.66167 5.86078 -4.78283
    endloop
  endfacet
  facet normal 0.236313 0.55872 0.794977
    outer loop
      vertex 4.86595 6.34383 -5.13471
      vertex 4.60458 5.93266 -4.76804
      vertex 4.8725 6.33884 -5.13315
    endloop
  endfacet
  facet normal 0.236154 0.558808 0.794962
    outer loop
      vertex 4.60458 5.93266 -4.76804
      vertex 4.86595 6.34383 -5.13471
      vertex 4.51955 5.99743 -4.78831
    endloop
  endfacet
  facet normal 0.236093 0.558845 0.794954
    outer loop
      vertex 4.8725 6.33884 -5.13315
      vertex 4.60458 5.93266 -4.76804
      vertex 4.95098 6.27907 -5.11444
    endloop
  endfacet
  facet normal -0.0240018 0.718849 0.694752
    outer loop
      vertex 4.78197 6.38366 -5.17887
      vertex 4.51955 5.99743 -4.78831
      vertex 4.78844 6.38059 -5.17547
    endloop
  endfacet
  facet normal -0.0242938 0.718941 0.694647
    outer loop
      vertex 4.51955 5.99743 -4.78831
      vertex 4.78197 6.38366 -5.17887
      vertex 4.43556 6.03725 -4.83246
    endloop
  endfacet
  facet normal -0.0243156 0.718951 0.694635
    outer loop
      vertex 4.78844 6.38059 -5.17547
      vertex 4.51955 5.99743 -4.78831
      vertex 4.86595 6.34383 -5.13471
    endloop
  endfacet
  facet normal -0.366002 0.815086 0.449085
    outer loop
      vertex 4.71639 6.38797 -5.24014
      vertex 4.43556 6.03725 -4.83246
      vertex 4.78197 6.38366 -5.17887
    endloop
  endfacet
  facet normal -0.366035 0.815085 0.44906
    outer loop
      vertex 4.43556 6.03725 -4.83246
      vertex 4.71639 6.38797 -5.24014
      vertex 4.36999 6.04156 -4.89373
    endloop
  endfacet
  facet normal -0.64359 0.756929 0.113357
    outer loop
      vertex 4.71639 6.38797 -5.24014
      vertex 4.31788 6.00981 -4.97758
      vertex 4.36999 6.04156 -4.89373
    endloop
  endfacet
  facet normal -0.643615 0.756916 0.113301
    outer loop
      vertex 4.31788 6.00981 -4.97758
      vertex 4.71639 6.38797 -5.24014
      vertex 4.66429 6.35622 -5.32399
    endloop
  endfacet
  facet normal -0.753402 0.64926 -0.104142
    outer loop
      vertex 4.27434 5.94142 -5.08951
      vertex 4.6241 6.2931 -5.4273
      vertex 4.62075 6.28783 -5.43592
    endloop
  endfacet
  facet normal -0.753277 0.64946 -0.103805
    outer loop
      vertex 4.6241 6.2931 -5.4273
      vertex 4.27434 5.94142 -5.08951
      vertex 4.31788 6.00981 -4.97758
    endloop
  endfacet
  facet normal -0.753262 0.649481 -0.103781
    outer loop
      vertex 4.6241 6.2931 -5.4273
      vertex 4.31788 6.00981 -4.97758
      vertex 4.66429 6.35622 -5.32399
    endloop
  endfacet
  facet normal -0.792118 0.567561 -0.22455
    outer loop
      vertex 4.23714 5.83111 -5.23703
      vertex 4.58641 6.18601 -5.57208
      vertex 4.58354 6.17751 -5.58344
    endloop
  endfacet
  facet normal -0.792133 0.567515 -0.224615
    outer loop
      vertex 4.58641 6.18601 -5.57208
      vertex 4.23714 5.83111 -5.23703
      vertex 4.27434 5.94142 -5.08951
    endloop
  endfacet
  facet normal -0.792131 0.56752 -0.224611
    outer loop
      vertex 4.58641 6.18601 -5.57208
      vertex 4.27434 5.94142 -5.08951
      vertex 4.62075 6.28783 -5.43592
    endloop
  endfacet
  facet normal -0.805679 0.51756 -0.288119
    outer loop
      vertex 4.20408 5.67353 -5.42766
      vertex 4.58354 6.17751 -5.58344
      vertex 4.55049 6.01994 -5.77407
    endloop
  endfacet
  facet normal -0.80568 0.517564 -0.288108
    outer loop
      vertex 4.58354 6.17751 -5.58344
      vertex 4.20408 5.67353 -5.42766
      vertex 4.23714 5.83111 -5.23703
    endloop
  endfacet
  facet normal -0.811886 0.481035 -0.330827
    outer loop
      vertex 4.18317 5.51438 -5.60773
      vertex 4.55049 6.01994 -5.77407
      vertex 4.52957 5.86079 -5.95414
    endloop
  endfacet
  facet normal -0.811881 0.481021 -0.33086
    outer loop
      vertex 4.55049 6.01994 -5.77407
      vertex 4.18317 5.51438 -5.60773
      vertex 4.20408 5.67353 -5.42766
    endloop
  endfacet
  facet normal -0.816301 0.423755 -0.392535
    outer loop
      vertex 4.17981 5.38442 -5.74105
      vertex 4.52957 5.86079 -5.95414
      vertex 4.52621 5.73082 -6.08746
    endloop
  endfacet
  facet normal -0.816305 0.423767 -0.392514
    outer loop
      vertex 4.52957 5.86079 -5.95414
      vertex 4.17981 5.38442 -5.74105
      vertex 4.18317 5.51438 -5.60773
    endloop
  endfacet
  facet normal -0.809707 0.313817 -0.495876
    outer loop
      vertex 4.54097 5.625 -6.17853
      vertex 4.17981 5.38442 -5.74105
      vertex 4.52621 5.73082 -6.08746
    endloop
  endfacet
  facet normal -0.809706 0.313868 -0.495846
    outer loop
      vertex 4.17981 5.38442 -5.74105
      vertex 4.54097 5.625 -6.17853
      vertex 4.19456 5.2786 -5.83212
    endloop
  endfacet
  facet normal -0.754578 0.107183 -0.647398
    outer loop
      vertex 4.57442 5.53819 -6.23189
      vertex 4.19456 5.2786 -5.83212
      vertex 4.54097 5.625 -6.17853
    endloop
  endfacet
  facet normal -0.754588 0.107229 -0.647378
    outer loop
      vertex 4.19456 5.2786 -5.83212
      vertex 4.57442 5.53819 -6.23189
      vertex 4.22801 5.19178 -5.88549
    endloop
  endfacet
  facet normal -0.556572 -0.239083 -0.795655
    outer loop
      vertex 4.22801 5.19178 -5.88549
      vertex 4.6298 5.46581 -6.24889
      vertex 4.28339 5.1194 -5.90248
    endloop
  endfacet
  facet normal -0.556616 -0.239008 -0.795647
    outer loop
      vertex 4.6298 5.46581 -6.24889
      vertex 4.22801 5.19178 -5.88549
      vertex 4.57442 5.53819 -6.23189
    endloop
  endfacet
  facet normal -0.247728 -0.549915 -0.797636
    outer loop
      vertex 4.36398 5.05689 -5.88441
      vertex 4.6298 5.46581 -6.24889
      vertex 4.71038 5.4033 -6.23082
    endloop
  endfacet
  facet normal -0.247707 -0.549928 -0.797635
    outer loop
      vertex 4.6298 5.46581 -6.24889
      vertex 4.36398 5.05689 -5.88441
      vertex 4.28339 5.1194 -5.90248
    endloop
  endfacet
  facet normal 0.0225662 -0.718119 -0.695554
    outer loop
      vertex 4.71038 5.4033 -6.23082
      vertex 4.44897 5.01643 -5.83988
      vertex 4.36398 5.05689 -5.88441
    endloop
  endfacet
  facet normal 0.022501 -0.718099 -0.695577
    outer loop
      vertex 4.44897 5.01643 -5.83988
      vertex 4.71038 5.4033 -6.23082
      vertex 4.79538 5.36283 -6.18629
    endloop
  endfacet
  facet normal -0.11027 -0.645493 -0.755764
    outer loop
      vertex 5.43717 4.40183 -5.46628
      vertex 5.40739 4.98073 -5.95637
      vertex 5.78358 4.74824 -5.81269
    endloop
  endfacet
  facet normal -0.110291 -0.645492 -0.755761
    outer loop
      vertex 5.40739 4.98073 -5.95637
      vertex 5.43717 4.40183 -5.46628
      vertex 5.06099 4.63433 -5.60996
    endloop
  endfacet
  facet normal 0.809015 -0.500024 0.308984
    outer loop
      vertex 5.43717 4.40183 -5.46628
      vertex 5.79825 4.83412 -5.71213
      vertex 5.62772 5.51698 -4.16057
    endloop
  endfacet
  facet normal 0.809014 -0.500015 0.309
    outer loop
      vertex 5.79825 4.83412 -5.71213
      vertex 5.43717 4.40183 -5.46628
      vertex 5.78358 4.74824 -5.81269
    endloop
  endfacet
  facet normal 0.809012 -0.500027 0.308985
    outer loop
      vertex 5.97413 5.86339 -4.50698
      vertex 5.62772 5.51698 -4.16057
      vertex 5.79825 4.83412 -5.71213
    endloop
  endfacet
  facet normal -0.110262 -0.645484 -0.755773
    outer loop
      vertex 5.62772 5.51698 -4.16057
      vertex 5.99799 5.84865 -4.49786
      vertex 5.93753 5.32551 -4.04224
    endloop
  endfacet
  facet normal -0.110022 -0.645647 -0.755669
    outer loop
      vertex 5.99799 5.84865 -4.49786
      vertex 5.62772 5.51698 -4.16057
      vertex 5.97413 5.86339 -4.50698
    endloop
  endfacet
  facet normal -0.110292 -0.64548 -0.755772
    outer loop
      vertex 6.28394 5.67192 -4.38865
      vertex 5.93753 5.32551 -4.04224
      vertex 5.99799 5.84865 -4.49786
    endloop
  endfacet
  facet normal -0.532824 -0.269381 -0.802205
    outer loop
      vertex 5.93753 5.32551 -4.04224
      vertex 6.65871 5.205 -4.48078
      vertex 6.31231 4.8586 -4.13438
    endloop
  endfacet
  facet normal -0.532824 -0.269381 -0.802205
    outer loop
      vertex 6.65871 5.205 -4.48078
      vertex 5.93753 5.32551 -4.04224
      vertex 6.28394 5.67192 -4.38865
    endloop
  endfacet
  facet normal -0.809013 0.500022 -0.308991
    outer loop
      vertex 6.27721 4.65321 -4.37485
      vertex 6.65871 5.205 -4.48078
      vertex 6.62362 4.99962 -4.72126
    endloop
  endfacet
  facet normal -0.809013 0.500022 -0.308991
    outer loop
      vertex 6.65871 5.205 -4.48078
      vertex 6.27721 4.65321 -4.37485
      vertex 6.31231 4.8586 -4.13438
    endloop
  endfacet
  facet normal 0.521943 0.282795 0.804738
    outer loop
      vertex 6.59588 5.03346 -4.71516
      vertex 6.27721 4.65321 -4.37485
      vertex 6.62362 4.99962 -4.72126
    endloop
  endfacet
  facet normal 0.521991 0.282743 0.804725
    outer loop
      vertex 6.27721 4.65321 -4.37485
      vertex 6.59588 5.03346 -4.71516
      vertex 5.91707 5.09259 -4.29562
    endloop
  endfacet
  facet normal 0.521994 0.282716 0.804733
    outer loop
      vertex 6.26348 5.439 -4.64202
      vertex 5.91707 5.09259 -4.29562
      vertex 6.59588 5.03346 -4.71516
    endloop
  endfacet
  facet normal -0.809005 0.500059 -0.308955
    outer loop
      vertex 6.25172 5.37022 -4.72255
      vertex 5.91707 5.09259 -4.29562
      vertex 6.26348 5.439 -4.64202
    endloop
  endfacet
  facet normal -0.809014 0.500024 -0.308985
    outer loop
      vertex 5.91707 5.09259 -4.29562
      vertex 6.25172 5.37022 -4.72255
      vertex 5.76447 4.19954 -5.34127
    endloop
  endfacet
  facet normal -0.80901 0.500026 -0.308993
    outer loop
      vertex 6.11088 4.54595 -5.68767
      vertex 5.76447 4.19954 -5.34127
      vertex 6.25172 5.37022 -4.72255
    endloop
  endfacet
  facet normal -0.110273 -0.645492 -0.755765
    outer loop
      vertex 5.76447 4.19954 -5.34127
      vertex 6.14218 4.5266 -5.67572
      vertex 6.17093 3.94833 -5.18602
    endloop
  endfacet
  facet normal -0.110419 -0.64539 -0.755831
    outer loop
      vertex 6.14218 4.5266 -5.67572
      vertex 5.76447 4.19954 -5.34127
      vertex 6.11088 4.54595 -5.68767
    endloop
  endfacet
  facet normal -0.110253 -0.645492 -0.755767
    outer loop
      vertex 6.17093 3.94833 -5.18602
      vertex 6.14218 4.5266 -5.67572
      vertex 6.51734 4.29474 -5.53242
    endloop
  endfacet
  facet normal -0.809006 0.500029 -0.309
    outer loop
      vertex 6.13774 3.75411 -5.41343
      vertex 6.51734 4.29474 -5.53242
      vertex 6.48415 4.10051 -5.75983
    endloop
  endfacet
  facet normal -0.809009 0.500035 -0.308983
    outer loop
      vertex 6.51734 4.29474 -5.53242
      vertex 6.13774 3.75411 -5.41343
      vertex 6.17093 3.94833 -5.18602
    endloop
  endfacet
  facet normal 0.110275 0.645489 0.755767
    outer loop
      vertex 5.37421 4.78651 -6.18378
      vertex 6.13774 3.75411 -5.41343
      vertex 6.48415 4.10051 -5.75983
    endloop
  endfacet
  facet normal 0.110276 0.64549 0.755766
    outer loop
      vertex 6.13774 3.75411 -5.41343
      vertex 5.37421 4.78651 -6.18378
      vertex 5.0278 4.4401 -5.83737
    endloop
  endfacet
  facet normal 0.809016 -0.500018 0.308989
    outer loop
      vertex 5.0278 4.4401 -5.83737
      vertex 5.40739 4.98073 -5.95637
      vertex 5.06099 4.63433 -5.60996
    endloop
  endfacet
  facet normal 0.809015 -0.500014 0.309
    outer loop
      vertex 5.40739 4.98073 -5.95637
      vertex 5.0278 4.4401 -5.83737
      vertex 5.37421 4.78651 -6.18378
    endloop
  endfacet
  facet normal 0.577344 -0.577346 0.57736
    outer loop
      vertex 4.63476 -5.60946 5.06106
      vertex 4.40226 -5.46577 5.43724
      vertex 4.44053 -5.83688 5.02787
    endloop
  endfacet
  facet normal 0.577384 -0.577324 0.577343
    outer loop
      vertex 4.40226 -5.46577 5.43724
      vertex 4.19998 -5.34076 5.76454
      vertex 4.44053 -5.83688 5.02787
    endloop
  endfacet
  facet normal 0.57735 -0.57735 0.57735
    outer loop
      vertex 4.85902 -4.13388 6.31238
      vertex 4.65364 -4.37436 6.27728
      vertex 5.09303 -4.29511 5.91714
    endloop
  endfacet
  facet normal 0.577361 -0.577338 0.577352
    outer loop
      vertex 5.32593 -4.04174 5.9376
      vertex 4.85902 -4.13388 6.31238
      vertex 5.09303 -4.29511 5.91714
    endloop
  endfacet
  facet normal 0.57735 -0.577354 0.577348
    outer loop
      vertex 5.09303 -4.29511 5.91714
      vertex 4.40226 -5.46577 5.43724
      vertex 5.51741 -4.16007 5.6278
    endloop
  endfacet
  facet normal 0.577354 -0.577332 0.577364
    outer loop
      vertex 5.32593 -4.04174 5.9376
      vertex 5.09303 -4.29511 5.91714
      vertex 5.51741 -4.16007 5.6278
    endloop
  endfacet
  facet normal 0.577357 -0.577355 0.577339
    outer loop
      vertex 5.09303 -4.29511 5.91714
      vertex 4.19998 -5.34076 5.76454
      vertex 4.40226 -5.46577 5.43724
    endloop
  endfacet
  facet normal 0.57735 -0.57735 0.57735
    outer loop
      vertex 3.94876 -5.18551 6.17101
      vertex 3.75453 -5.41293 6.13782
      vertex 4.19998 -5.34076 5.76454
    endloop
  endfacet
  facet normal 0.57735 -0.57735 0.57735
    outer loop
      vertex 4.19998 -5.34076 5.76454
      vertex 3.75453 -5.41293 6.13782
      vertex 4.44053 -5.83688 5.02787
    endloop
  endfacet
  facet normal 0.577345 -0.577344 0.577362
    outer loop
      vertex 5.02282 -5.63069 4.65177
      vertex 4.84245 -5.79747 4.66536
      vertex 5.04283 -5.93709 4.32537
    endloop
  endfacet
  facet normal 0.57737 -0.577341 0.57734
    outer loop
      vertex 5.21758 -5.47509 4.6126
      vertex 5.02282 -5.63069 4.65177
      vertex 5.20645 -5.78075 4.31807
    endloop
  endfacet
  facet normal 0.577352 -0.577361 0.577338
    outer loop
      vertex 5.71402 -5.1504 4.44086
      vertex 5.42988 -5.32535 4.55005
      vertex 5.55036 -5.50619 4.24872
    endloop
  endfacet
  facet normal 0.577331 -0.577357 0.577362
    outer loop
      vertex 5.42988 -5.32535 4.55005
      vertex 5.21758 -5.47509 4.6126
      vertex 5.37549 -5.63835 4.29144
    endloop
  endfacet
  facet normal 0.57735 -0.57735 0.57735
    outer loop
      vertex 6.52686 -4.78392 3.9945
      vertex 6.12432 -4.91916 4.2618
      vertex 6.31963 -5.02656 3.95909
    endloop
  endfacet
  facet normal 0.57735 -0.57735 0.57735
    outer loop
      vertex 6.12432 -4.91916 4.2618
      vertex 6.11583 -5.14624 4.04321
      vertex 6.31963 -5.02656 3.95909
    endloop
  endfacet
  facet normal 0.577329 -0.577362 0.57736
    outer loop
      vertex 5.73166 -5.38197 4.19165
      vertex 5.71402 -5.1504 4.44086
      vertex 5.55036 -5.50619 4.24872
    endloop
  endfacet
  facet normal 0.577371 -0.577339 0.577341
    outer loop
      vertex 5.91999 -5.26335 4.12193
      vertex 5.71402 -5.1504 4.44086
      vertex 5.73166 -5.38197 4.19165
    endloop
  endfacet
  facet normal 0.577351 -0.577362 0.577337
    outer loop
      vertex 5.71402 -5.1504 4.44086
      vertex 5.91999 -5.26335 4.12193
      vertex 6.12432 -4.91916 4.2618
    endloop
  endfacet
  facet normal 0.577331 -0.57736 0.577361
    outer loop
      vertex 6.12432 -4.91916 4.2618
      vertex 5.91999 -5.26335 4.12193
      vertex 6.11583 -5.14624 4.04321
    endloop
  endfacet
  facet normal 0.577351 -0.577345 0.577354
    outer loop
      vertex 6.52686 -4.78392 3.9945
      vertex 5.83511 -4.35641 5.11375
      vertex 6.12432 -4.91916 4.2618
    endloop
  endfacet
  facet normal 0.577361 -0.577337 0.577352
    outer loop
      vertex 5.83511 -4.35641 5.11375
      vertex 5.62044 -4.60777 5.07707
      vertex 6.12432 -4.91916 4.2618
    endloop
  endfacet
  facet normal 0.577373 -0.577342 0.577335
    outer loop
      vertex 5.42988 -5.32535 4.55005
      vertex 5.37549 -5.63835 4.29144
      vertex 5.55036 -5.50619 4.24872
    endloop
  endfacet
  facet normal 0.577327 -0.577361 0.577362
    outer loop
      vertex 5.21758 -5.47509 4.6126
      vertex 5.20645 -5.78075 4.31807
      vertex 5.37549 -5.63835 4.29144
    endloop
  endfacet
  facet normal 0.577391 -0.577319 0.577341
    outer loop
      vertex 5.20645 -5.78075 4.31807
      vertex 5.02282 -5.63069 4.65177
      vertex 5.04283 -5.93709 4.32537
    endloop
  endfacet
  facet normal 0.577328 -0.577364 0.577359
    outer loop
      vertex 5.04283 -5.93709 4.32537
      vertex 4.84245 -5.79747 4.66536
      vertex 4.8842 -6.11107 4.31001
    endloop
  endfacet
  facet normal 0.57735 -0.57735 0.57735
    outer loop
      vertex 4.84245 -5.79747 4.66536
      vertex 4.67329 -5.98073 4.65126
      vertex 4.8842 -6.11107 4.31001
    endloop
  endfacet
  facet normal -0.645485 -0.755769 -0.110284
    outer loop
      vertex 4.40226 -5.46577 5.43724
      vertex 4.98117 -5.95586 5.40747
      vertex 4.74867 -5.81218 5.78365
    endloop
  endfacet
  facet normal -0.645486 -0.755771 -0.110263
    outer loop
      vertex 4.98117 -5.95586 5.40747
      vertex 4.40226 -5.46577 5.43724
      vertex 4.63476 -5.60946 5.06106
    endloop
  endfacet
  facet normal -0.500033 0.308989 0.809007
    outer loop
      vertex 4.40226 -5.46577 5.43724
      vertex 4.83455 -5.71162 5.79833
      vertex 5.51741 -4.16007 5.6278
    endloop
  endfacet
  facet normal -0.500054 0.308954 0.809008
    outer loop
      vertex 4.83455 -5.71162 5.79833
      vertex 4.40226 -5.46577 5.43724
      vertex 4.74867 -5.81218 5.78365
    endloop
  endfacet
  facet normal -0.500015 0.308983 0.809021
    outer loop
      vertex 5.51741 -4.16007 5.6278
      vertex 4.83455 -5.71162 5.79833
      vertex 5.86382 -4.50648 5.9742
    endloop
  endfacet
  facet normal -0.645485 -0.755769 -0.110284
    outer loop
      vertex 5.32593 -4.04174 5.9376
      vertex 5.86382 -4.50648 5.9742
      vertex 5.67234 -4.38815 6.28401
    endloop
  endfacet
  facet normal -0.645484 -0.755769 -0.110288
    outer loop
      vertex 5.86382 -4.50648 5.9742
      vertex 5.32593 -4.04174 5.9376
      vertex 5.51741 -4.16007 5.6278
    endloop
  endfacet
  facet normal -0.269378 -0.802207 -0.532821
    outer loop
      vertex 5.32593 -4.04174 5.9376
      vertex 5.63638 -4.39524 6.31287
      vertex 4.85902 -4.13388 6.31238
    endloop
  endfacet
  facet normal -0.269426 -0.802214 -0.532788
    outer loop
      vertex 5.63638 -4.39524 6.31287
      vertex 5.32593 -4.04174 5.9376
      vertex 5.67234 -4.38815 6.28401
    endloop
  endfacet
  facet normal -0.269377 -0.802204 -0.532827
    outer loop
      vertex 5.20543 -4.48029 6.65879
      vertex 4.85902 -4.13388 6.31238
      vertex 5.63638 -4.39524 6.31287
    endloop
  endfacet
  facet normal 0.50003 -0.308999 -0.809005
    outer loop
      vertex 4.65364 -4.37436 6.27728
      vertex 5.20543 -4.48029 6.65879
      vertex 5.00004 -4.72076 6.62369
    endloop
  endfacet
  facet normal 0.500038 -0.308972 -0.80901
    outer loop
      vertex 5.20543 -4.48029 6.65879
      vertex 4.65364 -4.37436 6.27728
      vertex 4.85902 -4.13388 6.31238
    endloop
  endfacet
  facet normal 0.282728 0.804722 0.522003
    outer loop
      vertex 5.09303 -4.29511 5.91714
      vertex 5.00004 -4.72076 6.62369
      vertex 5.43943 -4.64152 6.26355
    endloop
  endfacet
  facet normal 0.282709 0.804728 0.522004
    outer loop
      vertex 5.00004 -4.72076 6.62369
      vertex 5.09303 -4.29511 5.91714
      vertex 4.65364 -4.37436 6.27728
    endloop
  endfacet
  facet normal 0.500023 -0.309001 -0.809009
    outer loop
      vertex 5.37066 -4.72204 6.2518
      vertex 5.09303 -4.29511 5.91714
      vertex 5.43943 -4.64152 6.26355
    endloop
  endfacet
  facet normal 0.500031 -0.308993 -0.809007
    outer loop
      vertex 5.09303 -4.29511 5.91714
      vertex 5.37066 -4.72204 6.2518
      vertex 4.19998 -5.34076 5.76454
    endloop
  endfacet
  facet normal 0.500032 -0.308996 -0.809005
    outer loop
      vertex 4.54638 -5.68716 6.11095
      vertex 4.19998 -5.34076 5.76454
      vertex 5.37066 -4.72204 6.2518
    endloop
  endfacet
  facet normal -0.645486 -0.755769 -0.110281
    outer loop
      vertex 4.19998 -5.34076 5.76454
      vertex 4.52704 -5.67521 6.14225
      vertex 3.94876 -5.18551 6.17101
    endloop
  endfacet
  facet normal -0.645479 -0.755773 -0.11029
    outer loop
      vertex 4.52704 -5.67521 6.14225
      vertex 4.19998 -5.34076 5.76454
      vertex 4.54638 -5.68716 6.11095
    endloop
  endfacet
  facet normal -0.645486 -0.755768 -0.110286
    outer loop
      vertex 4.29517 -5.53192 6.51741
      vertex 3.94876 -5.18551 6.17101
      vertex 4.52704 -5.67521 6.14225
    endloop
  endfacet
  facet normal 0.50002 -0.308977 -0.80902
    outer loop
      vertex 3.75453 -5.41293 6.13782
      vertex 4.29517 -5.53192 6.51741
      vertex 4.10094 -5.75934 6.48422
    endloop
  endfacet
  facet normal 0.50002 -0.308977 -0.80902
    outer loop
      vertex 4.29517 -5.53192 6.51741
      vertex 3.75453 -5.41293 6.13782
      vertex 3.94876 -5.18551 6.17101
    endloop
  endfacet
  facet normal 0.645491 0.755765 0.110277
    outer loop
      vertex 4.78693 -6.18328 5.37428
      vertex 3.75453 -5.41293 6.13782
      vertex 4.10094 -5.75934 6.48422
    endloop
  endfacet
  facet normal 0.645489 0.755767 0.110274
    outer loop
      vertex 3.75453 -5.41293 6.13782
      vertex 4.78693 -6.18328 5.37428
      vertex 4.44053 -5.83688 5.02787
    endloop
  endfacet
  facet normal -0.500031 0.308988 0.809009
    outer loop
      vertex 4.44053 -5.83688 5.02787
      vertex 4.98117 -5.95586 5.40747
      vertex 4.63476 -5.60946 5.06106
    endloop
  endfacet
  facet normal -0.500025 0.309005 0.809006
    outer loop
      vertex 4.98117 -5.95586 5.40747
      vertex 4.44053 -5.83688 5.02787
      vertex 4.78693 -6.18328 5.37428
    endloop
  endfacet
  facet normal -0.380037 0.435828 0.815859
    outer loop
      vertex 5.04283 -5.93709 4.32537
      vertex 5.40183 -6.27145 4.67121
      vertex 5.20645 -5.78075 4.31807
    endloop
  endfacet
  facet normal -0.380119 0.435746 0.815865
    outer loop
      vertex 5.40183 -6.27145 4.67121
      vertex 5.04283 -5.93709 4.32537
      vertex 5.38923 -6.28349 4.67177
    endloop
  endfacet
  facet normal -0.380028 0.435833 0.815861
    outer loop
      vertex 5.55286 -6.12716 4.66448
      vertex 5.20645 -5.78075 4.31807
      vertex 5.40183 -6.27145 4.67121
    endloop
  endfacet
  facet normal -0.300201 0.507464 0.807688
    outer loop
      vertex 5.37549 -5.63835 4.29144
      vertex 5.55286 -6.12716 4.66448
      vertex 5.7219 -5.98476 4.63784
    endloop
  endfacet
  facet normal -0.300236 0.507448 0.807685
    outer loop
      vertex 5.55286 -6.12716 4.66448
      vertex 5.37549 -5.63835 4.29144
      vertex 5.20645 -5.78075 4.31807
    endloop
  endfacet
  facet normal -0.23126 0.562521 0.793781
    outer loop
      vertex 5.55036 -5.50619 4.24872
      vertex 5.7219 -5.98476 4.63784
      vertex 5.89677 -5.8526 4.59513
    endloop
  endfacet
  facet normal -0.231224 0.562535 0.793782
    outer loop
      vertex 5.7219 -5.98476 4.63784
      vertex 5.55036 -5.50619 4.24872
      vertex 5.37549 -5.63835 4.29144
    endloop
  endfacet
  facet normal -0.170707 0.606114 0.776843
    outer loop
      vertex 5.73166 -5.38197 4.19165
      vertex 5.89677 -5.8526 4.59513
      vertex 6.07807 -5.72838 4.53805
    endloop
  endfacet
  facet normal -0.170742 0.606102 0.776844
    outer loop
      vertex 5.89677 -5.8526 4.59513
      vertex 5.73166 -5.38197 4.19165
      vertex 5.55036 -5.50619 4.24872
    endloop
  endfacet
  facet normal -0.121072 0.638754 0.759826
    outer loop
      vertex 5.91999 -5.26335 4.12193
      vertex 6.07807 -5.72838 4.53805
      vertex 6.2664 -5.60976 4.46834
    endloop
  endfacet
  facet normal -0.121038 0.638763 0.759823
    outer loop
      vertex 6.07807 -5.72838 4.53805
      vertex 5.91999 -5.26335 4.12193
      vertex 5.73166 -5.38197 4.19165
    endloop
  endfacet
  facet normal -0.0918519 0.656702 0.748535
    outer loop
      vertex 6.11583 -5.14624 4.04321
      vertex 6.2664 -5.60976 4.46834
      vertex 6.46224 -5.49264 4.38962
    endloop
  endfacet
  facet normal -0.0918235 0.656709 0.748533
    outer loop
      vertex 6.2664 -5.60976 4.46834
      vertex 6.11583 -5.14624 4.04321
      vertex 5.91999 -5.26335 4.12193
    endloop
  endfacet
  facet normal -0.0818207 0.662638 0.744457
    outer loop
      vertex 6.31963 -5.02656 3.95909
      vertex 6.46224 -5.49264 4.38962
      vertex 6.66603 -5.37297 4.3055
    endloop
  endfacet
  facet normal -0.0818451 0.662633 0.744459
    outer loop
      vertex 6.46224 -5.49264 4.38962
      vertex 6.31963 -5.02656 3.95909
      vertex 6.11583 -5.14624 4.04321
    endloop
  endfacet
  facet normal -0.500025 0.308988 0.809013
    outer loop
      vertex 6.31963 -5.02656 3.95909
      vertex 6.68199 -5.35428 4.30822
      vertex 6.52686 -4.78392 3.9945
    endloop
  endfacet
  facet normal -0.499902 0.309142 0.80903
    outer loop
      vertex 6.68199 -5.35428 4.30822
      vertex 6.31963 -5.02656 3.95909
      vertex 6.66603 -5.37297 4.3055
    endloop
  endfacet
  facet normal -0.500034 0.308984 0.809009
    outer loop
      vertex 6.87327 -5.13032 4.34091
      vertex 6.52686 -4.78392 3.9945
      vertex 6.68199 -5.35428 4.30822
    endloop
  endfacet
  facet normal -0.645489 -0.755766 -0.110277
    outer loop
      vertex 5.83511 -4.35641 5.11375
      vertex 6.87327 -5.13032 4.34091
      vertex 6.18152 -4.70282 5.46016
    endloop
  endfacet
  facet normal -0.645485 -0.755772 -0.110265
    outer loop
      vertex 6.87327 -5.13032 4.34091
      vertex 5.83511 -4.35641 5.11375
      vertex 6.52686 -4.78392 3.9945
    endloop
  endfacet
  facet normal 0.500179 -0.308808 -0.808986
    outer loop
      vertex 6.16499 -4.72218 5.45733
      vertex 5.83511 -4.35641 5.11375
      vertex 6.18152 -4.70282 5.46016
    endloop
  endfacet
  facet normal 0.500022 -0.308979 -0.809018
    outer loop
      vertex 5.83511 -4.35641 5.11375
      vertex 6.16499 -4.72218 5.45733
      vertex 5.62044 -4.60777 5.07707
    endloop
  endfacet
  facet normal 0.500012 -0.30901 -0.809013
    outer loop
      vertex 5.96685 -4.95417 5.42348
      vertex 5.62044 -4.60777 5.07707
      vertex 6.16499 -4.72218 5.45733
    endloop
  endfacet
  facet normal 0.645486 0.755771 0.110263
    outer loop
      vertex 6.47072 -5.26557 4.60821
      vertex 5.62044 -4.60777 5.07707
      vertex 5.96685 -4.95417 5.42348
    endloop
  endfacet
  facet normal 0.645493 0.755762 0.110288
    outer loop
      vertex 5.62044 -4.60777 5.07707
      vertex 6.47072 -5.26557 4.60821
      vertex 6.12432 -4.91916 4.2618
    endloop
  endfacet
  facet normal 0.0597906 -0.675314 -0.735103
    outer loop
      vertex 6.06042 -5.49681 4.78727
      vertex 6.12432 -4.91916 4.2618
      vertex 6.47072 -5.26557 4.60821
    endloop
  endfacet
  facet normal 0.0597906 -0.675314 -0.735103
    outer loop
      vertex 6.12432 -4.91916 4.2618
      vertex 6.06042 -5.49681 4.78727
      vertex 5.71402 -5.1504 4.44086
    endloop
  endfacet
  facet normal 0.108127 -0.646817 -0.754941
    outer loop
      vertex 5.77629 -5.67175 4.89646
      vertex 5.71402 -5.1504 4.44086
      vertex 6.06042 -5.49681 4.78727
    endloop
  endfacet
  facet normal 0.108145 -0.646815 -0.754941
    outer loop
      vertex 5.71402 -5.1504 4.44086
      vertex 5.77629 -5.67175 4.89646
      vertex 5.42988 -5.32535 4.55005
    endloop
  endfacet
  facet normal 0.188405 -0.593832 -0.78222
    outer loop
      vertex 5.56399 -5.8215 4.95901
      vertex 5.42988 -5.32535 4.55005
      vertex 5.77629 -5.67175 4.89646
    endloop
  endfacet
  facet normal 0.188382 -0.593838 -0.78222
    outer loop
      vertex 5.42988 -5.32535 4.55005
      vertex 5.56399 -5.8215 4.95901
      vertex 5.21758 -5.47509 4.6126
    endloop
  endfacet
  facet normal 0.266411 -0.535202 -0.801613
    outer loop
      vertex 5.36923 -5.9771 4.99817
      vertex 5.21758 -5.47509 4.6126
      vertex 5.56399 -5.8215 4.95901
    endloop
  endfacet
  facet normal 0.266379 -0.535214 -0.801616
    outer loop
      vertex 5.21758 -5.47509 4.6126
      vertex 5.36923 -5.9771 4.99817
      vertex 5.02282 -5.63069 4.65177
    endloop
  endfacet
  facet normal 0.35947 -0.455141 -0.814634
    outer loop
      vertex 5.18886 -6.14388 5.01176
      vertex 5.02282 -5.63069 4.65177
      vertex 5.36923 -5.9771 4.99817
    endloop
  endfacet
  facet normal 0.35947 -0.455141 -0.814634
    outer loop
      vertex 5.02282 -5.63069 4.65177
      vertex 5.18886 -6.14388 5.01176
      vertex 4.84245 -5.79747 4.66536
    endloop
  endfacet
  facet normal 0.456141 -0.358394 -0.814548
    outer loop
      vertex 4.67329 -5.98073 4.65126
      vertex 5.18886 -6.14388 5.01176
      vertex 5.0197 -6.32713 4.99766
    endloop
  endfacet
  facet normal 0.456147 -0.35838 -0.814551
    outer loop
      vertex 5.18886 -6.14388 5.01176
      vertex 4.67329 -5.98073 4.65126
      vertex 4.84245 -5.79747 4.66536
    endloop
  endfacet
  facet normal 0.645516 0.755752 0.110218
    outer loop
      vertex 5.03594 -6.33717 4.97139
      vertex 4.67329 -5.98073 4.65126
      vertex 5.0197 -6.32713 4.99766
    endloop
  endfacet
  facet normal 0.645483 0.755771 0.110276
    outer loop
      vertex 4.67329 -5.98073 4.65126
      vertex 5.03594 -6.33717 4.97139
      vertex 4.8842 -6.11107 4.31001
    endloop
  endfacet
  facet normal 0.645476 0.755777 0.11028
    outer loop
      vertex 5.23061 -6.45747 4.65642
      vertex 4.8842 -6.11107 4.31001
      vertex 5.03594 -6.33717 4.97139
    endloop
  endfacet
  facet normal -0.463317 0.350583 0.813897
    outer loop
      vertex 4.8842 -6.11107 4.31001
      vertex 5.24282 -6.44408 4.6576
      vertex 5.04283 -5.93709 4.32537
    endloop
  endfacet
  facet normal -0.463231 0.350683 0.813903
    outer loop
      vertex 5.24282 -6.44408 4.6576
      vertex 4.8842 -6.11107 4.31001
      vertex 5.23061 -6.45747 4.65642
    endloop
  endfacet
  facet normal -0.463312 0.350586 0.813899
    outer loop
      vertex 5.38923 -6.28349 4.67177
      vertex 5.04283 -5.93709 4.32537
      vertex 5.24282 -6.44408 4.6576
    endloop
  endfacet
  facet normal -6.26035e-06 -0.93418 0.356802
    outer loop
      vertex 1.43748 -8.2861 3.07111
      vertex 1.13013 -8.39269 2.79203
      vertex 1.52116 -8.33869 2.93342
    endloop
  endfacet
  facet normal 1.05116e-05 -0.934179 0.356806
    outer loop
      vertex 1.13013 -8.22883 3.22106
      vertex 1.05095 -8.30755 3.01496
      vertex 1.30486 -8.2488 3.16877
    endloop
  endfacet
  facet normal -1.78001e-06 -0.934184 0.356791
    outer loop
      vertex 1.52116 -8.33869 2.93342
      vertex 1.13013 -8.39269 2.79203
      vertex 1.54906 -8.4045 2.76111
    endloop
  endfacet
  facet normal 8.51599e-06 -0.934177 0.356809
    outer loop
      vertex 1.30486 -8.2488 3.16877
      vertex 1.05095 -8.30755 3.01496
      vertex 1.43748 -8.2861 3.07111
    endloop
  endfacet
  facet normal -2.54789e-05 -0.934174 0.356818
    outer loop
      vertex 1.13013 -8.22883 3.22106
      vertex 0.8134 -8.27916 3.08927
      vertex 1.05095 -8.30755 3.01496
    endloop
  endfacet
  facet normal -5.52811e-06 -0.934185 0.356788
    outer loop
      vertex 1.54906 -8.4045 2.76111
      vertex 1.11159 -8.44932 2.64375
      vertex 1.50191 -8.49484 2.52457
    endloop
  endfacet
  facet normal 5.93392e-06 -0.934173 0.356821
    outer loop
      vertex 1.50191 -8.49484 2.52457
      vertex 1.11159 -8.44932 2.64375
      vertex 1.36046 -8.56246 2.34754
    endloop
  endfacet
  facet normal -2.20114e-05 -0.934171 0.356825
    outer loop
      vertex 0.55426 -8.07422 3.62588
      vertex 0.166275 -8.12109 3.50315
      vertex 0.241852 -8.16977 3.37571
    endloop
  endfacet
  facet normal 3.06435e-05 -0.934175 0.356816
    outer loop
      vertex 0.816284 -7.87388 4.15041
      vertex 0.816284 -7.97508 3.88546
      vertex 0.933243 -7.98105 3.86982
    endloop
  endfacet
  facet normal 1.2441e-05 -0.934169 0.35683
    outer loop
      vertex 1.49869 -8.06651 3.64605
      vertex 1.06606 -8.02972 3.74238
      vertex 1.08261 -8.07422 3.62588
    endloop
  endfacet
  facet normal -2.34861e-05 -0.934173 0.35682
    outer loop
      vertex 1.10764 -7.8864 4.11763
      vertex 0.933243 -7.98105 3.86982
      vertex 1.01639 -7.99897 3.82291
    endloop
  endfacet
  facet normal 1.54314e-05 -0.934175 0.356816
    outer loop
      vertex 0.816284 -7.87388 4.15041
      vertex 0.530334 -7.88673 4.11678
      vertex 0.816284 -7.97508 3.88546
    endloop
  endfacet
  facet normal -4.30516e-06 -0.93419 0.356776
    outer loop
      vertex 0.55426 -8.07422 3.62588
      vertex 0.141083 -8.06548 3.64876
      vertex 0.166275 -8.12109 3.50315
    endloop
  endfacet
  facet normal -2.30754e-05 -0.934181 0.3568
    outer loop
      vertex 0.620483 -8.15203 3.42214
      vertex 0.50676 -8.2278 3.22375
      vertex 0.819153 -8.17798 3.35421
    endloop
  endfacet
  facet normal 2.35842e-05 -0.934201 0.356748
    outer loop
      vertex 0.620483 -8.15203 3.42214
      vertex 0.241852 -8.16977 3.37571
      vertex 0.358459 -8.20687 3.27855
    endloop
  endfacet
  facet normal -2.79573e-06 -0.934185 0.35679
    outer loop
      vertex 0.620483 -8.15203 3.42214
      vertex 0.358459 -8.20687 3.27855
      vertex 0.50676 -8.2278 3.22375
    endloop
  endfacet
  facet normal -2.55129e-06 -0.934179 0.356804
    outer loop
      vertex 0.185181 -7.98599 3.85688
      vertex 0.141083 -8.06548 3.64876
      vertex 0.55426 -8.07422 3.62588
    endloop
  endfacet
  facet normal -1.72286e-05 -0.934182 0.356797
    outer loop
      vertex 0.588089 -8.30896 3.01127
      vertex 0.337234 -8.25021 3.16508
      vertex 0.529251 -8.3453 2.91612
    endloop
  endfacet
  facet normal 9.47101e-06 -0.934183 0.356795
    outer loop
      vertex 0.121643 -8.34164 2.9257
      vertex 0.0935669 -8.40553 2.75842
      vertex 0.509644 -8.39474 2.78666
    endloop
  endfacet
  facet normal 1.1042e-05 -0.93419 0.356775
    outer loop
      vertex 0.509644 -8.39474 2.78666
      vertex 0.0935669 -8.40553 2.75842
      vertex 0.529068 -8.44983 2.64241
    endloop
  endfacet
  facet normal -1.34538e-05 -0.934186 0.356785
    outer loop
      vertex 0.816284 -7.97508 3.88546
      vertex 0.530334 -7.88673 4.11678
      vertex 0.619766 -7.99986 3.82057
    endloop
  endfacet
  facet normal 0.000177412 -0.934103 0.357004
    outer loop
      vertex 1.13013 -8.22677 3.22645
      vertex 0.93486 -8.17194 3.37001
      vertex 1.13013 -8.22883 3.22106
    endloop
  endfacet
  facet normal -8.71362e-06 -0.934182 0.356798
    outer loop
      vertex 0.961151 -8.50967 2.48574
      vertex 0.822037 -8.6187 2.20027
      vertex 1.13156 -8.60464 2.23709
    endloop
  endfacet
  facet normal 7.68948e-06 -0.934175 0.356816
    outer loop
      vertex 0.529068 -8.44983 2.64241
      vertex 0.141266 -8.49542 2.52306
      vertex 0.284332 -8.56272 2.34686
    endloop
  endfacet
  facet normal 2.24783e-05 -0.934194 0.356764
    outer loop
      vertex 0.587357 -8.48772 2.54323
      vertex 0.284332 -8.56272 2.34686
      vertex 0.51413 -8.6047 2.23692
    endloop
  endfacet
  facet normal 4.56266e-05 -0.934196 0.356759
    outer loop
      vertex 0.587357 -8.48772 2.54323
      vertex 0.51413 -8.6047 2.23692
      vertex 0.685623 -8.50967 2.48574
    endloop
  endfacet
  facet normal -7.1051e-06 -0.934184 0.356791
    outer loop
      vertex 0.685623 -8.50967 2.48574
      vertex 0.51413 -8.6047 2.23692
      vertex 0.822037 -8.6187 2.20027
    endloop
  endfacet
  facet normal -6.00996e-05 -0.934193 0.356769
    outer loop
      vertex 0.824921 -8.517 2.46657
      vertex 0.685623 -8.50967 2.48574
      vertex 0.822037 -8.6187 2.20027
    endloop
  endfacet
  facet normal 0.00136531 -0.933658 0.358163
    outer loop
      vertex 0.50676 -8.2278 3.22375
      vertex 0.50676 -8.22986 3.21838
      vertex 0.683655 -8.28661 3.06977
    endloop
  endfacet
  facet normal -1.78794e-05 -0.934198 0.356754
    outer loop
      vertex 1.47366 -8.12199 3.50081
      vertex 1.06624 -8.12186 3.50113
      vertex 1.39862 -8.17027 3.37438
    endloop
  endfacet
  facet normal 1.89744e-05 -0.934188 0.35678
    outer loop
      vertex 0.55426 -8.07422 3.62588
      vertex 0.241852 -8.16977 3.37571
      vertex 0.620483 -8.15203 3.42214
    endloop
  endfacet
  facet normal 6.23198e-05 -0.934164 0.356845
    outer loop
      vertex 1.06624 -8.12186 3.50113
      vertex 1.01711 -8.15384 3.41742
      vertex 1.28148 -8.20674 3.27889
    endloop
  endfacet
  facet normal -6.33367e-06 -0.934191 0.356774
    outer loop
      vertex 0.317444 -7.92526 4.0159
      vertex 0.185181 -7.98599 3.85688
      vertex 0.619766 -7.99986 3.82057
    endloop
  endfacet
  facet normal -3.63737e-06 -0.93418 0.356802
    outer loop
      vertex 0.619766 -7.99986 3.82057
      vertex 0.185181 -7.98599 3.85688
      vertex 0.55426 -8.07422 3.62588
    endloop
  endfacet
  facet normal 5.40303e-06 -0.934185 0.35679
    outer loop
      vertex 0.530334 -7.88673 4.11678
      vertex 0.317444 -7.92526 4.0159
      vertex 0.619766 -7.99986 3.82057
    endloop
  endfacet
  facet normal 5.4911e-07 -0.934179 0.356805
    outer loop
      vertex 1.10764 -7.8864 4.11763
      vertex 0.816284 -7.87388 4.15041
      vertex 0.933243 -7.98105 3.86982
    endloop
  endfacet
  facet normal 4.56363e-05 -0.934201 0.356748
    outer loop
      vertex 1.32233 -7.92397 4.01927
      vertex 1.01639 -7.99897 3.82291
      vertex 1.06606 -8.02972 3.74238
    endloop
  endfacet
  facet normal -3.17043e-06 -0.934175 0.356815
    outer loop
      vertex 1.10764 -7.8864 4.11763
      vertex 1.01639 -7.99897 3.82291
      vertex 1.32233 -7.92397 4.01927
    endloop
  endfacet
  facet normal -3.82921e-06 -0.934194 0.356767
    outer loop
      vertex 1.45459 -7.98465 3.8604
      vertex 1.06606 -8.02972 3.74238
      vertex 1.49869 -8.06651 3.64605
    endloop
  endfacet
  facet normal -1.42866e-05 -0.934182 0.356797
    outer loop
      vertex 1.32233 -7.92397 4.01927
      vertex 1.06606 -8.02972 3.74238
      vertex 1.45459 -7.98465 3.8604
    endloop
  endfacet
  facet normal -1.78768e-05 -0.934197 0.356757
    outer loop
      vertex 1.08261 -8.07422 3.62588
      vertex 1.06624 -8.12186 3.50113
      vertex 1.47366 -8.12199 3.50081
    endloop
  endfacet
  facet normal 1.19844e-05 -0.934166 0.356839
    outer loop
      vertex 1.49869 -8.06651 3.64605
      vertex 1.08261 -8.07422 3.62588
      vertex 1.47366 -8.12199 3.50081
    endloop
  endfacet
  facet normal -1.97319e-06 -0.934184 0.356791
    outer loop
      vertex 1.39862 -8.17027 3.37438
      vertex 1.06624 -8.12186 3.50113
      vertex 1.28148 -8.20674 3.27889
    endloop
  endfacet
  facet normal 1.82359e-05 -0.934192 0.356772
    outer loop
      vertex 1.28148 -8.20674 3.27889
      vertex 1.01711 -8.15384 3.41742
      vertex 1.13013 -8.22677 3.22645
    endloop
  endfacet
  facet normal -4.67555e-05 -0.934204 0.356738
    outer loop
      vertex 1.01711 -8.15384 3.41742
      vertex 0.93486 -8.17194 3.37001
      vertex 1.13013 -8.22677 3.22645
    endloop
  endfacet
  facet normal 4.87078e-05 -0.934194 0.356766
    outer loop
      vertex 0.819153 -8.17798 3.35421
      vertex 0.8134 -8.27916 3.08927
      vertex 0.93486 -8.17194 3.37001
    endloop
  endfacet
  facet normal -1.89332e-06 -0.934174 0.356817
    outer loop
      vertex 0.205856 -8.28867 3.06438
      vertex 0.121643 -8.34164 2.9257
      vertex 0.529251 -8.3453 2.91612
    endloop
  endfacet
  facet normal -4.41034e-05 -0.93416 0.356854
    outer loop
      vertex 0.529068 -8.44983 2.64241
      vertex 0.284332 -8.56272 2.34686
      vertex 0.587357 -8.48772 2.54323
    endloop
  endfacet
  facet normal 1.62904e-05 -0.934184 0.356792
    outer loop
      vertex 0.529068 -8.44983 2.64241
      vertex 0.0935669 -8.40553 2.75842
      vertex 0.141266 -8.49542 2.52306
    endloop
  endfacet
  facet normal -3.32351e-06 -0.934195 0.356764
    outer loop
      vertex 0.529251 -8.3453 2.91612
      vertex 0.121643 -8.34164 2.9257
      vertex 0.509644 -8.39474 2.78666
    endloop
  endfacet
  facet normal -1.0077e-05 -0.93418 0.356801
    outer loop
      vertex 0.337234 -8.25021 3.16508
      vertex 0.205856 -8.28867 3.06438
      vertex 0.529251 -8.3453 2.91612
    endloop
  endfacet
  facet normal -3.17709e-05 -0.93419 0.356776
    outer loop
      vertex 0.50676 -8.22986 3.21838
      vertex 0.337234 -8.25021 3.16508
      vertex 0.588089 -8.30896 3.01127
    endloop
  endfacet
  facet normal 5.93031e-05 -0.934178 0.356807
    outer loop
      vertex 0.683655 -8.28661 3.06977
      vertex 0.50676 -8.22986 3.21838
      vertex 0.588089 -8.30896 3.01127
    endloop
  endfacet
  facet normal 2.16218e-05 -0.934194 0.356766
    outer loop
      vertex 0.819153 -8.17798 3.35421
      vertex 0.683655 -8.28661 3.06977
      vertex 0.8134 -8.27916 3.08927
    endloop
  endfacet
  facet normal -1.40299e-05 -0.934188 0.356781
    outer loop
      vertex 0.819153 -8.17798 3.35421
      vertex 0.50676 -8.2278 3.22375
      vertex 0.683655 -8.28661 3.06977
    endloop
  endfacet
  facet normal -1.12699e-05 -0.934185 0.356788
    outer loop
      vertex 0.93486 -8.17194 3.37001
      vertex 0.8134 -8.27916 3.08927
      vertex 1.13013 -8.22883 3.22106
    endloop
  endfacet
  facet normal 1.27579e-05 -0.934187 0.356783
    outer loop
      vertex 1.43748 -8.2861 3.07111
      vertex 1.05095 -8.30755 3.01496
      vertex 1.13013 -8.39269 2.79203
    endloop
  endfacet
  facet normal -2.7895e-06 -0.934189 0.356779
    outer loop
      vertex 1.13013 -8.39269 2.79203
      vertex 1.11159 -8.44932 2.64375
      vertex 1.54906 -8.4045 2.76111
    endloop
  endfacet
  facet normal 3.67257e-05 -0.934164 0.356843
    outer loop
      vertex 1.11159 -8.44932 2.64375
      vertex 1.05597 -8.48772 2.54323
      vertex 1.36046 -8.56246 2.34754
    endloop
  endfacet
  facet normal -9.87264e-06 -0.934189 0.35678
    outer loop
      vertex 1.36046 -8.56246 2.34754
      vertex 1.05597 -8.48772 2.54323
      vertex 1.13156 -8.60464 2.23709
    endloop
  endfacet
  facet normal 6.16386e-05 -0.934193 0.356768
    outer loop
      vertex 0.824921 -8.517 2.46657
      vertex 0.822037 -8.6187 2.20027
      vertex 0.961151 -8.50967 2.48574
    endloop
  endfacet
  facet normal -5.48027e-05 -0.934192 0.35677
    outer loop
      vertex 1.05597 -8.48772 2.54323
      vertex 0.961151 -8.50967 2.48574
      vertex 1.13156 -8.60464 2.23709
    endloop
  endfacet
  facet normal -6.26268e-06 -0.934189 0.356779
    outer loop
      vertex -1.39987 -8.0023 3.81418
      vertex -1.39987 -8.11582 3.51694
      vertex -0.913284 -8.00744 3.80073
    endloop
  endfacet
  facet normal -5.63433e-06 -0.934181 0.356799
    outer loop
      vertex -0.891663 -7.88467 4.12217
      vertex -1.39987 -8.0023 3.81418
      vertex -0.913284 -8.00744 3.80073
    endloop
  endfacet
  facet normal 5.88703e-06 -0.934184 0.356792
    outer loop
      vertex -0.508713 -7.88467 4.12217
      vertex -0.913284 -8.00744 3.80073
      vertex -0.508713 -8.50107 2.50826
    endloop
  endfacet
  facet normal 0 -0.934184 0.356791
    outer loop
      vertex -0.913284 -8.00744 3.80073
      vertex -0.913284 -8.50107 2.50826
      vertex -0.508713 -8.50107 2.50826
    endloop
  endfacet
  facet normal 0 -0.934181 0.356799
    outer loop
      vertex -0.891663 -7.88467 4.12217
      vertex -0.913284 -8.00744 3.80073
      vertex -0.508713 -7.88467 4.12217
    endloop
  endfacet
  facet normal 0 -0.93418 0.356802
    outer loop
      vertex -1.41571 -8.60843 2.22717
      vertex -0.913284 -8.50107 2.50826
      vertex -1.41571 -8.50107 2.50826
    endloop
  endfacet
  facet normal 0 -0.93418 0.356802
    outer loop
      vertex -0.0437164 -8.60843 2.22717
      vertex -0.913284 -8.50107 2.50826
      vertex -1.41571 -8.60843 2.22717
    endloop
  endfacet
  facet normal 0 -0.93418 0.356802
    outer loop
      vertex -0.913284 -8.50107 2.50826
      vertex -0.0437164 -8.60843 2.22717
      vertex -0.508713 -8.50107 2.50826
    endloop
  endfacet
  facet normal 0 -0.93418 0.356802
    outer loop
      vertex -0.508713 -8.50107 2.50826
      vertex -0.0437164 -8.60843 2.22717
      vertex -0.0437164 -8.50107 2.50826
    endloop
  endfacet
  facet normal -0.458913 0.317009 0.830003
    outer loop
      vertex 1.13156 -8.60464 2.23709
      vertex 1.36046 -9.12305 2.56165
      vertex 1.36046 -8.56246 2.34754
    endloop
  endfacet
  facet normal -0.458913 0.317009 0.830003
    outer loop
      vertex 1.36046 -9.12305 2.56165
      vertex 1.13156 -8.60464 2.23709
      vertex 1.13156 -9.16523 2.4512
    endloop
  endfacet
  facet normal -0.801375 0.213424 0.558791
    outer loop
      vertex 1.36046 -8.56246 2.34754
      vertex 1.37132 -9.11785 2.57524
      vertex 1.50191 -8.49484 2.52457
    endloop
  endfacet
  facet normal -0.801403 0.21341 0.558757
    outer loop
      vertex 1.37132 -9.11785 2.57524
      vertex 1.36046 -8.56246 2.34754
      vertex 1.36046 -9.12305 2.56165
    endloop
  endfacet
  facet normal -0.801373 0.213424 0.558794
    outer loop
      vertex 1.50191 -8.49484 2.52457
      vertex 1.37132 -9.11785 2.57524
      vertex 1.50191 -9.05543 2.73868
    endloop
  endfacet
  facet normal -0.983101 0.065318 0.171017
    outer loop
      vertex 1.50191 -8.49484 2.52457
      vertex 1.50553 -9.04849 2.75684
      vertex 1.54906 -8.4045 2.76111
    endloop
  endfacet
  facet normal -0.983102 0.0653151 0.17101
    outer loop
      vertex 1.50553 -9.04849 2.75684
      vertex 1.50191 -8.49484 2.52457
      vertex 1.50191 -9.05543 2.73868
    endloop
  endfacet
  facet normal -0.983101 0.065318 0.171015
    outer loop
      vertex 1.54906 -8.4045 2.76111
      vertex 1.50553 -9.04849 2.75684
      vertex 1.54906 -8.96508 2.97522
    endloop
  endfacet
  facet normal -0.988753 -0.0533519 -0.13972
    outer loop
      vertex 1.54906 -8.4045 2.76111
      vertex 1.54691 -8.96002 2.98845
      vertex 1.52116 -8.33869 2.93342
    endloop
  endfacet
  facet normal -0.988676 -0.0535448 -0.14019
    outer loop
      vertex 1.54691 -8.96002 2.98845
      vertex 1.54906 -8.4045 2.76111
      vertex 1.54906 -8.96508 2.97522
    endloop
  endfacet
  facet normal -0.98876 -0.0533481 -0.139673
    outer loop
      vertex 1.54691 -8.96002 2.98845
      vertex 1.52116 -8.89926 3.14753
      vertex 1.52116 -8.33869 2.93342
    endloop
  endfacet
  facet normal -0.869622 -0.176156 -0.461224
    outer loop
      vertex 1.52116 -8.33869 2.93342
      vertex 1.43748 -8.84667 3.28521
      vertex 1.43748 -8.2861 3.07111
    endloop
  endfacet
  facet normal -0.869608 -0.176172 -0.461243
    outer loop
      vertex 1.43748 -8.84667 3.28521
      vertex 1.52116 -8.33869 2.93342
      vertex 1.52116 -8.89926 3.14753
    endloop
  endfacet
  facet normal -0.619063 -0.280206 -0.733652
    outer loop
      vertex 1.30486 -8.80937 3.38287
      vertex 1.43748 -8.2861 3.07111
      vertex 1.43748 -8.84667 3.28521
    endloop
  endfacet
  facet normal -0.619063 -0.280206 -0.733652
    outer loop
      vertex 1.43748 -8.2861 3.07111
      vertex 1.30486 -8.80937 3.38287
      vertex 1.30486 -8.2488 3.16877
    endloop
  endfacet
  facet normal -0.305244 -0.339767 -0.889598
    outer loop
      vertex 1.29143 -8.80783 3.38689
      vertex 1.30486 -8.2488 3.16877
      vertex 1.30486 -8.80937 3.38287
    endloop
  endfacet
  facet normal -0.305072 -0.33979 -0.889648
    outer loop
      vertex 1.30486 -8.2488 3.16877
      vertex 1.29143 -8.80783 3.38689
      vertex 1.13013 -8.22883 3.22106
    endloop
  endfacet
  facet normal -0.305058 -0.339788 -0.889654
    outer loop
      vertex 1.29143 -8.80783 3.38689
      vertex 1.13013 -8.7894 3.43516
      vertex 1.13013 -8.22883 3.22106
    endloop
  endfacet
  facet normal -1 0 0
    outer loop
      vertex 1.13013 -8.22883 3.22106
      vertex 1.13013 -8.78734 3.44054
      vertex 1.13013 -8.22677 3.22645
    endloop
  endfacet
  facet normal -1 0 -0
    outer loop
      vertex 1.13013 -8.78734 3.44054
      vertex 1.13013 -8.22883 3.22106
      vertex 1.13013 -8.7894 3.43516
    endloop
  endfacet
  facet normal -0.347748 0.334514 0.875883
    outer loop
      vertex 1.13013 -8.22677 3.22645
      vertex 1.14176 -8.7858 3.44457
      vertex 1.28148 -8.20674 3.27889
    endloop
  endfacet
  facet normal -0.347797 0.334506 0.875867
    outer loop
      vertex 1.14176 -8.7858 3.44457
      vertex 1.13013 -8.22677 3.22645
      vertex 1.13013 -8.78734 3.44054
    endloop
  endfacet
  facet normal -0.347799 0.33452 0.875861
    outer loop
      vertex 1.28148 -8.20674 3.27889
      vertex 1.14176 -8.7858 3.44457
      vertex 1.28148 -8.76731 3.49299
    endloop
  endfacet
  facet normal -0.657484 0.26883 0.703879
    outer loop
      vertex 1.28148 -8.20674 3.27889
      vertex 1.29048 -8.7645 3.50032
      vertex 1.39862 -8.17027 3.37438
    endloop
  endfacet
  facet normal -0.657325 0.268883 0.704006
    outer loop
      vertex 1.29048 -8.7645 3.50032
      vertex 1.28148 -8.20674 3.27889
      vertex 1.28148 -8.76731 3.49299
    endloop
  endfacet
  facet normal -0.657511 0.26883 0.703854
    outer loop
      vertex 1.39862 -8.17027 3.37438
      vertex 1.29048 -8.7645 3.50032
      vertex 1.39862 -8.73083 3.58848
    endloop
  endfacet
  facet normal -0.874557 0.173012 0.453008
    outer loop
      vertex 1.39862 -8.17027 3.37438
      vertex 1.40439 -8.72712 3.59819
      vertex 1.47366 -8.12199 3.50081
    endloop
  endfacet
  facet normal -0.874328 0.173168 0.453391
    outer loop
      vertex 1.40439 -8.72712 3.59819
      vertex 1.39862 -8.17027 3.37438
      vertex 1.39862 -8.73083 3.58848
    endloop
  endfacet
  facet normal -0.874567 0.17301 0.45299
    outer loop
      vertex 1.47366 -8.12199 3.50081
      vertex 1.40439 -8.72712 3.59819
      vertex 1.47366 -8.68254 3.7149
    endloop
  endfacet
  facet normal -0.987288 0.0567087 0.148483
    outer loop
      vertex 1.47366 -8.12199 3.50081
      vertex 1.49869 -8.62707 3.86014
      vertex 1.49869 -8.06651 3.64605
    endloop
  endfacet
  facet normal -0.987287 0.0567109 0.148486
    outer loop
      vertex 1.49869 -8.62707 3.86014
      vertex 1.47366 -8.12199 3.50081
      vertex 1.47366 -8.68254 3.7149
    endloop
  endfacet
  facet normal -0.982026 -0.0673436 -0.176322
    outer loop
      vertex 1.49869 -8.06651 3.64605
      vertex 1.45459 -8.54519 4.07449
      vertex 1.45459 -7.98465 3.8604
    endloop
  endfacet
  facet normal -0.982027 -0.0673395 -0.176317
    outer loop
      vertex 1.45459 -8.54519 4.07449
      vertex 1.49869 -8.06651 3.64605
      vertex 1.49869 -8.62707 3.86014
    endloop
  endfacet
  facet normal -0.789379 -0.219032 -0.573503
    outer loop
      vertex 1.45459 -7.98465 3.8604
      vertex 1.44442 -8.54053 4.0867
      vertex 1.32233 -7.92397 4.01927
    endloop
  endfacet
  facet normal -0.7892 -0.219122 -0.573715
    outer loop
      vertex 1.44442 -8.54053 4.0867
      vertex 1.45459 -7.98465 3.8604
      vertex 1.45459 -8.54519 4.07449
    endloop
  endfacet
  facet normal -0.789394 -0.219033 -0.573482
    outer loop
      vertex 1.44442 -8.54053 4.0867
      vertex 1.32233 -8.48451 4.23336
      vertex 1.32233 -7.92397 4.01927
    endloop
  endfacet
  facet normal -0.440176 -0.320372 -0.838813
    outer loop
      vertex 1.30582 -8.48162 4.24092
      vertex 1.32233 -7.92397 4.01927
      vertex 1.32233 -8.48451 4.23336
    endloop
  endfacet
  facet normal -0.440329 -0.320341 -0.838745
    outer loop
      vertex 1.32233 -7.92397 4.01927
      vertex 1.30582 -8.48162 4.24092
      vertex 1.10764 -7.8864 4.11763
    endloop
  endfacet
  facet normal -0.440307 -0.320336 -0.838758
    outer loop
      vertex 1.30582 -8.48162 4.24092
      vertex 1.10764 -8.44694 4.33171
      vertex 1.10764 -7.8864 4.11763
    endloop
  endfacet
  facet normal -0.119471 -0.354227 -0.927497
    outer loop
      vertex 1.08523 -8.44598 4.33423
      vertex 1.10764 -7.8864 4.11763
      vertex 1.10764 -8.44694 4.33171
    endloop
  endfacet
  facet normal -0.119571 -0.354219 -0.927487
    outer loop
      vertex 1.10764 -7.8864 4.11763
      vertex 1.08523 -8.44598 4.33423
      vertex 0.816284 -7.87388 4.15041
    endloop
  endfacet
  facet normal -0.119614 -0.354235 -0.927475
    outer loop
      vertex 1.08523 -8.44598 4.33423
      vertex 0.816284 -8.43442 4.3645
      vertex 0.816284 -7.87388 4.15041
    endloop
  endfacet
  facet normal 0.124903 -0.354008 -0.926864
    outer loop
      vertex 0.530334 -7.88673 4.11678
      vertex 0.816284 -8.43442 4.3645
      vertex 0.530334 -8.44726 4.33087
    endloop
  endfacet
  facet normal 0.124915 -0.354002 -0.926865
    outer loop
      vertex 0.816284 -8.43442 4.3645
      vertex 0.530334 -7.88673 4.11678
      vertex 0.816284 -7.87388 4.15041
    endloop
  endfacet
  facet normal 0.452606 -0.318165 -0.833018
    outer loop
      vertex 0.513964 -8.45023 4.32311
      vertex 0.530334 -7.88673 4.11678
      vertex 0.530334 -8.44726 4.33087
    endloop
  endfacet
  facet normal 0.452376 -0.318199 -0.83313
    outer loop
      vertex 0.530334 -7.88673 4.11678
      vertex 0.513964 -8.45023 4.32311
      vertex 0.317444 -7.92526 4.0159
    endloop
  endfacet
  facet normal 0.45237 -0.318202 -0.833132
    outer loop
      vertex 0.513964 -8.45023 4.32311
      vertex 0.317444 -8.4858 4.22999
      vertex 0.317444 -7.92526 4.0159
    endloop
  endfacet
  facet normal 0.789648 -0.218916 -0.573176
    outer loop
      vertex 0.317444 -8.4858 4.22999
      vertex 0.185181 -7.98599 3.85688
      vertex 0.317444 -7.92526 4.0159
    endloop
  endfacet
  facet normal 0.789655 -0.21891 -0.57317
    outer loop
      vertex 0.185181 -7.98599 3.85688
      vertex 0.317444 -8.4858 4.22999
      vertex 0.185181 -8.54654 4.07097
    endloop
  endfacet
  facet normal 0.980967 -0.0692794 -0.181394
    outer loop
      vertex 0.185181 -8.54654 4.07097
      vertex 0.141083 -8.06548 3.64876
      vertex 0.185181 -7.98599 3.85688
    endloop
  endfacet
  facet normal 0.980967 -0.0692794 -0.181394
    outer loop
      vertex 0.141083 -8.06548 3.64876
      vertex 0.185181 -8.54654 4.07097
      vertex 0.141083 -8.62603 3.86285
    endloop
  endfacet
  facet normal 0.987194 0.0569173 0.149026
    outer loop
      vertex 0.143019 -8.63031 3.85166
      vertex 0.141083 -8.06548 3.64876
      vertex 0.141083 -8.62603 3.86285
    endloop
  endfacet
  facet normal 0.987189 0.0569269 0.149053
    outer loop
      vertex 0.141083 -8.06548 3.64876
      vertex 0.143019 -8.63031 3.85166
      vertex 0.166275 -8.12109 3.50315
    endloop
  endfacet
  facet normal 0.987189 0.056926 0.149051
    outer loop
      vertex 0.166275 -8.12109 3.50315
      vertex 0.143019 -8.63031 3.85166
      vertex 0.166275 -8.68165 3.71724
    endloop
  endfacet
  facet normal 0.874735 0.172899 0.452708
    outer loop
      vertex 0.166275 -8.68165 3.71724
      vertex 0.241852 -8.16977 3.37571
      vertex 0.166275 -8.12109 3.50315
    endloop
  endfacet
  facet normal 0.874735 0.172899 0.452708
    outer loop
      vertex 0.241852 -8.16977 3.37571
      vertex 0.166275 -8.68165 3.71724
      vertex 0.241852 -8.73033 3.5898
    endloop
  endfacet
  facet normal 0.66562 0.266266 0.697175
    outer loop
      vertex 0.241852 -8.73033 3.5898
      vertex 0.358459 -8.20687 3.27855
      vertex 0.241852 -8.16977 3.37571
    endloop
  endfacet
  facet normal 0.665633 0.266258 0.697166
    outer loop
      vertex 0.358459 -8.20687 3.27855
      vertex 0.241852 -8.73033 3.5898
      vertex 0.358459 -8.76744 3.49264
    endloop
  endfacet
  facet normal 0.367823 0.331769 0.868698
    outer loop
      vertex 0.358459 -8.76744 3.49264
      vertex 0.50676 -8.2278 3.22375
      vertex 0.358459 -8.20687 3.27855
    endloop
  endfacet
  facet normal 0.367741 0.331802 0.86872
    outer loop
      vertex 0.50676 -8.2278 3.22375
      vertex 0.358459 -8.76744 3.49264
      vertex 0.369857 -8.76905 3.48843
    endloop
  endfacet
  facet normal 0.367775 0.331789 0.86871
    outer loop
      vertex 0.50676 -8.2278 3.22375
      vertex 0.369857 -8.76905 3.48843
      vertex 0.50676 -8.78837 3.43785
    endloop
  endfacet
  facet normal 1 0 0
    outer loop
      vertex 0.50676 -8.78837 3.43785
      vertex 0.50676 -8.22986 3.21838
      vertex 0.50676 -8.2278 3.22375
    endloop
  endfacet
  facet normal 1 0 0
    outer loop
      vertex 0.50676 -8.22986 3.21838
      vertex 0.50676 -8.78837 3.43785
      vertex 0.50676 -8.79042 3.43247
    endloop
  endfacet
  facet normal 0.318502 -0.338205 -0.885536
    outer loop
      vertex 0.493732 -8.79198 3.42838
      vertex 0.50676 -8.22986 3.21838
      vertex 0.50676 -8.79042 3.43247
    endloop
  endfacet
  facet normal 0.318964 -0.33816 -0.885387
    outer loop
      vertex 0.50676 -8.22986 3.21838
      vertex 0.493732 -8.79198 3.42838
      vertex 0.337234 -8.25021 3.16508
    endloop
  endfacet
  facet normal 0.318971 -0.338158 -0.885385
    outer loop
      vertex 0.493732 -8.79198 3.42838
      vertex 0.337234 -8.81078 3.37918
      vertex 0.337234 -8.25021 3.16508
    endloop
  endfacet
  facet normal 0.634307 -0.275832 -0.722199
    outer loop
      vertex 0.205856 -8.28867 3.06438
      vertex 0.337234 -8.81078 3.37918
      vertex 0.205856 -8.84924 3.27848
    endloop
  endfacet
  facet normal 0.634307 -0.275832 -0.722199
    outer loop
      vertex 0.337234 -8.81078 3.37918
      vertex 0.205856 -8.28867 3.06438
      vertex 0.337234 -8.25021 3.16508
    endloop
  endfacet
  facet normal 0.869795 -0.176047 -0.460938
    outer loop
      vertex 0.205856 -8.84924 3.27848
      vertex 0.121643 -8.34164 2.9257
      vertex 0.205856 -8.28867 3.06438
    endloop
  endfacet
  facet normal 0.869795 -0.176047 -0.460938
    outer loop
      vertex 0.121643 -8.34164 2.9257
      vertex 0.205856 -8.84924 3.27848
      vertex 0.121643 -8.90221 3.1398
    endloop
  endfacet
  facet normal 0.987929 -0.0552712 -0.144714
    outer loop
      vertex 0.119486 -8.90712 3.12695
      vertex 0.121643 -8.34164 2.9257
      vertex 0.121643 -8.90221 3.1398
    endloop
  endfacet
  facet normal 0.98793 -0.0552677 -0.144705
    outer loop
      vertex 0.121643 -8.34164 2.9257
      vertex 0.119486 -8.90712 3.12695
      vertex 0.0935669 -8.40553 2.75842
    endloop
  endfacet
  facet normal 0.987931 -0.0552651 -0.144701
    outer loop
      vertex 0.119486 -8.90712 3.12695
      vertex 0.0935669 -8.96611 2.97252
      vertex 0.0935669 -8.40553 2.75842
    endloop
  endfacet
  facet normal 0.982546 0.0663705 0.173778
    outer loop
      vertex 0.0935669 -8.96611 2.97252
      vertex 0.141266 -8.49542 2.52306
      vertex 0.0935669 -8.40553 2.75842
    endloop
  endfacet
  facet normal 0.982546 0.0663686 0.173776
    outer loop
      vertex 0.141266 -8.49542 2.52306
      vertex 0.0935669 -8.96611 2.97252
      vertex 0.141266 -9.05601 2.73716
    endloop
  endfacet
  facet normal 0.796664 0.215648 0.564644
    outer loop
      vertex 0.152255 -9.06118 2.72363
      vertex 0.141266 -8.49542 2.52306
      vertex 0.141266 -9.05601 2.73716
    endloop
  endfacet
  facet normal 0.796735 0.215618 0.564555
    outer loop
      vertex 0.141266 -8.49542 2.52306
      vertex 0.152255 -9.06118 2.72363
      vertex 0.284332 -8.56272 2.34686
    endloop
  endfacet
  facet normal 0.796741 0.215612 0.564549
    outer loop
      vertex 0.284332 -8.56272 2.34686
      vertex 0.152255 -9.06118 2.72363
      vertex 0.284332 -9.12331 2.56096
    endloop
  endfacet
  facet normal 0.455817 0.317564 0.831495
    outer loop
      vertex 0.284332 -9.12331 2.56096
      vertex 0.51413 -8.6047 2.23692
      vertex 0.284332 -8.56272 2.34686
    endloop
  endfacet
  facet normal 0.4558 0.317575 0.8315
    outer loop
      vertex 0.51413 -8.6047 2.23692
      vertex 0.284332 -9.12331 2.56096
      vertex 0.51413 -9.1653 2.45103
    endloop
  endfacet
  facet normal 0.126396 0.353931 0.926691
    outer loop
      vertex 0.51413 -9.1653 2.45103
      vertex 0.822037 -8.6187 2.20027
      vertex 0.51413 -8.6047 2.23692
    endloop
  endfacet
  facet normal 0.126396 0.353931 0.926691
    outer loop
      vertex 0.822037 -8.6187 2.20027
      vertex 0.51413 -9.1653 2.45103
      vertex 0.822037 -9.1793 2.41438
    endloop
  endfacet
  facet normal -0.126315 0.35394 0.926699
    outer loop
      vertex 0.822037 -8.6187 2.20027
      vertex 1.13156 -9.16523 2.4512
      vertex 1.13156 -8.60464 2.23709
    endloop
  endfacet
  facet normal -0.126326 0.353934 0.9267
    outer loop
      vertex 1.13156 -9.16523 2.4512
      vertex 0.822037 -8.6187 2.20027
      vertex 0.822037 -9.1793 2.41438
    endloop
  endfacet
  facet normal -0.956861 -0.103665 -0.271425
    outer loop
      vertex 0.620483 -8.15203 3.42214
      vertex 0.55426 -8.63477 3.83997
      vertex 0.55426 -8.07422 3.62588
    endloop
  endfacet
  facet normal -0.956862 -0.103662 -0.271421
    outer loop
      vertex 0.55426 -8.63477 3.83997
      vertex 0.620483 -8.15203 3.42214
      vertex 0.620483 -8.71259 3.63623
    endloop
  endfacet
  facet normal -0.953985 0.106985 0.280119
    outer loop
      vertex 0.61473 -8.56612 4.01969
      vertex 0.619766 -7.99986 3.82057
      vertex 0.55426 -8.07422 3.62588
    endloop
  endfacet
  facet normal -0.953985 0.106985 0.280119
    outer loop
      vertex 0.619766 -7.99986 3.82057
      vertex 0.61473 -8.56612 4.01969
      vertex 0.619766 -8.56041 4.03466
    endloop
  endfacet
  facet normal -0.953985 0.106985 0.280119
    outer loop
      vertex 0.55426 -8.07422 3.62588
      vertex 0.55426 -8.63477 3.83997
      vertex 0.61473 -8.56612 4.01969
    endloop
  endfacet
  facet normal -0.333401 0.336383 0.880733
    outer loop
      vertex 0.816284 -7.97508 3.88546
      vertex 0.801175 -8.53753 4.09456
      vertex 0.816284 -8.53562 4.09955
    endloop
  endfacet
  facet normal -0.333252 0.336398 0.880784
    outer loop
      vertex 0.801175 -8.53753 4.09456
      vertex 0.816284 -7.97508 3.88546
      vertex 0.619766 -7.99986 3.82057
    endloop
  endfacet
  facet normal -0.333256 0.336396 0.880783
    outer loop
      vertex 0.619766 -7.99986 3.82057
      vertex 0.619766 -8.56041 4.03466
      vertex 0.801175 -8.53753 4.09456
    endloop
  endfacet
  facet normal 0.141483 0.353208 0.924785
    outer loop
      vertex 0.933243 -7.98105 3.86982
      vertex 0.924251 -8.54113 4.08511
      vertex 0.933243 -8.54159 4.08391
    endloop
  endfacet
  facet normal 0.141689 0.353194 0.924758
    outer loop
      vertex 0.924251 -8.54113 4.08511
      vertex 0.933243 -7.98105 3.86982
      vertex 0.816284 -7.97508 3.88546
    endloop
  endfacet
  facet normal 0.141706 0.353197 0.924755
    outer loop
      vertex 0.816284 -7.97508 3.88546
      vertex 0.816284 -8.53562 4.09955
      vertex 0.924251 -8.54113 4.08511
    endloop
  endfacet
  facet normal 0.516255 0.305573 0.800066
    outer loop
      vertex 1.01639 -7.99897 3.82291
      vertex 1.01 -8.55814 4.0406
      vertex 1.01639 -8.55951 4.037
    endloop
  endfacet
  facet normal 0.516977 0.305408 0.799663
    outer loop
      vertex 1.01 -8.55814 4.0406
      vertex 1.01639 -7.99897 3.82291
      vertex 0.933243 -7.98105 3.86982
    endloop
  endfacet
  facet normal 0.517037 0.305405 0.799625
    outer loop
      vertex 0.933243 -7.98105 3.86982
      vertex 0.933243 -8.54159 4.08391
      vertex 1.01 -8.55814 4.0406
    endloop
  endfacet
  facet normal 0.866453 0.178128 0.466401
    outer loop
      vertex 1.06224 -8.58791 3.96266
      vertex 1.06606 -8.02972 3.74238
      vertex 1.01639 -7.99897 3.82291
    endloop
  endfacet
  facet normal 0.866293 0.17823 0.466659
    outer loop
      vertex 1.06606 -8.02972 3.74238
      vertex 1.06224 -8.58791 3.96266
      vertex 1.06606 -8.59027 3.95647
    endloop
  endfacet
  facet normal 0.866476 0.17812 0.466361
    outer loop
      vertex 1.01639 -7.99897 3.82291
      vertex 1.01639 -8.55951 4.037
      vertex 1.06224 -8.58791 3.96266
    endloop
  endfacet
  facet normal 0.991309 0.0469377 0.122896
    outer loop
      vertex 1.06606 -8.59027 3.95647
      vertex 1.08261 -8.07422 3.62588
      vertex 1.06606 -8.02972 3.74238
    endloop
  endfacet
  facet normal 0.991309 0.0469377 0.122896
    outer loop
      vertex 1.08261 -8.07422 3.62588
      vertex 1.06606 -8.59027 3.95647
      vertex 1.08261 -8.63477 3.83997
    endloop
  endfacet
  facet normal 0.99257 -0.0434133 -0.113669
    outer loop
      vertex 1.08261 -8.63477 3.83997
      vertex 1.06624 -8.12186 3.50113
      vertex 1.08261 -8.07422 3.62588
    endloop
  endfacet
  facet normal 0.992569 -0.0434162 -0.113673
    outer loop
      vertex 1.06624 -8.12186 3.50113
      vertex 1.08261 -8.63477 3.83997
      vertex 1.06624 -8.68242 3.71523
    endloop
  endfacet
  facet normal 0.876859 -0.171531 -0.449105
    outer loop
      vertex 1.06624 -8.68242 3.71523
      vertex 1.01711 -8.15384 3.41742
      vertex 1.06624 -8.12186 3.50113
    endloop
  endfacet
  facet normal 0.876872 -0.171518 -0.449084
    outer loop
      vertex 1.01711 -8.15384 3.41742
      vertex 1.06624 -8.68242 3.71523
      vertex 1.01711 -8.71439 3.63151
    endloop
  endfacet
  facet normal 0.525116 -0.303636 -0.795021
    outer loop
      vertex 0.93486 -8.17194 3.37001
      vertex 1.01711 -8.71439 3.63151
      vertex 0.93486 -8.7325 3.5841
    endloop
  endfacet
  facet normal 0.525089 -0.303646 -0.795035
    outer loop
      vertex 1.01711 -8.71439 3.63151
      vertex 0.93486 -8.17194 3.37001
      vertex 1.01711 -8.15384 3.41742
    endloop
  endfacet
  facet normal 0.144433 -0.353059 -0.924385
    outer loop
      vertex 0.819153 -8.17798 3.35421
      vertex 0.828046 -8.73807 3.56952
      vertex 0.819153 -8.73854 3.56831
    endloop
  endfacet
  facet normal 0.144652 -0.353045 -0.924357
    outer loop
      vertex 0.828046 -8.73807 3.56952
      vertex 0.819153 -8.17798 3.35421
      vertex 0.93486 -8.17194 3.37001
    endloop
  endfacet
  facet normal 0.144585 -0.353037 -0.92437
    outer loop
      vertex 0.93486 -8.7325 3.5841
      vertex 0.828046 -8.73807 3.56952
      vertex 0.93486 -8.17194 3.37001
    endloop
  endfacet
  facet normal -0.343768 -0.335041 -0.877252
    outer loop
      vertex 0.620483 -8.15203 3.42214
      vertex 0.635753 -8.71459 3.63101
      vertex 0.620483 -8.71259 3.63623
    endloop
  endfacet
  facet normal -0.343722 -0.335046 -0.877268
    outer loop
      vertex 0.635753 -8.71459 3.63101
      vertex 0.620483 -8.15203 3.42214
      vertex 0.819153 -8.17798 3.35421
    endloop
  endfacet
  facet normal -0.343676 -0.335067 -0.877278
    outer loop
      vertex 0.819153 -8.73854 3.56831
      vertex 0.635753 -8.71459 3.63101
      vertex 0.819153 -8.17798 3.35421
    endloop
  endfacet
  facet normal -0.530421 -0.302533 -0.791914
    outer loop
      vertex 0.587357 -9.0483 2.75733
      vertex 0.685623 -8.50967 2.48574
      vertex 0.594905 -9.04999 2.75292
    endloop
  endfacet
  facet normal -0.530753 -0.302389 -0.791747
    outer loop
      vertex 0.685623 -8.50967 2.48574
      vertex 0.587357 -9.0483 2.75733
      vertex 0.587357 -8.48772 2.54323
    endloop
  endfacet
  facet normal -0.530742 -0.302399 -0.79175
    outer loop
      vertex 0.685623 -9.07026 2.69985
      vertex 0.594905 -9.04999 2.75292
      vertex 0.685623 -8.50967 2.48574
    endloop
  endfacet
  facet normal -0.876582 -0.17171 -0.449577
    outer loop
      vertex 0.533546 -9.01333 2.8489
      vertex 0.529068 -8.44983 2.64241
      vertex 0.587357 -8.48772 2.54323
    endloop
  endfacet
  facet normal -0.876588 -0.171706 -0.449567
    outer loop
      vertex 0.529068 -8.44983 2.64241
      vertex 0.533546 -9.01333 2.8489
      vertex 0.529068 -9.01042 2.85652
    endloop
  endfacet
  facet normal -0.876594 -0.171698 -0.449559
    outer loop
      vertex 0.587357 -9.0483 2.75733
      vertex 0.533546 -9.01333 2.8489
      vertex 0.587357 -8.48772 2.54323
    endloop
  endfacet
  facet normal -0.992181 -0.044531 -0.116596
    outer loop
      vertex 0.511136 -8.95955 2.98968
      vertex 0.509644 -8.39474 2.78666
      vertex 0.529068 -8.44983 2.64241
    endloop
  endfacet
  facet normal -0.99218 -0.0445335 -0.116602
    outer loop
      vertex 0.509644 -8.39474 2.78666
      vertex 0.511136 -8.95955 2.98968
      vertex 0.509644 -8.95532 3.00076
    endloop
  endfacet
  facet normal -0.99218 -0.0445335 -0.116599
    outer loop
      vertex 0.529068 -9.01042 2.85652
      vertex 0.511136 -8.95955 2.98968
      vertex 0.529068 -8.44983 2.64241
    endloop
  endfacet
  facet normal -0.990139 0.0499821 0.130871
    outer loop
      vertex 0.527745 -8.90967 3.12027
      vertex 0.529251 -8.3453 2.91612
      vertex 0.509644 -8.39474 2.78666
    endloop
  endfacet
  facet normal -0.990151 0.0499525 0.130789
    outer loop
      vertex 0.529251 -8.3453 2.91612
      vertex 0.527745 -8.90967 3.12027
      vertex 0.529251 -8.90587 3.13022
    endloop
  endfacet
  facet normal -0.990138 0.0499841 0.130874
    outer loop
      vertex 0.509644 -8.39474 2.78666
      vertex 0.509644 -8.95532 3.00076
      vertex 0.527745 -8.90967 3.12027
    endloop
  endfacet
  facet normal -0.865904 0.178472 0.467287
    outer loop
      vertex 0.529251 -8.3453 2.91612
      vertex 0.588089 -8.86953 3.22537
      vertex 0.588089 -8.30896 3.01127
    endloop
  endfacet
  facet normal -0.865904 0.178472 0.467287
    outer loop
      vertex 0.588089 -8.86953 3.22537
      vertex 0.529251 -8.3453 2.91612
      vertex 0.529251 -8.90587 3.13022
    endloop
  endfacet
  facet normal -0.548099 0.298428 0.781363
    outer loop
      vertex 0.588089 -8.30896 3.01127
      vertex 0.683655 -8.84718 3.28387
      vertex 0.683655 -8.28661 3.06977
    endloop
  endfacet
  facet normal -0.548099 0.298428 0.781363
    outer loop
      vertex 0.683655 -8.84718 3.28387
      vertex 0.588089 -8.30896 3.01127
      vertex 0.588089 -8.86953 3.22537
    endloop
  endfacet
  facet normal -0.158847 0.352265 0.922322
    outer loop
      vertex 0.683655 -8.28661 3.06977
      vertex 0.8134 -8.83973 3.30337
      vertex 0.8134 -8.27916 3.08927
    endloop
  endfacet
  facet normal -0.158847 0.352265 0.922322
    outer loop
      vertex 0.8134 -8.83973 3.30337
      vertex 0.683655 -8.28661 3.06977
      vertex 0.683655 -8.84718 3.28387
    endloop
  endfacet
  facet normal 0.317539 0.338329 0.885834
    outer loop
      vertex 0.8134 -8.83973 3.30337
      vertex 1.05095 -8.30755 3.01496
      vertex 0.8134 -8.27916 3.08927
    endloop
  endfacet
  facet normal 0.317539 0.338329 0.885834
    outer loop
      vertex 1.05095 -8.30755 3.01496
      vertex 0.8134 -8.83973 3.30337
      vertex 1.05095 -8.86812 3.22906
    endloop
  endfacet
  facet normal 0.949118 0.112362 0.294194
    outer loop
      vertex 1.05095 -8.86812 3.22906
      vertex 1.13013 -8.39269 2.79203
      vertex 1.05095 -8.30755 3.01496
    endloop
  endfacet
  facet normal 0.949119 0.112359 0.294191
    outer loop
      vertex 1.13013 -8.39269 2.79203
      vertex 1.05095 -8.86812 3.22906
      vertex 1.13013 -8.95327 3.00613
    endloop
  endfacet
  facet normal 0.993247 -0.0413934 -0.108381
    outer loop
      vertex 1.13013 -8.95327 3.00613
      vertex 1.11159 -8.44932 2.64375
      vertex 1.13013 -8.39269 2.79203
    endloop
  endfacet
  facet normal 0.993247 -0.0413975 -0.108386
    outer loop
      vertex 1.11159 -8.44932 2.64375
      vertex 1.13013 -8.95327 3.00613
      vertex 1.11159 -9.0099 2.85786
    endloop
  endfacet
  facet normal 0.888345 -0.163839 -0.428953
    outer loop
      vertex 1.06024 -9.04535 2.76506
      vertex 1.05597 -8.48772 2.54323
      vertex 1.11159 -8.44932 2.64375
    endloop
  endfacet
  facet normal 0.888635 -0.163629 -0.428431
    outer loop
      vertex 1.05597 -8.48772 2.54323
      vertex 1.06024 -9.04535 2.76506
      vertex 1.05597 -9.0483 2.75733
    endloop
  endfacet
  facet normal 0.888338 -0.163841 -0.428966
    outer loop
      vertex 1.11159 -9.0099 2.85786
      vertex 1.06024 -9.04535 2.76506
      vertex 1.11159 -8.44932 2.64375
    endloop
  endfacet
  facet normal 0.544079 -0.299366 -0.78381
    outer loop
      vertex 0.961151 -8.50967 2.48574
      vertex 0.968434 -9.06857 2.70426
      vertex 0.961151 -9.07026 2.69985
    endloop
  endfacet
  facet normal 0.5444 -0.299286 -0.783617
    outer loop
      vertex 0.968434 -9.06857 2.70426
      vertex 0.961151 -8.50967 2.48574
      vertex 1.05597 -8.48772 2.54323
    endloop
  endfacet
  facet normal 0.544388 -0.299287 -0.783626
    outer loop
      vertex 1.05597 -9.0483 2.75733
      vertex 0.968434 -9.06857 2.70426
      vertex 1.05597 -8.48772 2.54323
    endloop
  endfacet
  facet normal 0.149537 -0.352778 -0.923681
    outer loop
      vertex 0.824921 -8.517 2.46657
      vertex 0.835384 -9.07702 2.68215
      vertex 0.824921 -9.07758 2.68067
    endloop
  endfacet
  facet normal 0.148973 -0.352817 -0.923757
    outer loop
      vertex 0.835384 -9.07702 2.68215
      vertex 0.824921 -8.517 2.46657
      vertex 0.961151 -8.50967 2.48574
    endloop
  endfacet
  facet normal 0.14897 -0.352817 -0.923758
    outer loop
      vertex 0.961151 -9.07026 2.69985
      vertex 0.835384 -9.07702 2.68215
      vertex 0.961151 -8.50967 2.48574
    endloop
  endfacet
  facet normal -0.146296 -0.352959 -0.92413
    outer loop
      vertex 0.685623 -8.50967 2.48574
      vertex 0.696323 -9.07082 2.69837
      vertex 0.685623 -9.07026 2.69985
    endloop
  endfacet
  facet normal -0.145762 -0.352979 -0.924208
    outer loop
      vertex 0.696323 -9.07082 2.69837
      vertex 0.685623 -8.50967 2.48574
      vertex 0.824921 -8.517 2.46657
    endloop
  endfacet
  facet normal -0.145761 -0.352979 -0.924208
    outer loop
      vertex 0.824921 -9.07758 2.68067
      vertex 0.696323 -9.07082 2.69837
      vertex 0.824921 -8.517 2.46657
    endloop
  endfacet
  facet normal 0 -0.356798 -0.934181
    outer loop
      vertex -0.508713 -9.06166 2.72237
      vertex -0.0437164 -8.50107 2.50826
      vertex -0.0437164 -9.06166 2.72237
    endloop
  endfacet
  facet normal -0 -0.356798 -0.934181
    outer loop
      vertex -0.0437164 -8.50107 2.50826
      vertex -0.508713 -9.06166 2.72237
      vertex -0.508713 -8.50107 2.50826
    endloop
  endfacet
  facet normal -1 0 0
    outer loop
      vertex -0.508713 -8.50107 2.50826
      vertex -0.508713 -8.4452 4.33626
      vertex -0.508713 -7.88467 4.12217
    endloop
  endfacet
  facet normal -1 0 0
    outer loop
      vertex -0.508713 -8.4452 4.33626
      vertex -0.508713 -8.50107 2.50826
      vertex -0.508713 -9.06166 2.72237
    endloop
  endfacet
  facet normal 0 -0.356803 -0.93418
    outer loop
      vertex -0.891663 -8.4452 4.33626
      vertex -0.508713 -7.88467 4.12217
      vertex -0.508713 -8.4452 4.33626
    endloop
  endfacet
  facet normal -0 -0.356803 -0.93418
    outer loop
      vertex -0.508713 -7.88467 4.12217
      vertex -0.891663 -8.4452 4.33626
      vertex -0.891663 -7.88467 4.12217
    endloop
  endfacet
  facet normal 0.544243 -0.299327 -0.783711
    outer loop
      vertex -1.39987 -8.0023 3.81418
      vertex -0.891663 -8.4452 4.33626
      vertex -1.39987 -8.56284 4.02827
    endloop
  endfacet
  facet normal 0.544239 -0.299333 -0.783712
    outer loop
      vertex -0.891663 -8.4452 4.33626
      vertex -1.39987 -8.0023 3.81418
      vertex -0.891663 -7.88467 4.12217
    endloop
  endfacet
  facet normal 1 0 0
    outer loop
      vertex -1.39987 -8.56284 4.02827
      vertex -1.39987 -8.11582 3.51694
      vertex -1.39987 -8.0023 3.81418
    endloop
  endfacet
  facet normal 1 0 0
    outer loop
      vertex -1.39987 -8.11582 3.51694
      vertex -1.39987 -8.56284 4.02827
      vertex -1.39987 -8.67638 3.73104
    endloop
  endfacet
  facet normal -0.529579 0.302656 0.79243
    outer loop
      vertex -1.39987 -8.11582 3.51694
      vertex -1.36247 -8.66805 3.75285
      vertex -0.913284 -8.00744 3.80073
    endloop
  endfacet
  facet normal -0.529536 0.302669 0.792454
    outer loop
      vertex -1.36247 -8.66805 3.75285
      vertex -1.39987 -8.11582 3.51694
      vertex -1.39987 -8.67638 3.73104
    endloop
  endfacet
  facet normal -0.529579 0.302657 0.79243
    outer loop
      vertex -0.913284 -8.00744 3.80073
      vertex -1.36247 -8.66805 3.75285
      vertex -0.913284 -8.56798 4.01482
    endloop
  endfacet
  facet normal 1 0 0
    outer loop
      vertex -0.913284 -8.56798 4.01482
      vertex -0.913284 -8.50107 2.50826
      vertex -0.913284 -8.00744 3.80073
    endloop
  endfacet
  facet normal 1 0 0
    outer loop
      vertex -0.913284 -8.50107 2.50826
      vertex -0.913284 -8.56798 4.01482
      vertex -0.913284 -9.06166 2.72237
    endloop
  endfacet
  facet normal 0 -0.356798 -0.934181
    outer loop
      vertex -1.41571 -9.06166 2.72237
      vertex -0.913284 -8.50107 2.50826
      vertex -0.913284 -9.06166 2.72237
    endloop
  endfacet
  facet normal -0 -0.356798 -0.934181
    outer loop
      vertex -0.913284 -8.50107 2.50826
      vertex -1.41571 -9.06166 2.72237
      vertex -1.41571 -8.50107 2.50826
    endloop
  endfacet
  facet normal 1 0 0
    outer loop
      vertex -1.41571 -9.06166 2.72237
      vertex -1.41571 -8.60843 2.22717
      vertex -1.41571 -8.50107 2.50826
    endloop
  endfacet
  facet normal 1 0 0
    outer loop
      vertex -1.41571 -8.60843 2.22717
      vertex -1.41571 -9.06166 2.72237
      vertex -1.41571 -9.16902 2.44128
    endloop
  endfacet
  facet normal -0 0.356798 0.934181
    outer loop
      vertex -1.41571 -8.60843 2.22717
      vertex -0.0437164 -9.16902 2.44128
      vertex -0.0437164 -8.60843 2.22717
    endloop
  endfacet
  facet normal 0 0.356798 0.934181
    outer loop
      vertex -0.0437164 -9.16902 2.44128
      vertex -1.41571 -8.60843 2.22717
      vertex -1.41571 -9.16902 2.44128
    endloop
  endfacet
  facet normal -1 0 0
    outer loop
      vertex -0.0437164 -8.60843 2.22717
      vertex -0.0437164 -9.06166 2.72237
      vertex -0.0437164 -8.50107 2.50826
    endloop
  endfacet
  facet normal -1 0 -0
    outer loop
      vertex -0.0437164 -9.06166 2.72237
      vertex -0.0437164 -8.60843 2.22717
      vertex -0.0437164 -9.16902 2.44128
    endloop
  endfacet
  facet normal 1.84388e-06 -0.934179 -0.356806
    outer loop
      vertex 1.10111 -8.63814 -2.14944
      vertex 0.986237 -8.47956 -2.56463
      vertex 1.31795 -8.53252 -2.42597
    endloop
  endfacet
  facet normal -1.42588e-05 -0.934178 -0.356807
    outer loop
      vertex 0.591338 -8.41529 -2.73288
      vertex 0.306276 -8.47194 -2.58455
      vertex 0.43179 -8.34918 -2.90596
    endloop
  endfacet
  facet normal -1.4574e-05 -0.934168 -0.356833
    outer loop
      vertex 0.647642 -8.46101 -2.61319
      vertex 0.389081 -8.50501 -2.49799
      vertex 0.591338 -8.41529 -2.73288
    endloop
  endfacet
  facet normal 1.41795e-05 -0.934173 -0.35682
    outer loop
      vertex -0.199939 -8.51506 -2.47166
      vertex -0.508323 -8.42067 -2.71879
      vertex -0.284899 -8.35558 -2.88919
    endloop
  endfacet
  facet normal 2.702e-05 -0.93419 -0.356776
    outer loop
      vertex -0.249977 -8.63606 -2.15486
      vertex -0.519227 -8.69568 -1.99877
      vertex -0.288764 -8.59475 -2.26303
    endloop
  endfacet
  facet normal -8.93775e-06 -0.934178 -0.356807
    outer loop
      vertex -0.0772676 -8.48185 -2.5586
      vertex -0.284899 -8.35558 -2.88919
      vertex 0.0636425 -8.46068 -2.61403
    endloop
  endfacet
  facet normal -2.76062e-05 -0.934183 -0.356794
    outer loop
      vertex 0.0636425 -8.46068 -2.61403
      vertex -0.0238037 -8.31803 -2.98752
      vertex 0.220913 -8.31633 -2.99199
    endloop
  endfacet
  facet normal 2.91248e-06 -0.93418 -0.356802
    outer loop
      vertex 0.306276 -8.47194 -2.58455
      vertex 0.194636 -8.45727 -2.62296
      vertex 0.43179 -8.34918 -2.90596
    endloop
  endfacet
  facet normal -3.22114e-05 -0.934169 -0.35683
    outer loop
      vertex 0.61572 -8.59474 -2.26308
      vertex 0.420031 -8.5873 -2.28254
      vertex 0.429216 -8.5456 -2.39171
    endloop
  endfacet
  facet normal -4.16837e-05 -0.93416 -0.356853
    outer loop
      vertex 0.389081 -8.50501 -2.49799
      vertex 0.306276 -8.47194 -2.58455
      vertex 0.591338 -8.41529 -2.73288
    endloop
  endfacet
  facet normal -2.94988e-05 -0.934186 -0.356786
    outer loop
      vertex 0.663016 -8.55527 -2.36641
      vertex 0.429216 -8.5456 -2.39171
      vertex 0.672597 -8.50918 -2.48709
    endloop
  endfacet
  facet normal -2.06425e-05 -0.934164 -0.356845
    outer loop
      vertex 0.672597 -8.50918 -2.48709
      vertex 0.389081 -8.50501 -2.49799
      vertex 0.647642 -8.46101 -2.61319
    endloop
  endfacet
  facet normal -1.30704e-05 -0.934183 -0.356794
    outer loop
      vertex 1.31795 -8.53252 -2.42597
      vertex 1.03638 -8.42349 -2.71143
      vertex 1.37256 -8.42296 -2.71283
    endloop
  endfacet
  facet normal -4.83492e-05 -0.93418 -0.356802
    outer loop
      vertex 0.867508 -8.32786 -2.96181
      vertex 0.683617 -8.32748 -2.96278
      vertex 0.768064 -8.18871 -3.32612
    endloop
  endfacet
  facet normal 2.4292e-06 -0.934182 -0.356797
    outer loop
      vertex 0.996467 -8.3698 -2.852
      vertex 0.867508 -8.32786 -2.96181
      vertex 1.12565 -8.24302 -3.18394
    endloop
  endfacet
  facet normal -2.11431e-05 -0.934168 -0.356834
    outer loop
      vertex -0.288764 -8.59475 -2.26303
      vertex -0.630245 -8.59496 -2.26246
      vertex -0.271264 -8.55355 -2.37089
    endloop
  endfacet
  facet normal 2.81901e-05 -0.934174 -0.356818
    outer loop
      vertex 0.311094 -8.80289 -1.71808
      vertex 0.10077 -8.67984 -2.04025
      vertex 0.257752 -8.65602 -2.1026
    endloop
  endfacet
  facet normal 2.01376e-06 -0.934188 -0.356782
    outer loop
      vertex 0.717162 -8.73755 -1.88915
      vertex 0.61572 -8.59474 -2.26308
      vertex 1.10111 -8.63814 -2.14944
    endloop
  endfacet
  facet normal -1.64469e-05 -0.934165 -0.356841
    outer loop
      vertex -0.16417 -8.66918 -2.06816
      vertex -0.519227 -8.69568 -1.99877
      vertex -0.249977 -8.63606 -2.15486
    endloop
  endfacet
  facet normal 3.37698e-06 -0.934178 -0.356806
    outer loop
      vertex 1.10111 -8.63814 -2.14944
      vertex 0.846011 -8.53699 -2.41427
      vertex 0.986237 -8.47956 -2.56463
    endloop
  endfacet
  facet normal 9.98393e-06 -0.934176 -0.356812
    outer loop
      vertex 1.10111 -8.63814 -2.14944
      vertex 0.61572 -8.59474 -2.26308
      vertex 0.846011 -8.53699 -2.41427
    endloop
  endfacet
  facet normal 2.31999e-06 -0.934178 -0.356807
    outer loop
      vertex 1.31795 -8.53252 -2.42597
      vertex 0.986237 -8.47956 -2.56463
      vertex 1.03638 -8.42349 -2.71143
    endloop
  endfacet
  facet normal -1.31482e-05 -0.934177 -0.35681
    outer loop
      vertex 1.37256 -8.42296 -2.71283
      vertex 1.03638 -8.42349 -2.71143
      vertex 1.26983 -8.3117 -3.00412
    endloop
  endfacet
  facet normal -4.32049e-06 -0.934179 -0.356804
    outer loop
      vertex 1.03638 -8.42349 -2.71143
      vertex 0.996467 -8.3698 -2.852
      vertex 1.26983 -8.3117 -3.00412
    endloop
  endfacet
  facet normal 7.03694e-06 -0.934184 -0.35679
    outer loop
      vertex 0.683617 -8.32748 -2.96278
      vertex 0.539706 -8.20054 -3.29515
      vertex 0.768064 -8.18871 -3.32612
    endloop
  endfacet
  facet normal -2.5018e-05 -0.934178 -0.356807
    outer loop
      vertex 0.867508 -8.32786 -2.96181
      vertex 0.768064 -8.18871 -3.32612
      vertex 0.960876 -8.20245 -3.29016
    endloop
  endfacet
  facet normal -1.59488e-06 -0.93418 -0.356801
    outer loop
      vertex 1.12565 -8.24302 -3.18394
      vertex 0.867508 -8.32786 -2.96181
      vertex 0.960876 -8.20245 -3.29016
    endloop
  endfacet
  facet normal -7.83207e-07 -0.934181 -0.356798
    outer loop
      vertex 1.26983 -8.3117 -3.00412
      vertex 0.996467 -8.3698 -2.852
      vertex 1.12565 -8.24302 -3.18394
    endloop
  endfacet
  facet normal 2.83789e-05 -0.934187 -0.356783
    outer loop
      vertex 0.43179 -8.34918 -2.90596
      vertex 0.194636 -8.45727 -2.62296
      vertex 0.220913 -8.31633 -2.99199
    endloop
  endfacet
  facet normal -3.92077e-06 -0.934187 -0.356785
    outer loop
      vertex 0.194636 -8.45727 -2.62296
      vertex 0.0636425 -8.46068 -2.61403
      vertex 0.220913 -8.31633 -2.99199
    endloop
  endfacet
  facet normal -1.95878e-05 -0.934183 -0.356795
    outer loop
      vertex 0.0636425 -8.46068 -2.61403
      vertex -0.284899 -8.35558 -2.88919
      vertex -0.0238037 -8.31803 -2.98752
    endloop
  endfacet
  facet normal 1.56228e-05 -0.934173 -0.35682
    outer loop
      vertex -0.199939 -8.51506 -2.47166
      vertex -0.284899 -8.35558 -2.88919
      vertex -0.0772676 -8.48185 -2.5586
    endloop
  endfacet
  facet normal -1.28826e-05 -0.934184 -0.356791
    outer loop
      vertex -0.199939 -8.51506 -2.47166
      vertex -0.62503 -8.50187 -2.50618
      vertex -0.508323 -8.42067 -2.71879
    endloop
  endfacet
  facet normal -9.92976e-06 -0.934172 -0.356822
    outer loop
      vertex -0.271264 -8.55355 -2.37089
      vertex -0.62503 -8.50187 -2.50618
      vertex -0.199939 -8.51506 -2.47166
    endloop
  endfacet
  facet normal -1.40085e-05 -0.934176 -0.356813
    outer loop
      vertex -0.271264 -8.55355 -2.37089
      vertex -0.630245 -8.59496 -2.26246
      vertex -0.62503 -8.50187 -2.50618
    endloop
  endfacet
  facet normal -2.11025e-05 -0.934176 -0.356812
    outer loop
      vertex -0.519227 -8.69568 -1.99877
      vertex -0.630245 -8.59496 -2.26246
      vertex -0.288764 -8.59475 -2.26303
    endloop
  endfacet
  facet normal -2.14347e-06 -0.934189 -0.356777
    outer loop
      vertex -0.305707 -8.78255 -1.77131
      vertex -0.519227 -8.69568 -1.99877
      vertex -0.16417 -8.66918 -2.06816
    endloop
  endfacet
  facet normal -1.39604e-05 -0.93418 -0.356802
    outer loop
      vertex -0.0294085 -8.81809 -1.67827
      vertex -0.305707 -8.78255 -1.77131
      vertex -0.0435705 -8.68399 -2.02937
    endloop
  endfacet
  facet normal 2.88198e-05 -0.934194 -0.356764
    outer loop
      vertex -0.0435705 -8.68399 -2.02937
      vertex -0.305707 -8.78255 -1.77131
      vertex -0.16417 -8.66918 -2.06816
    endloop
  endfacet
  facet normal -3.5708e-05 -0.93418 -0.356802
    outer loop
      vertex -0.0294085 -8.81809 -1.67827
      vertex -0.0435705 -8.68399 -2.02937
      vertex 0.10077 -8.67984 -2.04025
    endloop
  endfacet
  facet normal -1.29479e-05 -0.934183 -0.356794
    outer loop
      vertex 0.311094 -8.80289 -1.71808
      vertex -0.0294085 -8.81809 -1.67827
      vertex 0.10077 -8.67984 -2.04025
    endloop
  endfacet
  facet normal -4.02364e-05 -0.934202 -0.356744
    outer loop
      vertex 0.717162 -8.73755 -1.88915
      vertex 0.257752 -8.65602 -2.1026
      vertex 0.362519 -8.62562 -2.18222
    endloop
  endfacet
  facet normal -2.90597e-06 -0.934175 -0.356814
    outer loop
      vertex 0.311094 -8.80289 -1.71808
      vertex 0.257752 -8.65602 -2.1026
      vertex 0.717162 -8.73755 -1.88915
    endloop
  endfacet
  facet normal -5.97658e-06 -0.934188 -0.35678
    outer loop
      vertex 0.717162 -8.73755 -1.88915
      vertex 0.362519 -8.62562 -2.18222
      vertex 0.61572 -8.59474 -2.26308
    endloop
  endfacet
  facet normal -3.03244e-05 -0.934163 -0.356847
    outer loop
      vertex 0.61572 -8.59474 -2.26308
      vertex 0.362519 -8.62562 -2.18222
      vertex 0.420031 -8.5873 -2.28254
    endloop
  endfacet
  facet normal -2.38026e-05 -0.934191 -0.356773
    outer loop
      vertex 0.429216 -8.5456 -2.39171
      vertex 0.389081 -8.50501 -2.49799
      vertex 0.672597 -8.50918 -2.48709
    endloop
  endfacet
  facet normal -2.2478e-05 -0.934165 -0.356843
    outer loop
      vertex 0.61572 -8.59474 -2.26308
      vertex 0.429216 -8.5456 -2.39171
      vertex 0.663016 -8.55527 -2.36641
    endloop
  endfacet
  facet normal -1.25101e-05 -0.934176 -0.356811
    outer loop
      vertex 0.575921 -8.11813 -3.51091
      vertex 0.343423 -7.97444 -3.8871
      vertex 0.836491 -8.06445 -3.65146
    endloop
  endfacet
  facet normal -1.65665e-05 -0.934179 -0.356804
    outer loop
      vertex 0.343423 -7.97444 -3.8871
      vertex 0.141137 -7.84943 -4.21439
      vertex 0.836491 -8.06445 -3.65146
    endloop
  endfacet
  facet normal -1.91881e-05 -0.934177 -0.35681
    outer loop
      vertex -1.05697 -8.09625 -3.56816
      vertex -1.31274 -7.94846 -3.95508
      vertex -1.0372 -7.8917 -4.1037
    endloop
  endfacet
  facet normal -2.31362e-05 -0.934178 -0.356808
    outer loop
      vertex -1.05697 -8.09625 -3.56816
      vertex -1.34414 -8.16431 -3.38995
      vertex -1.31274 -7.94846 -3.95508
    endloop
  endfacet
  facet normal -2.16111e-06 -0.934183 -0.356794
    outer loop
      vertex 0.343423 -7.97444 -3.8871
      vertex -1.15266 -8.28264 -3.08014
      vertex -1.05697 -8.09625 -3.56816
    endloop
  endfacet
  facet normal -6.24361e-06 -0.934177 -0.35681
    outer loop
      vertex 0.343423 -7.97444 -3.8871
      vertex -1.05697 -8.09625 -3.56816
      vertex 0.141137 -7.84943 -4.21439
    endloop
  endfacet
  facet normal -1.45768e-05 -0.934182 -0.356796
    outer loop
      vertex -1.15266 -8.28264 -3.08014
      vertex -1.34414 -8.16431 -3.38995
      vertex -1.05697 -8.09625 -3.56816
    endloop
  endfacet
  facet normal 3.13953e-06 -0.934178 -0.356808
    outer loop
      vertex 0.141137 -7.84943 -4.21439
      vertex -0.110075 -7.69418 -4.62086
      vertex 0.150494 -7.6405 -4.7614
    endloop
  endfacet
  facet normal -1.24158e-05 -0.934178 -0.356809
    outer loop
      vertex 0.836491 -8.06445 -3.65146
      vertex 0.141137 -7.84943 -4.21439
      vertex 0.150494 -7.6405 -4.7614
    endloop
  endfacet
  facet normal -0.984594 0.0623857 -0.163347
    outer loop
      vertex 1.36837 -8.99194 -2.90488
      vertex 1.37256 -8.42296 -2.71283
      vertex 1.37256 -8.98352 -2.92692
    endloop
  endfacet
  facet normal -0.984552 0.0624622 -0.163575
    outer loop
      vertex 1.37256 -8.42296 -2.71283
      vertex 1.36837 -8.99194 -2.90488
      vertex 1.31795 -8.53252 -2.42597
    endloop
  endfacet
  facet normal -0.984547 0.0624813 -0.163592
    outer loop
      vertex 1.36837 -8.99194 -2.90488
      vertex 1.31795 -9.09309 -2.64007
      vertex 1.31795 -8.53252 -2.42597
    endloop
  endfacet
  facet normal -0.806613 0.210895 -0.552177
    outer loop
      vertex 1.30128 -9.10121 -2.61882
      vertex 1.31795 -8.53252 -2.42597
      vertex 1.31795 -9.09309 -2.64007
    endloop
  endfacet
  facet normal -0.806713 0.210853 -0.552046
    outer loop
      vertex 1.31795 -8.53252 -2.42597
      vertex 1.30128 -9.10121 -2.61882
      vertex 1.10111 -8.63814 -2.14944
    endloop
  endfacet
  facet normal -0.806725 0.210836 -0.552035
    outer loop
      vertex 1.30128 -9.10121 -2.61882
      vertex 1.10111 -9.19872 -2.36354
      vertex 1.10111 -8.63814 -2.14944
    endloop
  endfacet
  facet normal -0.587196 0.288801 -0.756171
    outer loop
      vertex 1.07161 -9.20636 -2.34355
      vertex 1.10111 -8.63814 -2.14944
      vertex 1.10111 -9.19872 -2.36354
    endloop
  endfacet
  facet normal -0.587334 0.288775 -0.756074
    outer loop
      vertex 1.10111 -8.63814 -2.14944
      vertex 1.07161 -9.20636 -2.34355
      vertex 0.717162 -8.73755 -1.88915
    endloop
  endfacet
  facet normal -0.587337 0.288772 -0.756073
    outer loop
      vertex 1.07161 -9.20636 -2.34355
      vertex 0.717162 -9.29814 -2.10326
      vertex 0.717162 -8.73755 -1.88915
    endloop
  endfacet
  facet normal -0.411069 0.325259 -0.851604
    outer loop
      vertex 0.685968 -9.30316 -2.09012
      vertex 0.717162 -8.73755 -1.88915
      vertex 0.717162 -9.29814 -2.10326
    endloop
  endfacet
  facet normal -0.411098 0.325256 -0.851591
    outer loop
      vertex 0.717162 -8.73755 -1.88915
      vertex 0.685968 -9.30316 -2.09012
      vertex 0.311094 -8.80289 -1.71808
    endloop
  endfacet
  facet normal -0.41112 0.325237 -0.851587
    outer loop
      vertex 0.685968 -9.30316 -2.09012
      vertex 0.311094 -9.36348 -1.93218
      vertex 0.311094 -8.80289 -1.71808
    endloop
  endfacet
  facet normal -0.124289 0.354017 -0.926943
    outer loop
      vertex 0.28494 -9.36465 -1.92912
      vertex 0.311094 -8.80289 -1.71808
      vertex 0.311094 -9.36348 -1.93218
    endloop
  endfacet
  facet normal -0.124179 0.354018 -0.926958
    outer loop
      vertex 0.311094 -8.80289 -1.71808
      vertex 0.28494 -9.36465 -1.92912
      vertex -0.0294085 -8.81809 -1.67827
    endloop
  endfacet
  facet normal -0.124152 0.354032 -0.926956
    outer loop
      vertex 0.28494 -9.36465 -1.92912
      vertex -0.0294085 -9.37869 -1.89238
      vertex -0.0294085 -8.81809 -1.67827
    endloop
  endfacet
  facet normal 0.339109 0.335652 -0.87883
    outer loop
      vertex -0.305707 -9.34315 -1.98542
      vertex -0.0294085 -8.81809 -1.67827
      vertex -0.0294085 -9.37869 -1.89238
    endloop
  endfacet
  facet normal 0.339109 0.335652 -0.87883
    outer loop
      vertex -0.0294085 -8.81809 -1.67827
      vertex -0.305707 -9.34315 -1.98542
      vertex -0.305707 -8.78255 -1.77131
    endloop
  endfacet
  facet normal 0.751855 0.235247 -0.615933
    outer loop
      vertex -0.305707 -8.78255 -1.77131
      vertex -0.322106 -9.33647 -2.00289
      vertex -0.519227 -8.69568 -1.99877
    endloop
  endfacet
  facet normal 0.751911 0.235221 -0.615874
    outer loop
      vertex -0.322106 -9.33647 -2.00289
      vertex -0.305707 -8.78255 -1.77131
      vertex -0.305707 -9.34315 -1.98542
    endloop
  endfacet
  facet normal 0.751842 0.235243 -0.61595
    outer loop
      vertex -0.322106 -9.33647 -2.00289
      vertex -0.519227 -9.25627 -2.21287
      vertex -0.519227 -8.69568 -1.99877
    endloop
  endfacet
  facet normal 0.93061 0.130591 -0.341922
    outer loop
      vertex -0.519227 -8.69568 -1.99877
      vertex -0.527754 -9.24853 -2.23313
      vertex -0.630245 -8.59496 -2.26246
    endloop
  endfacet
  facet normal 0.930654 0.130547 -0.341819
    outer loop
      vertex -0.527754 -9.24853 -2.23313
      vertex -0.519227 -8.69568 -1.99877
      vertex -0.519227 -9.25627 -2.21287
    endloop
  endfacet
  facet normal 0.930611 0.130592 -0.341919
    outer loop
      vertex -0.527754 -9.24853 -2.23313
      vertex -0.630245 -9.15555 -2.47657
      vertex -0.630245 -8.59496 -2.26246
    endloop
  endfacet
  facet normal 0.9998 -0.00713034 0.0186698
    outer loop
      vertex -0.630245 -8.59496 -2.26246
      vertex -0.62503 -9.06246 -2.72028
      vertex -0.62503 -8.50187 -2.50618
    endloop
  endfacet
  facet normal 0.9998 -0.00713088 0.0186703
    outer loop
      vertex -0.62503 -9.06246 -2.72028
      vertex -0.630245 -8.59496 -2.26246
      vertex -0.630245 -9.15555 -2.47657
    endloop
  endfacet
  facet normal 0.889825 -0.162806 0.426269
    outer loop
      vertex -0.62503 -8.50187 -2.50618
      vertex -0.508323 -8.98124 -2.93289
      vertex -0.508323 -8.42067 -2.71879
    endloop
  endfacet
  facet normal 0.889831 -0.162797 0.42626
    outer loop
      vertex -0.508323 -8.98124 -2.93289
      vertex -0.62503 -8.50187 -2.50618
      vertex -0.62503 -9.06246 -2.72028
    endloop
  endfacet
  facet normal 0.632421 -0.276378 0.723643
    outer loop
      vertex -0.508323 -8.42067 -2.71879
      vertex -0.284899 -8.91616 -3.10329
      vertex -0.284899 -8.35558 -2.88919
    endloop
  endfacet
  facet normal 0.632414 -0.276384 0.723647
    outer loop
      vertex -0.284899 -8.91616 -3.10329
      vertex -0.508323 -8.42067 -2.71879
      vertex -0.508323 -8.98124 -2.93289
    endloop
  endfacet
  facet normal 0.373893 -0.330917 0.866428
    outer loop
      vertex -0.284899 -8.35558 -2.88919
      vertex -0.0238037 -8.8786 -3.20162
      vertex -0.0238037 -8.31803 -2.98752
    endloop
  endfacet
  facet normal 0.373904 -0.33091 0.866426
    outer loop
      vertex -0.0238037 -8.8786 -3.20162
      vertex -0.284899 -8.35558 -2.88919
      vertex -0.284899 -8.91616 -3.10329
    endloop
  endfacet
  facet normal 0.0195387 -0.356721 0.934006
    outer loop
      vertex -0.0238037 -8.31803 -2.98752
      vertex -0.00499951 -8.87847 -3.20196
      vertex 0.220913 -8.31633 -2.99199
    endloop
  endfacet
  facet normal 0.0193541 -0.356728 0.934008
    outer loop
      vertex -0.00499951 -8.87847 -3.20196
      vertex -0.0238037 -8.31803 -2.98752
      vertex -0.0238037 -8.8786 -3.20162
    endloop
  endfacet
  facet normal 0.0195285 -0.356718 0.934008
    outer loop
      vertex 0.220913 -8.31633 -2.99199
      vertex -0.00499951 -8.87847 -3.20196
      vertex 0.220913 -8.87689 -3.20608
    endloop
  endfacet
  facet normal -0.400198 -0.326967 0.856116
    outer loop
      vertex 0.220913 -8.31633 -2.99199
      vertex 0.237117 -8.87942 -3.19947
      vertex 0.43179 -8.34918 -2.90596
    endloop
  endfacet
  facet normal -0.400268 -0.326958 0.856087
    outer loop
      vertex 0.237117 -8.87942 -3.19947
      vertex 0.220913 -8.31633 -2.99199
      vertex 0.220913 -8.87689 -3.20608
    endloop
  endfacet
  facet normal -0.400169 -0.326982 0.856124
    outer loop
      vertex 0.43179 -8.34918 -2.90596
      vertex 0.237117 -8.87942 -3.19947
      vertex 0.43179 -8.90975 -3.12006
    endloop
  endfacet
  facet normal -0.757759 -0.232821 0.609586
    outer loop
      vertex 0.43179 -8.90975 -3.12006
      vertex 0.591338 -8.41529 -2.73288
      vertex 0.43179 -8.34918 -2.90596
    endloop
  endfacet
  facet normal -0.757759 -0.232821 0.609586
    outer loop
      vertex 0.591338 -8.41529 -2.73288
      vertex 0.43179 -8.90975 -3.12006
      vertex 0.591338 -8.97586 -2.94698
    endloop
  endfacet
  facet normal -0.915561 -0.143496 0.375709
    outer loop
      vertex 0.595665 -8.97938 -2.93778
      vertex 0.591338 -8.41529 -2.73288
      vertex 0.591338 -8.97586 -2.94698
    endloop
  endfacet
  facet normal -0.915502 -0.143541 0.375835
    outer loop
      vertex 0.591338 -8.41529 -2.73288
      vertex 0.595665 -8.97938 -2.93778
      vertex 0.647642 -8.46101 -2.61319
    endloop
  endfacet
  facet normal -0.915497 -0.143547 0.375845
    outer loop
      vertex 0.647642 -8.46101 -2.61319
      vertex 0.595665 -8.97938 -2.93778
      vertex 0.647642 -9.02158 -2.82729
    endloop
  endfacet
  facet normal -0.98333 -0.0648766 0.169864
    outer loop
      vertex 0.64956 -9.02528 -2.8176
      vertex 0.647642 -8.46101 -2.61319
      vertex 0.647642 -9.02158 -2.82729
    endloop
  endfacet
  facet normal -0.983338 -0.0648621 0.169824
    outer loop
      vertex 0.647642 -8.46101 -2.61319
      vertex 0.64956 -9.02528 -2.8176
      vertex 0.672597 -8.50918 -2.48709
    endloop
  endfacet
  facet normal -0.983338 -0.0648601 0.169821
    outer loop
      vertex 0.672597 -8.50918 -2.48709
      vertex 0.64956 -9.02528 -2.8176
      vertex 0.672597 -9.06975 -2.70119
    endloop
  endfacet
  facet normal -0.997261 0.0263898 -0.0690955
    outer loop
      vertex 0.672597 -9.06975 -2.70119
      vertex 0.663016 -8.55527 -2.36641
      vertex 0.672597 -8.50918 -2.48709
    endloop
  endfacet
  facet normal -0.997261 0.0263898 -0.0690955
    outer loop
      vertex 0.663016 -8.55527 -2.36641
      vertex 0.672597 -9.06975 -2.70119
      vertex 0.663016 -9.11584 -2.58051
    endloop
  endfacet
  facet normal -0.919526 0.140231 -0.367161
    outer loop
      vertex 0.659382 -9.11888 -2.57257
      vertex 0.663016 -8.55527 -2.36641
      vertex 0.663016 -9.11584 -2.58051
    endloop
  endfacet
  facet normal -0.919473 0.140273 -0.367278
    outer loop
      vertex 0.663016 -8.55527 -2.36641
      vertex 0.659382 -9.11888 -2.57257
      vertex 0.61572 -8.59474 -2.26308
    endloop
  endfacet
  facet normal -0.919469 0.140279 -0.367287
    outer loop
      vertex 0.659382 -9.11888 -2.57257
      vertex 0.61572 -9.15531 -2.47718
      vertex 0.61572 -8.59474 -2.26308
    endloop
  endfacet
  facet normal 0.574988 -0.291906 0.764316
    outer loop
      vertex 0.61572 -8.59474 -2.26308
      vertex 0.633413 -9.15088 -2.48879
      vertex 0.846011 -8.53699 -2.41427
    endloop
  endfacet
  facet normal 0.574746 -0.291977 0.764472
    outer loop
      vertex 0.633413 -9.15088 -2.48879
      vertex 0.61572 -8.59474 -2.26308
      vertex 0.61572 -9.15531 -2.47718
    endloop
  endfacet
  facet normal 0.575008 -0.291911 0.764299
    outer loop
      vertex 0.846011 -8.53699 -2.41427
      vertex 0.633413 -9.15088 -2.48879
      vertex 0.846011 -9.09756 -2.62837
    endloop
  endfacet
  facet normal 0.753989 -0.234374 0.613652
    outer loop
      vertex 0.846011 -8.53699 -2.41427
      vertex 0.986237 -9.04013 -2.77873
      vertex 0.986237 -8.47956 -2.56463
    endloop
  endfacet
  facet normal 0.753989 -0.234374 0.613652
    outer loop
      vertex 0.986237 -9.04013 -2.77873
      vertex 0.846011 -8.53699 -2.41427
      vertex 0.846011 -9.09756 -2.62837
    endloop
  endfacet
  facet normal 0.952675 -0.108462 0.283982
    outer loop
      vertex 0.986237 -8.47956 -2.56463
      vertex 0.99009 -9.03582 -2.79001
      vertex 1.03638 -8.42349 -2.71143
    endloop
  endfacet
  facet normal 0.952678 -0.108459 0.283973
    outer loop
      vertex 0.99009 -9.03582 -2.79001
      vertex 0.986237 -8.47956 -2.56463
      vertex 0.986237 -9.04013 -2.77873
    endloop
  endfacet
  facet normal 0.952675 -0.108462 0.283983
    outer loop
      vertex 1.03638 -8.42349 -2.71143
      vertex 0.99009 -9.03582 -2.79001
      vertex 1.03638 -8.98406 -2.92553
    endloop
  endfacet
  facet normal 0.966576 0.0914863 -0.239504
    outer loop
      vertex 1.03638 -8.42349 -2.71143
      vertex 1.03332 -8.97993 -2.93633
      vertex 0.996467 -8.3698 -2.852
    endloop
  endfacet
  facet normal 0.96672 0.091281 -0.238998
    outer loop
      vertex 1.03332 -8.97993 -2.93633
      vertex 1.03638 -8.42349 -2.71143
      vertex 1.03638 -8.98406 -2.92553
    endloop
  endfacet
  facet normal 0.966559 0.091494 -0.239567
    outer loop
      vertex 1.03332 -8.97993 -2.93633
      vertex 0.996467 -8.93037 -3.06609
      vertex 0.996467 -8.3698 -2.852
    endloop
  endfacet
  facet normal 0.673772 0.263639 -0.690308
    outer loop
      vertex 0.986556 -8.92714 -3.07453
      vertex 0.996467 -8.3698 -2.852
      vertex 0.996467 -8.93037 -3.06609
    endloop
  endfacet
  facet normal 0.673648 0.263683 -0.690412
    outer loop
      vertex 0.996467 -8.3698 -2.852
      vertex 0.986556 -8.92714 -3.07453
      vertex 0.867508 -8.32786 -2.96181
    endloop
  endfacet
  facet normal 0.673682 0.263683 -0.690379
    outer loop
      vertex 0.986556 -8.92714 -3.07453
      vertex 0.867508 -8.88842 -3.17591
      vertex 0.867508 -8.32786 -2.96181
    endloop
  endfacet
  facet normal 0.00604563 0.356794 -0.934164
    outer loop
      vertex 0.853376 -8.88839 -3.17599
      vertex 0.867508 -8.32786 -2.96181
      vertex 0.867508 -8.88842 -3.17591
    endloop
  endfacet
  facet normal 0.00566489 0.356803 -0.934162
    outer loop
      vertex 0.867508 -8.32786 -2.96181
      vertex 0.853376 -8.88839 -3.17599
      vertex 0.683617 -8.32748 -2.96278
    endloop
  endfacet
  facet normal 0.00561218 0.356789 -0.934168
    outer loop
      vertex 0.853376 -8.88839 -3.17599
      vertex 0.683617 -8.88805 -3.17688
      vertex 0.683617 -8.32748 -2.96278
    endloop
  endfacet
  facet normal 0.927035 0.133791 -0.350294
    outer loop
      vertex 0.683617 -8.32748 -2.96278
      vertex 0.539706 -8.7611 -3.50925
      vertex 0.539706 -8.20054 -3.29515
    endloop
  endfacet
  facet normal 0.927037 0.133788 -0.350292
    outer loop
      vertex 0.539706 -8.7611 -3.50925
      vertex 0.683617 -8.32748 -2.96278
      vertex 0.683617 -8.88805 -3.17688
    endloop
  endfacet
  facet normal 0.143672 -0.353084 0.924494
    outer loop
      vertex 0.539706 -8.20054 -3.29515
      vertex 0.768064 -8.74927 -3.54021
      vertex 0.768064 -8.18871 -3.32612
    endloop
  endfacet
  facet normal 0.143632 -0.353101 0.924494
    outer loop
      vertex 0.768064 -8.74927 -3.54021
      vertex 0.539706 -8.20054 -3.29515
      vertex 0.539706 -8.7611 -3.50925
    endloop
  endfacet
  facet normal -0.195789 -0.349881 0.916106
    outer loop
      vertex 0.768064 -8.74927 -3.54021
      vertex 0.960876 -8.20245 -3.29016
      vertex 0.768064 -8.18871 -3.32612
    endloop
  endfacet
  facet normal -0.195772 -0.349887 0.916107
    outer loop
      vertex 0.960876 -8.20245 -3.29016
      vertex 0.768064 -8.74927 -3.54021
      vertex 0.960876 -8.763 -3.50425
    endloop
  endfacet
  facet normal -0.567959 -0.29366 0.768887
    outer loop
      vertex 0.960876 -8.763 -3.50425
      vertex 1.12565 -8.24302 -3.18394
      vertex 0.960876 -8.20245 -3.29016
    endloop
  endfacet
  facet normal -0.567806 -0.293756 0.768963
    outer loop
      vertex 1.12565 -8.24302 -3.18394
      vertex 0.960876 -8.763 -3.50425
      vertex 0.973541 -8.76612 -3.49609
    endloop
  endfacet
  facet normal -0.567985 -0.293649 0.768872
    outer loop
      vertex 1.12565 -8.24302 -3.18394
      vertex 0.973541 -8.76612 -3.49609
      vertex 1.12565 -8.80358 -3.39803
    endloop
  endfacet
  facet normal -0.800408 -0.213877 0.560003
    outer loop
      vertex 1.13673 -8.80886 -3.38421
      vertex 1.12565 -8.24302 -3.18394
      vertex 1.12565 -8.80358 -3.39803
    endloop
  endfacet
  facet normal -0.800373 -0.213892 0.560047
    outer loop
      vertex 1.12565 -8.24302 -3.18394
      vertex 1.13673 -8.80886 -3.38421
      vertex 1.26983 -8.3117 -3.00412
    endloop
  endfacet
  facet normal -0.80037 -0.213895 0.56005
    outer loop
      vertex 1.26983 -8.3117 -3.00412
      vertex 1.13673 -8.80886 -3.38421
      vertex 1.26983 -8.87226 -3.21821
    endloop
  endfacet
  facet normal -0.949854 -0.111565 0.292115
    outer loop
      vertex 1.27772 -8.88081 -3.19582
      vertex 1.26983 -8.3117 -3.00412
      vertex 1.26983 -8.87226 -3.21821
    endloop
  endfacet
  facet normal -0.949782 -0.111634 0.292323
    outer loop
      vertex 1.26983 -8.3117 -3.00412
      vertex 1.27772 -8.88081 -3.19582
      vertex 1.37256 -8.42296 -2.71283
    endloop
  endfacet
  facet normal -0.949776 -0.11165 0.292336
    outer loop
      vertex 1.37256 -8.42296 -2.71283
      vertex 1.27772 -8.88081 -3.19582
      vertex 1.37256 -8.98352 -2.92692
    endloop
  endfacet
  facet normal 0.345236 0.334924 -0.87672
    outer loop
      vertex 0.194636 -9.01785 -2.83706
      vertex 0.306276 -8.47194 -2.58455
      vertex 0.203214 -9.01897 -2.83411
    endloop
  endfacet
  facet normal 0.345599 0.334805 -0.876623
    outer loop
      vertex 0.306276 -8.47194 -2.58455
      vertex 0.194636 -9.01785 -2.83706
      vertex 0.194636 -8.45727 -2.62296
    endloop
  endfacet
  facet normal 0.345554 0.334824 -0.876633
    outer loop
      vertex 0.306276 -9.03252 -2.79866
      vertex 0.203214 -9.01897 -2.83411
      vertex 0.306276 -8.47194 -2.58455
    endloop
  endfacet
  facet normal -0.0730676 0.355836 -0.931688
    outer loop
      vertex 0.0636425 -8.46068 -2.61403
      vertex 0.0737069 -9.021 -2.82882
      vertex 0.0636425 -9.02126 -2.82813
    endloop
  endfacet
  facet normal -0.072779 0.355848 -0.931706
    outer loop
      vertex 0.0737069 -9.021 -2.82882
      vertex 0.0636425 -8.46068 -2.61403
      vertex 0.194636 -8.45727 -2.62296
    endloop
  endfacet
  facet normal -0.072755 0.355844 -0.931709
    outer loop
      vertex 0.194636 -9.01785 -2.83706
      vertex 0.0737069 -9.021 -2.82882
      vertex 0.194636 -8.45727 -2.62296
    endloop
  endfacet
  facet normal -0.388268 0.328798 -0.860895
    outer loop
      vertex -0.0772676 -8.48185 -2.5586
      vertex -0.0664417 -9.0408 -2.77696
      vertex -0.0772676 -9.04243 -2.7727
    endloop
  endfacet
  facet normal -0.388082 0.32883 -0.860967
    outer loop
      vertex -0.0664417 -9.0408 -2.77696
      vertex -0.0772676 -8.48185 -2.5586
      vertex 0.0636425 -8.46068 -2.61403
    endloop
  endfacet
  facet normal -0.388067 0.328828 -0.860974
    outer loop
      vertex 0.0636425 -9.02126 -2.82813
      vertex -0.0664417 -9.0408 -2.77696
      vertex 0.0636425 -8.46068 -2.61403
    endloop
  endfacet
  facet normal -0.604372 0.284266 -0.744262
    outer loop
      vertex -0.199939 -8.51506 -2.47166
      vertex -0.0772676 -9.04243 -2.7727
      vertex -0.199939 -9.07564 -2.68577
    endloop
  endfacet
  facet normal -0.604411 0.284244 -0.74424
    outer loop
      vertex -0.0772676 -9.04243 -2.7727
      vertex -0.199939 -8.51506 -2.47166
      vertex -0.0772676 -8.48185 -2.5586
    endloop
  endfacet
  facet normal -0.834146 0.196793 -0.515241
    outer loop
      vertex -0.265785 -9.11117 -2.59274
      vertex -0.271264 -8.55355 -2.37089
      vertex -0.199939 -8.51506 -2.47166
    endloop
  endfacet
  facet normal -0.834156 0.196787 -0.515226
    outer loop
      vertex -0.271264 -8.55355 -2.37089
      vertex -0.265785 -9.11117 -2.59274
      vertex -0.271264 -9.11413 -2.585
    endloop
  endfacet
  facet normal -0.834145 0.196794 -0.515243
    outer loop
      vertex -0.199939 -9.07564 -2.68577
      vertex -0.265785 -9.11117 -2.59274
      vertex -0.199939 -8.51506 -2.47166
    endloop
  endfacet
  facet normal -0.988708 0.0534688 -0.139991
    outer loop
      vertex -0.271264 -9.11413 -2.585
      vertex -0.288764 -8.59475 -2.26303
      vertex -0.271264 -8.55355 -2.37089
    endloop
  endfacet
  facet normal -0.98871 0.0534624 -0.139981
    outer loop
      vertex -0.288764 -8.59475 -2.26303
      vertex -0.271264 -9.11413 -2.585
      vertex -0.288764 -9.15533 -2.47713
    endloop
  endfacet
  facet normal -0.948214 -0.113326 0.296726
    outer loop
      vertex -0.252957 -9.19347 -2.37727
      vertex -0.249977 -8.63606 -2.15486
      vertex -0.288764 -8.59475 -2.26303
    endloop
  endfacet
  facet normal -0.948231 -0.113308 0.29668
    outer loop
      vertex -0.249977 -8.63606 -2.15486
      vertex -0.252957 -9.19347 -2.37727
      vertex -0.249977 -9.19665 -2.36896
    endloop
  endfacet
  facet normal -0.948216 -0.113325 0.296721
    outer loop
      vertex -0.288764 -8.59475 -2.26303
      vertex -0.288764 -9.15533 -2.47713
      vertex -0.252957 -9.19347 -2.37727
    endloop
  endfacet
  facet normal -0.734269 -0.242218 0.634177
    outer loop
      vertex -0.170761 -9.22722 -2.28893
      vertex -0.16417 -8.66918 -2.06816
      vertex -0.249977 -8.63606 -2.15486
    endloop
  endfacet
  facet normal -0.734219 -0.242239 0.634227
    outer loop
      vertex -0.16417 -8.66918 -2.06816
      vertex -0.170761 -9.22722 -2.28893
      vertex -0.16417 -9.22976 -2.28227
    endloop
  endfacet
  facet normal -0.734222 -0.242224 0.634229
    outer loop
      vertex -0.249977 -8.63606 -2.15486
      vertex -0.249977 -9.19665 -2.36896
      vertex -0.170761 -9.22722 -2.28893
    endloop
  endfacet
  facet normal -0.325644 -0.337336 0.883267
    outer loop
      vertex -0.0435705 -8.68399 -2.02937
      vertex -0.0528343 -9.24344 -2.24645
      vertex -0.0435705 -9.24458 -2.24347
    endloop
  endfacet
  facet normal -0.325536 -0.337351 0.883301
    outer loop
      vertex -0.0528343 -9.24344 -2.24645
      vertex -0.0435705 -8.68399 -2.02937
      vertex -0.16417 -8.66918 -2.06816
    endloop
  endfacet
  facet normal -0.325625 -0.337358 0.883266
    outer loop
      vertex -0.16417 -8.66918 -2.06816
      vertex -0.16417 -9.22976 -2.28227
      vertex -0.0528343 -9.24344 -2.24645
    endloop
  endfacet
  facet normal 0.0804133 -0.355634 0.93116
    outer loop
      vertex -0.0435705 -8.68399 -2.02937
      vertex 0.10077 -9.24042 -2.25435
      vertex 0.10077 -8.67984 -2.04025
    endloop
  endfacet
  facet normal 0.0804378 -0.355628 0.93116
    outer loop
      vertex 0.10077 -9.24042 -2.25435
      vertex -0.0435705 -8.68399 -2.02937
      vertex -0.0435705 -9.24458 -2.24347
    endloop
  endfacet
  facet normal 0.391279 -0.328352 0.859701
    outer loop
      vertex 0.10077 -8.67984 -2.04025
      vertex 0.257752 -9.21661 -2.31671
      vertex 0.257752 -8.65602 -2.1026
    endloop
  endfacet
  facet normal 0.391307 -0.328339 0.859693
    outer loop
      vertex 0.257752 -9.21661 -2.31671
      vertex 0.10077 -8.67984 -2.04025
      vertex 0.10077 -9.24042 -2.25435
    endloop
  endfacet
  facet normal 0.631052 -0.276776 0.724685
    outer loop
      vertex 0.257752 -8.65602 -2.1026
      vertex 0.362519 -9.1862 -2.39632
      vertex 0.362519 -8.62562 -2.18222
    endloop
  endfacet
  facet normal 0.631026 -0.27679 0.724702
    outer loop
      vertex 0.362519 -9.1862 -2.39632
      vertex 0.257752 -8.65602 -2.1026
      vertex 0.257752 -9.21661 -2.31671
    endloop
  endfacet
  facet normal 0.881542 -0.168442 0.441034
    outer loop
      vertex 0.415612 -9.15082 -2.48893
      vertex 0.420031 -8.5873 -2.28254
      vertex 0.362519 -8.62562 -2.18222
    endloop
  endfacet
  facet normal 0.881545 -0.16844 0.441029
    outer loop
      vertex 0.420031 -8.5873 -2.28254
      vertex 0.415612 -9.15082 -2.48893
      vertex 0.420031 -9.14788 -2.49664
    endloop
  endfacet
  facet normal 0.881542 -0.168442 0.441034
    outer loop
      vertex 0.362519 -8.62562 -2.18222
      vertex 0.362519 -9.1862 -2.39632
      vertex 0.415612 -9.15082 -2.48893
    endloop
  endfacet
  facet normal 0.996926 -0.0279561 0.0731977
    outer loop
      vertex 0.420031 -8.5873 -2.28254
      vertex 0.429216 -9.10618 -2.60581
      vertex 0.429216 -8.5456 -2.39171
    endloop
  endfacet
  facet normal 0.996926 -0.0279561 0.0731977
    outer loop
      vertex 0.429216 -9.10618 -2.60581
      vertex 0.420031 -8.5873 -2.28254
      vertex 0.420031 -9.14788 -2.49664
    endloop
  endfacet
  facet normal 0.943038 0.118699 -0.310791
    outer loop
      vertex 0.392165 -9.0687 -2.70392
      vertex 0.389081 -8.50501 -2.49799
      vertex 0.429216 -8.5456 -2.39171
    endloop
  endfacet
  facet normal 0.94308 0.118658 -0.310679
    outer loop
      vertex 0.389081 -8.50501 -2.49799
      vertex 0.392165 -9.0687 -2.70392
      vertex 0.389081 -9.06558 -2.71209
    endloop
  endfacet
  facet normal 0.943038 0.118699 -0.31079
    outer loop
      vertex 0.429216 -9.10618 -2.60581
      vertex 0.392165 -9.0687 -2.70392
      vertex 0.429216 -8.5456 -2.39171
    endloop
  endfacet
  facet normal 0.745654 0.23775 -0.622475
    outer loop
      vertex 0.389081 -8.50501 -2.49799
      vertex 0.306276 -9.03252 -2.79866
      vertex 0.306276 -8.47194 -2.58455
    endloop
  endfacet
  facet normal 0.745674 0.237736 -0.622456
    outer loop
      vertex 0.306276 -9.03252 -2.79866
      vertex 0.389081 -8.50501 -2.49799
      vertex 0.389081 -9.06558 -2.71209
    endloop
  endfacet
  facet normal 0.866025 0.178397 -0.467092
    outer loop
      vertex 0.575921 -8.11813 -3.51091
      vertex 0.55805 -8.66764 -3.75392
      vertex 0.343423 -7.97444 -3.8871
    endloop
  endfacet
  facet normal 0.865975 0.178434 -0.467171
    outer loop
      vertex 0.55805 -8.66764 -3.75392
      vertex 0.575921 -8.11813 -3.51091
      vertex 0.575921 -8.67868 -3.72501
    endloop
  endfacet
  facet normal 0.866024 0.178397 -0.467094
    outer loop
      vertex 0.55805 -8.66764 -3.75392
      vertex 0.343423 -8.53499 -4.10119
      vertex 0.343423 -7.97444 -3.8871
    endloop
  endfacet
  facet normal -0.500046 0.308981 -0.809002
    outer loop
      vertex 0.228423 -8.55869 -4.03916
      vertex 0.343423 -7.97444 -3.8871
      vertex 0.343423 -8.53499 -4.10119
    endloop
  endfacet
  facet normal -0.500021 0.30898 -0.809018
    outer loop
      vertex 0.343423 -7.97444 -3.8871
      vertex 0.228423 -8.55869 -4.03916
      vertex -1.15266 -8.28264 -3.08014
    endloop
  endfacet
  facet normal -0.50002 0.308985 -0.809017
    outer loop
      vertex 0.228423 -8.55869 -4.03916
      vertex -1.15266 -8.84322 -3.29424
      vertex -1.15266 -8.28264 -3.08014
    endloop
  endfacet
  facet normal 0.866016 0.178407 -0.467105
    outer loop
      vertex -1.15266 -8.28264 -3.08014
      vertex -1.16737 -8.83413 -3.31805
      vertex -1.34414 -8.16431 -3.38995
    endloop
  endfacet
  facet normal 0.866091 0.178354 -0.466987
    outer loop
      vertex -1.16737 -8.83413 -3.31805
      vertex -1.15266 -8.28264 -3.08014
      vertex -1.15266 -8.84322 -3.29424
    endloop
  endfacet
  facet normal 0.866012 0.178406 -0.467113
    outer loop
      vertex -1.16737 -8.83413 -3.31805
      vertex -1.34414 -8.72488 -3.60405
      vertex -1.34414 -8.16431 -3.38995
    endloop
  endfacet
  facet normal 0.998656 -0.0184984 0.0484223
    outer loop
      vertex -1.34414 -8.16431 -3.38995
      vertex -1.34173 -8.7083 -3.64747
      vertex -1.31274 -7.94846 -3.95508
    endloop
  endfacet
  facet normal 0.998658 -0.0184759 0.0483748
    outer loop
      vertex -1.34173 -8.7083 -3.64747
      vertex -1.34414 -8.16431 -3.38995
      vertex -1.34414 -8.72488 -3.60405
    endloop
  endfacet
  facet normal 0.998655 -0.0184963 0.0484274
    outer loop
      vertex -1.31274 -7.94846 -3.95508
      vertex -1.34173 -8.7083 -3.64747
      vertex -1.31274 -8.50902 -4.16918
    endloop
  endfacet
  facet normal 0.500016 -0.308988 0.809018
    outer loop
      vertex -1.31274 -7.94846 -3.95508
      vertex -1.29156 -8.50466 -4.1806
      vertex -1.0372 -7.8917 -4.1037
    endloop
  endfacet
  facet normal 0.499869 -0.309025 0.809095
    outer loop
      vertex -1.29156 -8.50466 -4.1806
      vertex -1.31274 -7.94846 -3.95508
      vertex -1.31274 -8.50902 -4.16918
    endloop
  endfacet
  facet normal 0.500028 -0.308992 0.809009
    outer loop
      vertex -1.0372 -7.8917 -4.1037
      vertex -1.29156 -8.50466 -4.1806
      vertex -1.0372 -8.45226 -4.3178
    endloop
  endfacet
  facet normal -0.999405 0.0123018 -0.0322087
    outer loop
      vertex -1.03872 -8.46798 -4.27664
      vertex -1.0372 -7.8917 -4.1037
      vertex -1.0372 -8.45226 -4.3178
    endloop
  endfacet
  facet normal -0.999406 0.0122982 -0.0321968
    outer loop
      vertex -1.0372 -7.8917 -4.1037
      vertex -1.03872 -8.46798 -4.27664
      vertex -1.05697 -8.09625 -3.56816
    endloop
  endfacet
  facet normal -0.999406 0.012297 -0.0321961
    outer loop
      vertex -1.03872 -8.46798 -4.27664
      vertex -1.05697 -8.65681 -3.78226
      vertex -1.05697 -8.09625 -3.56816
    endloop
  endfacet
  facet normal 0.500018 -0.308991 0.809015
    outer loop
      vertex -1.05697 -8.09625 -3.56816
      vertex -0.964901 -8.63785 -3.83192
      vertex 0.141137 -7.84943 -4.21439
    endloop
  endfacet
  facet normal 0.500002 -0.308998 0.809023
    outer loop
      vertex -0.964901 -8.63785 -3.83192
      vertex -1.05697 -8.09625 -3.56816
      vertex -1.05697 -8.65681 -3.78226
    endloop
  endfacet
  facet normal 0.500022 -0.308999 0.809011
    outer loop
      vertex 0.141137 -7.84943 -4.21439
      vertex -0.964901 -8.63785 -3.83192
      vertex 0.141137 -8.40998 -4.42849
    endloop
  endfacet
  facet normal 0.866024 0.178399 -0.467093
    outer loop
      vertex 0.141137 -7.84943 -4.21439
      vertex -0.110075 -8.25472 -4.83495
      vertex -0.110075 -7.69418 -4.62086
    endloop
  endfacet
  facet normal 0.866021 0.178405 -0.467096
    outer loop
      vertex -0.110075 -8.25472 -4.83495
      vertex 0.141137 -7.84943 -4.21439
      vertex 0.141137 -8.40998 -4.42849
    endloop
  endfacet
  facet normal 0.500008 -0.308994 0.809021
    outer loop
      vertex -0.110075 -7.69418 -4.62086
      vertex 0.150494 -8.20104 -4.97549
      vertex 0.150494 -7.6405 -4.7614
    endloop
  endfacet
  facet normal 0.500008 -0.308994 0.809021
    outer loop
      vertex 0.150494 -8.20104 -4.97549
      vertex -0.110075 -7.69418 -4.62086
      vertex -0.110075 -8.25472 -4.83495
    endloop
  endfacet
  facet normal -0.866016 -0.178404 0.467107
    outer loop
      vertex 0.20324 -8.23364 -4.89015
      vertex 0.150494 -7.6405 -4.7614
      vertex 0.150494 -8.20104 -4.97549
    endloop
  endfacet
  facet normal -0.86602 -0.178403 0.4671
    outer loop
      vertex 0.150494 -7.6405 -4.7614
      vertex 0.20324 -8.23364 -4.89015
      vertex 0.836491 -8.06445 -3.65146
    endloop
  endfacet
  facet normal -0.866021 -0.178399 0.4671
    outer loop
      vertex 0.836491 -8.06445 -3.65146
      vertex 0.20324 -8.23364 -4.89015
      vertex 0.836491 -8.625 -3.86555
    endloop
  endfacet
  facet normal -0.500007 0.309002 -0.809019
    outer loop
      vertex 0.575921 -8.11813 -3.51091
      vertex 0.836491 -8.625 -3.86555
      vertex 0.575921 -8.67868 -3.72501
    endloop
  endfacet
  facet normal -0.50003 0.308984 -0.809011
    outer loop
      vertex 0.836491 -8.625 -3.86555
      vertex 0.575921 -8.11813 -3.51091
      vertex 0.836491 -8.06445 -3.65146
    endloop
  endfacet
  facet normal 0.57735 -0.57735 -0.57735
    outer loop
      vertex 5.87551 -4.92796 -4.50181
      vertex 5.62416 -4.96464 -4.71648
      vertex 5.9151 -4.20292 -5.18726
    endloop
  endfacet
  facet normal 0.57735 -0.57735 -0.57735
    outer loop
      vertex 5.08178 -4.28384 -5.93966
      vertex 4.97947 -4.32339 -6.00242
      vertex 4.98066 -4.04084 -6.28378
    endloop
  endfacet
  facet normal 0.57735 -0.57735 -0.57735
    outer loop
      vertex 6.10197 -3.81054 -5.39277
      vertex 5.9151 -4.20292 -5.18726
      vertex 5.9423 -3.9071 -5.45588
    endloop
  endfacet
  facet normal 0.57735 -0.57735 -0.57735
    outer loop
      vertex 4.98911 -4.70332 -5.61285
      vertex 4.86711 -5.0402 -5.39797
      vertex 4.90007 -4.73267 -5.67254
    endloop
  endfacet
  facet normal 0.577362 -0.57736 -0.577329
    outer loop
      vertex 4.76022 -5.06652 -5.47853
      vertex 4.59207 -5.05752 -5.65569
      vertex 4.90007 -4.73267 -5.67254
    endloop
  endfacet
  facet normal 0.577374 -0.577353 -0.577323
    outer loop
      vertex 4.49677 -4.9708 -5.83771
      vertex 4.47796 -4.81023 -6.0171
      vertex 4.77048 -4.70072 -5.83407
    endloop
  endfacet
  facet normal 0.577361 -0.577339 -0.577351
    outer loop
      vertex 4.59207 -5.05752 -5.65569
      vertex 4.49677 -4.9708 -5.83771
      vertex 4.77048 -4.70072 -5.83407
    endloop
  endfacet
  facet normal 0.577342 -0.577338 -0.577371
    outer loop
      vertex 4.78215 -4.54643 -5.97671
      vertex 4.47796 -4.81023 -6.0171
      vertex 4.53931 -4.57966 -6.18631
    endloop
  endfacet
  facet normal 0.577315 -0.577365 -0.577371
    outer loop
      vertex 4.86711 -5.0402 -5.39797
      vertex 4.76022 -5.06652 -5.47853
      vertex 4.90007 -4.73267 -5.67254
    endloop
  endfacet
  facet normal 0.577322 -0.577401 -0.577328
    outer loop
      vertex 4.83065 -4.45205 -6.02257
      vertex 4.65135 -4.3556 -6.29833
      vertex 4.89609 -4.37858 -6.03061
    endloop
  endfacet
  facet normal 0.57735 -0.57735 -0.57735
    outer loop
      vertex 4.97234 -4.99267 -5.34027
      vertex 4.86711 -5.0402 -5.39797
      vertex 4.98911 -4.70332 -5.61285
    endloop
  endfacet
  facet normal 0.57735 -0.57735 -0.57735
    outer loop
      vertex 4.55352 -6.02665 -4.7251
      vertex 4.07414 -6.2844 -4.94673
      vertex 4.41868 -6.03065 -4.85594
    endloop
  endfacet
  facet normal 0.577342 -0.57733 -0.577379
    outer loop
      vertex 4.28189 -6.34976 -4.67363
      vertex 4.55352 -6.02665 -4.7251
      vertex 4.73992 -6.00468 -4.56068
    endloop
  endfacet
  facet normal 0.577328 -0.577364 -0.577358
    outer loop
      vertex 4.61447 -6.33311 -4.35769
      vertex 4.73992 -6.00468 -4.56068
      vertex 4.92433 -5.97241 -4.40855
    endloop
  endfacet
  facet normal 0.577354 -0.577361 -0.577336
    outer loop
      vertex 4.73992 -6.00468 -4.56068
      vertex 4.61447 -6.33311 -4.35769
      vertex 4.28189 -6.34976 -4.67363
    endloop
  endfacet
  facet normal 0.577349 -0.577334 -0.577367
    outer loop
      vertex 4.55352 -6.02665 -4.7251
      vertex 4.28189 -6.34976 -4.67363
      vertex 4.07414 -6.2844 -4.94673
    endloop
  endfacet
  facet normal 0.577362 -0.577381 -0.577309
    outer loop
      vertex 4.32877 -6.01657 -4.95994
      vertex 4.41868 -6.03065 -4.85594
      vertex 4.07414 -6.2844 -4.94673
    endloop
  endfacet
  facet normal 0.57735 -0.57735 -0.57735
    outer loop
      vertex 4.97947 -4.32339 -6.00242
      vertex 4.79975 -4.17489 -6.33064
      vertex 4.98066 -4.04084 -6.28378
    endloop
  endfacet
  facet normal 0.57735 -0.57735 -0.57735
    outer loop
      vertex 5.25762 -6.10453 -3.94313
      vertex 5.18442 -5.89031 -4.23055
      vertex 5.27116 -5.83641 -4.19771
    endloop
  endfacet
  facet normal 0.57735 -0.57735 -0.57735
    outer loop
      vertex 5.08178 -4.28384 -5.93966
      vertex 4.98066 -4.04084 -6.28378
      vertex 5.19026 -3.95678 -6.15824
    endloop
  endfacet
  facet normal 0.57735 -0.57735 -0.57735
    outer loop
      vertex 5.10759 -5.50438 -4.69331
      vertex 5.04776 -5.19872 -5.0588
      vertex 5.24214 -5.50082 -4.56232
    endloop
  endfacet
  facet normal 0.577355 -0.577358 -0.577338
    outer loop
      vertex 5.27708 -4.76742 -5.26077
      vertex 5.09302 -4.63907 -5.57319
      vertex 5.22561 -4.52997 -5.5497
    endloop
  endfacet
  facet normal 0.577352 -0.577339 -0.57736
    outer loop
      vertex 4.58538 -5.59557 -5.12433
      vertex 4.47372 -5.63908 -5.19248
      vertex 4.5748 -5.32603 -5.40444
    endloop
  endfacet
  facet normal 0.577326 -0.577389 -0.577336
    outer loop
      vertex 5.47126 -4.58016 -5.25386
      vertex 5.22561 -4.52997 -5.5497
      vertex 5.56466 -4.48831 -5.25232
    endloop
  endfacet
  facet normal 0.577327 -0.577387 -0.577337
    outer loop
      vertex 5.22561 -4.52997 -5.5497
      vertex 5.47126 -4.58016 -5.25386
      vertex 5.37523 -4.67487 -5.25517
    endloop
  endfacet
  facet normal 0.577349 -0.577331 -0.577371
    outer loop
      vertex 5.56466 -4.48831 -5.25232
      vertex 5.22561 -4.52997 -5.5497
      vertex 5.5967 -4.18244 -5.52613
    endloop
  endfacet
  facet normal 0.577382 -0.577317 -0.577352
    outer loop
      vertex 5.65561 -4.40149 -5.24818
      vertex 5.56466 -4.48831 -5.25232
      vertex 5.5967 -4.18244 -5.52613
    endloop
  endfacet
  facet normal 0.577384 -0.577316 -0.577351
    outer loop
      vertex 5.65561 -4.40149 -5.24818
      vertex 5.5967 -4.18244 -5.52613
      vertex 5.74432 -4.32187 -5.23908
    endloop
  endfacet
  facet normal 0.577308 -0.577378 -0.577364
    outer loop
      vertex 5.83081 -4.25413 -5.22034
      vertex 5.74432 -4.32187 -5.23908
      vertex 5.77556 -4.03028 -5.49944
    endloop
  endfacet
  facet normal 0.57735 -0.57735 -0.57735
    outer loop
      vertex 4.89609 -4.37858 -6.03061
      vertex 4.79975 -4.17489 -6.33064
      vertex 4.97947 -4.32339 -6.00242
    endloop
  endfacet
  facet normal 0.57735 -0.57735 -0.57735
    outer loop
      vertex 4.89609 -4.37858 -6.03061
      vertex 4.65135 -4.3556 -6.29833
      vertex 4.79975 -4.17489 -6.33064
    endloop
  endfacet
  facet normal 0.577363 -0.57735 -0.577338
    outer loop
      vertex 4.83065 -4.45205 -6.02257
      vertex 4.53931 -4.57966 -6.18631
      vertex 4.65135 -4.3556 -6.29833
    endloop
  endfacet
  facet normal 0.577369 -0.577268 -0.577413
    outer loop
      vertex 4.78215 -4.54643 -5.97671
      vertex 4.53931 -4.57966 -6.18631
      vertex 4.83065 -4.45205 -6.02257
    endloop
  endfacet
  facet normal 0.57737 -0.577381 -0.5773
    outer loop
      vertex 4.77048 -4.70072 -5.83407
      vertex 4.47796 -4.81023 -6.0171
      vertex 4.78215 -4.54643 -5.97671
    endloop
  endfacet
  facet normal 0.577338 -0.577339 -0.577374
    outer loop
      vertex 4.90007 -4.73267 -5.67254
      vertex 4.59207 -5.05752 -5.65569
      vertex 4.77048 -4.70072 -5.83407
    endloop
  endfacet
  facet normal 0.57735 -0.57735 -0.57735
    outer loop
      vertex 5.17732 -4.85278 -5.27518
      vertex 4.98911 -4.70332 -5.61285
      vertex 5.09302 -4.63907 -5.57319
    endloop
  endfacet
  facet normal 0.57735 -0.57735 -0.57735
    outer loop
      vertex 5.07578 -4.92864 -5.30086
      vertex 4.98911 -4.70332 -5.61285
      vertex 5.17732 -4.85278 -5.27518
    endloop
  endfacet
  facet normal 0.57735 -0.57735 -0.57735
    outer loop
      vertex 4.98911 -4.70332 -5.61285
      vertex 5.07578 -4.92864 -5.30086
      vertex 4.97234 -4.99267 -5.34027
    endloop
  endfacet
  facet normal 0.577385 -0.577324 -0.577342
    outer loop
      vertex 5.17732 -4.85278 -5.27518
      vertex 5.09302 -4.63907 -5.57319
      vertex 5.27708 -4.76742 -5.26077
    endloop
  endfacet
  facet normal 0.577356 -0.577357 -0.577337
    outer loop
      vertex 5.27708 -4.76742 -5.26077
      vertex 5.22561 -4.52997 -5.5497
      vertex 5.37523 -4.67487 -5.25517
    endloop
  endfacet
  facet normal 0.577333 -0.577368 -0.57735
    outer loop
      vertex 5.74432 -4.32187 -5.23908
      vertex 5.5967 -4.18244 -5.52613
      vertex 5.77556 -4.03028 -5.49944
    endloop
  endfacet
  facet normal 0.57735 -0.57735 -0.57735
    outer loop
      vertex 5.83081 -4.25413 -5.22034
      vertex 5.77556 -4.03028 -5.49944
      vertex 5.9151 -4.20292 -5.18726
    endloop
  endfacet
  facet normal 0.57735 -0.57735 -0.57735
    outer loop
      vertex 5.9151 -4.20292 -5.18726
      vertex 5.77556 -4.03028 -5.49944
      vertex 5.9423 -3.9071 -5.45588
    endloop
  endfacet
  facet normal 0.577335 -0.577351 -0.577365
    outer loop
      vertex 6.31414 -3.77958 -5.21157
      vertex 5.9151 -4.20292 -5.18726
      vertex 6.10197 -3.81054 -5.39277
    endloop
  endfacet
  facet normal 0.57734 -0.577355 -0.577356
    outer loop
      vertex 6.31414 -3.77958 -5.21157
      vertex 5.87551 -4.92796 -4.50181
      vertex 5.9151 -4.20292 -5.18726
    endloop
  endfacet
  facet normal 0.577352 -0.577339 -0.57736
    outer loop
      vertex 4.58538 -5.59557 -5.12433
      vertex 4.5748 -5.32603 -5.40444
      vertex 4.79187 -5.25063 -5.26277
    endloop
  endfacet
  facet normal 0.577334 -0.577394 -0.577323
    outer loop
      vertex 4.28029 -5.8496 -5.17539
      vertex 4.04002 -5.88687 -5.37839
      vertex 4.32642 -5.7608 -5.21807
    endloop
  endfacet
  facet normal 0.577333 -0.577396 -0.577322
    outer loop
      vertex 4.26171 -5.92985 -5.11371
      vertex 4.04002 -5.88687 -5.37839
      vertex 4.28029 -5.8496 -5.17539
    endloop
  endfacet
  facet normal 0.577365 -0.577345 -0.57734
    outer loop
      vertex 4.04002 -5.88687 -5.37839
      vertex 4.26171 -5.92985 -5.11371
      vertex 3.99294 -6.13184 -5.1805
    endloop
  endfacet
  facet normal 0.577354 -0.577339 -0.577358
    outer loop
      vertex 4.73233 -5.55886 -5.01409
      vertex 4.58538 -5.59557 -5.12433
      vertex 4.79187 -5.25063 -5.26277
    endloop
  endfacet
  facet normal 0.57735 -0.57735 -0.57735
    outer loop
      vertex 4.47372 -5.63908 -5.19248
      vertex 4.38914 -5.6924 -5.22374
      vertex 4.39408 -5.42526 -5.48594
    endloop
  endfacet
  facet normal 0.57735 -0.57735 -0.57735
    outer loop
      vertex 4.92276 -5.52599 -4.85653
      vertex 4.73233 -5.55886 -5.01409
      vertex 5.04776 -5.19872 -5.0588
    endloop
  endfacet
  facet normal 0.57735 -0.57735 -0.57735
    outer loop
      vertex 5.58557 -5.2533 -4.46641
      vertex 5.38375 -5.54835 -4.37318
      vertex 5.33223 -5.51545 -4.4576
    endloop
  endfacet
  facet normal 0.57735 -0.57735 -0.57735
    outer loop
      vertex 5.58557 -5.2533 -4.46641
      vertex 5.39892 -5.60346 -4.3029
      vertex 5.38375 -5.54835 -4.37318
    endloop
  endfacet
  facet normal 0.57735 -0.57735 -0.57735
    outer loop
      vertex 5.6213 -5.6473 -4.03668
      vertex 5.39892 -5.60346 -4.3029
      vertex 5.58557 -5.2533 -4.46641
    endloop
  endfacet
  facet normal 0.57735 -0.57735 -0.57735
    outer loop
      vertex 5.6213 -5.6473 -4.03668
      vertex 5.37995 -5.68472 -4.24061
      vertex 5.39892 -5.60346 -4.3029
    endloop
  endfacet
  facet normal 0.57735 -0.57735 -0.57735
    outer loop
      vertex 5.6213 -5.6473 -4.03668
      vertex 5.33496 -5.76924 -4.20108
      vertex 5.37995 -5.68472 -4.24061
    endloop
  endfacet
  facet normal 0.57735 -0.57735 -0.57735
    outer loop
      vertex 5.33496 -5.76924 -4.20108
      vertex 5.6213 -5.6473 -4.03668
      vertex 5.47589 -5.90428 -3.92511
    endloop
  endfacet
  facet normal 0.577371 -0.577357 -0.577323
    outer loop
      vertex 4.96947 -6.24763 -4.08817
      vertex 4.92433 -5.97241 -4.40855
      vertex 5.07067 -5.93495 -4.29966
    endloop
  endfacet
  facet normal 0.577343 -0.577374 -0.577334
    outer loop
      vertex 4.96947 -6.24763 -4.08817
      vertex 4.61447 -6.33311 -4.35769
      vertex 4.92433 -5.97241 -4.40855
    endloop
  endfacet
  facet normal 0.57735 -0.57735 -0.57735
    outer loop
      vertex 5.33223 -5.51545 -4.4576
      vertex 5.24214 -5.50082 -4.56232
      vertex 5.58557 -5.2533 -4.46641
    endloop
  endfacet
  facet normal 0.57735 -0.57735 -0.57735
    outer loop
      vertex 5.24214 -5.50082 -4.56232
      vertex 5.04776 -5.19872 -5.0588
      vertex 5.58557 -5.2533 -4.46641
    endloop
  endfacet
  facet normal 0.57735 -0.57735 -0.57735
    outer loop
      vertex 5.10759 -5.50438 -4.69331
      vertex 4.92276 -5.52599 -4.85653
      vertex 5.04776 -5.19872 -5.0588
    endloop
  endfacet
  facet normal 0.57734 -0.577343 -0.577367
    outer loop
      vertex 5.04776 -5.19872 -5.0588
      vertex 4.73233 -5.55886 -5.01409
      vertex 4.79187 -5.25063 -5.26277
    endloop
  endfacet
  facet normal 0.577371 -0.577335 -0.577345
    outer loop
      vertex 4.47372 -5.63908 -5.19248
      vertex 4.39408 -5.42526 -5.48594
      vertex 4.5748 -5.32603 -5.40444
    endloop
  endfacet
  facet normal 0.577377 -0.577337 -0.577337
    outer loop
      vertex 4.38914 -5.6924 -5.22374
      vertex 4.24728 -5.54869 -5.50932
      vertex 4.39408 -5.42526 -5.48594
    endloop
  endfacet
  facet normal 0.577338 -0.577376 -0.577337
    outer loop
      vertex 4.38914 -5.6924 -5.22374
      vertex 4.13054 -5.70099 -5.47375
      vertex 4.24728 -5.54869 -5.50932
    endloop
  endfacet
  facet normal 0.577377 -0.577293 -0.57738
    outer loop
      vertex 4.32642 -5.7608 -5.21807
      vertex 4.13054 -5.70099 -5.47375
      vertex 4.38914 -5.6924 -5.22374
    endloop
  endfacet
  facet normal 0.577337 -0.57735 -0.577363
    outer loop
      vertex 4.32642 -5.7608 -5.21807
      vertex 4.04002 -5.88687 -5.37839
      vertex 4.13054 -5.70099 -5.47375
    endloop
  endfacet
  facet normal 0.577364 -0.577354 -0.577333
    outer loop
      vertex 4.07414 -6.2844 -4.94673
      vertex 3.99294 -6.13184 -5.1805
      vertex 4.27716 -5.98423 -5.04388
    endloop
  endfacet
  facet normal 0.577364 -0.577341 -0.577346
    outer loop
      vertex 4.27716 -5.98423 -5.04388
      vertex 3.99294 -6.13184 -5.1805
      vertex 4.26171 -5.92985 -5.11371
    endloop
  endfacet
  facet normal 0.577316 -0.577341 -0.577394
    outer loop
      vertex 4.32877 -6.01657 -4.95994
      vertex 4.07414 -6.2844 -4.94673
      vertex 4.27716 -5.98423 -5.04388
    endloop
  endfacet
  facet normal 0.577349 -0.577362 -0.57734
    outer loop
      vertex 5.18442 -5.89031 -4.23055
      vertex 4.96947 -6.24763 -4.08817
      vertex 5.07067 -5.93495 -4.29966
    endloop
  endfacet
  facet normal 0.577337 -0.57736 -0.577354
    outer loop
      vertex 5.25762 -6.10453 -3.94313
      vertex 4.96947 -6.24763 -4.08817
      vertex 5.18442 -5.89031 -4.23055
    endloop
  endfacet
  facet normal 0.57735 -0.57735 -0.57735
    outer loop
      vertex 5.47589 -5.90428 -3.92511
      vertex 5.25762 -6.10453 -3.94313
      vertex 5.27116 -5.83641 -4.19771
    endloop
  endfacet
  facet normal 0.57735 -0.57735 -0.57735
    outer loop
      vertex 5.47589 -5.90428 -3.92511
      vertex 5.27116 -5.83641 -4.19771
      vertex 5.33496 -5.76924 -4.20108
    endloop
  endfacet
  facet normal 0.755774 0.11027 0.645482
    outer loop
      vertex 5.62416 -4.96464 -4.71648
      vertex 6.2615 -4.54933 -5.53367
      vertex 5.9151 -4.20292 -5.18726
    endloop
  endfacet
  facet normal 0.755774 0.11027 0.645482
    outer loop
      vertex 6.2615 -4.54933 -5.53367
      vertex 5.62416 -4.96464 -4.71648
      vertex 5.97056 -5.31105 -5.06289
    endloop
  endfacet
  facet normal -0.100201 0.651663 -0.751861
    outer loop
      vertex 6.25501 -4.55327 -5.53622
      vertex 5.9151 -4.20292 -5.18726
      vertex 6.2615 -4.54933 -5.53367
    endloop
  endfacet
  facet normal -0.100627 0.651411 -0.752023
    outer loop
      vertex 5.9151 -4.20292 -5.18726
      vertex 6.25501 -4.55327 -5.53622
      vertex 5.83081 -4.25413 -5.22034
    endloop
  endfacet
  facet normal -0.100666 0.651379 -0.752045
    outer loop
      vertex 6.17722 -4.60054 -5.56675
      vertex 5.83081 -4.25413 -5.22034
      vertex 6.25501 -4.55327 -5.53622
    endloop
  endfacet
  facet normal -0.253844 0.545144 -0.798988
    outer loop
      vertex 6.09073 -4.66828 -5.58549
      vertex 5.83081 -4.25413 -5.22034
      vertex 6.17722 -4.60054 -5.56675
    endloop
  endfacet
  facet normal -0.253844 0.545144 -0.798988
    outer loop
      vertex 5.83081 -4.25413 -5.22034
      vertex 6.09073 -4.66828 -5.58549
      vertex 5.74432 -4.32187 -5.23908
    endloop
  endfacet
  facet normal -0.340603 0.472343 -0.812946
    outer loop
      vertex 6.00201 -4.7479 -5.59458
      vertex 5.74432 -4.32187 -5.23908
      vertex 6.09073 -4.66828 -5.58549
    endloop
  endfacet
  facet normal -0.340569 0.472365 -0.812948
    outer loop
      vertex 5.74432 -4.32187 -5.23908
      vertex 6.00201 -4.7479 -5.59458
      vertex 5.65561 -4.40149 -5.24818
    endloop
  endfacet
  facet normal -0.379411 0.436413 -0.815837
    outer loop
      vertex 5.91106 -4.83471 -5.59872
      vertex 5.65561 -4.40149 -5.24818
      vertex 6.00201 -4.7479 -5.59458
    endloop
  endfacet
  facet normal -0.379441 0.436394 -0.815834
    outer loop
      vertex 5.65561 -4.40149 -5.24818
      vertex 5.91106 -4.83471 -5.59872
      vertex 5.56466 -4.48831 -5.25232
    endloop
  endfacet
  facet normal -0.397982 0.418429 -0.816411
    outer loop
      vertex 5.81766 -4.92657 -5.60027
      vertex 5.56466 -4.48831 -5.25232
      vertex 5.91106 -4.83471 -5.59872
    endloop
  endfacet
  facet normal -0.398007 0.418412 -0.816408
    outer loop
      vertex 5.56466 -4.48831 -5.25232
      vertex 5.81766 -4.92657 -5.60027
      vertex 5.47126 -4.58016 -5.25386
    endloop
  endfacet
  facet normal -0.399881 0.416566 -0.816436
    outer loop
      vertex 5.81027 -4.93386 -5.60037
      vertex 5.47126 -4.58016 -5.25386
      vertex 5.81766 -4.92657 -5.60027
    endloop
  endfacet
  facet normal -0.39979 0.416654 -0.816436
    outer loop
      vertex 5.47126 -4.58016 -5.25386
      vertex 5.81027 -4.93386 -5.60037
      vertex 5.37523 -4.67487 -5.25517
    endloop
  endfacet
  facet normal -0.399802 0.416636 -0.816439
    outer loop
      vertex 5.72164 -5.02128 -5.60158
      vertex 5.37523 -4.67487 -5.25517
      vertex 5.81027 -4.93386 -5.60037
    endloop
  endfacet
  facet normal -0.37192 0.443529 -0.815449
    outer loop
      vertex 5.71408 -5.02841 -5.60201
      vertex 5.37523 -4.67487 -5.25517
      vertex 5.72164 -5.02128 -5.60158
    endloop
  endfacet
  facet normal -0.371801 0.443638 -0.815444
    outer loop
      vertex 5.37523 -4.67487 -5.25517
      vertex 5.71408 -5.02841 -5.60201
      vertex 5.27708 -4.76742 -5.26077
    endloop
  endfacet
  facet normal -0.371793 0.443649 -0.815442
    outer loop
      vertex 5.62349 -5.11383 -5.60718
      vertex 5.27708 -4.76742 -5.26077
      vertex 5.71408 -5.02841 -5.60201
    endloop
  endfacet
  facet normal -0.310038 0.499127 -0.809165
    outer loop
      vertex 5.61581 -5.1204 -5.60829
      vertex 5.27708 -4.76742 -5.26077
      vertex 5.62349 -5.11383 -5.60718
    endloop
  endfacet
  facet normal -0.310131 0.49905 -0.809177
    outer loop
      vertex 5.27708 -4.76742 -5.26077
      vertex 5.61581 -5.1204 -5.60829
      vertex 5.17732 -4.85278 -5.27518
    endloop
  endfacet
  facet normal -0.31018 0.498992 -0.809195
    outer loop
      vertex 5.52373 -5.19919 -5.62158
      vertex 5.17732 -4.85278 -5.27518
      vertex 5.61581 -5.1204 -5.60829
    endloop
  endfacet
  facet normal -0.224002 0.567962 -0.791986
    outer loop
      vertex 5.42218 -5.27505 -5.64726
      vertex 5.17732 -4.85278 -5.27518
      vertex 5.52373 -5.19919 -5.62158
    endloop
  endfacet
  facet normal -0.224017 0.567954 -0.791988
    outer loop
      vertex 5.17732 -4.85278 -5.27518
      vertex 5.42218 -5.27505 -5.64726
      vertex 5.07578 -4.92864 -5.30086
    endloop
  endfacet
  facet normal -0.111101 0.644969 -0.756089
    outer loop
      vertex 5.31874 -5.33908 -5.68668
      vertex 5.07578 -4.92864 -5.30086
      vertex 5.42218 -5.27505 -5.64726
    endloop
  endfacet
  facet normal -0.111157 0.644947 -0.7561
    outer loop
      vertex 5.07578 -4.92864 -5.30086
      vertex 5.31874 -5.33908 -5.68668
      vertex 4.97234 -4.99267 -5.34027
    endloop
  endfacet
  facet normal 0.045325 0.728678 -0.683355
    outer loop
      vertex 5.31064 -5.34274 -5.69112
      vertex 4.97234 -4.99267 -5.34027
      vertex 5.31874 -5.33908 -5.68668
    endloop
  endfacet
  facet normal 0.0454907 0.72875 -0.683267
    outer loop
      vertex 4.97234 -4.99267 -5.34027
      vertex 5.31064 -5.34274 -5.69112
      vertex 4.86711 -5.0402 -5.39797
    endloop
  endfacet
  facet normal 0.0455024 0.728758 -0.683257
    outer loop
      vertex 5.21351 -5.38661 -5.74438
      vertex 4.86711 -5.0402 -5.39797
      vertex 5.31064 -5.34274 -5.69112
    endloop
  endfacet
  facet normal 0.229247 0.793284 -0.564044
    outer loop
      vertex 5.20528 -5.38864 -5.75058
      vertex 4.86711 -5.0402 -5.39797
      vertex 5.21351 -5.38661 -5.74438
    endloop
  endfacet
  facet normal 0.229572 0.793359 -0.563806
    outer loop
      vertex 4.86711 -5.0402 -5.39797
      vertex 5.20528 -5.38864 -5.75058
      vertex 4.76022 -5.06652 -5.47853
    endloop
  endfacet
  facet normal 0.229607 0.793376 -0.563769
    outer loop
      vertex 5.10663 -5.41293 -5.82494
      vertex 4.76022 -5.06652 -5.47853
      vertex 5.20528 -5.38864 -5.75058
    endloop
  endfacet
  facet normal 0.439733 0.815665 -0.375932
    outer loop
      vertex 5.10663 -5.41293 -5.82494
      vertex 4.59207 -5.05752 -5.65569
      vertex 4.76022 -5.06652 -5.47853
    endloop
  endfacet
  facet normal 0.439748 0.815672 -0.3759
    outer loop
      vertex 4.59207 -5.05752 -5.65569
      vertex 5.10663 -5.41293 -5.82494
      vertex 4.93848 -5.40392 -6.0021
    endloop
  endfacet
  facet normal 0.695732 0.717958 -0.0222058
    outer loop
      vertex 4.93848 -5.40392 -6.0021
      vertex 4.49677 -4.9708 -5.83771
      vertex 4.59207 -5.05752 -5.65569
    endloop
  endfacet
  facet normal 0.695737 0.717954 -0.0221822
    outer loop
      vertex 4.49677 -4.9708 -5.83771
      vertex 4.93848 -5.40392 -6.0021
      vertex 4.93114 -5.39724 -6.01611
    endloop
  endfacet
  facet normal 0.695731 0.717959 -0.0222073
    outer loop
      vertex 4.84318 -5.3172 -6.18412
      vertex 4.49677 -4.9708 -5.83771
      vertex 4.93114 -5.39724 -6.01611
    endloop
  endfacet
  facet normal 0.812769 0.473856 0.33892
    outer loop
      vertex 4.49677 -4.9708 -5.83771
      vertex 4.84173 -5.30484 -6.19793
      vertex 4.47796 -4.81023 -6.0171
    endloop
  endfacet
  facet normal 0.812758 0.473935 0.338837
    outer loop
      vertex 4.84173 -5.30484 -6.19793
      vertex 4.49677 -4.9708 -5.83771
      vertex 4.84318 -5.3172 -6.18412
    endloop
  endfacet
  facet normal 0.812771 0.473861 0.338909
    outer loop
      vertex 4.82436 -5.15663 -6.3635
      vertex 4.47796 -4.81023 -6.0171
      vertex 4.84173 -5.30484 -6.19793
    endloop
  endfacet
  facet normal 0.789091 0.2129 0.576202
    outer loop
      vertex 4.47796 -4.81023 -6.0171
      vertex 4.82909 -5.13888 -6.37653
      vertex 4.53931 -4.57966 -6.18631
    endloop
  endfacet
  facet normal 0.789062 0.212775 0.576287
    outer loop
      vertex 4.82909 -5.13888 -6.37653
      vertex 4.47796 -4.81023 -6.0171
      vertex 4.82436 -5.15663 -6.3635
    endloop
  endfacet
  facet normal 0.789101 0.212911 0.576184
    outer loop
      vertex 4.88571 -4.92607 -6.53271
      vertex 4.53931 -4.57966 -6.18631
      vertex 4.82909 -5.13888 -6.37653
    endloop
  endfacet
  facet normal 0.707087 -4.31263e-05 0.707127
    outer loop
      vertex 4.53931 -4.57966 -6.18631
      vertex 4.89434 -4.90881 -6.54134
      vertex 4.65135 -4.3556 -6.29833
    endloop
  endfacet
  facet normal 0.707107 2.42431e-14 0.707107
    outer loop
      vertex 4.89434 -4.90881 -6.54134
      vertex 4.53931 -4.57966 -6.18631
      vertex 4.88571 -4.92607 -6.53271
    endloop
  endfacet
  facet normal 0.707084 -4.55879e-05 0.70713
    outer loop
      vertex 4.99776 -4.702 -6.64474
      vertex 4.65135 -4.3556 -6.29833
      vertex 4.89434 -4.90881 -6.54134
    endloop
  endfacet
  facet normal 0.521008 -0.283935 0.804942
    outer loop
      vertex 4.65135 -4.3556 -6.29833
      vertex 5.14616 -4.5213 -6.67705
      vertex 4.79975 -4.17489 -6.33064
    endloop
  endfacet
  facet normal 0.521003 -0.283947 0.804941
    outer loop
      vertex 5.14616 -4.5213 -6.67705
      vertex 4.65135 -4.3556 -6.29833
      vertex 4.99776 -4.702 -6.64474
    endloop
  endfacet
  facet normal 0.218882 -0.57179 0.790662
    outer loop
      vertex 4.79975 -4.17489 -6.33064
      vertex 5.16009 -4.51097 -6.67344
      vertex 4.98066 -4.04084 -6.28378
    endloop
  endfacet
  facet normal 0.219024 -0.571679 0.790703
    outer loop
      vertex 5.16009 -4.51097 -6.67344
      vertex 4.79975 -4.17489 -6.33064
      vertex 5.14616 -4.5213 -6.67705
    endloop
  endfacet
  facet normal 0.218877 -0.571792 0.790662
    outer loop
      vertex 5.32706 -4.38725 -6.63019
      vertex 4.98066 -4.04084 -6.28378
      vertex 5.16009 -4.51097 -6.67344
    endloop
  endfacet
  facet normal -0.0926892 -0.748879 0.656193
    outer loop
      vertex 5.32706 -4.38725 -6.63019
      vertex 5.19026 -3.95678 -6.15824
      vertex 4.98066 -4.04084 -6.28378
    endloop
  endfacet
  facet normal -0.0929093 -0.748895 0.656143
    outer loop
      vertex 5.19026 -3.95678 -6.15824
      vertex 5.32706 -4.38725 -6.63019
      vertex 5.3432 -4.38078 -6.62052
    endloop
  endfacet
  facet normal -0.0926424 -0.74887 0.656209
    outer loop
      vertex 5.53666 -4.30318 -6.50465
      vertex 5.19026 -3.95678 -6.15824
      vertex 5.3432 -4.38078 -6.62052
    endloop
  endfacet
  facet normal -0.772013 -0.155771 -0.616224
    outer loop
      vertex 5.53666 -4.30318 -6.50465
      vertex 5.08178 -4.28384 -5.93966
      vertex 5.19026 -3.95678 -6.15824
    endloop
  endfacet
  facet normal -0.772013 -0.155766 -0.616225
    outer loop
      vertex 5.08178 -4.28384 -5.93966
      vertex 5.53666 -4.30318 -6.50465
      vertex 5.42818 -4.63025 -6.28607
    endloop
  endfacet
  facet normal 0.106038 0.754136 -0.648101
    outer loop
      vertex 5.32587 -4.6698 -6.34883
      vertex 5.08178 -4.28384 -5.93966
      vertex 5.42818 -4.63025 -6.28607
    endloop
  endfacet
  facet normal 0.106038 0.754136 -0.648101
    outer loop
      vertex 5.08178 -4.28384 -5.93966
      vertex 5.32587 -4.6698 -6.34883
      vertex 4.97947 -4.32339 -6.00242
    endloop
  endfacet
  facet normal -0.150127 0.61999 -0.770113
    outer loop
      vertex 5.31945 -4.67405 -6.351
      vertex 4.97947 -4.32339 -6.00242
      vertex 5.32587 -4.6698 -6.34883
    endloop
  endfacet
  facet normal -0.15005 0.62004 -0.770088
    outer loop
      vertex 4.97947 -4.32339 -6.00242
      vertex 5.31945 -4.67405 -6.351
      vertex 4.89609 -4.37858 -6.03061
    endloop
  endfacet
  facet normal -0.150045 0.620045 -0.770085
    outer loop
      vertex 5.24249 -4.72499 -6.37702
      vertex 4.89609 -4.37858 -6.03061
      vertex 5.31945 -4.67405 -6.351
    endloop
  endfacet
  facet normal -0.476824 0.3356 -0.812411
    outer loop
      vertex 5.23745 -4.73065 -6.3764
      vertex 4.89609 -4.37858 -6.03061
      vertex 5.24249 -4.72499 -6.37702
    endloop
  endfacet
  facet normal -0.476722 0.335713 -0.812424
    outer loop
      vertex 4.89609 -4.37858 -6.03061
      vertex 5.23745 -4.73065 -6.3764
      vertex 4.83065 -4.45205 -6.02257
    endloop
  endfacet
  facet normal -0.476745 0.33568 -0.812424
    outer loop
      vertex 5.17706 -4.79846 -6.36898
      vertex 4.83065 -4.45205 -6.02257
      vertex 5.23745 -4.73065 -6.3764
    endloop
  endfacet
  facet normal -0.700422 0.0131854 -0.713607
    outer loop
      vertex 4.78215 -4.54643 -5.97671
      vertex 5.17706 -4.79846 -6.36898
      vertex 5.12855 -4.89283 -6.32311
    endloop
  endfacet
  facet normal -0.700422 0.0131854 -0.713607
    outer loop
      vertex 5.17706 -4.79846 -6.36898
      vertex 4.78215 -4.54643 -5.97671
      vertex 4.83065 -4.45205 -6.02257
    endloop
  endfacet
  facet normal -0.814613 -0.35931 -0.455303
    outer loop
      vertex 5.12855 -4.89283 -6.32311
      vertex 4.77048 -4.70072 -5.83407
      vertex 4.78215 -4.54643 -5.97671
    endloop
  endfacet
  facet normal -0.814613 -0.35931 -0.455303
    outer loop
      vertex 4.77048 -4.70072 -5.83407
      vertex 5.12855 -4.89283 -6.32311
      vertex 5.11689 -5.04713 -6.18048
    endloop
  endfacet
  facet normal -0.533101 -0.802138 0.269029
    outer loop
      vertex 4.77048 -4.70072 -5.83407
      vertex 5.24647 -5.07907 -6.01895
      vertex 4.90007 -4.73267 -5.67254
    endloop
  endfacet
  facet normal -0.533096 -0.802138 0.269042
    outer loop
      vertex 5.24647 -5.07907 -6.01895
      vertex 4.77048 -4.70072 -5.83407
      vertex 5.11689 -5.04713 -6.18048
    endloop
  endfacet
  facet normal -0.157602 -0.772618 0.614998
    outer loop
      vertex 5.24647 -5.07907 -6.01895
      vertex 4.98911 -4.70332 -5.61285
      vertex 4.90007 -4.73267 -5.67254
    endloop
  endfacet
  facet normal -0.157785 -0.77265 0.614912
    outer loop
      vertex 4.98911 -4.70332 -5.61285
      vertex 5.24647 -5.07907 -6.01895
      vertex 5.25333 -5.07681 -6.01435
    endloop
  endfacet
  facet normal -0.157657 -0.772626 0.614974
    outer loop
      vertex 5.33551 -5.04973 -5.95926
      vertex 4.98911 -4.70332 -5.61285
      vertex 5.25333 -5.07681 -6.01435
    endloop
  endfacet
  facet normal 0.110877 -0.645194 0.75593
    outer loop
      vertex 5.09302 -4.63907 -5.57319
      vertex 5.33551 -5.04973 -5.95926
      vertex 5.34352 -5.04478 -5.95621
    endloop
  endfacet
  facet normal 0.110531 -0.645334 0.755862
    outer loop
      vertex 5.33551 -5.04973 -5.95926
      vertex 5.09302 -4.63907 -5.57319
      vertex 4.98911 -4.70332 -5.61285
    endloop
  endfacet
  facet normal 0.110438 -0.645378 0.755838
    outer loop
      vertex 5.43943 -4.98548 -5.91959
      vertex 5.09302 -4.63907 -5.57319
      vertex 5.34352 -5.04478 -5.95621
    endloop
  endfacet
  facet normal 0.285265 -0.519923 0.805173
    outer loop
      vertex 5.22561 -4.52997 -5.5497
      vertex 5.43943 -4.98548 -5.91959
      vertex 5.57202 -4.87637 -5.89611
    endloop
  endfacet
  facet normal 0.285194 -0.519958 0.805176
    outer loop
      vertex 5.43943 -4.98548 -5.91959
      vertex 5.22561 -4.52997 -5.5497
      vertex 5.09302 -4.63907 -5.57319
    endloop
  endfacet
  facet normal 0.367489 -0.44769 0.815184
    outer loop
      vertex 5.22561 -4.52997 -5.5497
      vertex 5.6006 -4.84961 -5.89429
      vertex 5.5967 -4.18244 -5.52613
    endloop
  endfacet
  facet normal 0.367378 -0.447806 0.815171
    outer loop
      vertex 5.6006 -4.84961 -5.89429
      vertex 5.22561 -4.52997 -5.5497
      vertex 5.57202 -4.87637 -5.89611
    endloop
  endfacet
  facet normal 0.367494 -0.447689 0.815183
    outer loop
      vertex 5.94311 -4.52885 -5.87254
      vertex 5.5967 -4.18244 -5.52613
      vertex 5.6006 -4.84961 -5.89429
    endloop
  endfacet
  facet normal 0.306506 -0.502133 0.808651
    outer loop
      vertex 5.5967 -4.18244 -5.52613
      vertex 5.95689 -4.51713 -5.87048
      vertex 5.77556 -4.03028 -5.49944
    endloop
  endfacet
  facet normal 0.306324 -0.502295 0.808619
    outer loop
      vertex 5.95689 -4.51713 -5.87048
      vertex 5.5967 -4.18244 -5.52613
      vertex 5.94311 -4.52885 -5.87254
    endloop
  endfacet
  facet normal 0.306526 -0.502124 0.808649
    outer loop
      vertex 6.12197 -4.37669 -5.84585
      vertex 5.77556 -4.03028 -5.49944
      vertex 5.95689 -4.51713 -5.87048
    endloop
  endfacet
  facet normal 0.217015 -0.57317 0.790178
    outer loop
      vertex 5.9423 -3.9071 -5.45588
      vertex 6.12197 -4.37669 -5.84585
      vertex 6.2887 -4.25351 -5.80229
    endloop
  endfacet
  facet normal 0.217005 -0.573173 0.790178
    outer loop
      vertex 6.12197 -4.37669 -5.84585
      vertex 5.9423 -3.9071 -5.45588
      vertex 5.77556 -4.03028 -5.49944
    endloop
  endfacet
  facet normal 0.0981919 -0.652926 0.75103
    outer loop
      vertex 6.10197 -3.81054 -5.39277
      vertex 6.2887 -4.25351 -5.80229
      vertex 6.301 -4.24607 -5.79743
    endloop
  endfacet
  facet normal 0.0980431 -0.65297 0.751011
    outer loop
      vertex 6.2887 -4.25351 -5.80229
      vertex 6.10197 -3.81054 -5.39277
      vertex 5.9423 -3.9071 -5.45588
    endloop
  endfacet
  facet normal 0.097987 -0.652991 0.751
    outer loop
      vertex 6.44838 -4.15695 -5.73917
      vertex 6.10197 -3.81054 -5.39277
      vertex 6.301 -4.24607 -5.79743
    endloop
  endfacet
  facet normal -0.308985 -0.809014 0.500024
    outer loop
      vertex 6.10197 -3.81054 -5.39277
      vertex 6.46472 -4.15456 -5.72522
      vertex 6.31414 -3.77958 -5.21157
    endloop
  endfacet
  facet normal -0.308746 -0.808972 0.50024
    outer loop
      vertex 6.46472 -4.15456 -5.72522
      vertex 6.10197 -3.81054 -5.39277
      vertex 6.44838 -4.15695 -5.73917
    endloop
  endfacet
  facet normal -0.308992 -0.809013 0.500021
    outer loop
      vertex 6.66054 -4.12598 -5.55797
      vertex 6.31414 -3.77958 -5.21157
      vertex 6.46472 -4.15456 -5.72522
    endloop
  endfacet
  facet normal -0.755766 -0.110275 -0.64549
    outer loop
      vertex 6.62676 -4.21442 -5.50331
      vertex 6.31414 -3.77958 -5.21157
      vertex 6.66054 -4.12598 -5.55797
    endloop
  endfacet
  facet normal -0.755767 -0.110277 -0.645489
    outer loop
      vertex 6.31414 -3.77958 -5.21157
      vertex 6.62676 -4.21442 -5.50331
      vertex 5.87551 -4.92796 -4.50181
    endloop
  endfacet
  facet normal -0.755772 -0.110266 -0.645484
    outer loop
      vertex 6.22191 -5.27437 -4.84822
      vertex 5.87551 -4.92796 -4.50181
      vertex 6.62676 -4.21442 -5.50331
    endloop
  endfacet
  facet normal 0.309141 0.809032 -0.4999
    outer loop
      vertex 6.20256 -5.27719 -4.86475
      vertex 5.87551 -4.92796 -4.50181
      vertex 6.22191 -5.27437 -4.84822
    endloop
  endfacet
  facet normal 0.30899 0.809015 -0.50002
    outer loop
      vertex 5.87551 -4.92796 -4.50181
      vertex 6.20256 -5.27719 -4.86475
      vertex 5.62416 -4.96464 -4.71648
    endloop
  endfacet
  facet normal 0.308982 0.809009 -0.500035
    outer loop
      vertex 5.97056 -5.31105 -5.06289
      vertex 5.62416 -4.96464 -4.71648
      vertex 6.20256 -5.27719 -4.86475
    endloop
  endfacet
  facet normal -0.354534 0.459708 -0.814232
    outer loop
      vertex 5.60402 -6.45094 -4.28954
      vertex 5.47589 -5.90428 -3.92511
      vertex 5.82229 -6.25069 -4.27152
    endloop
  endfacet
  facet normal -0.354534 0.459708 -0.814232
    outer loop
      vertex 5.47589 -5.90428 -3.92511
      vertex 5.60402 -6.45094 -4.28954
      vertex 5.25762 -6.10453 -3.94313
    endloop
  endfacet
  facet normal 0.00318661 0.708695 -0.705508
    outer loop
      vertex 5.58183 -6.46196 -4.30071
      vertex 5.25762 -6.10453 -3.94313
      vertex 5.60402 -6.45094 -4.28954
    endloop
  endfacet
  facet normal 0.00317341 0.708689 -0.705514
    outer loop
      vertex 5.25762 -6.10453 -3.94313
      vertex 5.58183 -6.46196 -4.30071
      vertex 4.96947 -6.24763 -4.08817
    endloop
  endfacet
  facet normal 0.00317281 0.708688 -0.705515
    outer loop
      vertex 5.31588 -6.59404 -4.43458
      vertex 4.96947 -6.24763 -4.08817
      vertex 5.58183 -6.46196 -4.30071
    endloop
  endfacet
  facet normal 0.23422 0.794499 -0.560279
    outer loop
      vertex 5.28854 -6.60062 -4.45534
      vertex 4.96947 -6.24763 -4.08817
      vertex 5.31588 -6.59404 -4.43458
    endloop
  endfacet
  facet normal 0.23412 0.79448 -0.560347
    outer loop
      vertex 4.96947 -6.24763 -4.08817
      vertex 5.28854 -6.60062 -4.45534
      vertex 4.61447 -6.33311 -4.35769
    endloop
  endfacet
  facet normal 0.234116 0.794474 -0.560358
    outer loop
      vertex 4.96088 -6.67952 -4.7041
      vertex 4.61447 -6.33311 -4.35769
      vertex 5.28854 -6.60062 -4.45534
    endloop
  endfacet
  facet normal 0.376432 0.81569 -0.439259
    outer loop
      vertex 4.6283 -6.69617 -5.02003
      vertex 4.61447 -6.33311 -4.35769
      vertex 4.96088 -6.67952 -4.7041
    endloop
  endfacet
  facet normal 0.376443 0.815687 -0.439256
    outer loop
      vertex 4.61447 -6.33311 -4.35769
      vertex 4.6283 -6.69617 -5.02003
      vertex 4.28189 -6.34976 -4.67363
    endloop
  endfacet
  facet normal 0.559424 0.794767 -0.235351
    outer loop
      vertex 4.6283 -6.69617 -5.02003
      vertex 4.07414 -6.2844 -4.94673
      vertex 4.28189 -6.34976 -4.67363
    endloop
  endfacet
  facet normal 0.559425 0.794768 -0.235343
    outer loop
      vertex 4.07414 -6.2844 -4.94673
      vertex 4.6283 -6.69617 -5.02003
      vertex 4.42055 -6.63081 -5.29314
    endloop
  endfacet
  facet normal 0.767233 0.625515 0.141718
    outer loop
      vertex 4.42055 -6.63081 -5.29314
      vertex 3.99294 -6.13184 -5.1805
      vertex 4.07414 -6.2844 -4.94673
    endloop
  endfacet
  facet normal 0.767233 0.625522 0.141689
    outer loop
      vertex 3.99294 -6.13184 -5.1805
      vertex 4.42055 -6.63081 -5.29314
      vertex 4.33934 -6.47825 -5.52691
    endloop
  endfacet
  facet normal 0.803005 0.273442 0.52954
    outer loop
      vertex 3.99294 -6.13184 -5.1805
      vertex 4.38642 -6.23328 -5.7248
      vertex 4.04002 -5.88687 -5.37839
    endloop
  endfacet
  facet normal 0.803005 0.273442 0.52954
    outer loop
      vertex 4.38642 -6.23328 -5.7248
      vertex 3.99294 -6.13184 -5.1805
      vertex 4.33934 -6.47825 -5.52691
    endloop
  endfacet
  facet normal 0.713168 0.0122682 0.700885
    outer loop
      vertex 4.04002 -5.88687 -5.37839
      vertex 4.39339 -6.21896 -5.73214
      vertex 4.13054 -5.70099 -5.47375
    endloop
  endfacet
  facet normal 0.713126 0.0121748 0.70093
    outer loop
      vertex 4.39339 -6.21896 -5.73214
      vertex 4.04002 -5.88687 -5.37839
      vertex 4.38642 -6.23328 -5.7248
    endloop
  endfacet
  facet normal 0.713154 0.0122535 0.7009
    outer loop
      vertex 4.47694 -6.0474 -5.82015
      vertex 4.13054 -5.70099 -5.47375
      vertex 4.39339 -6.21896 -5.73214
    endloop
  endfacet
  facet normal 0.555773 -0.240123 0.7959
    outer loop
      vertex 4.13054 -5.70099 -5.47375
      vertex 4.48593 -6.03567 -5.82289
      vertex 4.24728 -5.54869 -5.50932
    endloop
  endfacet
  facet normal 0.555812 -0.24007 0.795889
    outer loop
      vertex 4.48593 -6.03567 -5.82289
      vertex 4.13054 -5.70099 -5.47375
      vertex 4.47694 -6.0474 -5.82015
    endloop
  endfacet
  facet normal 0.555779 -0.240119 0.795898
    outer loop
      vertex 4.59368 -5.89509 -5.85572
      vertex 4.24728 -5.54869 -5.50932
      vertex 4.48593 -6.03567 -5.82289
    endloop
  endfacet
  facet normal 0.298923 -0.508539 0.807486
    outer loop
      vertex 4.39408 -5.42526 -5.48594
      vertex 4.59368 -5.89509 -5.85572
      vertex 4.74049 -5.77167 -5.83234
    endloop
  endfacet
  facet normal 0.298963 -0.50852 0.807483
    outer loop
      vertex 4.59368 -5.89509 -5.85572
      vertex 4.39408 -5.42526 -5.48594
      vertex 4.24728 -5.54869 -5.50932
    endloop
  endfacet
  facet normal 0.0467774 -0.682742 0.72916
    outer loop
      vertex 4.5748 -5.32603 -5.40444
      vertex 4.74049 -5.77167 -5.83234
      vertex 4.75441 -5.76402 -5.82607
    endloop
  endfacet
  facet normal 0.0461665 -0.682881 0.729069
    outer loop
      vertex 4.74049 -5.77167 -5.83234
      vertex 4.5748 -5.32603 -5.40444
      vertex 4.39408 -5.42526 -5.48594
    endloop
  endfacet
  facet normal 0.0461621 -0.682895 0.729057
    outer loop
      vertex 4.92121 -5.67244 -5.75085
      vertex 4.5748 -5.32603 -5.40444
      vertex 4.75441 -5.76402 -5.82607
    endloop
  endfacet
  facet normal -0.141729 -0.767241 0.625503
    outer loop
      vertex 4.5748 -5.32603 -5.40444
      vertex 4.93793 -5.66663 -5.73994
      vertex 4.79187 -5.25063 -5.26277
    endloop
  endfacet
  facet normal -0.141611 -0.767196 0.625585
    outer loop
      vertex 4.93793 -5.66663 -5.73994
      vertex 4.5748 -5.32603 -5.40444
      vertex 4.92121 -5.67244 -5.75085
    endloop
  endfacet
  facet normal -0.141742 -0.767241 0.6255
    outer loop
      vertex 5.13828 -5.59704 -5.60918
      vertex 4.79187 -5.25063 -5.26277
      vertex 4.93793 -5.66663 -5.73994
    endloop
  endfacet
  facet normal -0.26497 -0.801322 0.536352
    outer loop
      vertex 5.13828 -5.59704 -5.60918
      vertex 5.04776 -5.19872 -5.0588
      vertex 4.79187 -5.25063 -5.26277
    endloop
  endfacet
  facet normal -0.264943 -0.801326 0.536359
    outer loop
      vertex 5.04776 -5.19872 -5.0588
      vertex 5.13828 -5.59704 -5.60918
      vertex 5.39417 -5.54512 -5.40521
    endloop
  endfacet
  facet normal -0.465772 -0.813651 0.347892
    outer loop
      vertex 5.04776 -5.19872 -5.0588
      vertex 5.93197 -5.59971 -4.81282
      vertex 5.58557 -5.2533 -4.46641
    endloop
  endfacet
  facet normal -0.46577 -0.813662 0.347868
    outer loop
      vertex 5.93197 -5.59971 -4.81282
      vertex 5.04776 -5.19872 -5.0588
      vertex 5.39417 -5.54512 -5.40521
    endloop
  endfacet
  facet normal -0.814209 -0.460082 -0.354103
    outer loop
      vertex 5.96771 -5.99371 -4.38308
      vertex 5.58557 -5.2533 -4.46641
      vertex 5.93197 -5.59971 -4.81282
    endloop
  endfacet
  facet normal -0.814199 -0.460079 -0.354129
    outer loop
      vertex 5.58557 -5.2533 -4.46641
      vertex 5.96771 -5.99371 -4.38308
      vertex 5.6213 -5.6473 -4.03668
    endloop
  endfacet
  facet normal -0.674109 0.0619404 -0.73603
    outer loop
      vertex 5.47589 -5.90428 -3.92511
      vertex 5.96771 -5.99371 -4.38308
      vertex 5.82229 -6.25069 -4.27152
    endloop
  endfacet
  facet normal -0.674116 0.0618904 -0.736028
    outer loop
      vertex 5.96771 -5.99371 -4.38308
      vertex 5.47589 -5.90428 -3.92511
      vertex 5.6213 -5.6473 -4.03668
    endloop
  endfacet
  facet normal 0.799137 0.544595 0.254549
    outer loop
      vertex 5.74533 -5.94987 -4.6493
      vertex 5.38375 -5.54835 -4.37318
      vertex 5.39892 -5.60346 -4.3029
    endloop
  endfacet
  facet normal 0.799137 0.544595 0.254549
    outer loop
      vertex 5.38375 -5.54835 -4.37318
      vertex 5.74533 -5.94987 -4.6493
      vertex 5.73016 -5.89476 -4.71958
    endloop
  endfacet
  facet normal 0.649872 0.753012 -0.103143
    outer loop
      vertex 5.73016 -5.89476 -4.71958
      vertex 5.33223 -5.51545 -4.4576
      vertex 5.38375 -5.54835 -4.37318
    endloop
  endfacet
  facet normal 0.649905 0.752995 -0.103068
    outer loop
      vertex 5.33223 -5.51545 -4.4576
      vertex 5.73016 -5.89476 -4.71958
      vertex 5.67864 -5.86185 -4.80401
    endloop
  endfacet
  facet normal 0.496039 0.809683 -0.313622
    outer loop
      vertex 5.67864 -5.86185 -4.80401
      vertex 5.24214 -5.50082 -4.56232
      vertex 5.33223 -5.51545 -4.4576
    endloop
  endfacet
  facet normal 0.496039 0.809683 -0.313622
    outer loop
      vertex 5.24214 -5.50082 -4.56232
      vertex 5.67864 -5.86185 -4.80401
      vertex 5.58855 -5.84722 -4.90873
    endloop
  endfacet
  facet normal 0.391684 0.816284 -0.424576
    outer loop
      vertex 5.454 -5.85079 -5.03972
      vertex 5.24214 -5.50082 -4.56232
      vertex 5.58855 -5.84722 -4.90873
    endloop
  endfacet
  facet normal 0.391723 0.816277 -0.424554
    outer loop
      vertex 5.24214 -5.50082 -4.56232
      vertex 5.454 -5.85079 -5.03972
      vertex 5.10759 -5.50438 -4.69331
    endloop
  endfacet
  facet normal 0.330291 0.811815 -0.481524
    outer loop
      vertex 5.26916 -5.8724 -5.20294
      vertex 5.10759 -5.50438 -4.69331
      vertex 5.454 -5.85079 -5.03972
    endloop
  endfacet
  facet normal 0.330304 0.811813 -0.481518
    outer loop
      vertex 5.10759 -5.50438 -4.69331
      vertex 5.26916 -5.8724 -5.20294
      vertex 4.92276 -5.52599 -4.85653
    endloop
  endfacet
  facet normal 0.288711 0.805778 -0.517075
    outer loop
      vertex 5.07873 -5.90527 -5.36049
      vertex 4.92276 -5.52599 -4.85653
      vertex 5.26916 -5.8724 -5.20294
    endloop
  endfacet
  facet normal 0.288732 0.805776 -0.517067
    outer loop
      vertex 4.92276 -5.52599 -4.85653
      vertex 5.07873 -5.90527 -5.36049
      vertex 4.73233 -5.55886 -5.01409
    endloop
  endfacet
  facet normal 0.226676 0.79264 -0.565986
    outer loop
      vertex 4.93178 -5.94197 -5.47074
      vertex 4.73233 -5.55886 -5.01409
      vertex 5.07873 -5.90527 -5.36049
    endloop
  endfacet
  facet normal 0.226606 0.792638 -0.566016
    outer loop
      vertex 4.73233 -5.55886 -5.01409
      vertex 4.93178 -5.94197 -5.47074
      vertex 4.58538 -5.59557 -5.12433
    endloop
  endfacet
  facet normal 0.103108 0.753009 -0.649882
    outer loop
      vertex 4.82013 -5.98549 -5.53888
      vertex 4.58538 -5.59557 -5.12433
      vertex 4.93178 -5.94197 -5.47074
    endloop
  endfacet
  facet normal 0.103197 0.753026 -0.649848
    outer loop
      vertex 4.58538 -5.59557 -5.12433
      vertex 4.82013 -5.98549 -5.53888
      vertex 4.47372 -5.63908 -5.19248
    endloop
  endfacet
  facet normal -0.121465 0.638494 -0.759981
    outer loop
      vertex 4.73555 -6.0388 -5.57015
      vertex 4.47372 -5.63908 -5.19248
      vertex 4.82013 -5.98549 -5.53888
    endloop
  endfacet
  facet normal -0.121586 0.63844 -0.760008
    outer loop
      vertex 4.47372 -5.63908 -5.19248
      vertex 4.73555 -6.0388 -5.57015
      vertex 4.38914 -5.6924 -5.22374
    endloop
  endfacet
  facet normal -0.459977 0.354234 -0.814211
    outer loop
      vertex 4.32642 -5.7608 -5.21807
      vertex 4.73555 -6.0388 -5.57015
      vertex 4.67282 -6.1072 -5.56447
    endloop
  endfacet
  facet normal -0.459954 0.354266 -0.81421
    outer loop
      vertex 4.73555 -6.0388 -5.57015
      vertex 4.32642 -5.7608 -5.21807
      vertex 4.38914 -5.6924 -5.22374
    endloop
  endfacet
  facet normal -0.697795 0.0182488 -0.716065
    outer loop
      vertex 4.28029 -5.8496 -5.17539
      vertex 4.67282 -6.1072 -5.56447
      vertex 4.6267 -6.19601 -5.52179
    endloop
  endfacet
  facet normal -0.697774 0.0183094 -0.716084
    outer loop
      vertex 4.67282 -6.1072 -5.56447
      vertex 4.28029 -5.8496 -5.17539
      vertex 4.32642 -5.7608 -5.21807
    endloop
  endfacet
  facet normal -0.796286 -0.241816 -0.554486
    outer loop
      vertex 4.6267 -6.19601 -5.52179
      vertex 4.26171 -5.92985 -5.11371
      vertex 4.28029 -5.8496 -5.17539
    endloop
  endfacet
  facet normal -0.796281 -0.241768 -0.554513
    outer loop
      vertex 4.26171 -5.92985 -5.11371
      vertex 4.6267 -6.19601 -5.52179
      vertex 4.60812 -6.27626 -5.46012
    endloop
  endfacet
  facet normal -0.798188 -0.547982 -0.250223
    outer loop
      vertex 4.62357 -6.33064 -5.39029
      vertex 4.26171 -5.92985 -5.11371
      vertex 4.62238 -6.32645 -5.39567
    endloop
  endfacet
  facet normal -0.798183 -0.548016 -0.250167
    outer loop
      vertex 4.26171 -5.92985 -5.11371
      vertex 4.62357 -6.33064 -5.39029
      vertex 4.27716 -5.98423 -5.04388
    endloop
  endfacet
  facet normal -0.798182 -0.548019 -0.250163
    outer loop
      vertex 4.62238 -6.32645 -5.39567
      vertex 4.26171 -5.92985 -5.11371
      vertex 4.60812 -6.27626 -5.46012
    endloop
  endfacet
  facet normal -0.647337 -0.754617 0.107276
    outer loop
      vertex 4.27716 -5.98423 -5.04388
      vertex 4.67517 -6.36297 -5.30635
      vertex 4.32877 -6.01657 -4.95994
    endloop
  endfacet
  facet normal -0.647494 -0.754533 0.106918
    outer loop
      vertex 4.67517 -6.36297 -5.30635
      vertex 4.27716 -5.98423 -5.04388
      vertex 4.6712 -6.36048 -5.31282
    endloop
  endfacet
  facet normal -0.647316 -0.754629 0.107313
    outer loop
      vertex 4.6712 -6.36048 -5.31282
      vertex 4.27716 -5.98423 -5.04388
      vertex 4.62357 -6.33064 -5.39029
    endloop
  endfacet
  facet normal -0.493305 -0.810119 0.316794
    outer loop
      vertex 4.75817 -6.37597 -5.21036
      vertex 4.41868 -6.03065 -4.85594
      vertex 4.32877 -6.01657 -4.95994
    endloop
  endfacet
  facet normal -0.493732 -0.810046 0.316314
    outer loop
      vertex 4.41868 -6.03065 -4.85594
      vertex 4.75817 -6.37597 -5.21036
      vertex 4.76509 -6.37706 -5.20235
    endloop
  endfacet
  facet normal -0.493289 -0.810118 0.316819
    outer loop
      vertex 4.75817 -6.37597 -5.21036
      vertex 4.32877 -6.01657 -4.95994
      vertex 4.67517 -6.36297 -5.30635
    endloop
  endfacet
  facet normal -0.389667 -0.816229 0.426533
    outer loop
      vertex 4.88955 -6.37336 -5.08159
      vertex 4.55352 -6.02665 -4.7251
      vertex 4.41868 -6.03065 -4.85594
    endloop
  endfacet
  facet normal -0.390164 -0.816233 0.426069
    outer loop
      vertex 4.55352 -6.02665 -4.7251
      vertex 4.88955 -6.37336 -5.08159
      vertex 4.89993 -6.37306 -5.07151
    endloop
  endfacet
  facet normal -0.389636 -0.816218 0.426582
    outer loop
      vertex 4.88955 -6.37336 -5.08159
      vertex 4.41868 -6.03065 -4.85594
      vertex 4.76509 -6.37706 -5.20235
    endloop
  endfacet
  facet normal -0.329603 -0.811734 0.48213
    outer loop
      vertex 4.89993 -6.37306 -5.07151
      vertex 4.73992 -6.00468 -4.56068
      vertex 4.55352 -6.02665 -4.7251
    endloop
  endfacet
  facet normal -0.329623 -0.811731 0.482122
    outer loop
      vertex 4.73992 -6.00468 -4.56068
      vertex 4.89993 -6.37306 -5.07151
      vertex 5.08633 -6.35109 -4.90708
    endloop
  endfacet
  facet normal -0.286873 -0.805456 0.518598
    outer loop
      vertex 5.08633 -6.35109 -4.90708
      vertex 4.92433 -5.97241 -4.40855
      vertex 4.73992 -6.00468 -4.56068
    endloop
  endfacet
  facet normal -0.286852 -0.805458 0.518607
    outer loop
      vertex 4.92433 -5.97241 -4.40855
      vertex 5.08633 -6.35109 -4.90708
      vertex 5.27073 -6.31881 -4.75495
    endloop
  endfacet
  facet normal -0.221466 -0.791332 0.569865
    outer loop
      vertex 5.40581 -6.28424 -4.65445
      vertex 5.07067 -5.93495 -4.29966
      vertex 4.92433 -5.97241 -4.40855
    endloop
  endfacet
  facet normal -0.221812 -0.791413 0.569618
    outer loop
      vertex 5.07067 -5.93495 -4.29966
      vertex 5.40581 -6.28424 -4.65445
      vertex 5.41708 -6.28136 -4.64606
    endloop
  endfacet
  facet normal -0.221464 -0.791331 0.569867
    outer loop
      vertex 5.40581 -6.28424 -4.65445
      vertex 4.92433 -5.97241 -4.40855
      vertex 5.27073 -6.31881 -4.75495
    endloop
  endfacet
  facet normal -0.100632 -0.752037 0.651393
    outer loop
      vertex 5.52207 -6.24015 -4.58228
      vertex 5.18442 -5.89031 -4.23055
      vertex 5.07067 -5.93495 -4.29966
    endloop
  endfacet
  facet normal -0.100888 -0.752134 0.651242
    outer loop
      vertex 5.18442 -5.89031 -4.23055
      vertex 5.52207 -6.24015 -4.58228
      vertex 5.53083 -6.23671 -4.57695
    endloop
  endfacet
  facet normal -0.100574 -0.752 0.651445
    outer loop
      vertex 5.52207 -6.24015 -4.58228
      vertex 5.07067 -5.93495 -4.29966
      vertex 5.41708 -6.28136 -4.64606
    endloop
  endfacet
  facet normal 0.113364 -0.643578 0.756939
    outer loop
      vertex 5.27116 -5.83641 -4.19771
      vertex 5.53083 -6.23671 -4.57695
      vertex 5.61756 -6.18282 -4.54412
    endloop
  endfacet
  facet normal 0.113345 -0.643586 0.756935
    outer loop
      vertex 5.53083 -6.23671 -4.57695
      vertex 5.27116 -5.83641 -4.19771
      vertex 5.18442 -5.89031 -4.23055
    endloop
  endfacet
  facet normal 0.43933 -0.376364 0.815683
    outer loop
      vertex 5.27116 -5.83641 -4.19771
      vertex 5.68137 -6.11564 -4.54749
      vertex 5.33496 -5.76924 -4.20108
    endloop
  endfacet
  facet normal 0.439326 -0.37637 0.815683
    outer loop
      vertex 5.68137 -6.11564 -4.54749
      vertex 5.27116 -5.83641 -4.19771
      vertex 5.61756 -6.18282 -4.54412
    endloop
  endfacet
  facet normal 0.691399 -0.0304313 0.721832
    outer loop
      vertex 5.33496 -5.76924 -4.20108
      vertex 5.72635 -6.03113 -4.58701
      vertex 5.37995 -5.68472 -4.24061
    endloop
  endfacet
  facet normal 0.691397 -0.0304367 0.721833
    outer loop
      vertex 5.72635 -6.03113 -4.58701
      vertex 5.33496 -5.76924 -4.20108
      vertex 5.68137 -6.11564 -4.54749
    endloop
  endfacet
  facet normal 0.795908 0.240193 0.555731
    outer loop
      vertex 5.37995 -5.68472 -4.24061
      vertex 5.74533 -5.94987 -4.6493
      vertex 5.39892 -5.60346 -4.3029
    endloop
  endfacet
  facet normal 0.795902 0.240126 0.555769
    outer loop
      vertex 5.74533 -5.94987 -4.6493
      vertex 5.37995 -5.68472 -4.24061
      vertex 5.72635 -6.03113 -4.58701
    endloop
  endfacet
  facet normal 0.934179 -0.356805 -2.27861e-05
    outer loop
      vertex 7.82462 -4.27934 -0.128194
      vertex 7.68504 -4.64478 -0.210065
      vertex 7.72259 -4.54645 -0.483021
    endloop
  endfacet
  facet normal 0.934197 -0.356757 -8.19186e-06
    outer loop
      vertex 7.95934 -3.92661 -0.470832
      vertex 7.91781 -4.03536 -0.458878
      vertex 7.93608 -3.98751 -0.829065
    endloop
  endfacet
  facet normal 0.934171 -0.356826 8.80726e-06
    outer loop
      vertex 7.87935 -4.13605 -0.392065
      vertex 7.72259 -4.54645 -0.483021
      vertex 7.78221 -4.39037 -0.693234
    endloop
  endfacet
  facet normal 0.934178 -0.356806 -8.96386e-07
    outer loop
      vertex 8.00195 -3.81505 -0.428258
      vertex 7.95934 -3.92661 -0.470832
      vertex 8.01908 -3.7702 -0.744641
    endloop
  endfacet
  facet normal 0.93419 -0.356776 3.95206e-06
    outer loop
      vertex 8.0591 -3.66541 -0.663243
      vertex 8.00195 -3.81505 -0.428258
      vertex 8.01908 -3.7702 -0.744641
    endloop
  endfacet
  facet normal 0.934185 -0.356789 -1.86411e-05
    outer loop
      vertex 8.1154 -3.51803 -0.331122
      vertex 8.03539 -3.72752 -0.349439
      vertex 8.1085 -3.53609 -0.452407
    endloop
  endfacet
  facet normal 0.934175 -0.356814 -7.83313e-06
    outer loop
      vertex 8.21719 -3.25154 -0.0334501
      vertex 8.05388 -3.6791 -0.130423
      vertex 8.1154 -3.51803 -0.331122
    endloop
  endfacet
  facet normal 0.934167 -0.356836 -5.93794e-05
    outer loop
      vertex 8.03539 -3.72752 -0.349439
      vertex 8.00195 -3.81505 -0.428258
      vertex 8.08932 -3.5863 -0.56447
    endloop
  endfacet
  facet normal 0.934171 -0.356826 -1.84697e-05
    outer loop
      vertex 7.91781 -4.03536 -0.458878
      vertex 7.85524 -4.19915 -0.81025
      vertex 7.93608 -3.98751 -0.829065
    endloop
  endfacet
  facet normal 0.934189 -0.356779 -9.75903e-06
    outer loop
      vertex 7.80991 -4.31786 0.457869
      vertex 7.73005 -4.52696 0.275443
      vertex 7.8369 -4.24718 0.109437
    endloop
  endfacet
  facet normal 0.934181 -0.3568 -2.20387e-05
    outer loop
      vertex 8.21719 -3.25154 -0.0334501
      vertex 8.1154 -3.51803 -0.331122
      vertex 8.28696 -3.06884 -0.469705
    endloop
  endfacet
  facet normal 0.934182 -0.356796 -3.33319e-06
    outer loop
      vertex 8.28696 -3.06884 -0.469705
      vertex 8.1748 -3.3625 -0.805189
      vertex 8.30266 -3.02773 -0.838473
    endloop
  endfacet
  facet normal 0.934183 -0.356795 6.75733e-06
    outer loop
      vertex 8.1748 -3.3625 -0.805189
      vertex 8.16248 -3.39476 -0.96601
      vertex 8.30266 -3.02773 -0.838473
    endloop
  endfacet
  facet normal 0.93418 -0.356803 -2.18264e-05
    outer loop
      vertex 8.26612 -3.1234 -1.13512
      vertex 8.16248 -3.39476 -0.96601
      vertex 8.1792 -3.35096 -1.35494
    endloop
  endfacet
  facet normal 0.934178 -0.356808 -2.37026e-05
    outer loop
      vertex 8.12486 -3.49325 -1.07386
      vertex 8.06767 -3.64298 -1.10862
      vertex 8.1029 -3.55072 -1.44558
    endloop
  endfacet
  facet normal 0.93418 -0.356803 -1.46654e-05
    outer loop
      vertex 8.01353 -3.78472 -1.02292
      vertex 7.90515 -4.06847 -1.2598
      vertex 7.96805 -3.90378 -1.39781
    endloop
  endfacet
  facet normal 0.934171 -0.356826 -6.29463e-06
    outer loop
      vertex 8.01353 -3.78472 -1.02292
      vertex 7.96805 -3.90378 -1.39781
      vertex 8.06767 -3.64298 -1.10862
    endloop
  endfacet
  facet normal 0.934177 -0.35681 -2.26614e-05
    outer loop
      vertex 8.06767 -3.64298 -1.10862
      vertex 7.96805 -3.90378 -1.39781
      vertex 8.03324 -3.7331 -1.45981
    endloop
  endfacet
  facet normal 0.934178 -0.356807 -2.35778e-05
    outer loop
      vertex 8.06767 -3.64298 -1.10862
      vertex 8.03324 -3.7331 -1.45981
      vertex 8.1029 -3.55072 -1.44558
    endloop
  endfacet
  facet normal 0.934178 -0.356806 -2.39289e-05
    outer loop
      vertex 8.12486 -3.49325 -1.07386
      vertex 8.1029 -3.55072 -1.44558
      vertex 8.1792 -3.35096 -1.35494
    endloop
  endfacet
  facet normal 0.93418 -0.356803 -2.17797e-05
    outer loop
      vertex 8.16248 -3.39476 -0.96601
      vertex 8.12486 -3.49325 -1.07386
      vertex 8.1792 -3.35096 -1.35494
    endloop
  endfacet
  facet normal 0.934184 -0.356792 -2.46985e-06
    outer loop
      vertex 8.30266 -3.02773 -0.838473
      vertex 8.16248 -3.39476 -0.96601
      vertex 8.26612 -3.1234 -1.13512
    endloop
  endfacet
  facet normal 0.934192 -0.356771 -2.83934e-05
    outer loop
      vertex 8.28696 -3.06884 -0.469705
      vertex 8.15979 -3.40182 -0.593022
      vertex 8.1748 -3.3625 -0.805189
    endloop
  endfacet
  facet normal 0.934185 -0.356788 2.35207e-05
    outer loop
      vertex 8.28696 -3.06884 -0.469705
      vertex 8.1154 -3.51803 -0.331122
      vertex 8.15979 -3.40182 -0.593022
    endloop
  endfacet
  facet normal 0.934175 -0.356816 4.93775e-06
    outer loop
      vertex 8.12506 -3.49275 0.317646
      vertex 8.00204 -3.81483 0.119414
      vertex 8.03741 -3.72223 -0.0101519
    endloop
  endfacet
  facet normal 0.934165 -0.356841 -1.54767e-05
    outer loop
      vertex 7.91904 -4.03215 0.561934
      vertex 7.91353 -4.04656 0.228023
      vertex 7.95912 -3.92721 0.20143
    endloop
  endfacet
  facet normal 0.934176 -0.356812 -1.69003e-05
    outer loop
      vertex 7.91904 -4.03215 0.561934
      vertex 7.80991 -4.31786 0.457869
      vertex 7.91353 -4.04656 0.228023
    endloop
  endfacet
  facet normal 0.934179 -0.356804 -5.9582e-06
    outer loop
      vertex 7.91353 -4.04656 0.228023
      vertex 7.80991 -4.31786 0.457869
      vertex 7.87016 -4.16011 0.191302
    endloop
  endfacet
  facet normal 0.934178 -0.356807 -2.8344e-05
    outer loop
      vertex 7.82166 -4.2871 0.000617981
      vertex 7.68798 -4.6371 0.0477781
      vertex 7.82462 -4.27934 -0.128194
    endloop
  endfacet
  facet normal 0.934185 -0.35679 -1.08175e-05
    outer loop
      vertex 8.02488 -3.75504 0.515641
      vertex 7.95912 -3.92721 0.20143
      vertex 8.00204 -3.81483 0.119414
    endloop
  endfacet
  facet normal 0.93418 -0.356803 -2.76004e-06
    outer loop
      vertex 8.02488 -3.75504 0.515641
      vertex 7.91904 -4.03215 0.561934
      vertex 7.95912 -3.92721 0.20143
    endloop
  endfacet
  facet normal 0.934177 -0.356809 -7.59676e-06
    outer loop
      vertex 8.02488 -3.75504 0.515641
      vertex 8.00204 -3.81483 0.119414
      vertex 8.12506 -3.49275 0.317646
    endloop
  endfacet
  facet normal 0.934177 -0.356809 -3.75104e-07
    outer loop
      vertex 8.12506 -3.49275 0.317646
      vertex 8.03741 -3.72223 -0.0101519
      vertex 8.21719 -3.25154 -0.0334501
    endloop
  endfacet
  facet normal 0.934177 -0.35681 -2.76714e-05
    outer loop
      vertex 8.21719 -3.25154 -0.0334501
      vertex 8.03741 -3.72223 -0.0101519
      vertex 8.05388 -3.6791 -0.130423
    endloop
  endfacet
  facet normal 0.934182 -0.356797 8.21263e-05
    outer loop
      vertex 8.05295 -3.68152 -0.246833
      vertex 8.03539 -3.72752 -0.349439
      vertex 8.1154 -3.51803 -0.331122
    endloop
  endfacet
  facet normal 0.93416 -0.356854 -4.45182e-05
    outer loop
      vertex 8.05388 -3.6791 -0.130423
      vertex 8.05295 -3.68152 -0.246833
      vertex 8.1154 -3.51803 -0.331122
    endloop
  endfacet
  facet normal 0.934183 -0.356793 -2.71704e-05
    outer loop
      vertex 8.1085 -3.53609 -0.452407
      vertex 8.03539 -3.72752 -0.349439
      vertex 8.08932 -3.5863 -0.56447
    endloop
  endfacet
  facet normal 0.934173 -0.35682 -2.75548e-05
    outer loop
      vertex 8.08932 -3.5863 -0.56447
      vertex 8.00195 -3.81505 -0.428258
      vertex 8.0591 -3.66541 -0.663243
    endloop
  endfacet
  facet normal 0.934179 -0.356804 8.91699e-07
    outer loop
      vertex 7.95934 -3.92661 -0.470832
      vertex 7.93608 -3.98751 -0.829065
      vertex 8.01908 -3.7702 -0.744641
    endloop
  endfacet
  facet normal 0.934169 -0.35683 -1.63328e-05
    outer loop
      vertex 7.87935 -4.13605 -0.392065
      vertex 7.85524 -4.19915 -0.81025
      vertex 7.91781 -4.03536 -0.458878
    endloop
  endfacet
  facet normal 0.934183 -0.356794 -2.26859e-05
    outer loop
      vertex 7.87935 -4.13605 -0.392065
      vertex 7.78221 -4.39037 -0.693234
      vertex 7.85524 -4.19915 -0.81025
    endloop
  endfacet
  facet normal 0.934171 -0.356826 7.95974e-06
    outer loop
      vertex 7.84598 -4.22341 -0.270043
      vertex 7.72259 -4.54645 -0.483021
      vertex 7.87935 -4.13605 -0.392065
    endloop
  endfacet
  facet normal 0.934176 -0.356811 -1.72856e-05
    outer loop
      vertex 7.82462 -4.27934 -0.128194
      vertex 7.72259 -4.54645 -0.483021
      vertex 7.84598 -4.22341 -0.270043
    endloop
  endfacet
  facet normal 0.934179 -0.356805 -2.41456e-05
    outer loop
      vertex 7.68798 -4.6371 0.0477781
      vertex 7.68504 -4.64478 -0.210065
      vertex 7.82462 -4.27934 -0.128194
    endloop
  endfacet
  facet normal 0.934179 -0.356804 -1.0839e-05
    outer loop
      vertex 7.73005 -4.52696 0.275443
      vertex 7.68798 -4.6371 0.0477781
      vertex 7.82166 -4.2871 0.000617981
    endloop
  endfacet
  facet normal 0.934171 -0.356826 -2.06233e-05
    outer loop
      vertex 7.87016 -4.16011 0.191302
      vertex 7.80991 -4.31786 0.457869
      vertex 7.8369 -4.24718 0.109437
    endloop
  endfacet
  facet normal 0.934199 -0.356753 4.04399e-05
    outer loop
      vertex 7.8369 -4.24718 0.109437
      vertex 7.73005 -4.52696 0.275443
      vertex 7.82166 -4.2871 0.000617981
    endloop
  endfacet
  facet normal 0.934174 -0.356818 -1.63471e-05
    outer loop
      vertex 8.28883 -3.064 0.852136
      vertex 8.09146 -3.58073 0.880207
      vertex 8.14514 -3.44018 0.619637
    endloop
  endfacet
  facet normal 0.934175 -0.356816 2.28685e-05
    outer loop
      vertex 8.41384 -2.7367 1.05442
      vertex 8.09146 -3.58073 0.880207
      vertex 8.28883 -3.064 0.852136
    endloop
  endfacet
  facet normal 0.934183 -0.356794 -9.05341e-06
    outer loop
      vertex 8.75682 -1.83871 0.362672
      vertex 8.66066 -2.09047 -0.143687
      vertex 8.81358 -1.69009 0.0871315
    endloop
  endfacet
  facet normal 0.934184 -0.356793 -1.15994e-05
    outer loop
      vertex 8.81358 -1.69009 0.0871315
      vertex 8.66066 -2.09047 -0.143687
      vertex 8.71536 -1.94724 -0.452477
    endloop
  endfacet
  facet normal 0.934176 -0.356814 -1.4295e-05
    outer loop
      vertex 8.66066 -2.09047 -0.143687
      vertex 8.28883 -3.064 0.852136
      vertex 8.59703 -2.25704 -0.643951
    endloop
  endfacet
  facet normal 0.93418 -0.356802 -1.83365e-06
    outer loop
      vertex 8.41384 -2.7367 1.05442
      vertex 8.28883 -3.064 0.852136
      vertex 8.66066 -2.09047 -0.143687
    endloop
  endfacet
  facet normal 0.934179 -0.356804 -1.78043e-05
    outer loop
      vertex 8.66066 -2.09047 -0.143687
      vertex 8.59703 -2.25704 -0.643951
      vertex 8.71536 -1.94724 -0.452477
    endloop
  endfacet
  facet normal 0.934175 -0.356814 -4.11466e-07
    outer loop
      vertex 8.51541 -2.47078 1.5662
      vertex 8.41384 -2.7367 1.05442
      vertex 8.56909 -2.33024 1.30563
    endloop
  endfacet
  facet normal 0.934176 -0.356811 -2.02881e-06
    outer loop
      vertex 8.51541 -2.47078 1.5662
      vertex 8.09146 -3.58073 0.880207
      vertex 8.41384 -2.7367 1.05442
    endloop
  endfacet
  facet normal 0.316832 0.829543 -0.459865
    outer loop
      vertex 8.24852 -4.85119 0.0477781
      vertex 7.73005 -4.52696 0.275443
      vertex 8.29059 -4.74105 0.275443
    endloop
  endfacet
  facet normal 0.316832 0.829543 -0.459865
    outer loop
      vertex 7.73005 -4.52696 0.275443
      vertex 8.24852 -4.85119 0.0477781
      vertex 7.68798 -4.6371 0.0477781
    endloop
  endfacet
  facet normal 0.356616 0.933708 -0.0318634
    outer loop
      vertex 8.24559 -4.85887 -0.210065
      vertex 7.68798 -4.6371 0.0477781
      vertex 8.24852 -4.85119 0.0477781
    endloop
  endfacet
  facet normal 0.35661 0.933709 -0.0318772
    outer loop
      vertex 7.68798 -4.6371 0.0477781
      vertex 8.24559 -4.85887 -0.210065
      vertex 7.68504 -4.64478 -0.210065
    endloop
  endfacet
  facet normal 0.332898 0.871624 0.359791
    outer loop
      vertex 7.72259 -4.54645 -0.483021
      vertex 8.24559 -4.85887 -0.210065
      vertex 8.28314 -4.76054 -0.483021
    endloop
  endfacet
  facet normal 0.332898 0.871624 0.359791
    outer loop
      vertex 8.24559 -4.85887 -0.210065
      vertex 7.72259 -4.54645 -0.483021
      vertex 7.68504 -4.64478 -0.210065
    endloop
  endfacet
  facet normal 0.279331 0.731335 0.622193
    outer loop
      vertex 7.78221 -4.39037 -0.693234
      vertex 8.28314 -4.76054 -0.483021
      vertex 8.34276 -4.60447 -0.693234
    endloop
  endfacet
  facet normal 0.279313 0.731323 0.622214
    outer loop
      vertex 8.28314 -4.76054 -0.483021
      vertex 7.78221 -4.39037 -0.693234
      vertex 7.72259 -4.54645 -0.483021
    endloop
  endfacet
  facet normal 0.177077 0.463626 0.868156
    outer loop
      vertex 7.85524 -4.19915 -0.81025
      vertex 8.34276 -4.60447 -0.693234
      vertex 8.4158 -4.41325 -0.81025
    endloop
  endfacet
  facet normal 0.177082 0.463631 0.868152
    outer loop
      vertex 8.34276 -4.60447 -0.693234
      vertex 7.85524 -4.19915 -0.81025
      vertex 7.78221 -4.39037 -0.693234
    endloop
  endfacet
  facet normal 0.0295297 0.0773165 0.996569
    outer loop
      vertex 7.85524 -4.19915 -0.81025
      vertex 8.42201 -4.39698 -0.811696
      vertex 7.93608 -3.98751 -0.829065
    endloop
  endfacet
  facet normal 0.0295245 0.0773014 0.996571
    outer loop
      vertex 8.42201 -4.39698 -0.811696
      vertex 7.85524 -4.19915 -0.81025
      vertex 8.4158 -4.41325 -0.81025
    endloop
  endfacet
  facet normal 0.0295281 0.0773146 0.996569
    outer loop
      vertex 8.49664 -4.2016 -0.829065
      vertex 7.93608 -3.98751 -0.829065
      vertex 8.42201 -4.39698 -0.811696
    endloop
  endfacet
  facet normal -0.121718 -0.3187 0.940008
    outer loop
      vertex 7.93608 -3.98751 -0.829065
      vertex 8.50302 -4.1849 -0.822577
      vertex 8.01908 -3.7702 -0.744641
    endloop
  endfacet
  facet normal -0.121717 -0.318696 0.940009
    outer loop
      vertex 8.50302 -4.1849 -0.822577
      vertex 7.93608 -3.98751 -0.829065
      vertex 8.49664 -4.2016 -0.829065
    endloop
  endfacet
  facet normal -0.121728 -0.31871 0.940003
    outer loop
      vertex 8.57964 -3.9843 -0.744641
      vertex 8.01908 -3.7702 -0.744641
      vertex 8.50302 -4.1849 -0.822577
    endloop
  endfacet
  facet normal -0.209546 -0.548648 0.809368
    outer loop
      vertex 8.0591 -3.66541 -0.663243
      vertex 8.57964 -3.9843 -0.744641
      vertex 8.61967 -3.87951 -0.663243
    endloop
  endfacet
  facet normal -0.209554 -0.548658 0.809359
    outer loop
      vertex 8.57964 -3.9843 -0.744641
      vertex 8.0591 -3.66541 -0.663243
      vertex 8.01908 -3.7702 -0.744641
    endloop
  endfacet
  facet normal -0.270868 -0.709203 0.650893
    outer loop
      vertex 8.61967 -3.87951 -0.663243
      vertex 8.08932 -3.5863 -0.56447
      vertex 8.0591 -3.66541 -0.663243
    endloop
  endfacet
  facet normal -0.270877 -0.709214 0.650877
    outer loop
      vertex 8.08932 -3.5863 -0.56447
      vertex 8.61967 -3.87951 -0.663243
      vertex 8.64988 -3.8004 -0.56447
    endloop
  endfacet
  facet normal -0.32171 -0.842307 0.432459
    outer loop
      vertex 8.64988 -3.8004 -0.56447
      vertex 8.1085 -3.53609 -0.452407
      vertex 8.08932 -3.5863 -0.56447
    endloop
  endfacet
  facet normal -0.32171 -0.842307 0.432459
    outer loop
      vertex 8.1085 -3.53609 -0.452407
      vertex 8.64988 -3.8004 -0.56447
      vertex 8.66906 -3.75019 -0.452407
    endloop
  endfacet
  facet normal -0.352352 -0.922534 0.157416
    outer loop
      vertex 8.66906 -3.75019 -0.452407
      vertex 8.1154 -3.51803 -0.331122
      vertex 8.1085 -3.53609 -0.452407
    endloop
  endfacet
  facet normal -0.352352 -0.922534 0.157416
    outer loop
      vertex 8.1154 -3.51803 -0.331122
      vertex 8.66906 -3.75019 -0.452407
      vertex 8.67596 -3.73213 -0.331122
    endloop
  endfacet
  facet normal 0.322274 0.843821 0.429075
    outer loop
      vertex 8.15979 -3.40182 -0.593022
      vertex 8.67596 -3.73213 -0.331122
      vertex 8.72035 -3.61591 -0.593022
    endloop
  endfacet
  facet normal 0.322291 0.843828 0.429048
    outer loop
      vertex 8.67596 -3.73213 -0.331122
      vertex 8.15979 -3.40182 -0.593022
      vertex 8.1154 -3.51803 -0.331122
    endloop
  endfacet
  facet normal 0.349963 0.916321 0.19463
    outer loop
      vertex 8.72151 -3.61289 -0.609326
      vertex 8.15979 -3.40182 -0.593022
      vertex 8.72035 -3.61591 -0.593022
    endloop
  endfacet
  facet normal 0.349965 0.916332 0.194578
    outer loop
      vertex 8.15979 -3.40182 -0.593022
      vertex 8.72151 -3.61289 -0.609326
      vertex 8.1748 -3.3625 -0.805189
    endloop
  endfacet
  facet normal 0.349978 0.916334 0.194546
    outer loop
      vertex 8.73537 -3.5766 -0.805189
      vertex 8.1748 -3.3625 -0.805189
      vertex 8.72151 -3.61289 -0.609326
    endloop
  endfacet
  facet normal 0.348843 0.913364 -0.209941
    outer loop
      vertex 8.72305 -3.60886 -0.96601
      vertex 8.1748 -3.3625 -0.805189
      vertex 8.73537 -3.5766 -0.805189
    endloop
  endfacet
  facet normal 0.348843 0.913364 -0.209941
    outer loop
      vertex 8.1748 -3.3625 -0.805189
      vertex 8.72305 -3.60886 -0.96601
      vertex 8.16248 -3.39476 -0.96601
    endloop
  endfacet
  facet normal 0.25511 0.667945 -0.69912
    outer loop
      vertex 8.72016 -3.61643 -0.974297
      vertex 8.16248 -3.39476 -0.96601
      vertex 8.72305 -3.60886 -0.96601
    endloop
  endfacet
  facet normal 0.25514 0.668017 -0.699039
    outer loop
      vertex 8.16248 -3.39476 -0.96601
      vertex 8.72016 -3.61643 -0.974297
      vertex 8.12486 -3.49325 -1.07386
    endloop
  endfacet
  facet normal 0.25514 0.668024 -0.699033
    outer loop
      vertex 8.68543 -3.70735 -1.07386
      vertex 8.12486 -3.49325 -1.07386
      vertex 8.72016 -3.61643 -0.974297
    endloop
  endfacet
  facet normal 0.0756203 0.197994 -0.977282
    outer loop
      vertex 8.62824 -3.85708 -1.10862
      vertex 8.12486 -3.49325 -1.07386
      vertex 8.68543 -3.70735 -1.07386
    endloop
  endfacet
  facet normal 0.0756203 0.197994 -0.977282
    outer loop
      vertex 8.12486 -3.49325 -1.07386
      vertex 8.62824 -3.85708 -1.10862
      vertex 8.06767 -3.64298 -1.10862
    endloop
  endfacet
  facet normal -0.17548 -0.459452 -0.870696
    outer loop
      vertex 8.5741 -3.99881 -1.02292
      vertex 8.06767 -3.64298 -1.10862
      vertex 8.62824 -3.85708 -1.10862
    endloop
  endfacet
  facet normal -0.175464 -0.459433 -0.870708
    outer loop
      vertex 8.06767 -3.64298 -1.10862
      vertex 8.5741 -3.99881 -1.02292
      vertex 8.01353 -3.78472 -1.02292
    endloop
  endfacet
  facet normal 0.219402 0.57448 -0.788566
    outer loop
      vertex 8.46571 -4.28257 -1.2598
      vertex 8.01353 -3.78472 -1.02292
      vertex 8.5741 -3.99881 -1.02292
    endloop
  endfacet
  facet normal 0.219421 0.57449 -0.788553
    outer loop
      vertex 8.01353 -3.78472 -1.02292
      vertex 8.46571 -4.28257 -1.2598
      vertex 7.90515 -4.06847 -1.2598
    endloop
  endfacet
  facet normal 0.21994 0.575851 0.787415
    outer loop
      vertex 7.90515 -4.06847 -1.2598
      vertex 8.47055 -4.26991 -1.27041
      vertex 7.96805 -3.90378 -1.39781
    endloop
  endfacet
  facet normal 0.219935 0.575838 0.787426
    outer loop
      vertex 8.47055 -4.26991 -1.27041
      vertex 7.90515 -4.06847 -1.2598
      vertex 8.46571 -4.28257 -1.2598
    endloop
  endfacet
  facet normal 0.219934 0.575845 0.78742
    outer loop
      vertex 8.52862 -4.11788 -1.39781
      vertex 7.96805 -3.90378 -1.39781
      vertex 8.47055 -4.26991 -1.27041
    endloop
  endfacet
  facet normal 0.114654 0.300195 0.946962
    outer loop
      vertex 8.03324 -3.7331 -1.45981
      vertex 8.52862 -4.11788 -1.39781
      vertex 8.59381 -3.9472 -1.45981
    endloop
  endfacet
  facet normal 0.114654 0.300195 0.946962
    outer loop
      vertex 8.52862 -4.11788 -1.39781
      vertex 8.03324 -3.7331 -1.45981
      vertex 7.96805 -3.90378 -1.39781
    endloop
  endfacet
  facet normal -0.0259325 -0.0679125 0.997354
    outer loop
      vertex 8.03324 -3.7331 -1.45981
      vertex 8.59916 -3.93319 -1.45872
      vertex 8.1029 -3.55072 -1.44558
    endloop
  endfacet
  facet normal -0.0258645 -0.06772 0.997369
    outer loop
      vertex 8.59916 -3.93319 -1.45872
      vertex 8.03324 -3.7331 -1.45981
      vertex 8.59381 -3.9472 -1.45981
    endloop
  endfacet
  facet normal -0.0259425 -0.0679254 0.997353
    outer loop
      vertex 8.66348 -3.76482 -1.44558
      vertex 8.1029 -3.55072 -1.44558
      vertex 8.59916 -3.93319 -1.45872
    endloop
  endfacet
  facet normal -0.139242 -0.364579 0.920703
    outer loop
      vertex 8.1792 -3.35096 -1.35494
      vertex 8.66348 -3.76482 -1.44558
      vertex 8.73978 -3.56506 -1.35494
    endloop
  endfacet
  facet normal -0.139242 -0.364579 0.920703
    outer loop
      vertex 8.66348 -3.76482 -1.44558
      vertex 8.1792 -3.35096 -1.35494
      vertex 8.1029 -3.55072 -1.44558
    endloop
  endfacet
  facet normal -0.239025 -0.625857 0.742408
    outer loop
      vertex 8.1792 -3.35096 -1.35494
      vertex 8.74646 -3.54757 -1.33805
      vertex 8.26612 -3.1234 -1.13512
    endloop
  endfacet
  facet normal -0.238992 -0.625755 0.742505
    outer loop
      vertex 8.74646 -3.54757 -1.33805
      vertex 8.1792 -3.35096 -1.35494
      vertex 8.73978 -3.56506 -1.35494
    endloop
  endfacet
  facet normal -0.239034 -0.625864 0.7424
    outer loop
      vertex 8.8267 -3.3375 -1.13512
      vertex 8.26612 -3.1234 -1.13512
      vertex 8.74646 -3.54757 -1.33805
    endloop
  endfacet
  facet normal -0.337256 -0.883045 0.326328
    outer loop
      vertex 8.26612 -3.1234 -1.13512
      vertex 8.82951 -3.33015 -1.11233
      vertex 8.30266 -3.02773 -0.838473
    endloop
  endfacet
  facet normal -0.337252 -0.883031 0.326369
    outer loop
      vertex 8.82951 -3.33015 -1.11233
      vertex 8.26612 -3.1234 -1.13512
      vertex 8.8267 -3.3375 -1.13512
    endloop
  endfacet
  facet normal -0.337275 -0.88305 0.326296
    outer loop
      vertex 8.86324 -3.24184 -0.838473
      vertex 8.30266 -3.02773 -0.838473
      vertex 8.82951 -3.33015 -1.11233
    endloop
  endfacet
  facet normal -0.35428 -0.927602 -0.118492
    outer loop
      vertex 8.30266 -3.02773 -0.838473
      vertex 8.86203 -3.24499 -0.81014
      vertex 8.28696 -3.06884 -0.469705
    endloop
  endfacet
  facet normal -0.3543 -0.927624 -0.118262
    outer loop
      vertex 8.86203 -3.24499 -0.81014
      vertex 8.30266 -3.02773 -0.838473
      vertex 8.86324 -3.24184 -0.838473
    endloop
  endfacet
  facet normal -0.354276 -0.927604 -0.118484
    outer loop
      vertex 8.84754 -3.28294 -0.469705
      vertex 8.28696 -3.06884 -0.469705
      vertex 8.86203 -3.24499 -0.81014
    endloop
  endfacet
  facet normal -0.325579 -0.852445 -0.409067
    outer loop
      vertex 8.28696 -3.06884 -0.469705
      vertex 8.84217 -3.29698 -0.436184
      vertex 8.21719 -3.25154 -0.0334501
    endloop
  endfacet
  facet normal -0.325555 -0.852402 -0.409175
    outer loop
      vertex 8.84217 -3.29698 -0.436184
      vertex 8.28696 -3.06884 -0.469705
      vertex 8.84754 -3.28294 -0.469705
    endloop
  endfacet
  facet normal -0.325581 -0.852442 -0.409071
    outer loop
      vertex 8.77775 -3.46564 -0.0334501
      vertex 8.21719 -3.25154 -0.0334501
      vertex 8.84217 -3.29698 -0.436184
    endloop
  endfacet
  facet normal -0.287427 -0.75258 -0.59246
    outer loop
      vertex 8.21719 -3.25154 -0.0334501
      vertex 8.68562 -3.70684 0.317646
      vertex 8.12506 -3.49275 0.317646
    endloop
  endfacet
  facet normal -0.287442 -0.752585 -0.592446
    outer loop
      vertex 8.68562 -3.70684 0.317646
      vertex 8.21719 -3.25154 -0.0334501
      vertex 8.77775 -3.46564 -0.0334501
    endloop
  endfacet
  facet normal -0.205615 -0.538369 -0.81724
    outer loop
      vertex 8.67792 -3.727 0.332864
      vertex 8.12506 -3.49275 0.317646
      vertex 8.68562 -3.70684 0.317646
    endloop
  endfacet
  facet normal -0.205617 -0.538374 -0.817236
    outer loop
      vertex 8.12506 -3.49275 0.317646
      vertex 8.67792 -3.727 0.332864
      vertex 8.02488 -3.75504 0.515641
    endloop
  endfacet
  facet normal -0.205617 -0.538374 -0.817236
    outer loop
      vertex 8.58544 -3.96913 0.515641
      vertex 8.02488 -3.75504 0.515641
      vertex 8.67792 -3.727 0.332864
    endloop
  endfacet
  facet normal -0.055021 -0.144064 -0.988038
    outer loop
      vertex 8.5773 -3.99043 0.5192
      vertex 8.02488 -3.75504 0.515641
      vertex 8.58544 -3.96913 0.515641
    endloop
  endfacet
  facet normal -0.0550137 -0.144046 -0.988041
    outer loop
      vertex 8.02488 -3.75504 0.515641
      vertex 8.5773 -3.99043 0.5192
      vertex 7.91904 -4.03215 0.561934
    endloop
  endfacet
  facet normal -0.055014 -0.144043 -0.988041
    outer loop
      vertex 8.47959 -4.24624 0.561934
      vertex 7.91904 -4.03215 0.561934
      vertex 8.5773 -3.99043 0.5192
    endloop
  endfacet
  facet normal 0.11493 0.30092 -0.946699
    outer loop
      vertex 8.37046 -4.53195 0.457869
      vertex 7.91904 -4.03215 0.561934
      vertex 8.47959 -4.24624 0.561934
    endloop
  endfacet
  facet normal 0.11493 0.30092 -0.946699
    outer loop
      vertex 7.91904 -4.03215 0.561934
      vertex 8.37046 -4.53195 0.457869
      vertex 7.80991 -4.31786 0.457869
    endloop
  endfacet
  facet normal 0.225407 0.590181 -0.775164
    outer loop
      vertex 8.29059 -4.74105 0.275443
      vertex 7.80991 -4.31786 0.457869
      vertex 8.37046 -4.53195 0.457869
    endloop
  endfacet
  facet normal 0.225412 0.590185 -0.775159
    outer loop
      vertex 7.80991 -4.31786 0.457869
      vertex 8.29059 -4.74105 0.275443
      vertex 7.73005 -4.52696 0.275443
    endloop
  endfacet
  facet normal 0.0727066 0.190367 0.979017
    outer loop
      vertex 7.95912 -3.92721 0.20143
      vertex 8.47408 -4.26065 0.228023
      vertex 8.51967 -4.1413 0.20143
    endloop
  endfacet
  facet normal 0.0727066 0.190367 0.979017
    outer loop
      vertex 8.47408 -4.26065 0.228023
      vertex 7.95912 -3.92721 0.20143
      vertex 7.91353 -4.04656 0.228023
    endloop
  endfacet
  facet normal 0.200979 0.52623 0.82625
    outer loop
      vertex 8.00204 -3.81483 0.119414
      vertex 8.51967 -4.1413 0.20143
      vertex 8.5626 -4.02892 0.119414
    endloop
  endfacet
  facet normal 0.200986 0.526239 0.826243
    outer loop
      vertex 8.51967 -4.1413 0.20143
      vertex 8.00204 -3.81483 0.119414
      vertex 7.95912 -3.92721 0.20143
    endloop
  endfacet
  facet normal 0.283368 0.741953 0.607626
    outer loop
      vertex 8.03741 -3.72223 -0.0101519
      vertex 8.5626 -4.02892 0.119414
      vertex 8.59797 -3.93632 -0.0101519
    endloop
  endfacet
  facet normal 0.283368 0.741953 0.607626
    outer loop
      vertex 8.5626 -4.02892 0.119414
      vertex 8.03741 -3.72223 -0.0101519
      vertex 8.00204 -3.81483 0.119414
    endloop
  endfacet
  facet normal 0.333088 0.872138 0.358368
    outer loop
      vertex 8.05388 -3.6791 -0.130423
      vertex 8.59797 -3.93632 -0.0101519
      vertex 8.61444 -3.89319 -0.130423
    endloop
  endfacet
  facet normal 0.333088 0.872138 0.358368
    outer loop
      vertex 8.59797 -3.93632 -0.0101519
      vertex 8.05388 -3.6791 -0.130423
      vertex 8.03741 -3.72223 -0.0101519
    endloop
  endfacet
  facet normal 0.356697 0.933953 -0.0223454
    outer loop
      vertex 8.61351 -3.89562 -0.246833
      vertex 8.05388 -3.6791 -0.130423
      vertex 8.61444 -3.89319 -0.130423
    endloop
  endfacet
  facet normal 0.356712 0.933949 -0.0222653
    outer loop
      vertex 8.05388 -3.6791 -0.130423
      vertex 8.61351 -3.89562 -0.246833
      vertex 8.05295 -3.68152 -0.246833
    endloop
  endfacet
  facet normal 0.321529 0.842074 -0.433047
    outer loop
      vertex 8.59595 -3.94162 -0.349439
      vertex 8.05295 -3.68152 -0.246833
      vertex 8.5973 -3.93808 -0.341553
    endloop
  endfacet
  facet normal 0.32168 0.842227 -0.432637
    outer loop
      vertex 8.05295 -3.68152 -0.246833
      vertex 8.59595 -3.94162 -0.349439
      vertex 8.03539 -3.72752 -0.349439
    endloop
  endfacet
  facet normal 0.321686 0.842243 -0.432603
    outer loop
      vertex 8.5973 -3.93808 -0.341553
      vertex 8.05295 -3.68152 -0.246833
      vertex 8.61351 -3.89562 -0.246833
    endloop
  endfacet
  facet normal 0.22968 0.601353 -0.765259
    outer loop
      vertex 8.56251 -4.02915 -0.428258
      vertex 8.03539 -3.72752 -0.349439
      vertex 8.59595 -3.94162 -0.349439
    endloop
  endfacet
  facet normal 0.22968 0.601353 -0.765259
    outer loop
      vertex 8.03539 -3.72752 -0.349439
      vertex 8.56251 -4.02915 -0.428258
      vertex 8.00195 -3.81505 -0.428258
    endloop
  endfacet
  facet normal 0.119768 0.313579 -0.941979
    outer loop
      vertex 7.95934 -3.92661 -0.470832
      vertex 8.52317 -4.13213 -0.46756
      vertex 8.5199 -4.14071 -0.470832
    endloop
  endfacet
  facet normal 0.119813 0.313702 -0.941932
    outer loop
      vertex 8.52317 -4.13213 -0.46756
      vertex 7.95934 -3.92661 -0.470832
      vertex 8.00195 -3.81505 -0.428258
    endloop
  endfacet
  facet normal 0.119819 0.313711 -0.941928
    outer loop
      vertex 8.52317 -4.13213 -0.46756
      vertex 8.00195 -3.81505 -0.428258
      vertex 8.56251 -4.02915 -0.428258
    endloop
  endfacet
  facet normal -0.0364495 -0.0954327 -0.994768
    outer loop
      vertex 8.47836 -4.24945 -0.458878
      vertex 7.95934 -3.92661 -0.470832
      vertex 8.5199 -4.14071 -0.470832
    endloop
  endfacet
  facet normal -0.0364468 -0.0954283 -0.994769
    outer loop
      vertex 7.95934 -3.92661 -0.470832
      vertex 8.47836 -4.24945 -0.458878
      vertex 7.91781 -4.03536 -0.458878
    endloop
  endfacet
  facet normal -0.187961 -0.492138 -0.849983
    outer loop
      vertex 7.87935 -4.13605 -0.392065
      vertex 8.44286 -4.3424 -0.397201
      vertex 8.4399 -4.35014 -0.392065
    endloop
  endfacet
  facet normal -0.187979 -0.492185 -0.849951
    outer loop
      vertex 8.44286 -4.3424 -0.397201
      vertex 7.87935 -4.13605 -0.392065
      vertex 7.91781 -4.03536 -0.458878
    endloop
  endfacet
  facet normal -0.187981 -0.492189 -0.849949
    outer loop
      vertex 8.44286 -4.3424 -0.397201
      vertex 7.91781 -4.03536 -0.458878
      vertex 8.47836 -4.24945 -0.458878
    endloop
  endfacet
  facet normal -0.28319 -0.741473 -0.608293
    outer loop
      vertex 7.87935 -4.13605 -0.392065
      vertex 8.40653 -4.4375 -0.270043
      vertex 7.84598 -4.22341 -0.270043
    endloop
  endfacet
  facet normal -0.283008 -0.741283 -0.608609
    outer loop
      vertex 8.40653 -4.4375 -0.270043
      vertex 7.87935 -4.13605 -0.392065
      vertex 8.4091 -4.43078 -0.279423
    endloop
  endfacet
  facet normal -0.283197 -0.741492 -0.608267
    outer loop
      vertex 8.4091 -4.43078 -0.279423
      vertex 7.87935 -4.13605 -0.392065
      vertex 8.4399 -4.35014 -0.392065
    endloop
  endfacet
  facet normal -0.328712 -0.860664 -0.388852
    outer loop
      vertex 7.84598 -4.22341 -0.270043
      vertex 8.38517 -4.49343 -0.128194
      vertex 7.82462 -4.27934 -0.128194
    endloop
  endfacet
  facet normal -0.32899 -0.860864 -0.388174
    outer loop
      vertex 8.38517 -4.49343 -0.128194
      vertex 7.84598 -4.22341 -0.270043
      vertex 8.38681 -4.48914 -0.139098
    endloop
  endfacet
  facet normal -0.328704 -0.860642 -0.388908
    outer loop
      vertex 8.38681 -4.48914 -0.139098
      vertex 7.84598 -4.22341 -0.270043
      vertex 8.40653 -4.4375 -0.270043
    endloop
  endfacet
  facet normal -0.356051 -0.932245 -0.0643948
    outer loop
      vertex 7.82166 -4.2871 0.000617981
      vertex 8.38243 -4.50059 -0.00928466
      vertex 8.38221 -4.50119 0.000617981
    endloop
  endfacet
  facet normal -0.356051 -0.932249 -0.0643431
    outer loop
      vertex 8.38243 -4.50059 -0.00928466
      vertex 7.82166 -4.2871 0.000617981
      vertex 7.82462 -4.27934 -0.128194
    endloop
  endfacet
  facet normal -0.356052 -0.932249 -0.0643388
    outer loop
      vertex 8.38243 -4.50059 -0.00928466
      vertex 7.82462 -4.27934 -0.128194
      vertex 8.38517 -4.49343 -0.128194
    endloop
  endfacet
  facet normal -0.332105 -0.869548 0.365503
    outer loop
      vertex 8.38221 -4.50119 0.000617981
      vertex 7.8369 -4.24718 0.109437
      vertex 7.82166 -4.2871 0.000617981
    endloop
  endfacet
  facet normal -0.332128 -0.869568 0.365433
    outer loop
      vertex 7.8369 -4.24718 0.109437
      vertex 8.38221 -4.50119 0.000617981
      vertex 8.39745 -4.46128 0.109437
    endloop
  endfacet
  facet normal -0.235311 -0.616114 0.751686
    outer loop
      vertex 7.87016 -4.16011 0.191302
      vertex 8.42815 -4.3809 0.185009
      vertex 8.43071 -4.3742 0.191302
    endloop
  endfacet
  facet normal -0.23546 -0.61648 0.751339
    outer loop
      vertex 8.42815 -4.3809 0.185009
      vertex 7.87016 -4.16011 0.191302
      vertex 7.8369 -4.24718 0.109437
    endloop
  endfacet
  facet normal -0.235459 -0.616473 0.751346
    outer loop
      vertex 8.42815 -4.3809 0.185009
      vertex 7.8369 -4.24718 0.109437
      vertex 8.39745 -4.46128 0.109437
    endloop
  endfacet
  facet normal -0.103192 -0.270186 0.957262
    outer loop
      vertex 7.91353 -4.04656 0.228023
      vertex 8.47075 -4.26938 0.2252
      vertex 8.47408 -4.26065 0.228023
    endloop
  endfacet
  facet normal -0.103182 -0.270162 0.95727
    outer loop
      vertex 8.47075 -4.26938 0.2252
      vertex 7.91353 -4.04656 0.228023
      vertex 7.87016 -4.16011 0.191302
    endloop
  endfacet
  facet normal -0.103182 -0.27016 0.957271
    outer loop
      vertex 8.47075 -4.26938 0.2252
      vertex 7.87016 -4.16011 0.191302
      vertex 8.43071 -4.3742 0.191302
    endloop
  endfacet
  facet normal -0.178402 -0.467101 0.866019
    outer loop
      vertex 8.14514 -3.44018 0.619637
      vertex 8.71674 -3.62536 0.637508
      vertex 8.28883 -3.064 0.852136
    endloop
  endfacet
  facet normal -0.178391 -0.467067 0.86604
    outer loop
      vertex 8.71674 -3.62536 0.637508
      vertex 8.14514 -3.44018 0.619637
      vertex 8.7057 -3.65428 0.619637
    endloop
  endfacet
  facet normal -0.178405 -0.467103 0.866018
    outer loop
      vertex 8.84939 -3.2781 0.852136
      vertex 8.28883 -3.064 0.852136
      vertex 8.71674 -3.62536 0.637508
    endloop
  endfacet
  facet normal 0.308988 0.808997 0.500051
    outer loop
      vertex 8.87308 -3.21608 0.73716
      vertex 8.28883 -3.064 0.852136
      vertex 8.84939 -3.2781 0.852136
    endloop
  endfacet
  facet normal 0.308987 0.809016 0.50002
    outer loop
      vertex 8.28883 -3.064 0.852136
      vertex 8.87308 -3.21608 0.73716
      vertex 8.59703 -2.25704 -0.643951
    endloop
  endfacet
  facet normal 0.308998 0.809014 0.500016
    outer loop
      vertex 9.15761 -2.47115 -0.643951
      vertex 8.59703 -2.25704 -0.643951
      vertex 8.87308 -3.21608 0.73716
    endloop
  endfacet
  facet normal -0.178404 -0.467105 0.866017
    outer loop
      vertex 8.59703 -2.25704 -0.643951
      vertex 9.1667 -2.44735 -0.629244
      vertex 8.71536 -1.94724 -0.452477
    endloop
  endfacet
  facet normal -0.178383 -0.467041 0.866056
    outer loop
      vertex 9.1667 -2.44735 -0.629244
      vertex 8.59703 -2.25704 -0.643951
      vertex 9.15761 -2.47115 -0.643951
    endloop
  endfacet
  facet normal -0.178405 -0.467106 0.866016
    outer loop
      vertex 9.27595 -2.16135 -0.452477
      vertex 8.71536 -1.94724 -0.452477
      vertex 9.1667 -2.44735 -0.629244
    endloop
  endfacet
  facet normal -0.317832 -0.832159 0.454417
    outer loop
      vertex 9.27595 -2.16135 -0.452477
      vertex 8.81358 -1.69009 0.0871315
      vertex 8.71536 -1.94724 -0.452477
    endloop
  endfacet
  facet normal -0.317832 -0.832159 0.454417
    outer loop
      vertex 8.81358 -1.69009 0.0871315
      vertex 9.27595 -2.16135 -0.452477
      vertex 9.37417 -1.9042 0.0871315
    endloop
  endfacet
  facet normal -0.308998 -0.809015 -0.500015
    outer loop
      vertex 8.81358 -1.69009 0.0871315
      vertex 9.3174 -2.05282 0.362672
      vertex 8.75682 -1.83871 0.362672
    endloop
  endfacet
  facet normal -0.308992 -0.809012 -0.500024
    outer loop
      vertex 9.3174 -2.05282 0.362672
      vertex 8.81358 -1.69009 0.0871315
      vertex 9.37417 -1.9042 0.0871315
    endloop
  endfacet
  facet normal 0.314974 0.82466 -0.469817
    outer loop
      vertex 9.22124 -2.30457 -0.143687
      vertex 8.75682 -1.83871 0.362672
      vertex 9.3174 -2.05282 0.362672
    endloop
  endfacet
  facet normal 0.314958 0.824658 -0.469829
    outer loop
      vertex 8.75682 -1.83871 0.362672
      vertex 9.22124 -2.30457 -0.143687
      vertex 8.66066 -2.09047 -0.143687
    endloop
  endfacet
  facet normal -0.308983 -0.809019 -0.500018
    outer loop
      vertex 8.66066 -2.09047 -0.143687
      vertex 9.20228 -2.35421 -0.0516521
      vertex 8.41384 -2.7367 1.05442
    endloop
  endfacet
  facet normal -0.308987 -0.809023 -0.500009
    outer loop
      vertex 9.20228 -2.35421 -0.0516521
      vertex 8.66066 -2.09047 -0.143687
      vertex 9.22124 -2.30457 -0.143687
    endloop
  endfacet
  facet normal -0.308993 -0.809012 -0.500023
    outer loop
      vertex 8.9744 -2.9508 1.05442
      vertex 8.41384 -2.7367 1.05442
      vertex 9.20228 -2.35421 -0.0516521
    endloop
  endfacet
  facet normal -0.178399 -0.467095 0.866023
    outer loop
      vertex 8.56909 -2.33024 1.30563
      vertex 8.9744 -2.9508 1.05442
      vertex 9.12966 -2.54434 1.30563
    endloop
  endfacet
  facet normal -0.178403 -0.467097 0.866021
    outer loop
      vertex 8.9744 -2.9508 1.05442
      vertex 8.56909 -2.33024 1.30563
      vertex 8.41384 -2.7367 1.05442
    endloop
  endfacet
  facet normal -0.30899 -0.809023 -0.500007
    outer loop
      vertex 8.56909 -2.33024 1.30563
      vertex 9.12553 -2.55514 1.32566
      vertex 8.51541 -2.47078 1.5662
    endloop
  endfacet
  facet normal -0.309004 -0.809054 -0.499948
    outer loop
      vertex 9.12553 -2.55514 1.32566
      vertex 8.56909 -2.33024 1.30563
      vertex 9.12966 -2.54434 1.30563
    endloop
  endfacet
  facet normal -0.308991 -0.80902 -0.500011
    outer loop
      vertex 9.07598 -2.68488 1.5662
      vertex 8.51541 -2.47078 1.5662
      vertex 9.12553 -2.55514 1.32566
    endloop
  endfacet
  facet normal 0.178377 0.467039 -0.866058
    outer loop
      vertex 9.0434 -2.77018 1.51349
      vertex 8.51541 -2.47078 1.5662
      vertex 9.07598 -2.68488 1.5662
    endloop
  endfacet
  facet normal 0.178411 0.467091 -0.866023
    outer loop
      vertex 8.51541 -2.47078 1.5662
      vertex 9.0434 -2.77018 1.51349
      vertex 8.09146 -3.58073 0.880207
    endloop
  endfacet
  facet normal 0.178397 0.467104 -0.866019
    outer loop
      vertex 8.65202 -3.79482 0.880207
      vertex 8.09146 -3.58073 0.880207
      vertex 9.0434 -2.77018 1.51349
    endloop
  endfacet
  facet normal 0.308997 0.809021 0.500007
    outer loop
      vertex 8.14514 -3.44018 0.619637
      vertex 8.65202 -3.79482 0.880207
      vertex 8.7057 -3.65428 0.619637
    endloop
  endfacet
  facet normal 0.30898 0.809013 0.50003
    outer loop
      vertex 8.65202 -3.79482 0.880207
      vertex 8.14514 -3.44018 0.619637
      vertex 8.09146 -3.58073 0.880207
    endloop
  endfacet
  facet normal 0.356791 -7.62797e-06 0.934184
    outer loop
      vertex 3.38227 -0.994064 8.16726
      vertex 3.16505 -1.28993 8.25022
      vertex 3.26004 -1.36983 8.21394
    endloop
  endfacet
  facet normal 0.35681 -6.24154e-06 0.934177
    outer loop
      vertex 3.82845 -0.189484 7.99685
      vertex 3.57459 -0.526901 8.09381
      vertex 3.68874 -0.559128 8.05021
    endloop
  endfacet
  facet normal 0.356776 3.97116e-06 0.93419
    outer loop
      vertex 2.63651 -0.19812 8.45209
      vertex 2.47579 -0.102219 8.51347
      vertex 2.52421 -0.58017 8.49498
    endloop
  endfacet
  facet normal 0.356788 2.15072e-05 0.934185
    outer loop
      vertex 3.48615 -1.05832 8.12758
      vertex 3.47743 -1.47601 8.13092
      vertex 3.58803 -1.07973 8.08867
    endloop
  endfacet
  facet normal 0.356788 -4.37583e-06 0.934185
    outer loop
      vertex 3.82878 -1.44614 7.99672
      vertex 3.58803 -1.07973 8.08867
      vertex 3.60418 -1.49005 8.0825
    endloop
  endfacet
  facet normal 0.356785 1.1786e-05 0.934186
    outer loop
      vertex 4.1018 -1.10062 7.89245
      vertex 3.77364 -1.01315 8.01778
      vertex 3.99689 -1.31441 7.93252
    endloop
  endfacet
  facet normal 0.356766 -4.7682e-06 0.934194
    outer loop
      vertex 3.99689 -1.31441 7.93252
      vertex 3.77364 -1.01315 8.01778
      vertex 3.82878 -1.44614 7.99672
    endloop
  endfacet
  facet normal 0.356792 1.26854e-05 0.934184
    outer loop
      vertex 4.13677 -0.810516 7.87909
      vertex 3.83551 -0.8134 7.99415
      vertex 4.1018 -1.10062 7.89245
    endloop
  endfacet
  facet normal 0.356859 -1.16361e-06 0.934158
    outer loop
      vertex 3.58803 -1.07973 8.08867
      vertex 3.47743 -1.47601 8.13092
      vertex 3.60418 -1.49005 8.0825
    endloop
  endfacet
  facet normal 0.35681 -5.49148e-05 0.934177
    outer loop
      vertex 4.10214 -0.538605 7.89232
      vertex 3.77028 -0.615448 8.01907
      vertex 3.8192 -0.699127 8.00038
    endloop
  endfacet
  facet normal 0.356783 2.16452e-05 0.934187
    outer loop
      vertex 3.48615 -1.05832 8.12758
      vertex 3.36345 -1.43388 8.17445
      vertex 3.47743 -1.47601 8.13092
    endloop
  endfacet
  facet normal 0.356801 -2.25588e-06 0.93418
    outer loop
      vertex 3.82845 -0.189484 7.99685
      vertex 3.68874 -0.559128 8.05021
      vertex 3.99824 -0.330399 7.932
    endloop
  endfacet
  facet normal 0.356791 1.08755e-05 0.934184
    outer loop
      vertex 3.5961 -0.119476 8.08559
      vertex 3.57459 -0.526901 8.09381
      vertex 3.82845 -0.189484 7.99685
    endloop
  endfacet
  facet normal 0.356792 8.50226e-06 0.934184
    outer loop
      vertex 3.26324 -0.876572 8.21272
      vertex 3.07714 -1.19725 8.2838
      vertex 3.38227 -0.994064 8.16726
    endloop
  endfacet
  facet normal 0.356799 9.2095e-06 0.934181
    outer loop
      vertex 3.26324 -0.876572 8.21272
      vertex 2.91659 -0.989212 8.34512
      vertex 2.99493 -1.09485 8.3152
    endloop
  endfacet
  facet normal 0.356795 -7.39442e-06 0.934183
    outer loop
      vertex 2.95123 -0.492523 8.33189
      vertex 2.84026 -0.88681 8.37427
      vertex 3.26324 -0.876572 8.21272
    endloop
  endfacet
  facet normal 0.356794 -6.92105e-06 0.934183
    outer loop
      vertex 2.95123 -0.492523 8.33189
      vertex 2.76462 -0.790543 8.40316
      vertex 2.84026 -0.88681 8.37427
    endloop
  endfacet
  facet normal 0.356796 -8.49879e-06 0.934182
    outer loop
      vertex 2.95123 -0.492523 8.33189
      vertex 2.6883 -0.703262 8.43231
      vertex 2.76462 -0.790543 8.40316
    endloop
  endfacet
  facet normal 0.356802 1.08987e-05 0.93418
    outer loop
      vertex 2.7932 -0.327515 8.39224
      vertex 2.60894 -0.631104 8.46262
      vertex 2.6883 -0.703262 8.43231
    endloop
  endfacet
  facet normal 0.356783 2.62379e-05 0.934187
    outer loop
      vertex 3.99824 -0.330399 7.932
      vertex 3.68874 -0.559128 8.05021
      vertex 3.77028 -0.615448 8.01907
    endloop
  endfacet
  facet normal 0.356797 1.35766e-05 0.934182
    outer loop
      vertex 3.99824 -0.330399 7.932
      vertex 3.77028 -0.615448 8.01907
      vertex 4.10214 -0.538605 7.89232
    endloop
  endfacet
  facet normal 0.35679 -1.33446e-05 0.934185
    outer loop
      vertex 4.10214 -0.538605 7.89232
      vertex 3.8192 -0.699127 8.00038
      vertex 4.13677 -0.810516 7.87909
    endloop
  endfacet
  facet normal 0.356792 -5.99431e-06 0.934184
    outer loop
      vertex 4.13677 -0.810516 7.87909
      vertex 3.8192 -0.699127 8.00038
      vertex 3.83551 -0.8134 7.99415
    endloop
  endfacet
  facet normal 0.356783 3.33987e-06 0.934187
    outer loop
      vertex 3.83551 -0.8134 7.99415
      vertex 3.77364 -1.01315 8.01778
      vertex 4.1018 -1.10062 7.89245
    endloop
  endfacet
  facet normal 0.356793 -8.00362e-07 0.934184
    outer loop
      vertex 3.77364 -1.01315 8.01778
      vertex 3.58803 -1.07973 8.08867
      vertex 3.82878 -1.44614 7.99672
    endloop
  endfacet
  facet normal 0.356822 -1.92857e-05 0.934172
    outer loop
      vertex 3.38227 -0.994064 8.16726
      vertex 3.26004 -1.36983 8.21394
      vertex 3.48615 -1.05832 8.12758
    endloop
  endfacet
  facet normal 0.356765 2.80825e-05 0.934194
    outer loop
      vertex 3.48615 -1.05832 8.12758
      vertex 3.26004 -1.36983 8.21394
      vertex 3.36345 -1.43388 8.17445
    endloop
  endfacet
  facet normal 0.356812 -2.49834e-05 0.934176
    outer loop
      vertex 3.38227 -0.994064 8.16726
      vertex 3.07714 -1.19725 8.2838
      vertex 3.16505 -1.28993 8.25022
    endloop
  endfacet
  facet normal 0.356807 -1.0942e-06 0.934178
    outer loop
      vertex 3.26324 -0.876572 8.21272
      vertex 2.99493 -1.09485 8.3152
      vertex 3.07714 -1.19725 8.2838
    endloop
  endfacet
  facet normal 0.356795 2.63653e-05 0.934183
    outer loop
      vertex 3.26324 -0.876572 8.21272
      vertex 2.84026 -0.88681 8.37427
      vertex 2.91659 -0.989212 8.34512
    endloop
  endfacet
  facet normal 0.356777 1.88461e-05 0.93419
    outer loop
      vertex 2.7932 -0.327515 8.39224
      vertex 2.6883 -0.703262 8.43231
      vertex 2.95123 -0.492523 8.33189
    endloop
  endfacet
  facet normal 0.356793 1.71307e-05 0.934184
    outer loop
      vertex 2.7932 -0.327515 8.39224
      vertex 2.52421 -0.58017 8.49498
      vertex 2.60894 -0.631104 8.46262
    endloop
  endfacet
  facet normal 0.356814 -9.05238e-06 0.934175
    outer loop
      vertex 2.63651 -0.19812 8.45209
      vertex 2.52421 -0.58017 8.49498
      vertex 2.7932 -0.327515 8.39224
    endloop
  endfacet
  facet normal 0.356808 7.78063e-06 0.934178
    outer loop
      vertex 2.47579 -0.102219 8.51347
      vertex 2.21353 -0.102219 8.61364
      vertex 2.52421 -0.58017 8.49498
    endloop
  endfacet
  facet normal 0.356798 -0 0.934182
    outer loop
      vertex 2.21353 -1.52171 8.61364
      vertex 2.52421 -0.58017 8.49498
      vertex 2.21353 -0.102219 8.61364
    endloop
  endfacet
  facet normal 0.356798 0 0.934182
    outer loop
      vertex 2.52421 -0.58017 8.49498
      vertex 2.21353 -1.52171 8.61364
      vertex 2.52421 -1.52171 8.49498
    endloop
  endfacet
  facet normal 0.356779 -5.60386e-06 0.934189
    outer loop
      vertex 3.80054 1.39987 8.00751
      vertex 3.5033 1.39987 8.12103
      vertex 3.7871 0.913284 8.01264
    endloop
  endfacet
  facet normal 0.356783 -5.71444e-06 0.934187
    outer loop
      vertex 3.80054 1.39987 8.00751
      vertex 3.7871 0.913284 8.01264
      vertex 4.10853 0.891663 7.88988
    endloop
  endfacet
  facet normal 0.356792 8.38466e-06 0.934184
    outer loop
      vertex 3.7871 0.913284 8.01264
      vertex 2.49462 0.508713 8.50628
      vertex 4.10853 0.508713 7.88988
    endloop
  endfacet
  facet normal 0.356783 0 0.934187
    outer loop
      vertex 4.10853 0.891663 7.88988
      vertex 3.7871 0.913284 8.01264
      vertex 4.10853 0.508713 7.88988
    endloop
  endfacet
  facet normal 0.356795 0 0.934183
    outer loop
      vertex 2.49462 0.913284 8.50628
      vertex 2.49462 0.508713 8.50628
      vertex 3.7871 0.913284 8.01264
    endloop
  endfacet
  facet normal 0.356802 0 0.93418
    outer loop
      vertex 2.21353 1.41571 8.61364
      vertex 2.49462 0.913284 8.50628
      vertex 2.49462 1.41571 8.50628
    endloop
  endfacet
  facet normal 0.356802 -0 0.93418
    outer loop
      vertex 2.21353 0.0437164 8.61364
      vertex 2.49462 0.913284 8.50628
      vertex 2.21353 1.41571 8.61364
    endloop
  endfacet
  facet normal 0.356802 0 0.93418
    outer loop
      vertex 2.49462 0.913284 8.50628
      vertex 2.21353 0.0437164 8.61364
      vertex 2.49462 0.508713 8.50628
    endloop
  endfacet
  facet normal 0.356802 0 0.93418
    outer loop
      vertex 2.49462 0.508713 8.50628
      vertex 2.21353 0.0437164 8.61364
      vertex 2.49462 0.0437164 8.50628
    endloop
  endfacet
  facet normal -0.934179 0 0.356804
    outer loop
      vertex 2.52421 -1.52171 8.49498
      vertex 2.73832 -0.58017 9.05556
      vertex 2.52421 -0.58017 8.49498
    endloop
  endfacet
  facet normal -0.934179 0 0.356804
    outer loop
      vertex 2.73832 -0.58017 9.05556
      vertex 2.52421 -1.52171 8.49498
      vertex 2.73832 -1.52171 9.05556
    endloop
  endfacet
  facet normal 0.457417 0.871922 -0.174707
    outer loop
      vertex 2.82305 -0.631104 9.0232
      vertex 2.52421 -0.58017 8.49498
      vertex 2.73832 -0.58017 9.05556
    endloop
  endfacet
  facet normal 0.457417 0.871922 -0.174707
    outer loop
      vertex 2.52421 -0.58017 8.49498
      vertex 2.82305 -0.631104 9.0232
      vertex 2.60894 -0.631104 8.46262
    endloop
  endfacet
  facet normal 0.604813 0.762128 -0.231004
    outer loop
      vertex 2.9024 -0.703262 8.99289
      vertex 2.60894 -0.631104 8.46262
      vertex 2.82305 -0.631104 9.0232
    endloop
  endfacet
  facet normal 0.604778 0.762163 -0.23098
    outer loop
      vertex 2.60894 -0.631104 8.46262
      vertex 2.9024 -0.703262 8.99289
      vertex 2.6883 -0.703262 8.43231
    endloop
  endfacet
  facet normal 0.682024 0.683369 -0.260482
    outer loop
      vertex 2.97872 -0.790543 8.96374
      vertex 2.6883 -0.703262 8.43231
      vertex 2.9024 -0.703262 8.99289
    endloop
  endfacet
  facet normal 0.682024 0.683369 -0.260482
    outer loop
      vertex 2.6883 -0.703262 8.43231
      vertex 2.97872 -0.790543 8.96374
      vertex 2.76462 -0.790543 8.40316
    endloop
  endfacet
  facet normal 0.714925 0.643682 -0.273048
    outer loop
      vertex 3.05436 -0.88681 8.93485
      vertex 2.76462 -0.790543 8.40316
      vertex 2.97872 -0.790543 8.96374
    endloop
  endfacet
  facet normal 0.714925 0.643682 -0.273048
    outer loop
      vertex 2.76462 -0.790543 8.40316
      vertex 3.05436 -0.88681 8.93485
      vertex 2.84026 -0.88681 8.37427
    endloop
  endfacet
  facet normal 0.73042 0.62343 -0.278966
    outer loop
      vertex 3.06022 -0.894678 8.93261
      vertex 2.84026 -0.88681 8.37427
      vertex 3.05436 -0.88681 8.93485
    endloop
  endfacet
  facet normal 0.730225 0.623694 -0.278886
    outer loop
      vertex 2.84026 -0.88681 8.37427
      vertex 3.06022 -0.894678 8.93261
      vertex 2.91659 -0.989212 8.34512
    endloop
  endfacet
  facet normal 0.730191 0.623735 -0.278884
    outer loop
      vertex 3.13069 -0.989212 8.90569
      vertex 2.91659 -0.989212 8.34512
      vertex 3.06022 -0.894678 8.93261
    endloop
  endfacet
  facet normal 0.731632 0.621797 -0.279434
    outer loop
      vertex 3.13671 -0.997329 8.90339
      vertex 2.91659 -0.989212 8.34512
      vertex 3.13069 -0.989212 8.90569
    endloop
  endfacet
  facet normal 0.731669 0.621747 -0.279449
    outer loop
      vertex 2.91659 -0.989212 8.34512
      vertex 3.13671 -0.997329 8.90339
      vertex 2.99493 -1.09485 8.3152
    endloop
  endfacet
  facet normal 0.731672 0.621742 -0.27945
    outer loop
      vertex 3.20903 -1.09485 8.87577
      vertex 2.99493 -1.09485 8.3152
      vertex 3.13671 -0.997329 8.90339
    endloop
  endfacet
  facet normal 0.708316 0.651999 -0.270529
    outer loop
      vertex 3.21535 -1.10272 8.87335
      vertex 2.99493 -1.09485 8.3152
      vertex 3.20903 -1.09485 8.87577
    endloop
  endfacet
  facet normal 0.708492 0.651777 -0.270602
    outer loop
      vertex 2.99493 -1.09485 8.3152
      vertex 3.21535 -1.10272 8.87335
      vertex 3.07714 -1.19725 8.2838
    endloop
  endfacet
  facet normal 0.708509 0.651759 -0.270603
    outer loop
      vertex 3.29124 -1.19725 8.84437
      vertex 3.07714 -1.19725 8.2838
      vertex 3.21535 -1.10272 8.87335
    endloop
  endfacet
  facet normal 0.655226 0.712778 -0.250252
    outer loop
      vertex 3.298 -1.20437 8.84179
      vertex 3.07714 -1.19725 8.2838
      vertex 3.29124 -1.19725 8.84437
    endloop
  endfacet
  facet normal 0.655505 0.712481 -0.250367
    outer loop
      vertex 3.07714 -1.19725 8.2838
      vertex 3.298 -1.20437 8.84179
      vertex 3.16505 -1.28993 8.25022
    endloop
  endfacet
  facet normal 0.655531 0.712457 -0.250369
    outer loop
      vertex 3.37915 -1.28993 8.81079
      vertex 3.16505 -1.28993 8.25022
      vertex 3.298 -1.20437 8.84179
    endloop
  endfacet
  facet normal 0.577188 0.786294 -0.220447
    outer loop
      vertex 3.47414 -1.36983 8.77451
      vertex 3.16505 -1.28993 8.25022
      vertex 3.37915 -1.28993 8.81079
    endloop
  endfacet
  facet normal 0.577188 0.786294 -0.220447
    outer loop
      vertex 3.16505 -1.28993 8.25022
      vertex 3.47414 -1.36983 8.77451
      vertex 3.26004 -1.36983 8.21394
    endloop
  endfacet
  facet normal 0.467882 0.865536 -0.178699
    outer loop
      vertex 3.57754 -1.43388 8.73501
      vertex 3.26004 -1.36983 8.21394
      vertex 3.47414 -1.36983 8.77451
    endloop
  endfacet
  facet normal 0.467865 0.865548 -0.178688
    outer loop
      vertex 3.26004 -1.36983 8.21394
      vertex 3.57754 -1.43388 8.73501
      vertex 3.36345 -1.43388 8.17445
    endloop
  endfacet
  facet normal 0.304902 0.945238 -0.116449
    outer loop
      vertex 3.69152 -1.47601 8.69147
      vertex 3.36345 -1.43388 8.17445
      vertex 3.57754 -1.43388 8.73501
    endloop
  endfacet
  facet normal 0.304909 0.945235 -0.116453
    outer loop
      vertex 3.36345 -1.43388 8.17445
      vertex 3.69152 -1.47601 8.69147
      vertex 3.47743 -1.47601 8.13092
    endloop
  endfacet
  facet normal 0.0961672 0.994687 -0.036729
    outer loop
      vertex 3.70127 -1.47709 8.68775
      vertex 3.47743 -1.47601 8.13092
      vertex 3.69152 -1.47601 8.69147
    endloop
  endfacet
  facet normal 0.0961523 0.994689 -0.036723
    outer loop
      vertex 3.47743 -1.47601 8.13092
      vertex 3.70127 -1.47709 8.68775
      vertex 3.60418 -1.49005 8.0825
    endloop
  endfacet
  facet normal 0.0961462 0.99469 -0.036722
    outer loop
      vertex 3.81828 -1.49005 8.64306
      vertex 3.60418 -1.49005 8.0825
      vertex 3.70127 -1.47709 8.68775
    endloop
  endfacet
  facet normal -0.167603 0.983774 0.0640141
    outer loop
      vertex 3.83554 -1.48668 8.63646
      vertex 3.60418 -1.49005 8.0825
      vertex 3.81828 -1.49005 8.64306
    endloop
  endfacet
  facet normal -0.167836 0.983728 0.0641118
    outer loop
      vertex 3.60418 -1.49005 8.0825
      vertex 3.83554 -1.48668 8.63646
      vertex 3.82878 -1.44614 7.99672
    endloop
  endfacet
  facet normal -0.167863 0.983723 0.0641118
    outer loop
      vertex 4.04287 -1.44614 8.55727
      vertex 3.82878 -1.44614 7.99672
      vertex 3.83554 -1.48668 8.63646
    endloop
  endfacet
  facet normal -0.551796 0.806912 0.210747
    outer loop
      vertex 4.21098 -1.31441 8.49306
      vertex 3.82878 -1.44614 7.99672
      vertex 4.04287 -1.44614 8.55727
    endloop
  endfacet
  facet normal -0.551802 0.806906 0.210753
    outer loop
      vertex 3.82878 -1.44614 7.99672
      vertex 4.21098 -1.31441 8.49306
      vertex 3.99689 -1.31441 7.93252
    endloop
  endfacet
  facet normal -0.827028 0.465036 0.315859
    outer loop
      vertex 3.99689 -1.31441 7.93252
      vertex 4.21904 -1.29797 8.48998
      vertex 4.1018 -1.10062 7.89245
    endloop
  endfacet
  facet normal -0.827176 0.464726 0.315928
    outer loop
      vertex 4.21904 -1.29797 8.48998
      vertex 3.99689 -1.31441 7.93252
      vertex 4.21098 -1.31441 8.49306
    endloop
  endfacet
  facet normal -0.827011 0.465061 0.315865
    outer loop
      vertex 4.31589 -1.10062 8.45299
      vertex 4.1018 -1.10062 7.89245
      vertex 4.21904 -1.29797 8.48998
    endloop
  endfacet
  facet normal -0.926499 0.127979 0.353865
    outer loop
      vertex 4.1018 -1.10062 7.89245
      vertex 4.31858 -1.07831 8.45196
      vertex 4.13677 -0.810516 7.87909
    endloop
  endfacet
  facet normal -0.926492 0.128047 0.35386
    outer loop
      vertex 4.31858 -1.07831 8.45196
      vertex 4.1018 -1.10062 7.89245
      vertex 4.31589 -1.10062 8.45299
    endloop
  endfacet
  facet normal -0.926501 0.127974 0.353863
    outer loop
      vertex 4.35086 -0.810516 8.43963
      vertex 4.13677 -0.810516 7.87909
      vertex 4.31858 -1.07831 8.45196
    endloop
  endfacet
  facet normal -0.925624 -0.135086 0.353515
    outer loop
      vertex 4.13677 -0.810516 7.87909
      vertex 4.34819 -0.789607 8.44065
      vertex 4.10214 -0.538605 7.89232
    endloop
  endfacet
  facet normal -0.925574 -0.135438 0.353509
    outer loop
      vertex 4.34819 -0.789607 8.44065
      vertex 4.13677 -0.810516 7.87909
      vertex 4.35086 -0.810516 8.43963
    endloop
  endfacet
  facet normal -0.925623 -0.135057 0.353528
    outer loop
      vertex 4.31623 -0.538605 8.45286
      vertex 4.10214 -0.538605 7.89232
      vertex 4.34819 -0.789607 8.44065
    endloop
  endfacet
  facet normal -0.823989 -0.471169 0.31471
    outer loop
      vertex 4.31623 -0.538605 8.45286
      vertex 3.99824 -0.330399 7.932
      vertex 4.10214 -0.538605 7.89232
    endloop
  endfacet
  facet normal -0.823987 -0.471175 0.314707
    outer loop
      vertex 3.99824 -0.330399 7.932
      vertex 4.31623 -0.538605 8.45286
      vertex 4.30824 -0.522595 8.45591
    endloop
  endfacet
  facet normal -0.823989 -0.471168 0.31471
    outer loop
      vertex 4.21233 -0.330399 8.49254
      vertex 3.99824 -0.330399 7.932
      vertex 4.30824 -0.522595 8.45591
    endloop
  endfacet
  facet normal -0.572395 -0.790296 0.218622
    outer loop
      vertex 3.99824 -0.330399 7.932
      vertex 4.19928 -0.319564 8.49753
      vertex 3.82845 -0.189484 7.99685
    endloop
  endfacet
  facet normal -0.572488 -0.790221 0.218653
    outer loop
      vertex 4.19928 -0.319564 8.49753
      vertex 3.99824 -0.330399 7.932
      vertex 4.21233 -0.330399 8.49254
    endloop
  endfacet
  facet normal -0.572389 -0.790303 0.218616
    outer loop
      vertex 4.04254 -0.189484 8.55739
      vertex 3.82845 -0.189484 7.99685
      vertex 4.19928 -0.319564 8.49753
    endloop
  endfacet
  facet normal -0.253112 -0.962595 0.0966722
    outer loop
      vertex 3.82845 -0.189484 7.99685
      vertex 4.02468 -0.184102 8.56422
      vertex 3.5961 -0.119476 8.08559
    endloop
  endfacet
  facet normal -0.253104 -0.962597 0.0966695
    outer loop
      vertex 4.02468 -0.184102 8.56422
      vertex 3.82845 -0.189484 7.99685
      vertex 4.04254 -0.189484 8.55739
    endloop
  endfacet
  facet normal -0.25311 -0.962596 0.0966698
    outer loop
      vertex 3.81019 -0.119476 8.64614
      vertex 3.5961 -0.119476 8.08559
      vertex 4.02468 -0.184102 8.56422
    endloop
  endfacet
  facet normal 0.932696 -0.056419 -0.356223
    outer loop
      vertex 3.80854 -0.150794 8.64678
      vertex 3.5961 -0.119476 8.08559
      vertex 3.81019 -0.119476 8.64614
    endloop
  endfacet
  facet normal 0.932695 -0.0564286 -0.356223
    outer loop
      vertex 3.5961 -0.119476 8.08559
      vertex 3.80854 -0.150794 8.64678
      vertex 3.57459 -0.526901 8.09381
    endloop
  endfacet
  facet normal 0.932696 -0.0564294 -0.356223
    outer loop
      vertex 3.78868 -0.526901 8.65436
      vertex 3.57459 -0.526901 8.09381
      vertex 3.80854 -0.150794 8.64678
    endloop
  endfacet
  facet normal 0.238234 0.966936 -0.0909882
    outer loop
      vertex 3.90283 -0.559128 8.61076
      vertex 3.57459 -0.526901 8.09381
      vertex 3.78868 -0.526901 8.65436
    endloop
  endfacet
  facet normal 0.238234 0.966936 -0.0909882
    outer loop
      vertex 3.57459 -0.526901 8.09381
      vertex 3.90283 -0.559128 8.61076
      vertex 3.68874 -0.559128 8.05021
    endloop
  endfacet
  facet normal 0.50644 0.840301 -0.193424
    outer loop
      vertex 3.9091 -0.563457 8.60837
      vertex 3.68874 -0.559128 8.05021
      vertex 3.90283 -0.559128 8.61076
    endloop
  endfacet
  facet normal 0.506496 0.840262 -0.193446
    outer loop
      vertex 3.68874 -0.559128 8.05021
      vertex 3.9091 -0.563457 8.60837
      vertex 3.77028 -0.615448 8.01907
    endloop
  endfacet
  facet normal 0.506484 0.84027 -0.193444
    outer loop
      vertex 3.98437 -0.615448 8.57961
      vertex 3.77028 -0.615448 8.01907
      vertex 3.9091 -0.563457 8.60837
    endloop
  endfacet
  facet normal 0.792067 0.5302 -0.302518
    outer loop
      vertex 3.98813 -0.621881 8.57818
      vertex 3.77028 -0.615448 8.01907
      vertex 3.98437 -0.615448 8.57961
    endloop
  endfacet
  facet normal 0.791891 0.530504 -0.302446
    outer loop
      vertex 3.77028 -0.615448 8.01907
      vertex 3.98813 -0.621881 8.57818
      vertex 3.8192 -0.699127 8.00038
    endloop
  endfacet
  facet normal 0.791893 0.530501 -0.302447
    outer loop
      vertex 4.03329 -0.699127 8.56093
      vertex 3.8192 -0.699127 8.00038
      vertex 3.98813 -0.621881 8.57818
    endloop
  endfacet
  facet normal 0.923372 0.151705 -0.352662
    outer loop
      vertex 4.03455 -0.707912 8.56045
      vertex 3.8192 -0.699127 8.00038
      vertex 4.03329 -0.699127 8.56093
    endloop
  endfacet
  facet normal 0.923464 0.151034 -0.352708
    outer loop
      vertex 3.8192 -0.699127 8.00038
      vertex 4.03455 -0.707912 8.56045
      vertex 3.83551 -0.8134 7.99415
    endloop
  endfacet
  facet normal 0.923476 0.150978 -0.352702
    outer loop
      vertex 4.0496 -0.8134 8.5547
      vertex 3.83551 -0.8134 7.99415
      vertex 4.03455 -0.707912 8.56045
    endloop
  endfacet
  facet normal 0.886716 -0.314712 -0.338662
    outer loop
      vertex 3.77364 -1.01315 8.01778
      vertex 4.0496 -0.8134 8.5547
      vertex 3.98773 -1.01315 8.57833
    endloop
  endfacet
  facet normal 0.886716 -0.314712 -0.338662
    outer loop
      vertex 4.0496 -0.8134 8.5547
      vertex 3.77364 -1.01315 8.01778
      vertex 3.83551 -0.8134 7.99415
    endloop
  endfacet
  facet normal 0.296822 -0.94818 -0.113367
    outer loop
      vertex 3.77364 -1.01315 8.01778
      vertex 3.97346 -1.01827 8.58378
      vertex 3.58803 -1.07973 8.08867
    endloop
  endfacet
  facet normal 0.296888 -0.948156 -0.11339
    outer loop
      vertex 3.97346 -1.01827 8.58378
      vertex 3.77364 -1.01315 8.01778
      vertex 3.98773 -1.01315 8.57833
    endloop
  endfacet
  facet normal 0.296813 -0.948183 -0.113359
    outer loop
      vertex 3.80212 -1.07973 8.64923
      vertex 3.58803 -1.07973 8.08867
      vertex 3.97346 -1.01827 8.58378
    endloop
  endfacet
  facet normal -0.17996 -0.981269 0.0687387
    outer loop
      vertex 3.58803 -1.07973 8.08867
      vertex 3.79429 -1.07808 8.65222
      vertex 3.48615 -1.05832 8.12758
    endloop
  endfacet
  facet normal -0.180443 -0.981168 0.0689152
    outer loop
      vertex 3.79429 -1.07808 8.65222
      vertex 3.58803 -1.07973 8.08867
      vertex 3.80212 -1.07973 8.64923
    endloop
  endfacet
  facet normal -0.179938 -0.981274 0.0687254
    outer loop
      vertex 3.70025 -1.05832 8.68814
      vertex 3.48615 -1.05832 8.12758
      vertex 3.79429 -1.07808 8.65222
    endloop
  endfacet
  facet normal -0.467388 -0.865842 0.178511
    outer loop
      vertex 3.48615 -1.05832 8.12758
      vertex 3.69226 -1.05338 8.69119
      vertex 3.38227 -0.994064 8.16726
    endloop
  endfacet
  facet normal -0.467254 -0.865924 0.178463
    outer loop
      vertex 3.69226 -1.05338 8.69119
      vertex 3.48615 -1.05832 8.12758
      vertex 3.70025 -1.05832 8.68814
    endloop
  endfacet
  facet normal -0.467369 -0.865855 0.178498
    outer loop
      vertex 3.59636 -0.994064 8.72782
      vertex 3.38227 -0.994064 8.16726
      vertex 3.69226 -1.05338 8.69119
    endloop
  endfacet
  facet normal -0.633275 -0.735165 0.241857
    outer loop
      vertex 3.26324 -0.876572 8.21272
      vertex 3.59636 -0.994064 8.72782
      vertex 3.47733 -0.876572 8.77329
    endloop
  endfacet
  facet normal -0.633283 -0.735156 0.241865
    outer loop
      vertex 3.59636 -0.994064 8.72782
      vertex 3.26324 -0.876572 8.21272
      vertex 3.38227 -0.994064 8.16726
    endloop
  endfacet
  facet normal -0.704905 -0.656221 0.269227
    outer loop
      vertex 3.26324 -0.876572 8.21272
      vertex 3.45336 -0.847058 8.78244
      vertex 2.95123 -0.492523 8.33189
    endloop
  endfacet
  facet normal -0.70503 -0.656072 0.269261
    outer loop
      vertex 3.45336 -0.847058 8.78244
      vertex 3.26324 -0.876572 8.21272
      vertex 3.47733 -0.876572 8.77329
    endloop
  endfacet
  facet normal -0.704904 -0.656222 0.269226
    outer loop
      vertex 3.16533 -0.492523 8.89246
      vertex 2.95123 -0.492523 8.33189
      vertex 3.45336 -0.847058 8.78244
    endloop
  endfacet
  facet normal -0.652306 -0.71584 0.249138
    outer loop
      vertex 2.95123 -0.492523 8.33189
      vertex 3.15319 -0.479845 8.8971
      vertex 2.7932 -0.327515 8.39224
    endloop
  endfacet
  facet normal -0.652322 -0.715824 0.249143
    outer loop
      vertex 3.15319 -0.479845 8.8971
      vertex 2.95123 -0.492523 8.33189
      vertex 3.16533 -0.492523 8.89246
    endloop
  endfacet
  facet normal -0.652299 -0.71585 0.24913
    outer loop
      vertex 3.0073 -0.327515 8.95282
      vertex 2.7932 -0.327515 8.39224
      vertex 3.15319 -0.479845 8.8971
    endloop
  endfacet
  facet normal -0.570607 -0.791777 0.217937
    outer loop
      vertex 2.7932 -0.327515 8.39224
      vertex 2.99527 -0.317574 8.95742
      vertex 2.63651 -0.19812 8.45209
    endloop
  endfacet
  facet normal -0.570798 -0.791622 0.218002
    outer loop
      vertex 2.99527 -0.317574 8.95742
      vertex 2.7932 -0.327515 8.39224
      vertex 3.0073 -0.327515 8.95282
    endloop
  endfacet
  facet normal -0.570612 -0.791772 0.217942
    outer loop
      vertex 2.85062 -0.19812 9.01267
      vertex 2.63651 -0.19812 8.45209
      vertex 2.99527 -0.317574 8.95742
    endloop
  endfacet
  facet normal -0.454839 -0.873466 0.17372
    outer loop
      vertex 2.47579 -0.102219 8.51347
      vertex 2.85062 -0.19812 9.01267
      vertex 2.6899 -0.102219 9.07406
    endloop
  endfacet
  facet normal -0.454845 -0.873462 0.173725
    outer loop
      vertex 2.85062 -0.19812 9.01267
      vertex 2.47579 -0.102219 8.51347
      vertex 2.63651 -0.19812 8.45209
    endloop
  endfacet
  facet normal 0 -1 0
    outer loop
      vertex 2.21353 -0.102219 8.61364
      vertex 2.6899 -0.102219 9.07406
      vertex 2.42764 -0.102219 9.17423
    endloop
  endfacet
  facet normal 0 -1 0
    outer loop
      vertex 2.6899 -0.102219 9.07406
      vertex 2.21353 -0.102219 8.61364
      vertex 2.47579 -0.102219 8.51347
    endloop
  endfacet
  facet normal 0.934181 0 -0.356798
    outer loop
      vertex 2.42764 -1.52171 9.17423
      vertex 2.21353 -0.102219 8.61364
      vertex 2.42764 -0.102219 9.17423
    endloop
  endfacet
  facet normal 0.934181 0 -0.356798
    outer loop
      vertex 2.21353 -0.102219 8.61364
      vertex 2.42764 -1.52171 9.17423
      vertex 2.21353 -1.52171 8.61364
    endloop
  endfacet
  facet normal 0 1 0
    outer loop
      vertex 2.73832 -1.52171 9.05556
      vertex 2.21353 -1.52171 8.61364
      vertex 2.42764 -1.52171 9.17423
    endloop
  endfacet
  facet normal -0 1 0
    outer loop
      vertex 2.21353 -1.52171 8.61364
      vertex 2.73832 -1.52171 9.05556
      vertex 2.52421 -1.52171 8.49498
    endloop
  endfacet
  facet normal -0.934181 0 0.356798
    outer loop
      vertex 2.49462 0.0437164 8.50628
      vertex 2.70873 0.508713 9.06687
      vertex 2.49462 0.508713 8.50628
    endloop
  endfacet
  facet normal -0.934181 0 0.356798
    outer loop
      vertex 2.70873 0.508713 9.06687
      vertex 2.49462 0.0437164 8.50628
      vertex 2.70873 0.0437164 9.06687
    endloop
  endfacet
  facet normal 0 1 0
    outer loop
      vertex 4.32262 0.508713 8.45042
      vertex 2.49462 0.508713 8.50628
      vertex 2.70873 0.508713 9.06687
    endloop
  endfacet
  facet normal 0 1 0
    outer loop
      vertex 2.49462 0.508713 8.50628
      vertex 4.32262 0.508713 8.45042
      vertex 4.10853 0.508713 7.88988
    endloop
  endfacet
  facet normal -0.934182 0 0.356797
    outer loop
      vertex 4.10853 0.508713 7.88988
      vertex 4.32262 0.891663 8.45042
      vertex 4.10853 0.891663 7.88988
    endloop
  endfacet
  facet normal -0.934182 0 0.356797
    outer loop
      vertex 4.32262 0.891663 8.45042
      vertex 4.10853 0.508713 7.88988
      vertex 4.32262 0.508713 8.45042
    endloop
  endfacet
  facet normal -0.783716 -0.544239 0.299321
    outer loop
      vertex 4.10853 0.891663 7.88988
      vertex 4.29893 0.930741 8.45946
      vertex 3.80054 1.39987 8.00751
    endloop
  endfacet
  facet normal -0.783666 -0.544317 0.29931
    outer loop
      vertex 4.29893 0.930741 8.45946
      vertex 4.10853 0.891663 7.88988
      vertex 4.32262 0.891663 8.45042
    endloop
  endfacet
  facet normal -0.783717 -0.544237 0.299324
    outer loop
      vertex 4.01463 1.39987 8.56806
      vertex 3.80054 1.39987 8.00751
      vertex 4.29893 0.930741 8.45946
    endloop
  endfacet
  facet normal 0 -1 0
    outer loop
      vertex 3.5033 1.39987 8.12103
      vertex 4.01463 1.39987 8.56806
      vertex 3.7174 1.39987 8.68159
    endloop
  endfacet
  facet normal 0 -1 0
    outer loop
      vertex 4.01463 1.39987 8.56806
      vertex 3.5033 1.39987 8.12103
      vertex 3.80054 1.39987 8.00751
    endloop
  endfacet
  facet normal 0.792424 0.529588 -0.302658
    outer loop
      vertex 4.00119 0.913284 8.57319
      vertex 3.5033 1.39987 8.12103
      vertex 3.7174 1.39987 8.68159
    endloop
  endfacet
  facet normal 0.792422 0.529595 -0.302649
    outer loop
      vertex 3.5033 1.39987 8.12103
      vertex 4.00119 0.913284 8.57319
      vertex 3.7871 0.913284 8.01264
    endloop
  endfacet
  facet normal 0 -1 0
    outer loop
      vertex 2.49462 0.913284 8.50628
      vertex 4.00119 0.913284 8.57319
      vertex 2.70873 0.913284 9.06687
    endloop
  endfacet
  facet normal 0 -1 0
    outer loop
      vertex 4.00119 0.913284 8.57319
      vertex 2.49462 0.913284 8.50628
      vertex 3.7871 0.913284 8.01264
    endloop
  endfacet
  facet normal -0.934181 0 0.356798
    outer loop
      vertex 2.49462 0.913284 8.50628
      vertex 2.70873 1.41571 9.06687
      vertex 2.49462 1.41571 8.50628
    endloop
  endfacet
  facet normal -0.934181 0 0.356798
    outer loop
      vertex 2.70873 1.41571 9.06687
      vertex 2.49462 0.913284 8.50628
      vertex 2.70873 0.913284 9.06687
    endloop
  endfacet
  facet normal 0 -1 0
    outer loop
      vertex 2.21353 1.41571 8.61364
      vertex 2.70873 1.41571 9.06687
      vertex 2.42764 1.41571 9.17423
    endloop
  endfacet
  facet normal 0 -1 0
    outer loop
      vertex 2.70873 1.41571 9.06687
      vertex 2.21353 1.41571 8.61364
      vertex 2.49462 1.41571 8.50628
    endloop
  endfacet
  facet normal 0.934181 0 -0.356798
    outer loop
      vertex 2.42764 0.0437164 9.17423
      vertex 2.21353 1.41571 8.61364
      vertex 2.42764 1.41571 9.17423
    endloop
  endfacet
  facet normal 0.934181 0 -0.356798
    outer loop
      vertex 2.21353 1.41571 8.61364
      vertex 2.42764 0.0437164 9.17423
      vertex 2.21353 0.0437164 8.61364
    endloop
  endfacet
  facet normal 0 1 0
    outer loop
      vertex 2.70873 0.0437164 9.06687
      vertex 2.21353 0.0437164 8.61364
      vertex 2.42764 0.0437164 9.17423
    endloop
  endfacet
  facet normal -0 1 0
    outer loop
      vertex 2.21353 0.0437164 8.61364
      vertex 2.70873 0.0437164 9.06687
      vertex 2.49462 0.0437164 8.50628
    endloop
  endfacet
  facet normal -0.577346 -0.57736 0.577344
    outer loop
      vertex -5.28532 -5.90969 4.11027
      vertex -5.36905 -6.25269 3.68353
      vertex -5.14163 -6.28588 3.87776
    endloop
  endfacet
  facet normal -0.57735 -0.57735 0.57735
    outer loop
      vertex -4.85952 -4.43945 6.00631
      vertex -4.999 -4.04739 6.25889
      vertex -5.23948 -4.01229 6.05351
    endloop
  endfacet
  facet normal -0.57735 -0.57735 0.57735
    outer loop
      vertex -4.999 -4.04739 6.25889
      vertex -4.85952 -4.43945 6.00631
      vertex -4.59279 -4.49489 6.2176
    endloop
  endfacet
  facet normal -0.577349 -0.577348 0.577354
    outer loop
      vertex -4.85952 -4.43945 6.00631
      vertex -5.78016 -4.61415 4.91098
      vertex -4.47446 -4.8047 6.02612
    endloop
  endfacet
  facet normal -0.57735 -0.57735 0.57735
    outer loop
      vertex -4.59279 -4.49489 6.2176
      vertex -4.85952 -4.43945 6.00631
      vertex -4.47446 -4.8047 6.02612
    endloop
  endfacet
  facet normal -0.57735 -0.57735 0.57735
    outer loop
      vertex -6.28784 -3.8472 5.17024
      vertex -5.90517 -4.28685 5.11326
      vertex -6.06042 -3.88039 5.36447
    endloop
  endfacet
  facet normal -0.577355 -0.577339 0.577357
    outer loop
      vertex -5.90517 -4.28685 5.11326
      vertex -5.78016 -4.61415 4.91098
      vertex -4.85952 -4.43945 6.00631
    endloop
  endfacet
  facet normal -0.577337 -0.577341 0.577373
    outer loop
      vertex -6.28784 -3.8472 5.17024
      vertex -5.78016 -4.61415 4.91098
      vertex -5.90517 -4.28685 5.11326
    endloop
  endfacet
  facet normal -0.577373 -0.57735 0.577328
    outer loop
      vertex -5.86389 -4.95714 4.48424
      vertex -5.78016 -4.61415 4.91098
      vertex -6.28784 -3.8472 5.17024
    endloop
  endfacet
  facet normal -0.577361 -0.577358 0.577332
    outer loop
      vertex -5.78016 -4.61415 4.91098
      vertex -5.86389 -4.95714 4.48424
      vertex -5.63647 -4.99033 4.67848
    endloop
  endfacet
  facet normal -0.577336 -0.577353 0.577362
    outer loop
      vertex -4.50416 -5.34294 5.45818
      vertex -4.74464 -5.30785 5.2528
      vertex -4.36468 -5.735 5.2056
    endloop
  endfacet
  facet normal -0.57735 -0.57735 0.57735
    outer loop
      vertex -4.09795 -5.79045 5.41688
      vertex -4.50416 -5.34294 5.45818
      vertex -4.36468 -5.735 5.2056
    endloop
  endfacet
  facet normal -0.57735 -0.57735 0.57735
    outer loop
      vertex -4.36468 -5.735 5.2056
      vertex -5.28532 -5.90969 4.11027
      vertex -3.97962 -6.10024 5.22542
    endloop
  endfacet
  facet normal -0.57735 -0.57735 0.57735
    outer loop
      vertex -4.09795 -5.79045 5.41688
      vertex -4.36468 -5.735 5.2056
      vertex -3.97962 -6.10024 5.22542
    endloop
  endfacet
  facet normal -0.57735 -0.57735 0.57735
    outer loop
      vertex -4.36468 -5.735 5.2056
      vertex -5.41033 -5.5824 4.31255
      vertex -5.28532 -5.90969 4.11027
    endloop
  endfacet
  facet normal -0.57735 -0.57735 0.57735
    outer loop
      vertex -5.793 -5.14275 4.36953
      vertex -5.41033 -5.5824 4.31255
      vertex -5.56558 -5.17594 4.56376
    endloop
  endfacet
  facet normal -0.57735 -0.57735 0.57735
    outer loop
      vertex -5.793 -5.14275 4.36953
      vertex -5.28532 -5.90969 4.11027
      vertex -5.41033 -5.5824 4.31255
    endloop
  endfacet
  facet normal -0.577359 -0.577352 0.57734
    outer loop
      vertex -5.28532 -5.90969 4.11027
      vertex -5.793 -5.14275 4.36953
      vertex -5.36905 -6.25269 3.68353
    endloop
  endfacet
  facet normal -0.755764 0.11027 -0.645493
    outer loop
      vertex -5.63647 -4.99033 4.67848
      vertex -6.12656 -4.96055 5.25738
      vertex -5.78016 -4.61415 4.91098
    endloop
  endfacet
  facet normal -0.755762 0.110288 -0.645493
    outer loop
      vertex -6.12656 -4.96055 5.25738
      vertex -5.63647 -4.99033 4.67848
      vertex -5.98288 -5.33674 5.02488
    endloop
  endfacet
  facet normal -0.308988 0.80901 0.500029
    outer loop
      vertex -5.78016 -4.61415 4.91098
      vertex -6.02601 -4.97523 5.34326
      vertex -4.47446 -4.8047 6.02612
    endloop
  endfacet
  facet normal -0.308971 0.80901 0.500039
    outer loop
      vertex -6.02601 -4.97523 5.34326
      vertex -5.78016 -4.61415 4.91098
      vertex -6.12656 -4.96055 5.25738
    endloop
  endfacet
  facet normal -0.308983 0.809021 0.500015
    outer loop
      vertex -4.47446 -4.8047 6.02612
      vertex -6.02601 -4.97523 5.34326
      vertex -4.82087 -5.1511 6.37253
    endloop
  endfacet
  facet normal -0.755763 0.110291 -0.645491
    outer loop
      vertex -4.47446 -4.8047 6.02612
      vertex -4.9392 -4.8413 6.564
      vertex -4.59279 -4.49489 6.2176
    endloop
  endfacet
  facet normal -0.755764 0.110274 -0.645493
    outer loop
      vertex -4.9392 -4.8413 6.564
      vertex -4.47446 -4.8047 6.02612
      vertex -4.82087 -5.1511 6.37253
    endloop
  endfacet
  facet normal -0.465902 -0.347723 -0.813649
    outer loop
      vertex -4.97048 -4.80683 6.56718
      vertex -4.59279 -4.49489 6.2176
      vertex -4.9392 -4.8413 6.564
    endloop
  endfacet
  facet normal -0.465848 -0.347791 -0.813651
    outer loop
      vertex -4.59279 -4.49489 6.2176
      vertex -4.97048 -4.80683 6.56718
      vertex -4.999 -4.04739 6.25889
    endloop
  endfacet
  facet normal -0.465864 -0.347788 -0.813642
    outer loop
      vertex -4.97048 -4.80683 6.56718
      vertex -5.34541 -4.39379 6.6053
      vertex -4.999 -4.04739 6.25889
    endloop
  endfacet
  facet normal 0.309091 -0.809037 -0.499922
    outer loop
      vertex -5.36393 -4.39109 6.58948
      vertex -4.999 -4.04739 6.25889
      vertex -5.34541 -4.39379 6.6053
    endloop
  endfacet
  facet normal 0.308968 -0.809014 -0.500035
    outer loop
      vertex -4.999 -4.04739 6.25889
      vertex -5.36393 -4.39109 6.58948
      vertex -5.23948 -4.01229 6.05351
    endloop
  endfacet
  facet normal 0.308993 -0.80901 -0.500026
    outer loop
      vertex -5.36393 -4.39109 6.58948
      vertex -5.58588 -4.3587 6.39992
      vertex -5.23948 -4.01229 6.05351
    endloop
  endfacet
  facet normal 0.477433 0.334917 0.812335
    outer loop
      vertex -5.58588 -4.3587 6.39992
      vertex -4.85952 -4.43945 6.00631
      vertex -5.23948 -4.01229 6.05351
    endloop
  endfacet
  facet normal 0.477433 0.334906 0.812339
    outer loop
      vertex -4.85952 -4.43945 6.00631
      vertex -5.58588 -4.3587 6.39992
      vertex -5.20593 -4.78586 6.35272
    endloop
  endfacet
  facet normal 0.308992 -0.80901 -0.500027
    outer loop
      vertex -5.90517 -4.28685 5.11326
      vertex -5.20593 -4.78586 6.35272
      vertex -6.25157 -4.63326 5.45967
    endloop
  endfacet
  facet normal 0.308987 -0.809013 -0.500025
    outer loop
      vertex -5.20593 -4.78586 6.35272
      vertex -5.90517 -4.28685 5.11326
      vertex -4.85952 -4.43945 6.00631
    endloop
  endfacet
  facet normal -0.755771 0.110267 -0.645486
    outer loop
      vertex -5.90517 -4.28685 5.11326
      vertex -6.40682 -4.22679 5.71088
      vertex -6.06042 -3.88039 5.36447
    endloop
  endfacet
  facet normal -0.755771 0.110264 -0.645486
    outer loop
      vertex -6.40682 -4.22679 5.71088
      vertex -5.90517 -4.28685 5.11326
      vertex -6.25157 -4.63326 5.45967
    endloop
  endfacet
  facet normal 0.308969 -0.809019 -0.500027
    outer loop
      vertex -6.28784 -3.8472 5.17024
      vertex -6.40682 -4.22679 5.71088
      vertex -6.63425 -4.1936 5.51665
    endloop
  endfacet
  facet normal 0.30898 -0.809017 -0.500023
    outer loop
      vertex -6.40682 -4.22679 5.71088
      vertex -6.28784 -3.8472 5.17024
      vertex -6.06042 -3.88039 5.36447
    endloop
  endfacet
  facet normal 0.755765 -0.110277 0.645491
    outer loop
      vertex -6.63425 -4.1936 5.51665
      vertex -5.86389 -4.95714 4.48424
      vertex -6.28784 -3.8472 5.17024
    endloop
  endfacet
  facet normal 0.755765 -0.110275 0.64549
    outer loop
      vertex -5.86389 -4.95714 4.48424
      vertex -6.63425 -4.1936 5.51665
      vertex -6.2103 -5.30355 4.83065
    endloop
  endfacet
  facet normal -0.309002 0.809009 0.500022
    outer loop
      vertex -5.86389 -4.95714 4.48424
      vertex -5.98288 -5.33674 5.02488
      vertex -5.63647 -4.99033 4.67848
    endloop
  endfacet
  facet normal -0.308985 0.809012 0.500028
    outer loop
      vertex -5.98288 -5.33674 5.02488
      vertex -5.86389 -4.95714 4.48424
      vertex -6.2103 -5.30355 4.83065
    endloop
  endfacet
  facet normal -0.755766 0.110281 -0.645489
    outer loop
      vertex -5.14163 -6.28588 3.87776
      vertex -5.63173 -6.25609 4.45668
      vertex -5.28532 -5.90969 4.11027
    endloop
  endfacet
  facet normal -0.755767 0.110278 -0.645489
    outer loop
      vertex -5.63173 -6.25609 4.45668
      vertex -5.14163 -6.28588 3.87776
      vertex -5.48804 -6.63229 4.22417
    endloop
  endfacet
  facet normal -0.308986 0.809015 0.500023
    outer loop
      vertex -5.28532 -5.90969 4.11027
      vertex -5.53117 -6.27077 4.54256
      vertex -3.97962 -6.10024 5.22542
    endloop
  endfacet
  facet normal -0.308946 0.809016 0.500046
    outer loop
      vertex -5.53117 -6.27077 4.54256
      vertex -5.28532 -5.90969 4.11027
      vertex -5.63173 -6.25609 4.45668
    endloop
  endfacet
  facet normal -0.308989 0.809007 0.500033
    outer loop
      vertex -3.97962 -6.10024 5.22542
      vertex -5.53117 -6.27077 4.54256
      vertex -4.32603 -6.44665 5.57182
    endloop
  endfacet
  facet normal -0.755759 0.110263 -0.6455
    outer loop
      vertex -3.97962 -6.10024 5.22542
      vertex -4.44436 -6.13685 5.76329
      vertex -4.09795 -5.79045 5.41688
    endloop
  endfacet
  facet normal -0.755759 0.110279 -0.645498
    outer loop
      vertex -4.44436 -6.13685 5.76329
      vertex -3.97962 -6.10024 5.22542
      vertex -4.32603 -6.44665 5.57182
    endloop
  endfacet
  facet normal -0.465863 -0.347789 -0.813642
    outer loop
      vertex -4.47564 -6.10239 5.76647
      vertex -4.09795 -5.79045 5.41688
      vertex -4.44436 -6.13685 5.76329
    endloop
  endfacet
  facet normal -0.465868 -0.347784 -0.813642
    outer loop
      vertex -4.09795 -5.79045 5.41688
      vertex -4.47564 -6.10239 5.76647
      vertex -4.50416 -5.34294 5.45818
    endloop
  endfacet
  facet normal -0.465861 -0.347785 -0.813646
    outer loop
      vertex -4.47564 -6.10239 5.76647
      vertex -4.85057 -5.68935 5.80459
      vertex -4.50416 -5.34294 5.45818
    endloop
  endfacet
  facet normal 0.308991 -0.809013 -0.500022
    outer loop
      vertex -4.74464 -5.30785 5.2528
      vertex -4.85057 -5.68935 5.80459
      vertex -5.09104 -5.65425 5.5992
    endloop
  endfacet
  facet normal 0.308991 -0.809013 -0.500022
    outer loop
      vertex -4.85057 -5.68935 5.80459
      vertex -4.74464 -5.30785 5.2528
      vertex -4.50416 -5.34294 5.45818
    endloop
  endfacet
  facet normal 0.477424 0.334916 0.812341
    outer loop
      vertex -5.09104 -5.65425 5.5992
      vertex -4.36468 -5.735 5.2056
      vertex -4.74464 -5.30785 5.2528
    endloop
  endfacet
  facet normal 0.477426 0.334898 0.812347
    outer loop
      vertex -4.36468 -5.735 5.2056
      vertex -5.09104 -5.65425 5.5992
      vertex -4.71109 -6.08141 5.552
    endloop
  endfacet
  facet normal 0.308989 -0.80901 -0.500029
    outer loop
      vertex -5.41033 -5.5824 4.31255
      vertex -4.71109 -6.08141 5.552
      vertex -5.75673 -5.92881 4.65896
    endloop
  endfacet
  facet normal 0.308992 -0.809008 -0.50003
    outer loop
      vertex -4.71109 -6.08141 5.552
      vertex -5.41033 -5.5824 4.31255
      vertex -4.36468 -5.735 5.2056
    endloop
  endfacet
  facet normal -0.755772 0.110266 -0.645485
    outer loop
      vertex -5.41033 -5.5824 4.31255
      vertex -5.91198 -5.52235 4.91017
      vertex -5.56558 -5.17594 4.56376
    endloop
  endfacet
  facet normal -0.755772 0.110266 -0.645485
    outer loop
      vertex -5.91198 -5.52235 4.91017
      vertex -5.41033 -5.5824 4.31255
      vertex -5.75673 -5.92881 4.65896
    endloop
  endfacet
  facet normal 0.308977 -0.809011 -0.500034
    outer loop
      vertex -5.793 -5.14275 4.36953
      vertex -5.91198 -5.52235 4.91017
      vertex -6.13941 -5.48916 4.71594
    endloop
  endfacet
  facet normal 0.308988 -0.809009 -0.500031
    outer loop
      vertex -5.91198 -5.52235 4.91017
      vertex -5.793 -5.14275 4.36953
      vertex -5.56558 -5.17594 4.56376
    endloop
  endfacet
  facet normal 0.755766 -0.110276 0.64549
    outer loop
      vertex -6.13941 -5.48916 4.71594
      vertex -5.36905 -6.25269 3.68353
      vertex -5.793 -5.14275 4.36953
    endloop
  endfacet
  facet normal 0.755766 -0.110276 0.64549
    outer loop
      vertex -5.36905 -6.25269 3.68353
      vertex -6.13941 -5.48916 4.71594
      vertex -5.71546 -6.5991 4.02994
    endloop
  endfacet
  facet normal -0.308985 0.809012 0.500028
    outer loop
      vertex -5.36905 -6.25269 3.68353
      vertex -5.48804 -6.63229 4.22417
      vertex -5.14163 -6.28588 3.87776
    endloop
  endfacet
  facet normal -0.308985 0.809012 0.500028
    outer loop
      vertex -5.48804 -6.63229 4.22417
      vertex -5.36905 -6.25269 3.68353
      vertex -5.71546 -6.5991 4.02994
    endloop
  endfacet
  facet normal -0.577356 -0.577347 -0.577348
    outer loop
      vertex -4.05317 -6.50102 -4.75109
      vertex -4.70947 -5.88065 -4.71515
      vertex -4.01998 -6.30679 -4.97851
    endloop
  endfacet
  facet normal -0.577348 -0.577338 -0.577365
    outer loop
      vertex -5.06267 -4.64418 -5.59843
      vertex -5.43885 -4.41168 -5.45475
      vertex -5.02948 -4.44995 -5.82584
    endloop
  endfacet
  facet normal -0.577357 -0.577317 -0.577377
    outer loop
      vertex -5.43885 -4.41168 -5.45475
      vertex -5.76615 -4.20939 -5.32973
      vertex -5.02948 -4.44995 -5.82584
    endloop
  endfacet
  facet normal -0.577392 -0.577338 -0.577321
    outer loop
      vertex -4.37064 -5.06572 -5.86892
      vertex -4.46283 -5.01927 -5.82317
      vertex -4.33873 -4.85633 -6.11023
    endloop
  endfacet
  facet normal -0.577355 -0.57736 -0.577336
    outer loop
      vertex -4.26338 -5.14922 -5.89268
      vertex -4.37064 -5.06572 -5.86892
      vertex -4.33873 -4.85633 -6.11023
    endloop
  endfacet
  facet normal -0.57735 -0.57735 -0.57735
    outer loop
      vertex -5.91875 -5.10244 -4.28409
      vertex -6.31399 -4.86845 -4.12284
      vertex -6.2789 -4.66306 -4.36332
    endloop
  endfacet
  facet normal -0.57735 -0.57735 -0.57735
    outer loop
      vertex -6.31399 -4.86845 -4.12284
      vertex -5.91875 -5.10244 -4.28409
      vertex -5.93921 -5.33536 -4.03071
    endloop
  endfacet
  facet normal -0.57735 -0.57735 -0.57735
    outer loop
      vertex -5.62941 -5.52683 -4.14904
      vertex -5.91875 -5.10244 -4.28409
      vertex -5.43885 -4.41168 -5.45475
    endloop
  endfacet
  facet normal -0.57735 -0.57735 -0.57735
    outer loop
      vertex -5.62941 -5.52683 -4.14904
      vertex -5.93921 -5.33536 -4.03071
      vertex -5.91875 -5.10244 -4.28409
    endloop
  endfacet
  facet normal -0.577361 -0.57734 -0.577349
    outer loop
      vertex -5.43885 -4.41168 -5.45475
      vertex -5.91875 -5.10244 -4.28409
      vertex -5.76615 -4.20939 -5.32973
    endloop
  endfacet
  facet normal -0.577341 -0.577356 -0.577354
    outer loop
      vertex -5.76615 -4.20939 -5.32973
      vertex -6.17262 -3.95818 -5.17448
      vertex -6.13943 -3.76396 -5.40189
    endloop
  endfacet
  facet normal -0.577348 -0.57736 -0.577342
    outer loop
      vertex -5.76615 -4.20939 -5.32973
      vertex -6.13943 -3.76396 -5.40189
      vertex -5.02948 -4.44995 -5.82584
    endloop
  endfacet
  facet normal -0.57735 -0.57735 -0.57735
    outer loop
      vertex -3.81709 -5.4745 -6.01369
      vertex -4.14459 -5.35826 -5.80243
      vertex -3.91427 -5.25479 -6.13622
    endloop
  endfacet
  facet normal -0.577355 -0.577323 -0.577373
    outer loop
      vertex -4.14459 -5.35826 -5.80243
      vertex -3.81709 -5.4745 -6.01369
      vertex -4.14406 -5.47289 -5.68834
    endloop
  endfacet
  facet normal -0.57733 -0.577374 -0.577347
    outer loop
      vertex -3.8084 -5.68651 -5.81036
      vertex -4.14406 -5.47289 -5.68834
      vertex -3.81709 -5.4745 -6.01369
    endloop
  endfacet
  facet normal -0.577328 -0.577367 -0.577356
    outer loop
      vertex -4.14406 -5.47289 -5.68834
      vertex -3.8084 -5.68651 -5.81036
      vertex -4.17709 -5.55509 -5.57311
    endloop
  endfacet
  facet normal -0.577331 -0.577349 -0.57737
    outer loop
      vertex -3.87407 -5.84371 -5.5875
      vertex -4.17709 -5.55509 -5.57311
      vertex -3.8084 -5.68651 -5.81036
    endloop
  endfacet
  facet normal -0.577341 -0.577361 -0.577348
    outer loop
      vertex -4.17709 -5.55509 -5.57311
      vertex -3.87407 -5.84371 -5.5875
      vertex -4.00275 -5.91571 -5.38682
    endloop
  endfacet
  facet normal -0.57735 -0.57735 -0.57735
    outer loop
      vertex -4.56383 -5.44076 -5.30069
      vertex -4.67974 -5.53326 -5.09228
      vertex -4.65169 -5.31636 -5.33723
    endloop
  endfacet
  facet normal -0.57735 -0.57735 -0.57735
    outer loop
      vertex -4.39704 -5.80046 -5.10778
      vertex -4.44369 -5.53838 -5.32321
      vertex -4.33128 -5.59078 -5.38322
    endloop
  endfacet
  facet normal -0.57735 -0.57735 -0.57735
    outer loop
      vertex -4.39704 -5.80046 -5.10778
      vertex -4.55681 -5.6786 -5.06987
      vertex -4.44369 -5.53838 -5.32321
    endloop
  endfacet
  facet normal -0.57735 -0.57735 -0.57735
    outer loop
      vertex -4.55681 -5.6786 -5.06987
      vertex -4.67974 -5.53326 -5.09228
      vertex -4.56383 -5.44076 -5.30069
    endloop
  endfacet
  facet normal -0.57735 -0.57735 -0.57735
    outer loop
      vertex -4.18142 -5.90161 -5.22225
      vertex -4.33128 -5.59078 -5.38322
      vertex -4.24095 -5.59536 -5.46897
    endloop
  endfacet
  facet normal -0.57735 -0.57735 -0.57735
    outer loop
      vertex -4.18142 -5.90161 -5.22225
      vertex -4.24095 -5.59536 -5.46897
      vertex -4.00275 -5.91571 -5.38682
    endloop
  endfacet
  facet normal -0.577358 -0.577342 -0.57735
    outer loop
      vertex -4.67974 -5.53326 -5.09228
      vertex -5.03967 -5.89132 -4.37429
      vertex -4.9708 -5.11913 -5.21534
    endloop
  endfacet
  facet normal -0.577321 -0.577385 -0.577345
    outer loop
      vertex -4.18619 -5.24855 -5.87053
      vertex -4.26338 -5.14922 -5.89268
      vertex -4.0911 -5.0434 -6.17078
    endloop
  endfacet
  facet normal -0.577332 -0.577368 -0.57735
    outer loop
      vertex -4.70947 -5.88065 -4.71515
      vertex -5.03967 -5.89132 -4.37429
      vertex -4.67974 -5.53326 -5.09228
    endloop
  endfacet
  facet normal -0.577348 -0.577338 -0.577365
    outer loop
      vertex -4.05317 -6.50102 -4.75109
      vertex -5.03967 -5.89132 -4.37429
      vertex -4.70947 -5.88065 -4.71515
    endloop
  endfacet
  facet normal -0.577362 -0.577343 -0.577345
    outer loop
      vertex -4.67974 -5.53326 -5.09228
      vertex -4.9708 -5.11913 -5.21534
      vertex -4.65169 -5.31636 -5.33723
    endloop
  endfacet
  facet normal -0.57735 -0.57735 -0.57735
    outer loop
      vertex -4.55681 -5.6786 -5.06987
      vertex -4.56383 -5.44076 -5.30069
      vertex -4.44369 -5.53838 -5.32321
    endloop
  endfacet
  facet normal -0.577338 -0.577365 -0.577348
    outer loop
      vertex -4.26338 -5.14922 -5.89268
      vertex -4.33873 -4.85633 -6.11023
      vertex -4.0911 -5.0434 -6.17078
    endloop
  endfacet
  facet normal -0.57735 -0.57735 -0.57735
    outer loop
      vertex -4.18142 -5.90161 -5.22225
      vertex -4.39704 -5.80046 -5.10778
      vertex -4.33128 -5.59078 -5.38322
    endloop
  endfacet
  facet normal -0.577376 -0.57736 -0.577314
    outer loop
      vertex -4.00275 -5.91571 -5.38682
      vertex -4.24095 -5.59536 -5.46897
      vertex -4.17709 -5.55509 -5.57311
    endloop
  endfacet
  facet normal -0.577379 -0.577314 -0.577359
    outer loop
      vertex -4.14459 -5.35826 -5.80243
      vertex -4.18619 -5.24855 -5.87053
      vertex -3.91427 -5.25479 -6.13622
    endloop
  endfacet
  facet normal -0.577359 -0.577355 -0.577337
    outer loop
      vertex -3.91427 -5.25479 -6.13622
      vertex -4.18619 -5.24855 -5.87053
      vertex -4.0911 -5.0434 -6.17078
    endloop
  endfacet
  facet normal -0.577387 -0.577346 -0.577318
    outer loop
      vertex -4.54138 -5.00232 -5.76158
      vertex -4.74929 -4.70069 -5.85529
      vertex -4.56482 -4.74113 -5.99934
    endloop
  endfacet
  facet normal -0.57735 -0.57735 -0.57735
    outer loop
      vertex -4.88796 -4.73507 -5.68225
      vertex -4.65302 -5.06792 -5.58434
      vertex -4.97665 -4.84427 -5.48436
    endloop
  endfacet
  facet normal -0.57732 -0.577341 -0.57739
    outer loop
      vertex -4.88796 -4.73507 -5.68225
      vertex -4.60515 -5.01761 -5.68251
      vertex -4.65302 -5.06792 -5.58434
    endloop
  endfacet
  facet normal -0.577331 -0.577351 -0.577368
    outer loop
      vertex -4.74929 -4.70069 -5.85529
      vertex -4.60515 -5.01761 -5.68251
      vertex -4.88796 -4.73507 -5.68225
    endloop
  endfacet
  facet normal -0.577392 -0.577348 -0.577311
    outer loop
      vertex -4.60515 -5.01761 -5.68251
      vertex -4.74929 -4.70069 -5.85529
      vertex -4.54138 -5.00232 -5.76158
    endloop
  endfacet
  facet normal -0.577298 -0.577384 -0.577368
    outer loop
      vertex -4.54138 -5.00232 -5.76158
      vertex -4.56482 -4.74113 -5.99934
      vertex -4.46283 -5.01927 -5.82317
    endloop
  endfacet
  facet normal -0.577351 -0.577376 -0.577325
    outer loop
      vertex -4.46283 -5.01927 -5.82317
      vertex -4.56482 -4.74113 -5.99934
      vertex -4.33873 -4.85633 -6.11023
    endloop
  endfacet
  facet normal 0.11029 0.645491 -0.755763
    outer loop
      vertex -5.40908 -4.99058 -5.94484
      vertex -5.43885 -4.41168 -5.45475
      vertex -5.06267 -4.64418 -5.59843
    endloop
  endfacet
  facet normal 0.110252 0.645493 -0.755767
    outer loop
      vertex -5.43885 -4.41168 -5.45475
      vertex -5.40908 -4.99058 -5.94484
      vertex -5.78526 -4.75809 -5.80115
    endloop
  endfacet
  facet normal -0.80901 0.500029 0.308989
    outer loop
      vertex -5.97581 -5.87324 -4.49544
      vertex -5.43885 -4.41168 -5.45475
      vertex -5.78526 -4.75809 -5.80115
    endloop
  endfacet
  facet normal -0.809017 0.500024 0.308978
    outer loop
      vertex -5.43885 -4.41168 -5.45475
      vertex -5.97581 -5.87324 -4.49544
      vertex -5.62941 -5.52683 -4.14904
    endloop
  endfacet
  facet normal 0.110267 0.645485 -0.755771
    outer loop
      vertex -5.97581 -5.87324 -4.49544
      vertex -5.93921 -5.33536 -4.03071
      vertex -5.62941 -5.52683 -4.14904
    endloop
  endfacet
  facet normal 0.110264 0.645486 -0.755771
    outer loop
      vertex -5.93921 -5.33536 -4.03071
      vertex -5.97581 -5.87324 -4.49544
      vertex -6.28562 -5.68177 -4.37711
    endloop
  endfacet
  facet normal 0.532886 0.269286 -0.802195
    outer loop
      vertex -6.31448 -5.64581 -4.38421
      vertex -5.93921 -5.33536 -4.03071
      vertex -6.28562 -5.68177 -4.37711
    endloop
  endfacet
  facet normal 0.532814 0.269389 -0.802209
    outer loop
      vertex -5.93921 -5.33536 -4.03071
      vertex -6.31448 -5.64581 -4.38421
      vertex -6.31399 -4.86845 -4.12284
    endloop
  endfacet
  facet normal 0.532824 0.269387 -0.802203
    outer loop
      vertex -6.31448 -5.64581 -4.38421
      vertex -6.6604 -5.21485 -4.46925
      vertex -6.31399 -4.86845 -4.12284
    endloop
  endfacet
  facet normal 0.80902 -0.500007 -0.308998
    outer loop
      vertex -6.31399 -4.86845 -4.12284
      vertex -6.65769 -5.19904 -4.48777
      vertex -6.2789 -4.66306 -4.36332
    endloop
  endfacet
  facet normal 0.808965 -0.50028 -0.3087
    outer loop
      vertex -6.65769 -5.19904 -4.48777
      vertex -6.31399 -4.86845 -4.12284
      vertex -6.6604 -5.21485 -4.46925
    endloop
  endfacet
  facet normal 0.809022 -0.500011 -0.308987
    outer loop
      vertex -6.2789 -4.66306 -4.36332
      vertex -6.65769 -5.19904 -4.48777
      vertex -6.6253 -5.00947 -4.70973
    endloop
  endfacet
  facet normal -0.521987 -0.282752 0.804724
    outer loop
      vertex -6.6253 -5.00947 -4.70973
      vertex -5.91875 -5.10244 -4.28409
      vertex -6.2789 -4.66306 -4.36332
    endloop
  endfacet
  facet normal -0.521989 -0.282721 0.804734
    outer loop
      vertex -5.91875 -5.10244 -4.28409
      vertex -6.6253 -5.00947 -4.70973
      vertex -6.26516 -5.44885 -4.63049
    endloop
  endfacet
  facet normal 0.80901 -0.500027 -0.308992
    outer loop
      vertex -6.26516 -5.44885 -4.63049
      vertex -5.76615 -4.20939 -5.32973
      vertex -5.91875 -5.10244 -4.28409
    endloop
  endfacet
  facet normal 0.809013 -0.500025 -0.308987
    outer loop
      vertex -5.76615 -4.20939 -5.32973
      vertex -6.26516 -5.44885 -4.63049
      vertex -6.11256 -4.5558 -5.67614
    endloop
  endfacet
  facet normal 0.110271 0.645493 -0.755764
    outer loop
      vertex -6.11256 -4.5558 -5.67614
      vertex -6.17262 -3.95818 -5.17448
      vertex -5.76615 -4.20939 -5.32973
    endloop
  endfacet
  facet normal 0.110274 0.645493 -0.755764
    outer loop
      vertex -6.17262 -3.95818 -5.17448
      vertex -6.11256 -4.5558 -5.67614
      vertex -6.51902 -4.30459 -5.52089
    endloop
  endfacet
  facet normal 0.809012 -0.500031 -0.308979
    outer loop
      vertex -6.17262 -3.95818 -5.17448
      vertex -6.51647 -4.28963 -5.5384
      vertex -6.13943 -3.76396 -5.40189
    endloop
  endfacet
  facet normal 0.809054 -0.499822 -0.309209
    outer loop
      vertex -6.51647 -4.28963 -5.5384
      vertex -6.17262 -3.95818 -5.17448
      vertex -6.51902 -4.30459 -5.52089
    endloop
  endfacet
  facet normal 0.809014 -0.500034 -0.308971
    outer loop
      vertex -6.13943 -3.76396 -5.40189
      vertex -6.51647 -4.28963 -5.5384
      vertex -6.48583 -4.11036 -5.7483
    endloop
  endfacet
  facet normal -0.110279 -0.6455 0.755756
    outer loop
      vertex -6.13943 -3.76396 -5.40189
      vertex -6.40035 -4.16319 -5.78095
      vertex -5.02948 -4.44995 -5.82584
    endloop
  endfacet
  facet normal -0.110276 -0.645501 0.755756
    outer loop
      vertex -6.40035 -4.16319 -5.78095
      vertex -6.13943 -3.76396 -5.40189
      vertex -6.48583 -4.11036 -5.7483
    endloop
  endfacet
  facet normal -0.110276 -0.64549 0.755766
    outer loop
      vertex -5.02948 -4.44995 -5.82584
      vertex -6.40035 -4.16319 -5.78095
      vertex -5.37589 -4.79636 -6.17225
    endloop
  endfacet
  facet normal -0.809012 0.500032 0.30898
    outer loop
      vertex -5.40908 -4.99058 -5.94484
      vertex -5.02948 -4.44995 -5.82584
      vertex -5.37589 -4.79636 -6.17225
    endloop
  endfacet
  facet normal -0.809009 0.500026 0.308997
    outer loop
      vertex -5.02948 -4.44995 -5.82584
      vertex -5.40908 -4.99058 -5.94484
      vertex -5.06267 -4.64418 -5.59843
    endloop
  endfacet
  facet normal -0.511228 -0.295717 0.806968
    outer loop
      vertex -4.43751 -5.38981 -6.51718
      vertex -3.91427 -5.25479 -6.13622
      vertex -4.0911 -5.0434 -6.17078
    endloop
  endfacet
  facet normal -0.511228 -0.295717 0.806968
    outer loop
      vertex -3.91427 -5.25479 -6.13622
      vertex -4.43751 -5.38981 -6.51718
      vertex -4.26068 -5.6012 -6.48262
    endloop
  endfacet
  facet normal -0.732672 0.0542766 0.678415
    outer loop
      vertex -4.26068 -5.6012 -6.48262
      vertex -3.81709 -5.4745 -6.01369
      vertex -3.91427 -5.25479 -6.13622
    endloop
  endfacet
  facet normal -0.732669 0.0542517 0.678419
    outer loop
      vertex -3.81709 -5.4745 -6.01369
      vertex -4.26068 -5.6012 -6.48262
      vertex -4.1635 -5.8209 -6.3601
    endloop
  endfacet
  facet normal -0.815956 0.382349 0.433618
    outer loop
      vertex -4.16283 -5.83723 -6.34444
      vertex -3.81709 -5.4745 -6.01369
      vertex -4.1635 -5.8209 -6.3601
    endloop
  endfacet
  facet normal -0.815959 0.382385 0.433582
    outer loop
      vertex -3.81709 -5.4745 -6.01369
      vertex -4.16283 -5.83723 -6.34444
      vertex -3.8084 -5.68651 -5.81036
    endloop
  endfacet
  facet normal -0.815961 0.382375 0.433586
    outer loop
      vertex -3.8084 -5.68651 -5.81036
      vertex -4.16283 -5.83723 -6.34444
      vertex -4.15481 -6.03292 -6.15677
    endloop
  endfacet
  facet normal -0.782164 0.593974 0.18819
    outer loop
      vertex -4.15987 -6.04502 -6.13961
      vertex -3.8084 -5.68651 -5.81036
      vertex -4.15481 -6.03292 -6.15677
    endloop
  endfacet
  facet normal -0.782215 0.593843 0.188387
    outer loop
      vertex -3.8084 -5.68651 -5.81036
      vertex -4.15987 -6.04502 -6.13961
      vertex -3.87407 -5.84371 -5.5875
    endloop
  endfacet
  facet normal -0.782229 0.593821 0.188402
    outer loop
      vertex -4.15987 -6.04502 -6.13961
      vertex -4.22047 -6.19011 -5.93391
      vertex -3.87407 -5.84371 -5.5875
    endloop
  endfacet
  facet normal -0.632184 0.763594 -0.131406
    outer loop
      vertex -3.87407 -5.84371 -5.5875
      vertex -4.34915 -6.26211 -5.73323
      vertex -4.00275 -5.91571 -5.38682
    endloop
  endfacet
  facet normal -0.632184 0.763594 -0.131406
    outer loop
      vertex -4.34915 -6.26211 -5.73323
      vertex -3.87407 -5.84371 -5.5875
      vertex -4.22047 -6.19011 -5.93391
    endloop
  endfacet
  facet normal -0.357033 0.814439 -0.457402
    outer loop
      vertex -4.00275 -5.91571 -5.38682
      vertex -4.36291 -6.26103 -5.72056
      vertex -4.18142 -5.90161 -5.22225
    endloop
  endfacet
  facet normal -0.357144 0.814451 -0.457294
    outer loop
      vertex -4.36291 -6.26103 -5.72056
      vertex -4.00275 -5.91571 -5.38682
      vertex -4.34915 -6.26211 -5.73323
    endloop
  endfacet
  facet normal -0.35704 0.814438 -0.457398
    outer loop
      vertex -4.36291 -6.26103 -5.72056
      vertex -4.52783 -6.24802 -5.56866
      vertex -4.18142 -5.90161 -5.22225
    endloop
  endfacet
  facet normal -0.0291027 0.721209 -0.692106
    outer loop
      vertex -4.52783 -6.24802 -5.56866
      vertex -4.39704 -5.80046 -5.10778
      vertex -4.18142 -5.90161 -5.22225
    endloop
  endfacet
  facet normal -0.0292634 0.721228 -0.692079
    outer loop
      vertex -4.39704 -5.80046 -5.10778
      vertex -4.52783 -6.24802 -5.56866
      vertex -4.54443 -6.24023 -5.55984
    endloop
  endfacet
  facet normal -0.0290925 0.721204 -0.692112
    outer loop
      vertex -4.54443 -6.24023 -5.55984
      vertex -4.74345 -6.14687 -5.45419
      vertex -4.39704 -5.80046 -5.10778
    endloop
  endfacet
  facet normal 0.237029 0.558141 -0.79517
    outer loop
      vertex -4.74345 -6.14687 -5.45419
      vertex -4.55681 -5.6786 -5.06987
      vertex -4.39704 -5.80046 -5.10778
    endloop
  endfacet
  facet normal 0.237067 0.558126 -0.79517
    outer loop
      vertex -4.55681 -5.6786 -5.06987
      vertex -4.74345 -6.14687 -5.45419
      vertex -4.90321 -6.025 -5.41628
    endloop
  endfacet
  facet normal 0.505347 0.302742 -0.808066
    outer loop
      vertex -4.91268 -6.01381 -5.41801
      vertex -4.55681 -5.6786 -5.06987
      vertex -4.90321 -6.025 -5.41628
    endloop
  endfacet
  facet normal 0.505305 0.302795 -0.808073
    outer loop
      vertex -4.55681 -5.6786 -5.06987
      vertex -4.91268 -6.01381 -5.41801
      vertex -4.67974 -5.53326 -5.09228
    endloop
  endfacet
  facet normal 0.505226 0.302852 -0.808101
    outer loop
      vertex -4.91268 -6.01381 -5.41801
      vertex -5.02615 -5.87967 -5.43868
      vertex -4.67974 -5.53326 -5.09228
    endloop
  endfacet
  facet normal -0.814437 0.457369 0.357079
    outer loop
      vertex -5.02844 -5.90642 -5.40964
      vertex -4.67974 -5.53326 -5.09228
      vertex -5.02615 -5.87967 -5.43868
    endloop
  endfacet
  facet normal -0.814438 0.45736 0.357089
    outer loop
      vertex -4.67974 -5.53326 -5.09228
      vertex -5.02844 -5.90642 -5.40964
      vertex -4.70947 -5.88065 -4.71515
    endloop
  endfacet
  facet normal -0.814442 0.45735 0.357092
    outer loop
      vertex -5.02844 -5.90642 -5.40964
      vertex -5.05588 -6.22706 -5.06156
      vertex -4.70947 -5.88065 -4.71515
    endloop
  endfacet
  facet normal -0.11027 -0.645489 0.755767
    outer loop
      vertex -4.70947 -5.88065 -4.71515
      vertex -5.00278 -6.25988 -5.08184
      vertex -4.01998 -6.30679 -4.97851
    endloop
  endfacet
  facet normal -0.110305 -0.645472 0.755777
    outer loop
      vertex -5.00278 -6.25988 -5.08184
      vertex -4.70947 -5.88065 -4.71515
      vertex -5.05588 -6.22706 -5.06156
    endloop
  endfacet
  facet normal -0.11027 -0.645495 0.755762
    outer loop
      vertex -4.01998 -6.30679 -4.97851
      vertex -5.00278 -6.25988 -5.08184
      vertex -4.36638 -6.6532 -5.32492
    endloop
  endfacet
  facet normal -0.809019 0.500027 0.308969
    outer loop
      vertex -4.39957 -6.84743 -5.09749
      vertex -4.01998 -6.30679 -4.97851
      vertex -4.36638 -6.6532 -5.32492
    endloop
  endfacet
  facet normal -0.809017 0.500023 0.30898
    outer loop
      vertex -4.01998 -6.30679 -4.97851
      vertex -4.39957 -6.84743 -5.09749
      vertex -4.05317 -6.50102 -4.75109
    endloop
  endfacet
  facet normal 0.110267 0.645486 -0.755771
    outer loop
      vertex -4.39957 -6.84743 -5.09749
      vertex -5.03967 -5.89132 -4.37429
      vertex -4.05317 -6.50102 -4.75109
    endloop
  endfacet
  facet normal 0.110279 0.64549 -0.755766
    outer loop
      vertex -5.03967 -5.89132 -4.37429
      vertex -4.39957 -6.84743 -5.09749
      vertex -5.38607 -6.23773 -4.7207
    endloop
  endfacet
  facet normal 0.814282 -0.459269 -0.354989
    outer loop
      vertex -5.38607 -6.23773 -4.7207
      vertex -4.9708 -5.11913 -5.21534
      vertex -5.03967 -5.89132 -4.37429
    endloop
  endfacet
  facet normal 0.814274 -0.459272 -0.355002
    outer loop
      vertex -4.9708 -5.11913 -5.21534
      vertex -5.38607 -6.23773 -4.7207
      vertex -5.31721 -5.46554 -5.56175
    endloop
  endfacet
  facet normal -0.110276 -0.645492 0.755764
    outer loop
      vertex -4.9708 -5.11913 -5.21534
      vertex -4.99809 -5.66277 -5.68364
      vertex -4.65169 -5.31636 -5.33723
    endloop
  endfacet
  facet normal -0.110273 -0.645492 0.755765
    outer loop
      vertex -4.99809 -5.66277 -5.68364
      vertex -4.9708 -5.11913 -5.21534
      vertex -5.31721 -5.46554 -5.56175
    endloop
  endfacet
  facet normal -0.59328 -0.189187 0.78245
    outer loop
      vertex -4.99809 -5.66277 -5.68364
      vertex -4.56383 -5.44076 -5.30069
      vertex -4.65169 -5.31636 -5.33723
    endloop
  endfacet
  facet normal -0.59328 -0.189187 0.78245
    outer loop
      vertex -4.56383 -5.44076 -5.30069
      vertex -4.99809 -5.66277 -5.68364
      vertex -4.91023 -5.78717 -5.6471
    endloop
  endfacet
  facet normal -0.277176 -0.526525 0.803707
    outer loop
      vertex -4.56383 -5.44076 -5.30069
      vertex -4.90098 -5.79469 -5.64883
      vertex -4.44369 -5.53838 -5.32321
    endloop
  endfacet
  facet normal -0.277511 -0.526261 0.803764
    outer loop
      vertex -4.90098 -5.79469 -5.64883
      vertex -4.56383 -5.44076 -5.30069
      vertex -4.91023 -5.78717 -5.6471
    endloop
  endfacet
  facet normal -0.277153 -0.526552 0.803697
    outer loop
      vertex -4.44369 -5.53838 -5.32321
      vertex -4.90098 -5.79469 -5.64883
      vertex -4.79009 -5.88479 -5.66962
    endloop
  endfacet
  facet normal 0.032129 -0.722623 0.690495
    outer loop
      vertex -4.78144 -5.88882 -5.67424
      vertex -4.44369 -5.53838 -5.32321
      vertex -4.79009 -5.88479 -5.66962
    endloop
  endfacet
  facet normal 0.0318864 -0.722515 0.69062
    outer loop
      vertex -4.44369 -5.53838 -5.32321
      vertex -4.78144 -5.88882 -5.67424
      vertex -4.33128 -5.59078 -5.38322
    endloop
  endfacet
  facet normal 0.0318335 -0.722476 0.690663
    outer loop
      vertex -4.33128 -5.59078 -5.38322
      vertex -4.78144 -5.88882 -5.67424
      vertex -4.67769 -5.93719 -5.72962
    endloop
  endfacet
  facet normal 0.376288 -0.815679 0.439403
    outer loop
      vertex -4.67073 -5.93754 -5.73623
      vertex -4.33128 -5.59078 -5.38322
      vertex -4.67769 -5.93719 -5.72962
    endloop
  endfacet
  facet normal 0.376011 -0.815668 0.43966
    outer loop
      vertex -4.33128 -5.59078 -5.38322
      vertex -4.67073 -5.93754 -5.73623
      vertex -4.24095 -5.59536 -5.46897
    endloop
  endfacet
  facet normal 0.375992 -0.815664 0.439685
    outer loop
      vertex -4.24095 -5.59536 -5.46897
      vertex -4.67073 -5.93754 -5.73623
      vertex -4.58736 -5.94177 -5.81537
    endloop
  endfacet
  facet normal 0.648194 -0.754077 0.105886
    outer loop
      vertex -4.58736 -5.94177 -5.81537
      vertex -4.17709 -5.55509 -5.57311
      vertex -4.24095 -5.59536 -5.46897
    endloop
  endfacet
  facet normal 0.648109 -0.754121 0.1061
    outer loop
      vertex -4.17709 -5.55509 -5.57311
      vertex -4.58736 -5.94177 -5.81537
      vertex -4.58244 -5.93867 -5.82339
    endloop
  endfacet
  facet normal 0.648207 -0.754069 0.105862
    outer loop
      vertex -4.17709 -5.55509 -5.57311
      vertex -4.58244 -5.93867 -5.82339
      vertex -4.52349 -5.90149 -5.91951
    endloop
  endfacet
  facet normal 0.784235 -0.588921 -0.195314
    outer loop
      vertex -4.52349 -5.90149 -5.91951
      vertex -4.14406 -5.47289 -5.68834
      vertex -4.17709 -5.55509 -5.57311
    endloop
  endfacet
  facet normal 0.784247 -0.588863 -0.195441
    outer loop
      vertex -4.14406 -5.47289 -5.68834
      vertex -4.52349 -5.90149 -5.91951
      vertex -4.52095 -5.89516 -5.92839
    endloop
  endfacet
  facet normal 0.784232 -0.588927 -0.195305
    outer loop
      vertex -4.14406 -5.47289 -5.68834
      vertex -4.52095 -5.89516 -5.92839
      vertex -4.49046 -5.81929 -6.03474
    endloop
  endfacet
  facet normal 0.816498 -0.405381 -0.411093
    outer loop
      vertex -4.14406 -5.47289 -5.68834
      vertex -4.49099 -5.70467 -6.14884
      vertex -4.14459 -5.35826 -5.80243
    endloop
  endfacet
  facet normal 0.81649 -0.405425 -0.411065
    outer loop
      vertex -4.49099 -5.70467 -6.14884
      vertex -4.14406 -5.47289 -5.68834
      vertex -4.49046 -5.81929 -6.03474
    endloop
  endfacet
  facet normal 0.756718 -0.112778 -0.64394
    outer loop
      vertex -4.14459 -5.35826 -5.80243
      vertex -4.5326 -5.59496 -6.21694
      vertex -4.18619 -5.24855 -5.87053
    endloop
  endfacet
  facet normal 0.756708 -0.112725 -0.643961
    outer loop
      vertex -4.5326 -5.59496 -6.21694
      vertex -4.14459 -5.35826 -5.80243
      vertex -4.49099 -5.70467 -6.14884
    endloop
  endfacet
  facet normal 0.549458 0.248313 -0.79777
    outer loop
      vertex -4.53854 -5.58731 -6.21865
      vertex -4.18619 -5.24855 -5.87053
      vertex -4.5326 -5.59496 -6.21694
    endloop
  endfacet
  facet normal 0.549098 0.248788 -0.797869
    outer loop
      vertex -4.18619 -5.24855 -5.87053
      vertex -4.53854 -5.58731 -6.21865
      vertex -4.26338 -5.14922 -5.89268
    endloop
  endfacet
  facet normal 0.549096 0.24879 -0.79787
    outer loop
      vertex -4.53854 -5.58731 -6.21865
      vertex -4.60978 -5.49563 -6.23909
      vertex -4.26338 -5.14922 -5.89268
    endloop
  endfacet
  facet normal 0.249953 0.548187 -0.798132
    outer loop
      vertex -4.60978 -5.49563 -6.23909
      vertex -4.37064 -5.06572 -5.86892
      vertex -4.26338 -5.14922 -5.89268
    endloop
  endfacet
  facet normal 0.249923 0.548202 -0.798131
    outer loop
      vertex -4.37064 -5.06572 -5.86892
      vertex -4.60978 -5.49563 -6.23909
      vertex -4.61804 -5.4892 -6.23726
    endloop
  endfacet
  facet normal 0.249881 0.548225 -0.798129
    outer loop
      vertex -4.61804 -5.4892 -6.23726
      vertex -4.71705 -5.41213 -6.21532
      vertex -4.37064 -5.06572 -5.86892
    endloop
  endfacet
  facet normal 0.0035724 0.705304 -0.708896
    outer loop
      vertex -4.71705 -5.41213 -6.21532
      vertex -4.46283 -5.01927 -5.82317
      vertex -4.37064 -5.06572 -5.86892
    endloop
  endfacet
  facet normal 0.00363048 0.705285 -0.708915
    outer loop
      vertex -4.46283 -5.01927 -5.82317
      vertex -4.71705 -5.41213 -6.21532
      vertex -4.80924 -5.36568 -6.16958
    endloop
  endfacet
  facet normal -0.254558 0.799142 -0.544585
    outer loop
      vertex -4.80924 -5.36568 -6.16958
      vertex -4.54138 -5.00232 -5.76158
      vertex -4.46283 -5.01927 -5.82317
    endloop
  endfacet
  facet normal -0.254489 0.799137 -0.544625
    outer loop
      vertex -4.54138 -5.00232 -5.76158
      vertex -4.80924 -5.36568 -6.16958
      vertex -4.88779 -5.34872 -6.10799
    endloop
  endfacet
  facet normal -0.53033 0.802814 -0.272469
    outer loop
      vertex -4.54138 -5.00232 -5.76158
      vertex -4.8927 -5.3499 -6.1019
      vertex -4.60515 -5.01761 -5.68251
    endloop
  endfacet
  facet normal -0.530542 0.802765 -0.2722
    outer loop
      vertex -4.8927 -5.3499 -6.1019
      vertex -4.54138 -5.00232 -5.76158
      vertex -4.88779 -5.34872 -6.10799
    endloop
  endfacet
  facet normal -0.53037 0.802801 -0.272431
    outer loop
      vertex -4.8927 -5.3499 -6.1019
      vertex -4.95156 -5.36402 -6.02892
      vertex -4.60515 -5.01761 -5.68251
    endloop
  endfacet
  facet normal -0.712651 0.701429 0.0112229
    outer loop
      vertex -4.95525 -5.36789 -6.02136
      vertex -4.60515 -5.01761 -5.68251
      vertex -4.95156 -5.36402 -6.02892
    endloop
  endfacet
  facet normal -0.712886 0.701182 0.0117205
    outer loop
      vertex -4.60515 -5.01761 -5.68251
      vertex -4.95525 -5.36789 -6.02136
      vertex -4.65302 -5.06792 -5.58434
    endloop
  endfacet
  facet normal -0.712944 0.701122 0.0118017
    outer loop
      vertex -4.95525 -5.36789 -6.02136
      vertex -4.99942 -5.41433 -5.93075
      vertex -4.65302 -5.06792 -5.58434
    endloop
  endfacet
  facet normal 0.175911 0.602548 -0.778454
    outer loop
      vertex -4.99942 -5.41433 -5.93075
      vertex -4.97665 -4.84427 -5.48436
      vertex -4.65302 -5.06792 -5.58434
    endloop
  endfacet
  facet normal 0.175923 0.602547 -0.778453
    outer loop
      vertex -4.97665 -4.84427 -5.48436
      vertex -4.99942 -5.41433 -5.93075
      vertex -5.32306 -5.19067 -5.83077
    endloop
  endfacet
  facet normal 0.730223 -0.681465 -0.0487773
    outer loop
      vertex -5.32306 -5.19067 -5.83077
      vertex -4.88796 -4.73507 -5.68225
      vertex -4.97665 -4.84427 -5.48436
    endloop
  endfacet
  facet normal 0.73022 -0.681471 -0.04875
    outer loop
      vertex -4.88796 -4.73507 -5.68225
      vertex -5.32306 -5.19067 -5.83077
      vertex -5.23437 -5.08148 -6.02865
    endloop
  endfacet
  facet normal 0.533672 -0.801994 0.268329
    outer loop
      vertex -5.23437 -5.08148 -6.02865
      vertex -4.74929 -4.70069 -5.85529
      vertex -4.88796 -4.73507 -5.68225
    endloop
  endfacet
  facet normal 0.533677 -0.801994 0.268318
    outer loop
      vertex -4.74929 -4.70069 -5.85529
      vertex -5.23437 -5.08148 -6.02865
      vertex -5.0957 -5.0471 -6.2017
    endloop
  endfacet
  facet normal 0.251851 -0.798553 0.546702
    outer loop
      vertex -4.91122 -5.08753 -6.34574
      vertex -4.74929 -4.70069 -5.85529
      vertex -5.0957 -5.0471 -6.2017
    endloop
  endfacet
  facet normal 0.251851 -0.798553 0.546702
    outer loop
      vertex -4.74929 -4.70069 -5.85529
      vertex -4.91122 -5.08753 -6.34574
      vertex -4.56482 -4.74113 -5.99934
    endloop
  endfacet
  facet normal -0.00898594 -0.702571 0.711557
    outer loop
      vertex -4.56482 -4.74113 -5.99934
      vertex -4.68513 -5.20273 -6.45663
      vertex -4.33873 -4.85633 -6.11023
    endloop
  endfacet
  facet normal -0.00898594 -0.702571 0.711557
    outer loop
      vertex -4.68513 -5.20273 -6.45663
      vertex -4.56482 -4.74113 -5.99934
      vertex -4.91122 -5.08753 -6.34574
    endloop
  endfacet
  facet normal -0.231006 -0.5627 0.793729
    outer loop
      vertex -4.33873 -4.85633 -6.11023
      vertex -4.43751 -5.38981 -6.51718
      vertex -4.0911 -5.0434 -6.17078
    endloop
  endfacet
  facet normal -0.231033 -0.562693 0.793726
    outer loop
      vertex -4.43751 -5.38981 -6.51718
      vertex -4.33873 -4.85633 -6.11023
      vertex -4.68513 -5.20273 -6.45663
    endloop
  endfacet
  facet normal 0.356818 -1.63466e-05 -0.934174
    outer loop
      vertex 3.43987 0.619057 -8.14526
      vertex 3.06369 0.851555 -8.28895
      vertex 3.58042 0.879639 -8.09158
    endloop
  endfacet
  facet normal 0.356811 -1.76485e-05 -0.934177
    outer loop
      vertex 4.5176 -0.176674 -7.73362
      vertex 4.20545 0.0162497 -7.85285
      vertex 4.7106 0.181137 -7.65991
    endloop
  endfacet
  facet normal 0.356816 2.28675e-05 -0.934175
    outer loop
      vertex 3.06369 0.851555 -8.28895
      vertex 2.73639 1.05384 -8.41396
      vertex 3.58042 0.879639 -8.09158
    endloop
  endfacet
  facet normal 0.3568 -1.27198e-05 -0.934181
    outer loop
      vertex 2.09015 -0.144269 -8.66078
      vertex 1.68978 0.0865631 -8.8137
      vertex 1.8384 0.362103 -8.75694
    endloop
  endfacet
  facet normal 0.356803 -5.74396e-06 -0.934179
    outer loop
      vertex 1.94693 -0.453045 -8.71548
      vertex 1.68978 0.0865631 -8.8137
      vertex 2.09015 -0.144269 -8.66078
    endloop
  endfacet
  facet normal 0.356814 -1.84943e-05 -0.934175
    outer loop
      vertex 2.25674 -0.64452 -8.59714
      vertex 2.09015 -0.144269 -8.66078
      vertex 3.06369 0.851555 -8.28895
    endloop
  endfacet
  facet normal 0.356822 -1.55421e-05 -0.934172
    outer loop
      vertex 2.25674 -0.64452 -8.59714
      vertex 1.94693 -0.453045 -8.71548
      vertex 2.09015 -0.144269 -8.66078
    endloop
  endfacet
  facet normal 0.356801 -4.06714e-06 -0.93418
    outer loop
      vertex 3.06369 0.851555 -8.28895
      vertex 2.09015 -0.144269 -8.66078
      vertex 2.73639 1.05384 -8.41396
    endloop
  endfacet
  facet normal 0.356797 -1.73988e-05 -0.934182
    outer loop
      vertex 2.73639 1.05384 -8.41396
      vertex 2.32992 1.30505 -8.56921
      vertex 2.47048 1.56564 -8.51553
    endloop
  endfacet
  facet normal 0.35681 -9.8378e-06 -0.934177
    outer loop
      vertex 2.73639 1.05384 -8.41396
      vertex 2.47048 1.56564 -8.51553
      vertex 3.58042 0.879639 -8.09158
    endloop
  endfacet
  facet normal 0.356828 -2.2461e-05 -0.93417
    outer loop
      vertex 4.59601 -0.572586 -7.70366
      vertex 4.37705 -0.437256 -7.7873
      vertex 4.73656 -0.312004 -7.64998
    endloop
  endfacet
  facet normal 0.356828 -2.2461e-05 -0.93417
    outer loop
      vertex 4.73656 -0.312004 -7.64998
      vertex 4.37705 -0.437256 -7.7873
      vertex 4.5176 -0.176674 -7.73362
    endloop
  endfacet
  facet normal 0.356806 -9.2789e-06 -0.934178
    outer loop
      vertex 4.0649 -0.244331 -7.90653
      vertex 3.58505 0.0522375 -8.08981
      vertex 4.20545 0.0162497 -7.85285
    endloop
  endfacet
  facet normal 0.356784 -1.46808e-05 -0.934187
    outer loop
      vertex 3.6317 -0.802774 -8.07198
      vertex 3.31699 0.214581 -8.19219
      vertex 3.58505 0.0522375 -8.08981
    endloop
  endfacet
  facet normal 0.356813 -1.34756e-05 -0.934176
    outer loop
      vertex 4.37705 -0.437256 -7.7873
      vertex 4.0649 -0.244331 -7.90653
      vertex 4.5176 -0.176674 -7.73362
    endloop
  endfacet
  facet normal 0.356784 -1.5483e-05 -0.934187
    outer loop
      vertex 3.58505 0.0522375 -8.08981
      vertex 3.31699 0.214581 -8.19219
      vertex 3.45889 0.47766 -8.138
    endloop
  endfacet
  facet normal 0.356798 2.6141e-05 -0.934181
    outer loop
      vertex 4.7106 0.181137 -7.65991
      vertex 4.20545 0.0162497 -7.85285
      vertex 4.39844 0.374062 -7.77913
    endloop
  endfacet
  facet normal 0.356813 -1.34757e-05 -0.934176
    outer loop
      vertex 4.5176 -0.176674 -7.73362
      vertex 4.0649 -0.244331 -7.90653
      vertex 4.20545 0.0162497 -7.85285
    endloop
  endfacet
  facet normal 0.356842 1.34088e-05 -0.934165
    outer loop
      vertex 3.7631 -1.57552 -8.02179
      vertex 3.63224 -1.07238 -8.07177
      vertex 3.64915 -1.03422 -8.06531
    endloop
  endfacet
  facet normal 0.356806 -7.93176e-06 -0.934178
    outer loop
      vertex 3.58505 0.0522375 -8.08981
      vertex 3.45889 0.47766 -8.138
      vertex 4.20545 0.0162497 -7.85285
    endloop
  endfacet
  facet normal 0.356799 -9.58049e-06 -0.934181
    outer loop
      vertex 3.39738 -1.34949 -8.16147
      vertex 3.31699 0.214581 -8.19219
      vertex 3.6317 -0.802774 -8.07198
    endloop
  endfacet
  facet normal 0.356794 2.27651e-06 -0.934183
    outer loop
      vertex 3.7631 -1.57552 -8.02179
      vertex 3.7549 -0.819066 -8.02492
      vertex 4.37705 -0.437256 -7.7873
    endloop
  endfacet
  facet normal 0.35687 -4.44687e-05 -0.934154
    outer loop
      vertex 3.63579 -0.960726 -8.07041
      vertex 3.39738 -1.34949 -8.16147
      vertex 3.6317 -0.802774 -8.07198
    endloop
  endfacet
  facet normal 0.356793 -9.72716e-07 -0.934183
    outer loop
      vertex 3.7631 -1.57552 -8.02179
      vertex 3.39738 -1.34949 -8.16147
      vertex 3.63224 -1.07238 -8.07177
    endloop
  endfacet
  facet normal 0.356755 3.60734e-05 -0.934198
    outer loop
      vertex 3.63224 -1.07238 -8.07177
      vertex 3.39738 -1.34949 -8.16147
      vertex 3.63579 -0.960726 -8.07041
    endloop
  endfacet
  facet normal 0.356662 -2.98738e-05 -0.934233
    outer loop
      vertex 3.7631 -1.57552 -8.02179
      vertex 3.64915 -1.03422 -8.06531
      vertex 3.6803 -0.967442 -8.05342
    endloop
  endfacet
  facet normal 0.356857 5.71703e-07 -0.934159
    outer loop
      vertex 3.7631 -1.57552 -8.02179
      vertex 3.6803 -0.967442 -8.05342
      vertex 3.7181 -0.889827 -8.03898
    endloop
  endfacet
  facet normal 0.356897 3.55016e-06 -0.934144
    outer loop
      vertex 3.7631 -1.57552 -8.02179
      vertex 3.7181 -0.889827 -8.03898
      vertex 3.7549 -0.819066 -8.02492
    endloop
  endfacet
  facet normal 0.356808 -2.28907e-05 -0.934178
    outer loop
      vertex 4.37705 -0.437256 -7.7873
      vertex 3.7549 -0.819066 -8.02492
      vertex 4.0649 -0.244331 -7.90653
    endloop
  endfacet
  facet normal 0.467101 0.86602 0.178396
    outer loop
      vertex 3.65396 0.619057 -8.70582
      vertex 3.06369 0.851555 -8.28895
      vertex 3.43987 0.619057 -8.14526
    endloop
  endfacet
  facet normal 0.467101 0.86602 0.178396
    outer loop
      vertex 3.06369 0.851555 -8.28895
      vertex 3.65396 0.619057 -8.70582
      vertex 3.27778 0.851555 -8.84951
    endloop
  endfacet
  facet normal -0.80902 0.500018 -0.30898
    outer loop
      vertex 2.25674 -0.64452 -8.59714
      vertex 3.27778 0.851555 -8.84951
      vertex 2.47084 -0.64452 -9.15773
    endloop
  endfacet
  facet normal -0.80902 0.500017 -0.308982
    outer loop
      vertex 3.27778 0.851555 -8.84951
      vertex 2.25674 -0.64452 -8.59714
      vertex 3.06369 0.851555 -8.28895
    endloop
  endfacet
  facet normal 0.467197 0.865961 0.178431
    outer loop
      vertex 2.44705 -0.629812 -9.16682
      vertex 2.25674 -0.64452 -8.59714
      vertex 2.47084 -0.64452 -9.15773
    endloop
  endfacet
  facet normal 0.467094 0.866024 0.178399
    outer loop
      vertex 2.25674 -0.64452 -8.59714
      vertex 2.44705 -0.629812 -9.16682
      vertex 1.94693 -0.453045 -8.71548
    endloop
  endfacet
  facet normal 0.467095 0.866023 0.178401
    outer loop
      vertex 2.16104 -0.453045 -9.27607
      vertex 1.94693 -0.453045 -8.71548
      vertex 2.44705 -0.629812 -9.16682
    endloop
  endfacet
  facet normal 0.832158 0.454417 0.317835
    outer loop
      vertex 1.94693 -0.453045 -8.71548
      vertex 2.14129 -0.4116 -9.28361
      vertex 1.68978 0.0865631 -8.8137
    endloop
  endfacet
  facet normal 0.832174 0.454384 0.317838
    outer loop
      vertex 2.14129 -0.4116 -9.28361
      vertex 1.94693 -0.453045 -8.71548
      vertex 2.16104 -0.453045 -9.27607
    endloop
  endfacet
  facet normal 0.832157 0.45442 0.317832
    outer loop
      vertex 1.90389 0.0865631 -9.37429
      vertex 1.68978 0.0865631 -8.8137
      vertex 2.14129 -0.4116 -9.28361
    endloop
  endfacet
  facet normal 0.809013 -0.500016 0.309
    outer loop
      vertex 1.68978 0.0865631 -8.8137
      vertex 1.91531 0.107726 -9.36993
      vertex 1.8384 0.362103 -8.75694
    endloop
  endfacet
  facet normal 0.808932 -0.500171 0.308961
    outer loop
      vertex 1.91531 0.107726 -9.36993
      vertex 1.68978 0.0865631 -8.8137
      vertex 1.90389 0.0865631 -9.37429
    endloop
  endfacet
  facet normal 0.809016 -0.500012 0.308999
    outer loop
      vertex 2.05251 0.362103 -9.31752
      vertex 1.8384 0.362103 -8.75694
      vertex 1.91531 0.107726 -9.36993
    endloop
  endfacet
  facet normal -0.824664 -0.469807 -0.314975
    outer loop
      vertex 2.30426 -0.144269 -9.22136
      vertex 1.8384 0.362103 -8.75694
      vertex 2.05251 0.362103 -9.31752
    endloop
  endfacet
  facet normal -0.824664 -0.469807 -0.314975
    outer loop
      vertex 1.8384 0.362103 -8.75694
      vertex 2.30426 -0.144269 -9.22136
      vertex 2.09015 -0.144269 -8.66078
    endloop
  endfacet
  facet normal 0.809017 -0.500023 0.308981
    outer loop
      vertex 2.09015 -0.144269 -8.66078
      vertex 2.95048 1.05384 -8.97452
      vertex 2.73639 1.05384 -8.41396
    endloop
  endfacet
  facet normal 0.809014 -0.500016 0.308998
    outer loop
      vertex 2.95048 1.05384 -8.97452
      vertex 2.09015 -0.144269 -8.66078
      vertex 2.30426 -0.144269 -9.22136
    endloop
  endfacet
  facet normal 0.467092 0.866026 0.178393
    outer loop
      vertex 2.95048 1.05384 -8.97452
      vertex 2.32992 1.30505 -8.56921
      vertex 2.73639 1.05384 -8.41396
    endloop
  endfacet
  facet normal 0.467095 0.866023 0.178399
    outer loop
      vertex 2.32992 1.30505 -8.56921
      vertex 2.95048 1.05384 -8.97452
      vertex 2.54402 1.30505 -9.12978
    endloop
  endfacet
  facet normal 0.809016 -0.500024 0.308981
    outer loop
      vertex 2.32992 1.30505 -8.56921
      vertex 2.68457 1.56564 -9.07609
      vertex 2.47048 1.56564 -8.51553
    endloop
  endfacet
  facet normal 0.809021 -0.50001 0.308991
    outer loop
      vertex 2.68457 1.56564 -9.07609
      vertex 2.32992 1.30505 -8.56921
      vertex 2.54402 1.30505 -9.12978
    endloop
  endfacet
  facet normal -0.467103 -0.866018 -0.1784
    outer loop
      vertex 2.47048 1.56564 -8.51553
      vertex 3.79451 0.879639 -8.65213
      vertex 3.58042 0.879639 -8.09158
    endloop
  endfacet
  facet normal -0.467103 -0.866019 -0.178397
    outer loop
      vertex 3.79451 0.879639 -8.65213
      vertex 2.47048 1.56564 -8.51553
      vertex 2.68457 1.56564 -9.07609
    endloop
  endfacet
  facet normal -0.809017 0.500021 -0.308981
    outer loop
      vertex 3.43987 0.619057 -8.14526
      vertex 3.79451 0.879639 -8.65213
      vertex 3.65396 0.619057 -8.70582
    endloop
  endfacet
  facet normal -0.80902 0.500013 -0.308988
    outer loop
      vertex 3.79451 0.879639 -8.65213
      vertex 3.43987 0.619057 -8.14526
      vertex 3.58042 0.879639 -8.09158
    endloop
  endfacet
  facet normal -0.467103 -0.866019 -0.1784
    outer loop
      vertex 4.5176 -0.176674 -7.73362
      vertex 4.74852 -0.187078 -8.28773
      vertex 4.73656 -0.312004 -7.64998
    endloop
  endfacet
  facet normal -0.467164 -0.86598 -0.178427
    outer loop
      vertex 4.74852 -0.187078 -8.28773
      vertex 4.5176 -0.176674 -7.73362
      vertex 4.73169 -0.176674 -8.29416
    endloop
  endfacet
  facet normal -0.467104 -0.866018 -0.1784
    outer loop
      vertex 4.95065 -0.312004 -8.21053
      vertex 4.73656 -0.312004 -7.64998
      vertex 4.74852 -0.187078 -8.28773
    endloop
  endfacet
  facet normal -0.809168 0.499739 -0.309044
    outer loop
      vertex 4.93985 -0.332039 -8.21465
      vertex 4.73656 -0.312004 -7.64998
      vertex 4.95065 -0.312004 -8.21053
    endloop
  endfacet
  facet normal -0.809016 0.500013 -0.308999
    outer loop
      vertex 4.73656 -0.312004 -7.64998
      vertex 4.93985 -0.332039 -8.21465
      vertex 4.59601 -0.572586 -7.70366
    endloop
  endfacet
  facet normal -0.809008 0.500035 -0.308983
    outer loop
      vertex 4.8101 -0.572586 -8.26421
      vertex 4.59601 -0.572586 -7.70366
      vertex 4.93985 -0.332039 -8.21465
    endloop
  endfacet
  facet normal 0.467165 0.86598 0.178424
    outer loop
      vertex 4.79327 -0.562182 -8.27064
      vertex 4.59601 -0.572586 -7.70366
      vertex 4.8101 -0.572586 -8.26421
    endloop
  endfacet
  facet normal 0.467102 0.866019 0.178402
    outer loop
      vertex 4.59601 -0.572586 -7.70366
      vertex 4.79327 -0.562182 -8.27064
      vertex 4.37705 -0.437256 -7.7873
    endloop
  endfacet
  facet normal 0.467098 0.866022 0.178398
    outer loop
      vertex 4.59114 -0.437256 -8.34785
      vertex 4.37705 -0.437256 -7.7873
      vertex 4.79327 -0.562182 -8.27064
    endloop
  endfacet
  facet normal -0.80902 0.500021 -0.308977
    outer loop
      vertex 3.7631 -1.57552 -8.02179
      vertex 4.59114 -0.437256 -8.34785
      vertex 3.97719 -1.57552 -8.58236
    endloop
  endfacet
  facet normal -0.809018 0.500017 -0.308987
    outer loop
      vertex 4.59114 -0.437256 -8.34785
      vertex 3.7631 -1.57552 -8.02179
      vertex 4.37705 -0.437256 -7.7873
    endloop
  endfacet
  facet normal 0.467173 0.865977 0.17842
    outer loop
      vertex 3.94909 -1.55815 -8.59309
      vertex 3.7631 -1.57552 -8.02179
      vertex 3.97719 -1.57552 -8.58236
    endloop
  endfacet
  facet normal 0.4671 0.86602 0.178398
    outer loop
      vertex 3.7631 -1.57552 -8.02179
      vertex 3.94909 -1.55815 -8.59309
      vertex 3.39738 -1.34949 -8.16147
    endloop
  endfacet
  facet normal 0.4671 0.866021 0.178398
    outer loop
      vertex 3.61148 -1.34949 -8.72205
      vertex 3.39738 -1.34949 -8.16147
      vertex 3.94909 -1.55815 -8.59309
    endloop
  endfacet
  facet normal 0.932775 0.0549398 0.356246
    outer loop
      vertex 3.39738 -1.34949 -8.16147
      vertex 3.6053 -1.22931 -8.72441
      vertex 3.31699 0.214581 -8.19219
    endloop
  endfacet
  facet normal 0.932773 0.0549616 0.35625
    outer loop
      vertex 3.6053 -1.22931 -8.72441
      vertex 3.39738 -1.34949 -8.16147
      vertex 3.61148 -1.34949 -8.72205
    endloop
  endfacet
  facet normal 0.932777 0.0549419 0.356241
    outer loop
      vertex 3.53108 0.214581 -8.75276
      vertex 3.31699 0.214581 -8.19219
      vertex 3.6053 -1.22931 -8.72441
    endloop
  endfacet
  facet normal 0.809019 -0.500016 0.308986
    outer loop
      vertex 3.31699 0.214581 -8.19219
      vertex 3.54199 0.234799 -8.74859
      vertex 3.45889 0.47766 -8.138
    endloop
  endfacet
  facet normal 0.808911 -0.500222 0.308935
    outer loop
      vertex 3.54199 0.234799 -8.74859
      vertex 3.31699 0.214581 -8.19219
      vertex 3.53108 0.214581 -8.75276
    endloop
  endfacet
  facet normal 0.809017 -0.500018 0.308987
    outer loop
      vertex 3.67298 0.47766 -8.69855
      vertex 3.45889 0.47766 -8.138
      vertex 3.54199 0.234799 -8.74859
    endloop
  endfacet
  facet normal -0.467101 -0.866019 -0.178402
    outer loop
      vertex 3.45889 0.47766 -8.138
      vertex 4.41954 0.0162497 -8.41339
      vertex 4.20545 0.0162497 -7.85285
    endloop
  endfacet
  facet normal -0.4671 -0.86602 -0.178399
    outer loop
      vertex 4.41954 0.0162497 -8.41339
      vertex 3.45889 0.47766 -8.138
      vertex 3.67298 0.47766 -8.69855
    endloop
  endfacet
  facet normal 0.809017 -0.500014 0.308994
    outer loop
      vertex 4.20545 0.0162497 -7.85285
      vertex 4.43438 0.0437568 -8.40773
      vertex 4.39844 0.374062 -7.77913
    endloop
  endfacet
  facet normal 0.809006 -0.500035 0.308988
    outer loop
      vertex 4.43438 0.0437568 -8.40773
      vertex 4.20545 0.0162497 -7.85285
      vertex 4.41954 0.0162497 -8.41339
    endloop
  endfacet
  facet normal 0.809024 -0.500005 0.308989
    outer loop
      vertex 4.61253 0.374062 -8.33968
      vertex 4.39844 0.374062 -7.77913
      vertex 4.43438 0.0437568 -8.40773
    endloop
  endfacet
  facet normal -0.467096 -0.866023 -0.178398
    outer loop
      vertex 4.39844 0.374062 -7.77913
      vertex 4.63653 0.359229 -8.33051
      vertex 4.7106 0.181137 -7.65991
    endloop
  endfacet
  facet normal -0.467083 -0.866031 -0.178392
    outer loop
      vertex 4.63653 0.359229 -8.33051
      vertex 4.39844 0.374062 -7.77913
      vertex 4.61253 0.374062 -8.33968
    endloop
  endfacet
  facet normal -0.467106 -0.866018 -0.178396
    outer loop
      vertex 4.7106 0.181137 -7.65991
      vertex 4.63653 0.359229 -8.33051
      vertex 4.92468 0.181137 -8.22045
    endloop
  endfacet
  facet normal -0.80902 0.500009 -0.308993
    outer loop
      vertex 4.5176 -0.176674 -7.73362
      vertex 4.92468 0.181137 -8.22045
      vertex 4.73169 -0.176674 -8.29416
    endloop
  endfacet
  facet normal -0.809016 0.500026 -0.308977
    outer loop
      vertex 4.92468 0.181137 -8.22045
      vertex 4.5176 -0.176674 -7.73362
      vertex 4.7106 0.181137 -7.65991
    endloop
  endfacet
  facet normal -0.932603 -0.0582394 -0.356175
    outer loop
      vertex 3.6317 -0.802774 -8.07198
      vertex 3.84221 -0.737068 -8.63392
      vertex 3.84579 -0.802774 -8.63255
    endloop
  endfacet
  facet normal -0.932596 -0.0583107 -0.356181
    outer loop
      vertex 3.84221 -0.737068 -8.63392
      vertex 3.6317 -0.802774 -8.07198
      vertex 3.58505 0.0522375 -8.08981
    endloop
  endfacet
  facet normal -0.932597 -0.0583121 -0.356179
    outer loop
      vertex 3.84221 -0.737068 -8.63392
      vertex 3.58505 0.0522375 -8.08981
      vertex 3.79914 0.0522375 -8.65037
    endloop
  endfacet
  facet normal -0.933833 -0.0273758 -0.356661
    outer loop
      vertex 3.63579 -0.960726 -8.07041
      vertex 3.84958 -0.948588 -8.6311
      vertex 3.84989 -0.960726 -8.63098
    endloop
  endfacet
  facet normal -0.933821 -0.0277255 -0.356664
    outer loop
      vertex 3.84958 -0.948588 -8.6311
      vertex 3.63579 -0.960726 -8.07041
      vertex 3.6317 -0.802774 -8.07198
    endloop
  endfacet
  facet normal -0.933827 -0.0278186 -0.356642
    outer loop
      vertex 3.84958 -0.948588 -8.6311
      vertex 3.6317 -0.802774 -8.07198
      vertex 3.84579 -0.802774 -8.63255
    endloop
  endfacet
  facet normal -0.933642 0.0340282 -0.356588
    outer loop
      vertex 3.63224 -1.07238 -8.07177
      vertex 3.84989 -0.960726 -8.63098
      vertex 3.84634 -1.07238 -8.63234
    endloop
  endfacet
  facet normal -0.933642 0.0340282 -0.356588
    outer loop
      vertex 3.84989 -0.960726 -8.63098
      vertex 3.63224 -1.07238 -8.07177
      vertex 3.63579 -0.960726 -8.07041
    endloop
  endfacet
  facet normal 0.844033 -0.428592 0.322364
    outer loop
      vertex 3.63224 -1.07238 -8.07177
      vertex 3.86325 -1.03422 -8.62588
      vertex 3.64915 -1.03422 -8.06531
    endloop
  endfacet
  facet normal 0.844033 -0.428592 0.322364
    outer loop
      vertex 3.86325 -1.03422 -8.62588
      vertex 3.63224 -1.07238 -8.07177
      vertex 3.84634 -1.07238 -8.63234
    endloop
  endfacet
  facet normal 0.835791 -0.446711 0.319222
    outer loop
      vertex 3.64915 -1.03422 -8.06531
      vertex 3.8944 -0.967442 -8.61398
      vertex 3.6803 -0.967442 -8.05342
    endloop
  endfacet
  facet normal 0.835332 -0.447811 0.318882
    outer loop
      vertex 3.8944 -0.967442 -8.61398
      vertex 3.64915 -1.03422 -8.06531
      vertex 3.892 -0.972574 -8.6149
    endloop
  endfacet
  facet normal 0.835817 -0.44666 0.319226
    outer loop
      vertex 3.892 -0.972574 -8.6149
      vertex 3.64915 -1.03422 -8.06531
      vertex 3.86325 -1.03422 -8.62588
    endloop
  endfacet
  facet normal 0.828369 -0.462292 0.316372
    outer loop
      vertex 3.6803 -0.967442 -8.05342
      vertex 3.93219 -0.889827 -8.59954
      vertex 3.7181 -0.889827 -8.03898
    endloop
  endfacet
  facet normal 0.828576 -0.461808 0.316536
    outer loop
      vertex 3.93219 -0.889827 -8.59954
      vertex 3.6803 -0.967442 -8.05342
      vertex 3.92929 -0.895791 -8.60065
    endloop
  endfacet
  facet normal 0.828389 -0.462241 0.316394
    outer loop
      vertex 3.92929 -0.895791 -8.60065
      vertex 3.6803 -0.967442 -8.05342
      vertex 3.8944 -0.967442 -8.61398
    endloop
  endfacet
  facet normal 0.816222 -0.486424 0.311727
    outer loop
      vertex 3.7181 -0.889827 -8.03898
      vertex 3.96899 -0.819066 -8.58549
      vertex 3.7549 -0.819066 -8.02492
    endloop
  endfacet
  facet normal 0.816237 -0.48639 0.311739
    outer loop
      vertex 3.96899 -0.819066 -8.58549
      vertex 3.7181 -0.889827 -8.03898
      vertex 3.93219 -0.889827 -8.59954
    endloop
  endfacet
  facet normal 0.809009 -0.500033 0.308984
    outer loop
      vertex 4.0649 -0.244331 -7.90653
      vertex 4.25516 -0.288509 -8.47618
      vertex 4.27899 -0.244331 -8.46708
    endloop
  endfacet
  facet normal 0.809019 -0.500016 0.308986
    outer loop
      vertex 4.25516 -0.288509 -8.47618
      vertex 4.0649 -0.244331 -7.90653
      vertex 3.7549 -0.819066 -8.02492
    endloop
  endfacet
  facet normal 0.809018 -0.500023 0.308976
    outer loop
      vertex 4.25516 -0.288509 -8.47618
      vertex 3.7549 -0.819066 -8.02492
      vertex 3.96899 -0.819066 -8.58549
    endloop
  endfacet
  facet normal 0.467099 0.866021 0.178399
    outer loop
      vertex 4.27899 -0.244331 -8.46708
      vertex 3.58505 0.0522375 -8.08981
      vertex 4.0649 -0.244331 -7.90653
    endloop
  endfacet
  facet normal 0.467098 0.866022 0.178395
    outer loop
      vertex 3.58505 0.0522375 -8.08981
      vertex 4.27899 -0.244331 -8.46708
      vertex 3.79914 0.0522375 -8.65037
    endloop
  endfacet
  facet normal 0.934184 0.356792 7.49788e-06
    outer loop
      vertex 8.56443 2.34241 0.244591
      vertex 8.50752 2.49141 0.571207
      vertex 8.58734 2.28242 0.481768
    endloop
  endfacet
  facet normal 0.934181 0.356799 3.18495e-05
    outer loop
      vertex 8.64184 2.13975 0.63001
      vertex 8.53548 2.41822 0.678793
      vertex 8.5425 2.39983 0.791539
    endloop
  endfacet
  facet normal 0.934177 0.356811 -4.32572e-05
    outer loop
      vertex 8.58734 2.28242 0.481768
      vertex 8.53548 2.41822 0.678793
      vertex 8.64184 2.13975 0.63001
    endloop
  endfacet
  facet normal 0.934178 0.356808 -3.20626e-05
    outer loop
      vertex 8.5425 2.39983 0.791539
      vertex 8.52875 2.43584 0.907244
      vertex 8.67458 2.05404 0.965578
    endloop
  endfacet
  facet normal 0.934177 0.356809 -2.38723e-05
    outer loop
      vertex 8.67458 2.05404 0.965578
      vertex 8.52875 2.43584 0.907244
      vertex 8.6525 2.11186 1.13576
    endloop
  endfacet
  facet normal 0.934179 0.356804 -8.02818e-06
    outer loop
      vertex 8.60389 2.23907 -0.627237
      vertex 8.51788 2.46426 -0.637991
      vertex 8.55966 2.35488 -0.289452
    endloop
  endfacet
  facet normal 0.934158 0.356859 -2.95476e-05
    outer loop
      vertex 8.60389 2.23907 -0.627237
      vertex 8.55966 2.35488 -0.289452
      vertex 8.59644 2.2586 -0.2898
    endloop
  endfacet
  facet normal 0.934177 0.356811 -8.03667e-06
    outer loop
      vertex 8.68579 2.02466 0.0150156
      vertex 8.67125 2.06273 0.12051
      vertex 8.80702 1.70727 0.282024
    endloop
  endfacet
  facet normal 0.93418 0.356803 1.09616e-05
    outer loop
      vertex 8.82239 1.66702 -0.151072
      vertex 8.68579 2.02466 0.0150156
      vertex 8.83346 1.63803 0.0640345
    endloop
  endfacet
  facet normal 0.934182 0.356797 -1.05865e-05
    outer loop
      vertex 8.69425 2.00249 -0.523821
      vertex 8.66774 2.07191 -0.173784
      vertex 8.77544 1.78992 -0.351091
    endloop
  endfacet
  facet normal 0.934181 0.356798 1.26472e-06
    outer loop
      vertex 8.51788 2.46426 -0.637991
      vertex 8.44087 2.66589 -0.558558
      vertex 8.52603 2.44292 -0.247456
    endloop
  endfacet
  facet normal 0.934197 0.356757 -3.26341e-05
    outer loop
      vertex 8.52603 2.44292 -0.247456
      vertex 8.44087 2.66589 -0.558558
      vertex 8.49738 2.51795 -0.164146
    endloop
  endfacet
  facet normal 0.934177 0.35681 2.87283e-06
    outer loop
      vertex 8.60777 2.22894 0.253017
      vertex 8.56443 2.34241 0.244591
      vertex 8.58837 2.27973 0.476786
    endloop
  endfacet
  facet normal 0.934176 0.356813 2.23294e-06
    outer loop
      vertex 8.5141 2.47418 0.18371
      vertex 8.45846 2.61985 0.471047
      vertex 8.56443 2.34241 0.244591
    endloop
  endfacet
  facet normal 0.93418 0.356801 2.70625e-06
    outer loop
      vertex 8.32383 2.97235 0.828753
      vertex 8.23981 3.19233 1.11279
      vertex 8.38185 2.82044 1.00702
    endloop
  endfacet
  facet normal 0.93418 0.356801 -1.36227e-05
    outer loop
      vertex 8.44087 2.66589 -0.558558
      vertex 8.37752 2.83176 -0.391365
      vertex 8.49738 2.51795 -0.164146
    endloop
  endfacet
  facet normal 0.934186 0.356787 -2.05083e-05
    outer loop
      vertex 8.76752 1.81069 0.417992
      vertex 8.64357 2.13522 0.21099
      vertex 8.71681 1.94347 0.496777
    endloop
  endfacet
  facet normal 0.934167 0.356836 3.65946e-06
    outer loop
      vertex 8.55966 2.35488 -0.289452
      vertex 8.51788 2.46426 -0.637991
      vertex 8.52603 2.44292 -0.247456
    endloop
  endfacet
  facet normal 0.934165 0.356841 -4.96643e-08
    outer loop
      vertex 8.64357 2.13522 0.21099
      vertex 8.60777 2.22894 0.253017
      vertex 8.65655 2.10124 0.516872
    endloop
  endfacet
  facet normal 0.934183 0.356793 -2.52211e-05
    outer loop
      vertex 8.60389 2.23907 -0.627237
      vertex 8.59644 2.2586 -0.2898
      vertex 8.69425 2.00249 -0.523821
    endloop
  endfacet
  facet normal 0.934196 0.356761 -2.37022e-06
    outer loop
      vertex 8.69425 2.00249 -0.523821
      vertex 8.6345 2.15895 -0.248156
      vertex 8.66774 2.07191 -0.173784
    endloop
  endfacet
  facet normal 0.934184 0.35679 -2.14431e-05
    outer loop
      vertex 8.69425 2.00249 -0.523821
      vertex 8.59644 2.2586 -0.2898
      vertex 8.6345 2.15895 -0.248156
    endloop
  endfacet
  facet normal 0.934181 0.356799 -1.45342e-05
    outer loop
      vertex 8.77544 1.78992 -0.351091
      vertex 8.66774 2.07191 -0.173784
      vertex 8.68473 2.02743 -0.0845718
    endloop
  endfacet
  facet normal 0.934175 0.356815 -1.85507e-05
    outer loop
      vertex 8.82239 1.66702 -0.151072
      vertex 8.68473 2.02743 -0.0845718
      vertex 8.68579 2.02466 0.0150156
    endloop
  endfacet
  facet normal 0.934174 0.356818 -3.30027e-05
    outer loop
      vertex 8.77544 1.78992 -0.351091
      vertex 8.68473 2.02743 -0.0845718
      vertex 8.82239 1.66702 -0.151072
    endloop
  endfacet
  facet normal 0.934181 0.356799 -2.31597e-05
    outer loop
      vertex 8.83346 1.63803 0.0640345
      vertex 8.68579 2.02466 0.0150156
      vertex 8.80702 1.70727 0.282024
    endloop
  endfacet
  facet normal 0.934191 0.356773 -4.51651e-05
    outer loop
      vertex 8.67125 2.06273 0.12051
      vertex 8.64357 2.13522 0.21099
      vertex 8.76752 1.81069 0.417992
    endloop
  endfacet
  facet normal 0.934177 0.35681 -9.52923e-06
    outer loop
      vertex 8.80702 1.70727 0.282024
      vertex 8.67125 2.06273 0.12051
      vertex 8.76752 1.81069 0.417992
    endloop
  endfacet
  facet normal 0.934178 0.356808 -4.19543e-06
    outer loop
      vertex 8.71681 1.94347 0.496777
      vertex 8.64357 2.13522 0.21099
      vertex 8.65655 2.10124 0.516872
    endloop
  endfacet
  facet normal 0.934168 0.356835 -3.47616e-06
    outer loop
      vertex 8.60777 2.22894 0.253017
      vertex 8.58837 2.27973 0.476786
      vertex 8.65655 2.10124 0.516872
    endloop
  endfacet
  facet normal 0.933981 0.357322 0.0001613
    outer loop
      vertex 8.58837 2.27973 0.476786
      vertex 8.56443 2.34241 0.244591
      vertex 8.58734 2.28242 0.481768
    endloop
  endfacet
  facet normal 0.934182 0.356796 2.58301e-05
    outer loop
      vertex 8.47317 2.58135 0.117479
      vertex 8.41486 2.734 0.400498
      vertex 8.5141 2.47418 0.18371
    endloop
  endfacet
  facet normal 0.934176 0.356813 2.03853e-06
    outer loop
      vertex 8.5141 2.47418 0.18371
      vertex 8.41486 2.734 0.400498
      vertex 8.45846 2.61985 0.471047
    endloop
  endfacet
  facet normal 0.934166 0.356837 -2.92817e-06
    outer loop
      vertex 8.49947 2.51251 1.00908
      vertex 8.46453 2.60398 1.05769
      vertex 8.51608 2.46903 1.42369
    endloop
  endfacet
  facet normal 0.934173 0.356819 -6.89201e-06
    outer loop
      vertex 8.56443 2.34241 0.244591
      vertex 8.45846 2.61985 0.471047
      vertex 8.50752 2.49141 0.571207
    endloop
  endfacet
  facet normal 0.934177 0.356811 -4.29464e-05
    outer loop
      vertex 8.58734 2.28242 0.481768
      vertex 8.50752 2.49141 0.571207
      vertex 8.53548 2.41822 0.678793
    endloop
  endfacet
  facet normal 0.934176 0.356812 -2.37711e-05
    outer loop
      vertex 8.67097 2.06348 0.794137
      vertex 8.5425 2.39983 0.791539
      vertex 8.67458 2.05404 0.965578
    endloop
  endfacet
  facet normal 0.934176 0.356812 9.02486e-06
    outer loop
      vertex 8.64184 2.13975 0.63001
      vertex 8.5425 2.39983 0.791539
      vertex 8.67097 2.06348 0.794137
    endloop
  endfacet
  facet normal 0.934179 0.356803 -3.28838e-05
    outer loop
      vertex 8.52875 2.43584 0.907244
      vertex 8.49947 2.51251 1.00908
      vertex 8.6525 2.11186 1.13576
    endloop
  endfacet
  facet normal 0.934177 0.35681 -6.2134e-06
    outer loop
      vertex 8.59297 2.26772 1.33117
      vertex 8.49947 2.51251 1.00908
      vertex 8.51608 2.46903 1.42369
    endloop
  endfacet
  facet normal 0.934177 0.356811 -5.34861e-06
    outer loop
      vertex 8.6525 2.11186 1.13576
      vertex 8.49947 2.51251 1.00908
      vertex 8.59297 2.26772 1.33117
    endloop
  endfacet
  facet normal 0.934182 0.356796 -2.04484e-05
    outer loop
      vertex 8.46453 2.60398 1.05769
      vertex 8.42521 2.70695 1.41131
      vertex 8.51608 2.46903 1.42369
    endloop
  endfacet
  facet normal 0.934176 0.356813 -2.60966e-05
    outer loop
      vertex 8.46453 2.60398 1.05769
      vertex 8.42499 2.7075 1.05603
      vertex 8.42521 2.70695 1.41131
    endloop
  endfacet
  facet normal 0.934171 0.356826 -2.60735e-05
    outer loop
      vertex 8.42499 2.7075 1.05603
      vertex 8.32374 2.97259 1.29201
      vertex 8.42521 2.70695 1.41131
    endloop
  endfacet
  facet normal 0.934173 0.35682 -1.90305e-05
    outer loop
      vertex 8.38185 2.82044 1.00702
      vertex 8.32374 2.97259 1.29201
      vertex 8.42499 2.7075 1.05603
    endloop
  endfacet
  facet normal 0.934179 0.356803 -1.36266e-05
    outer loop
      vertex 8.33124 2.95294 0.587648
      vertex 8.1755 3.3607 0.666262
      vertex 8.32383 2.97235 0.828753
    endloop
  endfacet
  facet normal 0.934179 0.356804 -1.46262e-05
    outer loop
      vertex 8.19758 3.30288 0.412954
      vertex 8.1755 3.3607 0.666262
      vertex 8.33124 2.95294 0.587648
    endloop
  endfacet
  facet normal 0.934179 0.356804 -1.13259e-05
    outer loop
      vertex 8.32383 2.97235 0.828753
      vertex 8.1755 3.3607 0.666262
      vertex 8.18999 3.32277 0.901871
    endloop
  endfacet
  facet normal 0.93418 0.356802 1.84938e-06
    outer loop
      vertex 8.32383 2.97235 0.828753
      vertex 8.18999 3.32277 0.901871
      vertex 8.23981 3.19233 1.11279
    endloop
  endfacet
  facet normal 0.934179 0.356804 -8.91758e-06
    outer loop
      vertex 8.38185 2.82044 1.00702
      vertex 8.23981 3.19233 1.11279
      vertex 8.32374 2.97259 1.29201
    endloop
  endfacet
  facet normal 0.934178 0.356807 3.96841e-06
    outer loop
      vertex 8.11848 3.50999 0.574203
      vertex 7.9748 3.88617 0.341705
      vertex 8.0648 3.65053 0.834772
    endloop
  endfacet
  facet normal 0.934165 0.35684 2.22857e-05
    outer loop
      vertex 7.9748 3.88617 0.341705
      vertex 7.84978 4.21347 0.13942
      vertex 8.0648 3.65053 0.834772
    endloop
  endfacet
  facet normal 0.934179 0.356804 -1.55217e-05
    outer loop
      vertex 7.94881 3.95416 -1.31446
      vertex 7.89205 4.10278 -1.03892
      vertex 8.0966 3.56723 -1.0587
    endloop
  endfacet
  facet normal 0.934175 0.356816 3.98973e-06
    outer loop
      vertex 8.16467 3.38902 -1.34586
      vertex 7.94881 3.95416 -1.31446
      vertex 8.0966 3.56723 -1.0587
    endloop
  endfacet
  facet normal 0.934173 0.356819 -1.545e-05
    outer loop
      vertex 8.0966 3.56723 -1.0587
      vertex 7.9748 3.88617 0.341705
      vertex 8.283 3.07922 -1.15438
    endloop
  endfacet
  facet normal 0.934173 0.35682 -1.5613e-05
    outer loop
      vertex 8.0966 3.56723 -1.0587
      vertex 7.84978 4.21347 0.13942
      vertex 7.9748 3.88617 0.341705
    endloop
  endfacet
  facet normal 0.934175 0.356816 3.76976e-06
    outer loop
      vertex 8.16467 3.38902 -1.34586
      vertex 8.0966 3.56723 -1.0587
      vertex 8.283 3.07922 -1.15438
    endloop
  endfacet
  facet normal 0.934178 0.356808 -1.06814e-05
    outer loop
      vertex 7.69453 4.61993 -0.111793
      vertex 7.64085 4.76048 0.148775
      vertex 7.84978 4.21347 0.13942
    endloop
  endfacet
  facet normal 0.934178 0.356808 -7.35461e-06
    outer loop
      vertex 7.84978 4.21347 0.13942
      vertex 7.64085 4.76048 0.148775
      vertex 8.0648 3.65053 0.834772
    endloop
  endfacet
  facet normal 0.0173209 -0.0453575 -0.998821
    outer loop
      vertex 8.42521 2.70695 1.41131
      vertex 8.99275 2.90276 1.41226
      vertex 8.51608 2.46903 1.42369
    endloop
  endfacet
  facet normal 0.0173017 -0.0453018 -0.998824
    outer loop
      vertex 8.99275 2.90276 1.41226
      vertex 8.42521 2.70695 1.41131
      vertex 8.98577 2.92104 1.41131
    endloop
  endfacet
  facet normal 0.0173259 -0.0453629 -0.99882
    outer loop
      vertex 9.07664 2.68313 1.42369
      vertex 8.51608 2.46903 1.42369
      vertex 8.99275 2.90276 1.41226
    endloop
  endfacet
  facet normal -0.140759 0.368544 -0.918892
    outer loop
      vertex 8.59297 2.26772 1.33117
      vertex 9.07664 2.68313 1.42369
      vertex 9.15354 2.48182 1.33117
    endloop
  endfacet
  facet normal -0.140763 0.368548 -0.91889
    outer loop
      vertex 9.07664 2.68313 1.42369
      vertex 8.59297 2.26772 1.33117
      vertex 8.51608 2.46903 1.42369
    endloop
  endfacet
  facet normal -0.271346 0.710455 -0.649326
    outer loop
      vertex 8.6525 2.11186 1.13576
      vertex 9.15354 2.48182 1.33117
      vertex 9.21307 2.32596 1.13576
    endloop
  endfacet
  facet normal -0.271346 0.710455 -0.649326
    outer loop
      vertex 9.15354 2.48182 1.33117
      vertex 8.6525 2.11186 1.13576
      vertex 8.59297 2.26772 1.33117
    endloop
  endfacet
  facet normal -0.335301 0.877921 -0.3418
    outer loop
      vertex 8.67458 2.05404 0.965578
      vertex 9.21307 2.32596 1.13576
      vertex 9.23516 2.26814 0.965578
    endloop
  endfacet
  facet normal -0.335308 0.877925 -0.341783
    outer loop
      vertex 9.21307 2.32596 1.13576
      vertex 8.67458 2.05404 0.965578
      vertex 8.6525 2.11186 1.13576
    endloop
  endfacet
  facet normal -0.35617 0.932563 0.0589036
    outer loop
      vertex 9.23155 2.27759 0.794137
      vertex 8.67458 2.05404 0.965578
      vertex 9.23516 2.26814 0.965578
    endloop
  endfacet
  facet normal -0.356186 0.93256 0.0588494
    outer loop
      vertex 8.67458 2.05404 0.965578
      vertex 9.23155 2.27759 0.794137
      vertex 8.67097 2.06348 0.794137
    endloop
  endfacet
  facet normal -0.319469 0.836429 0.445339
    outer loop
      vertex 9.20242 2.35385 0.63001
      vertex 8.67097 2.06348 0.794137
      vertex 9.23155 2.27759 0.794137
    endloop
  endfacet
  facet normal -0.319448 0.836415 0.44538
    outer loop
      vertex 8.67097 2.06348 0.794137
      vertex 9.20242 2.35385 0.63001
      vertex 8.64184 2.13975 0.63001
    endloop
  endfacet
  facet normal -0.248503 0.650657 0.71756
    outer loop
      vertex 9.14792 2.49652 0.481768
      vertex 8.64184 2.13975 0.63001
      vertex 9.20242 2.35385 0.63001
    endloop
  endfacet
  facet normal -0.248503 0.650657 0.71756
    outer loop
      vertex 8.64184 2.13975 0.63001
      vertex 9.14792 2.49652 0.481768
      vertex 8.58734 2.28242 0.481768
    endloop
  endfacet
  facet normal -0.311096 0.814224 -0.490163
    outer loop
      vertex 8.58837 2.27973 0.476786
      vertex 9.14792 2.49652 0.481768
      vertex 9.148 2.49632 0.481385
    endloop
  endfacet
  facet normal -0.308879 0.80874 -0.500533
    outer loop
      vertex 9.14792 2.49652 0.481768
      vertex 8.58837 2.27973 0.476786
      vertex 8.58734 2.28242 0.481768
    endloop
  endfacet
  facet normal -0.308987 0.808985 -0.50007
    outer loop
      vertex 9.14895 2.49384 0.476786
      vertex 8.58837 2.27973 0.476786
      vertex 9.148 2.49632 0.481385
    endloop
  endfacet
  facet normal 0.0732587 -0.191815 -0.978693
    outer loop
      vertex 8.58837 2.27973 0.476786
      vertex 9.15419 2.48012 0.479865
      vertex 8.65655 2.10124 0.516872
    endloop
  endfacet
  facet normal 0.0732113 -0.191681 -0.978723
    outer loop
      vertex 9.15419 2.48012 0.479865
      vertex 8.58837 2.27973 0.476786
      vertex 9.14895 2.49384 0.476786
    endloop
  endfacet
  facet normal 0.0732664 -0.191825 -0.978691
    outer loop
      vertex 9.21713 2.31535 0.516872
      vertex 8.65655 2.10124 0.516872
      vertex 9.15419 2.48012 0.479865
    endloop
  endfacet
  facet normal -0.0421559 0.110375 -0.992996
    outer loop
      vertex 8.65655 2.10124 0.516872
      vertex 9.22176 2.30323 0.515329
      vertex 8.71681 1.94347 0.496777
    endloop
  endfacet
  facet normal -0.042137 0.110322 -0.993002
    outer loop
      vertex 9.22176 2.30323 0.515329
      vertex 8.65655 2.10124 0.516872
      vertex 9.21713 2.31535 0.516872
    endloop
  endfacet
  facet normal -0.0421545 0.110373 -0.992996
    outer loop
      vertex 9.27739 2.15757 0.496777
      vertex 8.71681 1.94347 0.496777
      vertex 9.22176 2.30323 0.515329
    endloop
  endfacet
  facet normal -0.172972 0.452898 -0.874623
    outer loop
      vertex 8.71681 1.94347 0.496777
      vertex 9.28129 2.14737 0.490725
      vertex 8.76752 1.81069 0.417992
    endloop
  endfacet
  facet normal -0.17295 0.452836 -0.874659
    outer loop
      vertex 9.28129 2.14737 0.490725
      vertex 8.71681 1.94347 0.496777
      vertex 9.27739 2.15757 0.496777
    endloop
  endfacet
  facet normal -0.172985 0.452916 -0.87461
    outer loop
      vertex 9.32811 2.0248 0.417992
      vertex 8.76752 1.81069 0.417992
      vertex 9.28129 2.14737 0.490725
    endloop
  endfacet
  facet normal -0.276831 0.724567 -0.631163
    outer loop
      vertex 8.80702 1.70727 0.282024
      vertex 9.32811 2.0248 0.417992
      vertex 9.33114 2.01686 0.407548
    endloop
  endfacet
  facet normal -0.276684 0.724424 -0.631391
    outer loop
      vertex 9.32811 2.0248 0.417992
      vertex 8.80702 1.70727 0.282024
      vertex 8.76752 1.81069 0.417992
    endloop
  endfacet
  facet normal -0.276679 0.72441 -0.63141
    outer loop
      vertex 9.36761 1.92138 0.282024
      vertex 8.80702 1.70727 0.282024
      vertex 9.33114 2.01686 0.407548
    endloop
  endfacet
  facet normal -0.3378 0.884455 -0.321917
    outer loop
      vertex 8.83346 1.63803 0.0640345
      vertex 9.36761 1.92138 0.282024
      vertex 9.39406 1.85214 0.0640345
    endloop
  endfacet
  facet normal -0.337807 0.884457 -0.321903
    outer loop
      vertex 9.36761 1.92138 0.282024
      vertex 8.83346 1.63803 0.0640345
      vertex 8.80702 1.70727 0.282024
    endloop
  endfacet
  facet normal -0.353139 0.924617 0.142742
    outer loop
      vertex 9.38299 1.88112 -0.151072
      vertex 8.83346 1.63803 0.0640345
      vertex 9.39406 1.85214 0.0640345
    endloop
  endfacet
  facet normal -0.353123 0.924617 0.142784
    outer loop
      vertex 8.83346 1.63803 0.0640345
      vertex 9.38299 1.88112 -0.151072
      vertex 8.82239 1.66702 -0.151072
    endloop
  endfacet
  facet normal -0.298072 0.780473 0.54956
    outer loop
      vertex 9.33604 2.00403 -0.351091
      vertex 8.82239 1.66702 -0.151072
      vertex 9.38299 1.88112 -0.151072
    endloop
  endfacet
  facet normal -0.298091 0.780485 0.549532
    outer loop
      vertex 8.82239 1.66702 -0.151072
      vertex 9.33604 2.00403 -0.351091
      vertex 8.77544 1.78992 -0.351091
    endloop
  endfacet
  facet normal -0.215724 0.564826 0.796514
    outer loop
      vertex 9.25484 2.2166 -0.523821
      vertex 8.77544 1.78992 -0.351091
      vertex 9.33604 2.00403 -0.351091
    endloop
  endfacet
  facet normal -0.21573 0.56483 0.796509
    outer loop
      vertex 8.77544 1.78992 -0.351091
      vertex 9.25484 2.2166 -0.523821
      vertex 8.69425 2.00249 -0.523821
    endloop
  endfacet
  facet normal -0.134892 0.353179 0.92578
    outer loop
      vertex 9.16448 2.45317 -0.627237
      vertex 8.69425 2.00249 -0.523821
      vertex 9.25484 2.2166 -0.523821
    endloop
  endfacet
  facet normal -0.134882 0.35317 0.925785
    outer loop
      vertex 8.69425 2.00249 -0.523821
      vertex 9.16448 2.45317 -0.627237
      vertex 8.60389 2.23907 -0.627237
    endloop
  endfacet
  facet normal -0.015901 0.0416345 0.999006
    outer loop
      vertex 9.07847 2.67836 -0.637991
      vertex 8.60389 2.23907 -0.627237
      vertex 9.16448 2.45317 -0.627237
    endloop
  endfacet
  facet normal -0.015901 0.0416345 0.999006
    outer loop
      vertex 8.60389 2.23907 -0.627237
      vertex 9.07847 2.67836 -0.637991
      vertex 8.51788 2.46426 -0.637991
    endloop
  endfacet
  facet normal 0.123223 -0.322643 0.938466
    outer loop
      vertex 9.00145 2.87999 -0.558558
      vertex 8.51788 2.46426 -0.637991
      vertex 9.07847 2.67836 -0.637991
    endloop
  endfacet
  facet normal 0.123227 -0.322647 0.938464
    outer loop
      vertex 8.51788 2.46426 -0.637991
      vertex 9.00145 2.87999 -0.558558
      vertex 8.44087 2.66589 -0.558558
    endloop
  endfacet
  facet normal 0.244585 -0.640398 0.728058
    outer loop
      vertex 8.93809 3.04587 -0.391365
      vertex 8.44087 2.66589 -0.558558
      vertex 9.00145 2.87999 -0.558558
    endloop
  endfacet
  facet normal 0.244608 -0.640418 0.728033
    outer loop
      vertex 8.44087 2.66589 -0.558558
      vertex 8.93809 3.04587 -0.391365
      vertex 8.37752 2.83176 -0.391365
    endloop
  endfacet
  facet normal 0.199894 -0.523384 -0.828318
    outer loop
      vertex 8.49738 2.51795 -0.164146
      vertex 8.93809 3.04587 -0.391365
      vertex 9.05796 2.73205 -0.164146
    endloop
  endfacet
  facet normal 0.19991 -0.523394 -0.828308
    outer loop
      vertex 8.93809 3.04587 -0.391365
      vertex 8.49738 2.51795 -0.164146
      vertex 8.37752 2.83176 -0.391365
    endloop
  endfacet
  facet normal -0.25687 0.672549 -0.694043
    outer loop
      vertex 8.49738 2.51795 -0.164146
      vertex 9.06016 2.72629 -0.170547
      vertex 8.52603 2.44292 -0.247456
    endloop
  endfacet
  facet normal -0.256964 0.672812 -0.693754
    outer loop
      vertex 9.06016 2.72629 -0.170547
      vertex 8.49738 2.51795 -0.164146
      vertex 9.05796 2.73205 -0.164146
    endloop
  endfacet
  facet normal -0.256873 0.672552 -0.694039
    outer loop
      vertex 9.08662 2.65703 -0.247456
      vertex 8.52603 2.44292 -0.247456
      vertex 9.06016 2.72629 -0.170547
    endloop
  endfacet
  facet normal -0.145208 0.380206 -0.913432
    outer loop
      vertex 8.55966 2.35488 -0.289452
      vertex 9.08662 2.65703 -0.247456
      vertex 9.12025 2.56898 -0.289452
    endloop
  endfacet
  facet normal -0.145226 0.380235 -0.913417
    outer loop
      vertex 9.08662 2.65703 -0.247456
      vertex 8.55966 2.35488 -0.289452
      vertex 8.52603 2.44292 -0.247456
    endloop
  endfacet
  facet normal -0.00120356 0.00315466 -0.999994
    outer loop
      vertex 8.55966 2.35488 -0.289452
      vertex 9.12307 2.56159 -0.289478
      vertex 8.59644 2.2586 -0.2898
    endloop
  endfacet
  facet normal -0.00117277 0.00307072 -0.999995
    outer loop
      vertex 9.12307 2.56159 -0.289478
      vertex 8.55966 2.35488 -0.289452
      vertex 9.12025 2.56898 -0.289452
    endloop
  endfacet
  facet normal -0.00120755 0.00316159 -0.999994
    outer loop
      vertex 9.15702 2.47271 -0.2898
      vertex 8.59644 2.2586 -0.2898
      vertex 9.12307 2.56159 -0.289478
    endloop
  endfacet
  facet normal 0.129756 -0.33973 -0.931529
    outer loop
      vertex 8.59644 2.2586 -0.2898
      vertex 9.15994 2.46505 -0.286601
      vertex 8.6345 2.15895 -0.248156
    endloop
  endfacet
  facet normal 0.12971 -0.339605 -0.931581
    outer loop
      vertex 9.15994 2.46505 -0.286601
      vertex 8.59644 2.2586 -0.2898
      vertex 9.15702 2.47271 -0.2898
    endloop
  endfacet
  facet normal 0.129761 -0.33974 -0.931525
    outer loop
      vertex 9.19508 2.37306 -0.248156
      vertex 8.6345 2.15895 -0.248156
      vertex 9.15994 2.46505 -0.286601
    endloop
  endfacet
  facet normal 0.222584 -0.582777 -0.781555
    outer loop
      vertex 8.66774 2.07191 -0.173784
      vertex 9.19508 2.37306 -0.248156
      vertex 9.22833 2.28602 -0.173784
    endloop
  endfacet
  facet normal 0.222593 -0.582789 -0.781543
    outer loop
      vertex 9.19508 2.37306 -0.248156
      vertex 8.66774 2.07191 -0.173784
      vertex 8.6345 2.15895 -0.248156
    endloop
  endfacet
  facet normal 0.314771 -0.824145 -0.470854
    outer loop
      vertex 9.22833 2.28602 -0.173784
      vertex 8.68473 2.02743 -0.0845718
      vertex 8.66774 2.07191 -0.173784
    endloop
  endfacet
  facet normal 0.314771 -0.824145 -0.470854
    outer loop
      vertex 8.68473 2.02743 -0.0845718
      vertex 9.22833 2.28602 -0.173784
      vertex 9.24532 2.24154 -0.0845718
    endloop
  endfacet
  facet normal 0.35664 -0.933767 -0.0297686
    outer loop
      vertex 9.24532 2.24154 -0.0845718
      vertex 8.68579 2.02466 0.0150156
      vertex 8.68473 2.02743 -0.0845718
    endloop
  endfacet
  facet normal 0.356625 -0.93377 -0.0298622
    outer loop
      vertex 8.68579 2.02466 0.0150156
      vertex 9.24532 2.24154 -0.0845718
      vertex 9.24638 2.23876 0.0150156
    endloop
  endfacet
  facet normal 0.332824 -0.871424 0.360345
    outer loop
      vertex 8.68579 2.02466 0.0150156
      vertex 9.24526 2.24169 0.0231191
      vertex 8.67125 2.06273 0.12051
    endloop
  endfacet
  facet normal 0.332726 -0.871196 0.360987
    outer loop
      vertex 9.24526 2.24169 0.0231191
      vertex 8.68579 2.02466 0.0150156
      vertex 9.24638 2.23876 0.0150156
    endloop
  endfacet
  facet normal 0.332825 -0.871413 0.360369
    outer loop
      vertex 9.23184 2.27684 0.12051
      vertex 8.67125 2.06273 0.12051
      vertex 9.24526 2.24169 0.0231191
    endloop
  endfacet
  facet normal 0.270834 -0.709129 0.650988
    outer loop
      vertex 8.67125 2.06273 0.12051
      vertex 9.22971 2.2824 0.12746
      vertex 8.64357 2.13522 0.21099
    endloop
  endfacet
  facet normal 0.270961 -0.70944 0.650595
    outer loop
      vertex 9.22971 2.2824 0.12746
      vertex 8.67125 2.06273 0.12051
      vertex 9.23184 2.27684 0.12051
    endloop
  endfacet
  facet normal 0.270834 -0.709126 0.650991
    outer loop
      vertex 9.20415 2.34932 0.21099
      vertex 8.64357 2.13522 0.21099
      vertex 9.22971 2.2824 0.12746
    endloop
  endfacet
  facet normal 0.137844 -0.360919 0.922354
    outer loop
      vertex 9.16835 2.44305 0.253017
      vertex 8.64357 2.13522 0.21099
      vertex 9.20415 2.34932 0.21099
    endloop
  endfacet
  facet normal 0.137861 -0.360945 0.922341
    outer loop
      vertex 8.64357 2.13522 0.21099
      vertex 9.16835 2.44305 0.253017
      vertex 8.60777 2.22894 0.253017
    endloop
  endfacet
  facet normal -0.0246939 0.0646533 0.997602
    outer loop
      vertex 9.12501 2.55651 0.244591
      vertex 8.60777 2.22894 0.253017
      vertex 9.16835 2.44305 0.253017
    endloop
  endfacet
  facet normal -0.024691 0.0646487 0.997603
    outer loop
      vertex 8.60777 2.22894 0.253017
      vertex 9.12501 2.55651 0.244591
      vertex 8.56443 2.34241 0.244591
    endloop
  endfacet
  facet normal -0.141379 0.370175 0.918141
    outer loop
      vertex 9.07468 2.68829 0.18371
      vertex 8.56443 2.34241 0.244591
      vertex 9.12501 2.55651 0.244591
    endloop
  endfacet
  facet normal -0.141393 0.370194 0.918131
    outer loop
      vertex 8.56443 2.34241 0.244591
      vertex 9.07468 2.68829 0.18371
      vertex 8.5141 2.47418 0.18371
    endloop
  endfacet
  facet normal -0.178403 0.467093 0.866023
    outer loop
      vertex 9.03374 2.79545 0.117479
      vertex 8.5141 2.47418 0.18371
      vertex 9.07468 2.68829 0.18371
    endloop
  endfacet
  facet normal -0.178392 0.467078 0.866034
    outer loop
      vertex 8.5141 2.47418 0.18371
      vertex 9.03374 2.79545 0.117479
      vertex 8.47317 2.58135 0.117479
    endloop
  endfacet
  facet normal 0.308986 -0.80902 0.500015
    outer loop
      vertex 8.47317 2.58135 0.117479
      vertex 8.97544 2.9481 0.400498
      vertex 8.41486 2.734 0.400498
    endloop
  endfacet
  facet normal 0.308992 -0.809022 0.500007
    outer loop
      vertex 8.97544 2.9481 0.400498
      vertex 8.47317 2.58135 0.117479
      vertex 9.03374 2.79545 0.117479
    endloop
  endfacet
  facet normal 0.178397 -0.467096 -0.866023
    outer loop
      vertex 8.41486 2.734 0.400498
      vertex 8.97879 2.93933 0.405919
      vertex 8.45846 2.61985 0.471047
    endloop
  endfacet
  facet normal 0.178415 -0.467145 -0.865993
    outer loop
      vertex 8.97879 2.93933 0.405919
      vertex 8.41486 2.734 0.400498
      vertex 8.97544 2.9481 0.400498
    endloop
  endfacet
  facet normal 0.178394 -0.467092 -0.866026
    outer loop
      vertex 9.01904 2.83395 0.471047
      vertex 8.45846 2.61985 0.471047
      vertex 8.97879 2.93933 0.405919
    endloop
  endfacet
  facet normal 0.210081 -0.55006 -0.80827
    outer loop
      vertex 8.45846 2.61985 0.471047
      vertex 9.02281 2.82408 0.478743
      vertex 8.50752 2.49141 0.571207
    endloop
  endfacet
  facet normal 0.210068 -0.550022 -0.808299
    outer loop
      vertex 9.02281 2.82408 0.478743
      vertex 8.45846 2.61985 0.471047
      vertex 9.01904 2.83395 0.471047
    endloop
  endfacet
  facet normal 0.210083 -0.550063 -0.808267
    outer loop
      vertex 9.0681 2.70551 0.571207
      vertex 8.50752 2.49141 0.571207
      vertex 9.02281 2.82408 0.478743
    endloop
  endfacet
  facet normal 0.288415 -0.75516 -0.588685
    outer loop
      vertex 9.0681 2.70551 0.571207
      vertex 8.53548 2.41822 0.678793
      vertex 8.50752 2.49141 0.571207
    endloop
  endfacet
  facet normal 0.288188 -0.754903 -0.589125
    outer loop
      vertex 8.53548 2.41822 0.678793
      vertex 9.0681 2.70551 0.571207
      vertex 9.07025 2.69988 0.579473
    endloop
  endfacet
  facet normal 0.288434 -0.755196 -0.588629
    outer loop
      vertex 9.09605 2.63232 0.678793
      vertex 8.53548 2.41822 0.678793
      vertex 9.07025 2.69988 0.579473
    endloop
  endfacet
  facet normal 0.351482 -0.920261 -0.171988
    outer loop
      vertex 8.53548 2.41822 0.678793
      vertex 9.09659 2.63091 0.687456
      vertex 8.5425 2.39983 0.791539
    endloop
  endfacet
  facet normal 0.351496 -0.920309 -0.171701
    outer loop
      vertex 9.09659 2.63091 0.687456
      vertex 8.53548 2.41822 0.678793
      vertex 9.09605 2.63232 0.678793
    endloop
  endfacet
  facet normal 0.351469 -0.920255 -0.172045
    outer loop
      vertex 9.10308 2.61393 0.791539
      vertex 8.5425 2.39983 0.791539
      vertex 9.09659 2.63091 0.687456
    endloop
  endfacet
  facet normal 0.338505 -0.886295 0.316062
    outer loop
      vertex 8.5425 2.39983 0.791539
      vertex 9.08932 2.64994 0.907244
      vertex 8.52875 2.43584 0.907244
    endloop
  endfacet
  facet normal 0.338497 -0.886289 0.316088
    outer loop
      vertex 9.08932 2.64994 0.907244
      vertex 8.5425 2.39983 0.791539
      vertex 9.10308 2.61393 0.791539
    endloop
  endfacet
  facet normal 0.277807 -0.727372 0.627497
    outer loop
      vertex 8.52875 2.43584 0.907244
      vertex 9.06004 2.72661 1.00908
      vertex 8.49947 2.51251 1.00908
    endloop
  endfacet
  facet normal 0.277807 -0.727372 0.627497
    outer loop
      vertex 9.06004 2.72661 1.00908
      vertex 8.52875 2.43584 0.907244
      vertex 9.08932 2.64994 0.907244
    endloop
  endfacet
  facet normal 0.158581 -0.415206 0.895799
    outer loop
      vertex 9.05735 2.73363 1.01281
      vertex 8.49947 2.51251 1.00908
      vertex 9.06004 2.72661 1.00908
    endloop
  endfacet
  facet normal 0.158657 -0.415397 0.895697
    outer loop
      vertex 8.49947 2.51251 1.00908
      vertex 9.05735 2.73363 1.01281
      vertex 8.46453 2.60398 1.05769
    endloop
  endfacet
  facet normal 0.158667 -0.415451 0.89567
    outer loop
      vertex 9.0251 2.81807 1.05769
      vertex 8.46453 2.60398 1.05769
      vertex 9.05735 2.73363 1.01281
    endloop
  endfacet
  facet normal -0.00502413 0.0131551 0.999901
    outer loop
      vertex 9.02206 2.82603 1.05757
      vertex 8.46453 2.60398 1.05769
      vertex 9.0251 2.81807 1.05769
    endloop
  endfacet
  facet normal -0.00535587 0.013988 0.999888
    outer loop
      vertex 8.46453 2.60398 1.05769
      vertex 9.02206 2.82603 1.05757
      vertex 8.42499 2.7075 1.05603
    endloop
  endfacet
  facet normal -0.00537035 0.014061 0.999887
    outer loop
      vertex 8.98556 2.9216 1.05603
      vertex 8.42499 2.7075 1.05603
      vertex 9.02206 2.82603 1.05757
    endloop
  endfacet
  facet normal -0.134043 0.350959 0.926747
    outer loop
      vertex 8.94242 3.03454 1.00702
      vertex 8.42499 2.7075 1.05603
      vertex 8.98556 2.9216 1.05603
    endloop
  endfacet
  facet normal -0.134043 0.350959 0.926747
    outer loop
      vertex 8.42499 2.7075 1.05603
      vertex 8.94242 3.03454 1.00702
      vertex 8.38185 2.82044 1.00702
    endloop
  endfacet
  facet normal -0.2636 0.690174 0.673924
    outer loop
      vertex 8.8844 3.18645 0.828753
      vertex 8.38185 2.82044 1.00702
      vertex 8.94242 3.03454 1.00702
    endloop
  endfacet
  facet normal -0.2636 0.690174 0.673924
    outer loop
      vertex 8.38185 2.82044 1.00702
      vertex 8.8844 3.18645 0.828753
      vertex 8.32383 2.97235 0.828753
    endloop
  endfacet
  facet normal -0.355478 0.930734 -0.0858532
    outer loop
      vertex 8.33124 2.95294 0.587648
      vertex 8.8844 3.18645 0.828753
      vertex 8.89181 3.16704 0.587648
    endloop
  endfacet
  facet normal -0.355478 0.930734 -0.0858532
    outer loop
      vertex 8.8844 3.18645 0.828753
      vertex 8.33124 2.95294 0.587648
      vertex 8.32383 2.97235 0.828753
    endloop
  endfacet
  facet normal -0.150803 0.394841 0.906288
    outer loop
      vertex 8.75815 3.51697 0.412954
      vertex 8.33124 2.95294 0.587648
      vertex 8.89181 3.16704 0.587648
    endloop
  endfacet
  facet normal -0.150794 0.394836 0.906292
    outer loop
      vertex 8.33124 2.95294 0.587648
      vertex 8.75815 3.51697 0.412954
      vertex 8.19758 3.30288 0.412954
    endloop
  endfacet
  facet normal 0.34659 -0.90749 0.237354
    outer loop
      vertex 8.19758 3.30288 0.412954
      vertex 8.73606 3.57479 0.666262
      vertex 8.1755 3.3607 0.666262
    endloop
  endfacet
  facet normal 0.346584 -0.907489 0.237367
    outer loop
      vertex 8.73606 3.57479 0.666262
      vertex 8.19758 3.30288 0.412954
      vertex 8.75815 3.51697 0.412954
    endloop
  endfacet
  facet normal 0.351603 -0.920615 -0.169831
    outer loop
      vertex 8.73606 3.57479 0.666262
      vertex 8.18999 3.32277 0.901871
      vertex 8.1755 3.3607 0.666262
    endloop
  endfacet
  facet normal 0.35162 -0.920616 -0.169793
    outer loop
      vertex 8.18999 3.32277 0.901871
      vertex 8.73606 3.57479 0.666262
      vertex 8.75055 3.53687 0.901871
    endloop
  endfacet
  facet normal 0.297514 -0.778956 -0.552009
    outer loop
      vertex 8.75055 3.53687 0.901871
      vertex 8.23981 3.19233 1.11279
      vertex 8.18999 3.32277 0.901871
    endloop
  endfacet
  facet normal 0.297496 -0.778944 -0.552034
    outer loop
      vertex 8.23981 3.19233 1.11279
      vertex 8.75055 3.53687 0.901871
      vertex 8.80037 3.40642 1.11279
    endloop
  endfacet
  facet normal 0.216244 -0.566173 -0.795416
    outer loop
      vertex 8.32374 2.97259 1.29201
      vertex 8.80037 3.40642 1.11279
      vertex 8.8843 3.18669 1.29201
    endloop
  endfacet
  facet normal 0.21623 -0.566162 -0.795428
    outer loop
      vertex 8.80037 3.40642 1.11279
      vertex 8.32374 2.97259 1.29201
      vertex 8.23981 3.19233 1.11279
    endloop
  endfacet
  facet normal 0.13802 -0.361413 -0.922134
    outer loop
      vertex 8.32374 2.97259 1.29201
      vertex 8.8921 3.16627 1.30117
      vertex 8.42521 2.70695 1.41131
    endloop
  endfacet
  facet normal 0.137899 -0.361049 -0.922295
    outer loop
      vertex 8.8921 3.16627 1.30117
      vertex 8.32374 2.97259 1.29201
      vertex 8.8843 3.18669 1.29201
    endloop
  endfacet
  facet normal 0.138037 -0.361428 -0.922126
    outer loop
      vertex 8.98577 2.92104 1.41131
      vertex 8.42521 2.70695 1.41131
      vertex 8.8921 3.16627 1.30117
    endloop
  endfacet
  facet normal -0.178361 0.467009 0.866077
    outer loop
      vertex 8.66799 3.753 0.556333
      vertex 8.11848 3.50999 0.574203
      vertex 8.67904 3.72408 0.574203
    endloop
  endfacet
  facet normal -0.178404 0.467102 0.866018
    outer loop
      vertex 8.11848 3.50999 0.574203
      vertex 8.66799 3.753 0.556333
      vertex 7.9748 3.88617 0.341705
    endloop
  endfacet
  facet normal -0.178402 0.467108 0.866015
    outer loop
      vertex 8.53535 4.10026 0.341705
      vertex 7.9748 3.88617 0.341705
      vertex 8.66799 3.753 0.556333
    endloop
  endfacet
  facet normal -0.308985 0.809012 -0.500029
    outer loop
      vertex 8.55904 4.03823 0.226706
      vertex 7.9748 3.88617 0.341705
      vertex 8.53535 4.10026 0.341705
    endloop
  endfacet
  facet normal -0.308984 0.809019 -0.500016
    outer loop
      vertex 7.9748 3.88617 0.341705
      vertex 8.55904 4.03823 0.226706
      vertex 8.283 3.07922 -1.15438
    endloop
  endfacet
  facet normal -0.30899 0.809018 -0.500014
    outer loop
      vertex 8.84357 3.29332 -1.15438
      vertex 8.283 3.07922 -1.15438
      vertex 8.55904 4.03823 0.226706
    endloop
  endfacet
  facet normal -0.178406 0.467114 0.866011
    outer loop
      vertex 8.83448 3.31712 -1.16909
      vertex 8.283 3.07922 -1.15438
      vertex 8.84357 3.29332 -1.15438
    endloop
  endfacet
  facet normal -0.178407 0.467116 0.86601
    outer loop
      vertex 8.283 3.07922 -1.15438
      vertex 8.83448 3.31712 -1.16909
      vertex 8.16467 3.38902 -1.34586
    endloop
  endfacet
  facet normal -0.178407 0.467117 0.86601
    outer loop
      vertex 8.72524 3.60312 -1.34586
      vertex 8.16467 3.38902 -1.34586
      vertex 8.83448 3.31712 -1.16909
    endloop
  endfacet
  facet normal 0.018551 -0.0485713 0.998647
    outer loop
      vertex 8.70865 3.64654 -1.34344
      vertex 8.16467 3.38902 -1.34586
      vertex 8.72524 3.60312 -1.34586
    endloop
  endfacet
  facet normal 0.0184827 -0.0484271 0.998656
    outer loop
      vertex 8.16467 3.38902 -1.34586
      vertex 8.70865 3.64654 -1.34344
      vertex 7.94881 3.95416 -1.31446
    endloop
  endfacet
  facet normal 0.0184891 -0.0484115 0.998656
    outer loop
      vertex 8.50938 4.16825 -1.31446
      vertex 7.94881 3.95416 -1.31446
      vertex 8.70865 3.64654 -1.34344
    endloop
  endfacet
  facet normal 0.308988 -0.809018 0.500016
    outer loop
      vertex 7.94881 3.95416 -1.31446
      vertex 8.50501 4.17968 -1.29328
      vertex 7.89205 4.10278 -1.03892
    endloop
  endfacet
  facet normal 0.308926 -0.808888 0.500264
    outer loop
      vertex 8.50501 4.17968 -1.29328
      vertex 7.94881 3.95416 -1.31446
      vertex 8.50938 4.16825 -1.31446
    endloop
  endfacet
  facet normal 0.308985 -0.809027 0.500005
    outer loop
      vertex 8.45261 4.31687 -1.03892
      vertex 7.89205 4.10278 -1.03892
      vertex 8.50501 4.17968 -1.29328
    endloop
  endfacet
  facet normal -0.0123026 0.0322131 -0.999405
    outer loop
      vertex 7.89205 4.10278 -1.03892
      vertex 8.46833 4.27571 -1.04044
      vertex 8.0966 3.56723 -1.0587
    endloop
  endfacet
  facet normal -0.0123013 0.0322089 -0.999405
    outer loop
      vertex 8.46833 4.27571 -1.04044
      vertex 7.89205 4.10278 -1.03892
      vertex 8.45261 4.31687 -1.03892
    endloop
  endfacet
  facet normal -0.0123034 0.0322136 -0.999405
    outer loop
      vertex 8.65717 3.78133 -1.0587
      vertex 8.0966 3.56723 -1.0587
      vertex 8.46833 4.27571 -1.04044
    endloop
  endfacet
  facet normal 0.308993 -0.809014 0.500019
    outer loop
      vertex 8.0966 3.56723 -1.0587
      vertex 8.6382 3.83099 -0.966633
      vertex 7.84978 4.21347 0.13942
    endloop
  endfacet
  facet normal 0.308986 -0.809007 0.500035
    outer loop
      vertex 8.6382 3.83099 -0.966633
      vertex 8.0966 3.56723 -1.0587
      vertex 8.65717 3.78133 -1.0587
    endloop
  endfacet
  facet normal 0.308987 -0.809018 0.500017
    outer loop
      vertex 8.41033 4.42756 0.13942
      vertex 7.84978 4.21347 0.13942
      vertex 8.6382 3.83099 -0.966633
    endloop
  endfacet
  facet normal -0.1784 0.467103 0.866019
    outer loop
      vertex 8.25508 4.83402 -0.111793
      vertex 7.84978 4.21347 0.13942
      vertex 8.41033 4.42756 0.13942
    endloop
  endfacet
  facet normal -0.1784 0.467103 0.866019
    outer loop
      vertex 7.84978 4.21347 0.13942
      vertex 8.25508 4.83402 -0.111793
      vertex 7.69453 4.61993 -0.111793
    endloop
  endfacet
  facet normal 0.308976 -0.809012 0.500033
    outer loop
      vertex 7.69453 4.61993 -0.111793
      vertex 8.20139 4.97456 0.148775
      vertex 7.64085 4.76048 0.148775
    endloop
  endfacet
  facet normal 0.308987 -0.809017 0.500018
    outer loop
      vertex 8.20139 4.97456 0.148775
      vertex 7.69453 4.61993 -0.111793
      vertex 8.25508 4.83402 -0.111793
    endloop
  endfacet
  facet normal 0.178407 -0.4671 -0.866019
    outer loop
      vertex 8.0648 3.65053 0.834772
      vertex 8.20139 4.97456 0.148775
      vertex 8.62535 3.86463 0.834772
    endloop
  endfacet
  facet normal 0.178394 -0.4671 -0.866021
    outer loop
      vertex 8.20139 4.97456 0.148775
      vertex 8.0648 3.65053 0.834772
      vertex 7.64085 4.76048 0.148775
    endloop
  endfacet
  facet normal -0.308977 0.809007 -0.50004
    outer loop
      vertex 8.11848 3.50999 0.574203
      vertex 8.62535 3.86463 0.834772
      vertex 8.67904 3.72408 0.574203
    endloop
  endfacet
  facet normal -0.309001 0.809018 -0.500008
    outer loop
      vertex 8.62535 3.86463 0.834772
      vertex 8.11848 3.50999 0.574203
      vertex 8.0648 3.65053 0.834772
    endloop
  endfacet
  facet normal 0.808936 0.500049 0.30915
    outer loop
      vertex 10.0179 0.2189 5.8373
      vertex 6.1914 9.799 0.354099
      vertex 9.799 0.354099 6.1914
    endloop
  endfacet
  facet normal 0.30915 -0.808936 0.500049
    outer loop
      vertex 6.1914 -9.799 0.354099
      vertex 0.354099 -6.1914 9.799
      vertex 5.8373 -10.0179 0.2189
    endloop
  endfacet
  facet normal 4.10532e-05 0.525814 0.8506
    outer loop
      vertex 0.354099 6.1914 9.799
      vertex 0 6.4103 9.6637
      vertex 0.2189 5.8373 10.0179
    endloop
  endfacet
  facet normal 0.525814 0.8506 4.10532e-05
    outer loop
      vertex 6.4103 9.6637 0
      vertex 5.8373 10.0179 0.2189
      vertex 6.1914 9.799 0.354099
    endloop
  endfacet
  facet normal -0.808992 -0.500017 -0.309055
    outer loop
      vertex -6.4103 -9.6637 0
      vertex -10.0179 -0.2189 -5.8373
      vertex -6.1914 -9.799 -0.354099
    endloop
  endfacet
  facet normal 0.808992 0.500017 0.309055
    outer loop
      vertex 6.4103 9.6637 0
      vertex 6.1914 9.799 0.354099
      vertex 10.0179 0.2189 5.8373
    endloop
  endfacet
  facet normal 0 -0.525803 -0.850607
    outer loop
      vertex 0 -6.4103 -9.6637
      vertex -0.2189 -5.8373 -10.0179
      vertex 0.2189 -5.8373 -10.0179
    endloop
  endfacet
  facet normal 0.525803 0.850607 0
    outer loop
      vertex 6.4103 9.6637 0
      vertex 5.8373 10.0179 -0.2189
      vertex 5.8373 10.0179 0.2189
    endloop
  endfacet
  facet normal -0.808992 -0.500017 0.309055
    outer loop
      vertex -6.1914 -9.799 0.354099
      vertex -10.0179 -0.2189 5.8373
      vertex -6.4103 -9.6637 0
    endloop
  endfacet
  facet normal -0.30915 0.808936 -0.500049
    outer loop
      vertex -0.354099 6.1914 -9.799
      vertex -6.1914 9.799 -0.354099
      vertex -5.8373 10.0179 -0.2189
    endloop
  endfacet
  facet normal 0.500049 -0.30915 0.808936
    outer loop
      vertex 9.799 -0.354099 6.1914
      vertex 0.2189 -5.8373 10.0179
      vertex 0.354099 -6.1914 9.799
    endloop
  endfacet
  facet normal -4.10532e-05 -0.525814 0.8506
    outer loop
      vertex -0.2189 -5.8373 10.0179
      vertex -0.354099 -6.1914 9.799
      vertex 0 -6.4103 9.6637
    endloop
  endfacet
  facet normal 0.500049 0.30915 0.808936
    outer loop
      vertex 0.354099 6.1914 9.799
      vertex 0.2189 5.8373 10.0179
      vertex 9.799 0.354099 6.1914
    endloop
  endfacet
  facet normal 0.57735 0.57735 0.57735
    outer loop
      vertex 5.72853 5.96285 4.65312
      vertex 5.39521 5.72675 5.22254
      vertex 5.62341 5.73006 4.99103
    endloop
  endfacet
  facet normal 0.577341 0.577361 0.577349
    outer loop
      vertex 4.7943 5.80047 5.74972
      vertex 5.25328 5.63764 5.45358
      vertex 5.39521 5.72675 5.22254
    endloop
  endfacet
  facet normal 0.577342 0.577356 0.577353
    outer loop
      vertex 4.7943 5.80047 5.74972
      vertex 5.20459 5.47202 5.66789
      vertex 5.25328 5.63764 5.45358
    endloop
  endfacet
  facet normal 0.57735 0.577372 0.577329
    outer loop
      vertex 4.971 5.44908 5.92443
      vertex 5.20459 5.47202 5.66789
      vertex 4.7943 5.80047 5.74972
    endloop
  endfacet
  facet normal 0.577317 0.577219 0.577515
    outer loop
      vertex 5.25621 5.23916 5.84913
      vertex 4.971 5.44908 5.92443
      vertex 4.98574 5.41976 5.939
    endloop
  endfacet
  facet normal 0.577338 0.577364 0.577348
    outer loop
      vertex 5.2612 5.22862 5.85469
      vertex 4.98574 5.41976 5.939
      vertex 4.88154 5.35309 6.10987
    endloop
  endfacet
  facet normal 0.577365 0.577346 0.57734
    outer loop
      vertex 4.971 5.44908 5.92443
      vertex 5.25621 5.23916 5.84913
      vertex 5.20459 5.47202 5.66789
    endloop
  endfacet
  facet normal 0.57744 0.577706 0.576905
    outer loop
      vertex 4.98574 5.41976 5.939
      vertex 5.2612 5.22862 5.85469
      vertex 5.25621 5.23916 5.84913
    endloop
  endfacet
  facet normal 0.57735 0.57735 0.57735
    outer loop
      vertex 5.32095 5.10225 5.9213
      vertex 4.88154 5.35309 6.10987
      vertex 4.8942 5.2068 6.2435
    endloop
  endfacet
  facet normal 0.577347 0.57732 0.577383
    outer loop
      vertex 4.88154 5.35309 6.10987
      vertex 5.32095 5.10225 5.9213
      vertex 5.2612 5.22862 5.85469
    endloop
  endfacet
  facet normal 0.57735 0.57735 0.57735
    outer loop
      vertex 4.8942 5.2068 6.2435
      vertex 5.32753 5.09255 5.92442
      vertex 5.32095 5.10225 5.9213
    endloop
  endfacet
  facet normal 0.577352 0.577322 0.577376
    outer loop
      vertex 5.40638 4.97629 5.96183
      vertex 4.8942 5.2068 6.2435
      vertex 4.98573 5.05913 6.29963
    endloop
  endfacet
  facet normal 0.57735 0.57735 0.57735
    outer loop
      vertex 4.8942 5.2068 6.2435
      vertex 5.40638 4.97629 5.96183
      vertex 5.32753 5.09255 5.92442
    endloop
  endfacet
  facet normal 0.577321 0.577415 0.577315
    outer loop
      vertex 5.13864 4.93481 6.27106
      vertex 5.40638 4.97629 5.96183
      vertex 4.98573 5.05913 6.29963
    endloop
  endfacet
  facet normal 0.577349 0.577369 0.577333
    outer loop
      vertex 5.35206 4.83926 6.15319
      vertex 5.40638 4.97629 5.96183
      vertex 5.13864 4.93481 6.27106
    endloop
  endfacet
  facet normal 0.577362 0.577359 0.57733
    outer loop
      vertex 5.40638 4.97629 5.96183
      vertex 5.35206 4.83926 6.15319
      vertex 5.50895 4.86646 5.96909
    endloop
  endfacet
  facet normal 0.577357 0.577367 0.577327
    outer loop
      vertex 5.50895 4.86646 5.96909
      vertex 5.35206 4.83926 6.15319
      vertex 5.62517 4.77793 5.9414
    endloop
  endfacet
  facet normal 0.57735 0.57735 0.57735
    outer loop
      vertex 0.354099 6.1914 9.799
      vertex 5.5729 6.37031 4.40129
      vertex 6.1914 9.799 0.354099
    endloop
  endfacet
  facet normal 0.57735 0.57735 0.57735
    outer loop
      vertex 4.78208 5.7963 5.76612
      vertex 5.5729 6.37031 4.40129
      vertex 0.354099 6.1914 9.799
    endloop
  endfacet
  facet normal 0.577343 0.577355 0.577353
    outer loop
      vertex 5.39521 5.72675 5.22254
      vertex 5.5729 6.37031 4.40129
      vertex 4.7943 5.80047 5.74972
    endloop
  endfacet
  facet normal 0.57735 0.57735 0.57735
    outer loop
      vertex 5.5729 6.37031 4.40129
      vertex 5.39521 5.72675 5.22254
      vertex 5.72853 5.96285 4.65312
    endloop
  endfacet
  facet normal 0.578354 0.576233 0.577462
    outer loop
      vertex 5.5729 6.37031 4.40129
      vertex 4.78208 5.7963 5.76612
      vertex 4.7943 5.80047 5.74972
    endloop
  endfacet
  facet normal 0.57735 0.577351 0.57735
    outer loop
      vertex 0.354099 6.1914 9.799
      vertex 4.6356 5.74626 5.96264
      vertex 4.78208 5.7963 5.76612
    endloop
  endfacet
  facet normal 0.57735 0.57735 0.57735
    outer loop
      vertex 0.354099 6.1914 9.799
      vertex 4.55049 5.64102 6.15299
      vertex 4.6356 5.74626 5.96264
    endloop
  endfacet
  facet normal 0.577359 0.577328 0.577364
    outer loop
      vertex 0.354099 6.1914 9.799
      vertex 4.53834 5.47988 6.32627
      vertex 4.55049 5.64102 6.15299
    endloop
  endfacet
  facet normal 0.577339 0.577383 0.577328
    outer loop
      vertex 0.354099 6.1914 9.799
      vertex 4.59857 5.25793 6.48801
      vertex 4.53834 5.47988 6.32627
    endloop
  endfacet
  facet normal 0.577353 0.577338 0.577359
    outer loop
      vertex 0.354099 6.1914 9.799
      vertex 4.78133 4.93453 6.62864
      vertex 4.59857 5.25793 6.48801
    endloop
  endfacet
  facet normal 0.57735 0.57735 0.57735
    outer loop
      vertex 0.354099 6.1914 9.799
      vertex 5.05818 4.67496 6.61136
      vertex 4.78133 4.93453 6.62864
    endloop
  endfacet
  facet normal 0.57735 0.57735 0.57735
    outer loop
      vertex 9.799 0.354099 6.1914
      vertex 5.05818 4.67496 6.61136
      vertex 0.354099 6.1914 9.799
    endloop
  endfacet
  facet normal 0.577356 0.577355 0.57734
    outer loop
      vertex 5.87862 4.37485 6.09103
      vertex 9.799 0.354099 6.1914
      vertex 6.25695 4.36406 5.72348
    endloop
  endfacet
  facet normal 0.57735 0.57735 0.57735
    outer loop
      vertex 5.42523 4.48611 6.43316
      vertex 9.799 0.354099 6.1914
      vertex 5.87862 4.37485 6.09103
    endloop
  endfacet
  facet normal 0.57735 0.57735 0.57735
    outer loop
      vertex 5.05818 4.67496 6.61136
      vertex 9.799 0.354099 6.1914
      vertex 5.42523 4.48611 6.43316
    endloop
  endfacet
  facet normal 0.57735 0.57735 0.57735
    outer loop
      vertex 5.97464 6.31168 4.05818
      vertex 6.1914 9.799 0.354099
      vertex 5.5729 6.37031 4.40129
    endloop
  endfacet
  facet normal 0.57735 0.57735 0.57735
    outer loop
      vertex 6.13027 5.90422 4.31001
      vertex 6.1914 9.799 0.354099
      vertex 5.97464 6.31168 4.05818
    endloop
  endfacet
  facet normal 0.577335 0.577362 0.577354
    outer loop
      vertex 5.9048 5.64706 4.79265
      vertex 5.72853 5.96285 4.65312
      vertex 5.62341 5.73006 4.99103
    endloop
  endfacet
  facet normal 0.577346 0.577363 0.577343
    outer loop
      vertex 5.72853 5.96285 4.65312
      vertex 5.9048 5.64706 4.79265
      vertex 6.13027 5.90422 4.31001
    endloop
  endfacet
  facet normal 0.577366 0.577343 0.577342
    outer loop
      vertex 6.15622 5.48457 4.70371
      vertex 6.13027 5.90422 4.31001
      vertex 5.9048 5.64706 4.79265
    endloop
  endfacet
  facet normal 0.57735 0.57735 0.57735
    outer loop
      vertex 6.34749 5.27235 4.72466
      vertex 6.13027 5.90422 4.31001
      vertex 6.15622 5.48457 4.70371
    endloop
  endfacet
  facet normal 0.57735 0.57735 0.57735
    outer loop
      vertex 6.36345 5.25464 4.72641
      vertex 6.13027 5.90422 4.31001
      vertex 6.34749 5.27235 4.72466
    endloop
  endfacet
  facet normal 0.57735 0.57735 0.57735
    outer loop
      vertex 6.50077 4.9913 4.85243
      vertex 6.13027 5.90422 4.31001
      vertex 6.36345 5.25464 4.72641
    endloop
  endfacet
  facet normal 0.57735 0.57735 0.57735
    outer loop
      vertex 6.51223 4.96932 4.86295
      vertex 6.13027 5.90422 4.31001
      vertex 6.50077 4.9913 4.85243
    endloop
  endfacet
  facet normal 0.57735 0.57735 0.57735
    outer loop
      vertex 9.799 0.354099 6.1914
      vertex 6.13027 5.90422 4.31001
      vertex 6.51223 4.96932 4.86295
    endloop
  endfacet
  facet normal 0.57735 0.57735 0.57735
    outer loop
      vertex 9.799 0.354099 6.1914
      vertex 6.51223 4.96932 4.86295
      vertex 6.5733 4.66736 5.10384
    endloop
  endfacet
  facet normal 0.57735 0.57735 0.57735
    outer loop
      vertex 6.13027 5.90422 4.31001
      vertex 9.799 0.354099 6.1914
      vertex 6.1914 9.799 0.354099
    endloop
  endfacet
  facet normal 0.57735 0.57735 0.57735
    outer loop
      vertex 6.48836 4.46359 5.39255
      vertex 9.799 0.354099 6.1914
      vertex 6.5733 4.66736 5.10384
    endloop
  endfacet
  facet normal 0.577343 0.577346 0.577361
    outer loop
      vertex 9.799 0.354099 6.1914
      vertex 6.48836 4.46359 5.39255
      vertex 6.25695 4.36406 5.72348
    endloop
  endfacet
  facet normal 0.576742 0.576739 0.578568
    outer loop
      vertex 5.73984 4.85808 5.74658
      vertex 5.6444 4.9565 5.74361
      vertex 5.73108 4.86366 5.74975
    endloop
  endfacet
  facet normal 0.577494 0.577424 0.577133
    outer loop
      vertex 5.57248 5.08517 5.68684
      vertex 5.6444 4.9565 5.74361
      vertex 5.73984 4.85808 5.74658
    endloop
  endfacet
  facet normal 0.57735 0.57735 0.57735
    outer loop
      vertex 5.574 5.28797 5.48253
      vertex 5.73984 4.85808 5.74658
      vertex 5.84476 4.79117 5.70857
    endloop
  endfacet
  facet normal 0.5777 0.577372 0.576979
    outer loop
      vertex 5.574 5.28797 5.48253
      vertex 5.84476 4.79117 5.70857
      vertex 5.8543 4.78834 5.70185
    endloop
  endfacet
  facet normal 0.577282 0.577345 0.577424
    outer loop
      vertex 5.57248 5.08517 5.68684
      vertex 5.73984 4.85808 5.74658
      vertex 5.54673 5.20425 5.59352
    endloop
  endfacet
  facet normal 0.577321 0.577348 0.577381
    outer loop
      vertex 5.65383 5.33173 5.35894
      vertex 5.8543 4.78834 5.70185
      vertex 5.96871 4.75444 5.62135
    endloop
  endfacet
  facet normal 0.575523 0.577261 0.57926
    outer loop
      vertex 5.6444 4.9565 5.74361
      vertex 5.57248 5.08517 5.68684
      vertex 5.63716 4.96424 5.74309
    endloop
  endfacet
  facet normal 0.57735 0.57735 0.57735
    outer loop
      vertex 5.73984 4.85808 5.74658
      vertex 5.574 5.28797 5.48253
      vertex 5.54673 5.20425 5.59352
    endloop
  endfacet
  facet normal 0.57735 0.57735 0.57735
    outer loop
      vertex 5.77564 5.33101 5.23785
      vertex 5.96871 4.75444 5.62135
      vertex 6.10883 4.75346 5.48221
    endloop
  endfacet
  facet normal 0.577356 0.577343 0.577352
    outer loop
      vertex 5.8543 4.78834 5.70185
      vertex 5.65383 5.33173 5.35894
      vertex 5.574 5.28797 5.48253
    endloop
  endfacet
  facet normal 0.57735 0.57735 0.57735
    outer loop
      vertex 5.92142 5.29488 5.1282
      vertex 6.10883 4.75346 5.48221
      vertex 6.20524 4.7978 5.34146
    endloop
  endfacet
  facet normal 0.57735 0.57735 0.57735
    outer loop
      vertex 5.96871 4.75444 5.62135
      vertex 5.77564 5.33101 5.23785
      vertex 5.65383 5.33173 5.35894
    endloop
  endfacet
  facet normal 0.57735 0.57735 0.57735
    outer loop
      vertex 6.10883 4.75346 5.48221
      vertex 5.78581 5.33095 5.22774
      vertex 5.77564 5.33101 5.23785
    endloop
  endfacet
  facet normal 0.577337 0.577361 0.577353
    outer loop
      vertex 6.0502 5.22588 5.06841
      vertex 6.20524 4.7978 5.34146
      vertex 6.24834 4.88154 5.21462
    endloop
  endfacet
  facet normal 0.57735 0.57735 0.57735
    outer loop
      vertex 6.10883 4.75346 5.48221
      vertex 5.92142 5.29488 5.1282
      vertex 5.78581 5.33095 5.22774
    endloop
  endfacet
  facet normal 0.57735 0.57735 0.57735
    outer loop
      vertex 6.20524 4.7978 5.34146
      vertex 5.93274 5.29187 5.11989
      vertex 5.92142 5.29488 5.1282
    endloop
  endfacet
  facet normal 0.578384 0.577002 0.576663
    outer loop
      vertex 6.22339 5.00817 5.11294
      vertex 6.24834 4.88154 5.21462
      vertex 6.2286 4.99874 5.11715
    endloop
  endfacet
  facet normal 0.577324 0.577359 0.577368
    outer loop
      vertex 6.24834 4.88154 5.21462
      vertex 6.22339 5.00817 5.11294
      vertex 6.0502 5.22588 5.06841
    endloop
  endfacet
  facet normal 0.577385 0.577353 0.577313
    outer loop
      vertex 6.20524 4.7978 5.34146
      vertex 6.0502 5.22588 5.06841
      vertex 5.93274 5.29187 5.11989
    endloop
  endfacet
  facet normal 0.576924 0.577163 0.577963
    outer loop
      vertex 6.22339 5.00817 5.11294
      vertex 6.06 5.22038 5.06412
      vertex 6.0502 5.22588 5.06841
    endloop
  endfacet
  facet normal 0.57735 0.57735 0.57735
    outer loop
      vertex 6.06 5.22038 5.06412
      vertex 6.22339 5.00817 5.11294
      vertex 6.16088 5.12112 5.0625
    endloop
  endfacet
  facet normal -0.8506 4.10532e-05 0.525814
    outer loop
      vertex -9.799 0.354099 6.1914
      vertex -10.0179 0.2189 5.8373
      vertex -9.6637 0 6.4103
    endloop
  endfacet
  facet normal 0.30915 0.808936 0.500049
    outer loop
      vertex 5.8373 10.0179 0.2189
      vertex 0.354099 6.1914 9.799
      vertex 6.1914 9.799 0.354099
    endloop
  endfacet
  facet normal -0.500017 -0.309055 -0.808992
    outer loop
      vertex -0.2189 -5.8373 -10.0179
      vertex -9.799 -0.354099 -6.1914
      vertex -9.6637 0 -6.4103
    endloop
  endfacet
  facet normal 0.500017 -0.309055 0.808992
    outer loop
      vertex 9.6637 0 6.4103
      vertex 0.2189 -5.8373 10.0179
      vertex 9.799 -0.354099 6.1914
    endloop
  endfacet
  facet normal -0.30915 -0.808936 0.500049
    outer loop
      vertex -0.354099 -6.1914 9.799
      vertex -6.1914 -9.799 0.354099
      vertex -5.8373 -10.0179 0.2189
    endloop
  endfacet
  facet normal -0.577352 0.577348 0.577351
    outer loop
      vertex -5.92224 4.7712 5.65105
      vertex -4.53708 5.84906 5.95836
      vertex -4.84118 6.037 5.46632
    endloop
  endfacet
  facet normal -0.577355 0.577353 0.577342
    outer loop
      vertex -4.53708 5.84906 5.95836
      vertex -5.92224 4.7712 5.65105
      vertex -5.39035 4.86713 6.08702
    endloop
  endfacet
  facet normal -0.577336 0.57736 0.577355
    outer loop
      vertex -6.1914 9.799 0.354099
      vertex -5.36748 6.36226 4.61476
      vertex -5.13236 6.63755 4.57458
    endloop
  endfacet
  facet normal -0.577345 0.577347 0.577359
    outer loop
      vertex -5.36748 6.36226 4.61476
      vertex -6.43595 4.60773 5.30081
      vertex -5.08603 6.18832 5.07014
    endloop
  endfacet
  facet normal -0.577353 0.577348 0.577349
    outer loop
      vertex -6.1914 9.799 0.354099
      vertex -6.43595 4.60773 5.30081
      vertex -5.36748 6.36226 4.61476
    endloop
  endfacet
  facet normal -0.577356 0.577354 0.57734
    outer loop
      vertex -6.43595 4.60773 5.30081
      vertex -9.799 0.354099 6.1914
      vertex -6.20418 4.4645 5.67582
    endloop
  endfacet
  facet normal -0.577349 0.577351 0.577352
    outer loop
      vertex -9.799 0.354099 6.1914
      vertex -6.43595 4.60773 5.30081
      vertex -6.1914 9.799 0.354099
    endloop
  endfacet
  facet normal -0.577352 0.577348 0.577351
    outer loop
      vertex -5.13236 6.63755 4.57458
      vertex -0.354099 6.1914 9.799
      vertex -6.1914 9.799 0.354099
    endloop
  endfacet
  facet normal -0.577347 0.577358 0.577347
    outer loop
      vertex -4.30196 6.12436 5.91818
      vertex -0.354099 6.1914 9.799
      vertex -5.13236 6.63755 4.57458
    endloop
  endfacet
  facet normal -0.57735 0.57735 0.57735
    outer loop
      vertex -4.53708 5.84906 5.95836
      vertex -0.354099 6.1914 9.799
      vertex -4.30196 6.12436 5.91818
    endloop
  endfacet
  facet normal -0.57735 0.57735 0.57735
    outer loop
      vertex -5.39035 4.86713 6.08702
      vertex -0.354099 6.1914 9.799
      vertex -4.53708 5.84906 5.95836
    endloop
  endfacet
  facet normal -0.577354 0.577335 0.577361
    outer loop
      vertex -5.63897 4.57602 6.1295
      vertex -0.354099 6.1914 9.799
      vertex -5.39035 4.86713 6.08702
    endloop
  endfacet
  facet normal -0.577351 0.577352 0.577349
    outer loop
      vertex -5.63897 4.57602 6.1295
      vertex -9.799 0.354099 6.1914
      vertex -0.354099 6.1914 9.799
    endloop
  endfacet
  facet normal -0.577346 0.577347 0.577358
    outer loop
      vertex -9.799 0.354099 6.1914
      vertex -5.63897 4.57602 6.1295
      vertex -6.20418 4.4645 5.67582
    endloop
  endfacet
  facet normal -0.808992 0.500017 0.309055
    outer loop
      vertex -6.4103 9.6637 0
      vertex -10.0179 0.2189 5.8373
      vertex -6.1914 9.799 0.354099
    endloop
  endfacet
  facet normal 0.8506 -4.10532e-05 0.525814
    outer loop
      vertex 10.0179 -0.2189 5.8373
      vertex 9.6637 0 6.4103
      vertex 9.799 -0.354099 6.1914
    endloop
  endfacet
  facet normal 0.934173 -0.356821 -7.24886e-06
    outer loop
      vertex 8.61967 -3.87951 -0.663243
      vertex 8.73537 -3.5766 -0.805189
      vertex 8.72151 -3.61289 -0.609326
    endloop
  endfacet
  facet normal 0.93419 -0.356776 0.000380173
    outer loop
      vertex 8.64988 -3.8004 -0.56447
      vertex 8.72151 -3.61289 -0.609326
      vertex 8.72035 -3.61591 -0.593022
    endloop
  endfacet
  facet normal 0.934176 -0.356811 1.75722e-05
    outer loop
      vertex 8.72016 -3.61643 -0.974297
      vertex 8.73537 -3.5766 -0.805189
      vertex 8.61967 -3.87951 -0.663243
    endloop
  endfacet
  facet normal 0.934244 -0.356633 -3.04834e-05
    outer loop
      vertex 8.73537 -3.5766 -0.805189
      vertex 8.72016 -3.61643 -0.974297
      vertex 8.72305 -3.60886 -0.96601
    endloop
  endfacet
  facet normal 0.934169 -0.35683 -1.16414e-05
    outer loop
      vertex 8.66906 -3.75019 -0.452407
      vertex 8.72035 -3.61591 -0.593022
      vertex 8.67596 -3.73213 -0.331122
    endloop
  endfacet
  facet normal 0.93417 -0.356828 -9.2749e-06
    outer loop
      vertex 8.64988 -3.8004 -0.56447
      vertex 8.72035 -3.61591 -0.593022
      vertex 8.66906 -3.75019 -0.452407
    endloop
  endfacet
  facet normal 0.934166 -0.356837 8.34801e-05
    outer loop
      vertex 8.72151 -3.61289 -0.609326
      vertex 8.64988 -3.8004 -0.56447
      vertex 8.61967 -3.87951 -0.663243
    endloop
  endfacet
  facet normal 0.934164 -0.356843 -1.28909e-05
    outer loop
      vertex 8.57964 -3.9843 -0.744641
      vertex 8.72016 -3.61643 -0.974297
      vertex 8.61967 -3.87951 -0.663243
    endloop
  endfacet
  facet normal 0.934167 -0.356836 -7.58619e-07
    outer loop
      vertex 8.72016 -3.61643 -0.974297
      vertex 8.57964 -3.9843 -0.744641
      vertex 8.68543 -3.70735 -1.07386
    endloop
  endfacet
  facet normal 0.93417 -0.356827 8.10259e-06
    outer loop
      vertex 8.5741 -3.99881 -1.02292
      vertex 8.68543 -3.70735 -1.07386
      vertex 8.57964 -3.9843 -0.744641
    endloop
  endfacet
  facet normal 0.934173 -0.356821 4.43719e-05
    outer loop
      vertex 8.68543 -3.70735 -1.07386
      vertex 8.5741 -3.99881 -1.02292
      vertex 8.62824 -3.85708 -1.10862
    endloop
  endfacet
  facet normal 0.934175 -0.356815 7.38227e-06
    outer loop
      vertex 8.50302 -4.1849 -0.822577
      vertex 8.5741 -3.99881 -1.02292
      vertex 8.57964 -3.9843 -0.744641
    endloop
  endfacet
  facet normal 0.934156 -0.356864 -4.47681e-05
    outer loop
      vertex 8.49664 -4.2016 -0.829065
      vertex 8.5741 -3.99881 -1.02292
      vertex 8.50302 -4.1849 -0.822577
    endloop
  endfacet
  facet normal 0.93417 -0.356829 -3.25003e-06
    outer loop
      vertex 8.49664 -4.2016 -0.829065
      vertex 8.46571 -4.28257 -1.2598
      vertex 8.5741 -3.99881 -1.02292
    endloop
  endfacet
  facet normal 0.93417 -0.356829 -3.40965e-06
    outer loop
      vertex 8.46571 -4.28257 -1.2598
      vertex 8.49664 -4.2016 -0.829065
      vertex 8.42201 -4.39698 -0.811696
    endloop
  endfacet
  facet normal 0.934157 -0.356863 0.000219275
    outer loop
      vertex 9.15761 -2.47115 -0.643951
      vertex 8.86203 -3.24499 -0.81014
      vertex 8.86324 -3.24184 -0.838473
    endloop
  endfacet
  facet normal 0.934166 -0.356839 -6.38011e-06
    outer loop
      vertex 8.71674 -3.62536 0.637508
      vertex 8.87308 -3.21608 0.73716
      vertex 8.84939 -3.2781 0.852136
    endloop
  endfacet
  facet normal 0.934174 -0.356819 -1.49586e-05
    outer loop
      vertex 9.15761 -2.47115 -0.643951
      vertex 8.84754 -3.28294 -0.469705
      vertex 8.86203 -3.24499 -0.81014
    endloop
  endfacet
  facet normal 0.934191 -0.356774 0.000223668
    outer loop
      vertex 9.15761 -2.47115 -0.643951
      vertex 8.84217 -3.29698 -0.436184
      vertex 8.84754 -3.28294 -0.469705
    endloop
  endfacet
  facet normal 0.934171 -0.356825 -6.72433e-06
    outer loop
      vertex 9.15761 -2.47115 -0.643951
      vertex 8.77775 -3.46564 -0.0334501
      vertex 8.84217 -3.29698 -0.436184
    endloop
  endfacet
  facet normal 0.934164 -0.356843 1.36146e-05
    outer loop
      vertex 8.68562 -3.70684 0.317646
      vertex 8.87308 -3.21608 0.73716
      vertex 8.71674 -3.62536 0.637508
    endloop
  endfacet
  facet normal 0.934253 -0.356611 -5.40826e-05
    outer loop
      vertex 8.68562 -3.70684 0.317646
      vertex 8.71674 -3.62536 0.637508
      vertex 8.7057 -3.65428 0.619637
    endloop
  endfacet
  facet normal 0.93417 -0.356828 -5.57857e-06
    outer loop
      vertex 8.87308 -3.21608 0.73716
      vertex 8.68562 -3.70684 0.317646
      vertex 8.77775 -3.46564 -0.0334501
    endloop
  endfacet
  facet normal 0.934176 -0.356814 -1.36709e-05
    outer loop
      vertex 8.7057 -3.65428 0.619637
      vertex 8.67792 -3.727 0.332864
      vertex 8.68562 -3.70684 0.317646
    endloop
  endfacet
  facet normal 0.934175 -0.356816 -1.85953e-06
    outer loop
      vertex 8.58544 -3.96913 0.515641
      vertex 8.7057 -3.65428 0.619637
      vertex 8.65202 -3.79482 0.880207
    endloop
  endfacet
  facet normal 0.934176 -0.356813 -1.38419e-05
    outer loop
      vertex 8.7057 -3.65428 0.619637
      vertex 8.58544 -3.96913 0.515641
      vertex 8.67792 -3.727 0.332864
    endloop
  endfacet
  facet normal 0.934172 -0.356823 0
    outer loop
      vertex 10.0179 -0.2189 5.8373
      vertex 9.37417 -1.9042 0.0871315
      vertex 10.0179 -0.2189 -5.8373
    endloop
  endfacet
  facet normal 0.934169 -0.35683 2.35738e-06
    outer loop
      vertex 10.0179 -0.2189 5.8373
      vertex 9.3174 -2.05282 0.362672
      vertex 9.37417 -1.9042 0.0871315
    endloop
  endfacet
  facet normal 0.934174 -0.356819 -2.03294e-06
    outer loop
      vertex 9.12966 -2.54434 1.30563
      vertex 9.3174 -2.05282 0.362672
      vertex 10.0179 -0.2189 5.8373
    endloop
  endfacet
  facet normal 0.934169 -0.35683 -8.4703e-06
    outer loop
      vertex 8.9744 -2.9508 1.05442
      vertex 9.3174 -2.05282 0.362672
      vertex 9.12966 -2.54434 1.30563
    endloop
  endfacet
  facet normal 0.934175 -0.356815 -3.9142e-06
    outer loop
      vertex 9.3174 -2.05282 0.362672
      vertex 9.20228 -2.35421 -0.0516521
      vertex 9.22124 -2.30457 -0.143687
    endloop
  endfacet
  facet normal 0.934102 -0.357007 0.000108305
    outer loop
      vertex 10.0179 -0.2189 5.8373
      vertex 9.12553 -2.55514 1.32566
      vertex 9.12966 -2.54434 1.30563
    endloop
  endfacet
  facet normal 0.93418 -0.356803 -1.25327e-05
    outer loop
      vertex 10.0179 -0.2189 5.8373
      vertex 9.07598 -2.68488 1.5662
      vertex 9.12553 -2.55514 1.32566
    endloop
  endfacet
  facet normal 0.934182 -0.356797 -1.65339e-05
    outer loop
      vertex 10.0179 -0.2189 5.8373
      vertex 9.0434 -2.77018 1.51349
      vertex 9.07598 -2.68488 1.5662
    endloop
  endfacet
  facet normal 0.934171 -0.356825 2.75021e-06
    outer loop
      vertex 10.0179 -0.2189 5.8373
      vertex 8.65202 -3.79482 0.880207
      vertex 9.0434 -2.77018 1.51349
    endloop
  endfacet
  facet normal 0.934117 -0.356968 8.12515e-05
    outer loop
      vertex 8.65202 -3.79482 0.880207
      vertex 8.5773 -3.99043 0.5192
      vertex 8.58544 -3.96913 0.515641
    endloop
  endfacet
  facet normal 0.934173 -0.356821 -9.92626e-06
    outer loop
      vertex 8.65202 -3.79482 0.880207
      vertex 8.47959 -4.24624 0.561934
      vertex 8.5773 -3.99043 0.5192
    endloop
  endfacet
  facet normal 0.934172 -0.356823 9.20597e-07
    outer loop
      vertex 6.4103 -9.6637 0
      vertex 8.65202 -3.79482 0.880207
      vertex 10.0179 -0.2189 5.8373
    endloop
  endfacet
  facet normal 0.934178 -0.356808 -3.21057e-05
    outer loop
      vertex 8.65202 -3.79482 0.880207
      vertex 8.37046 -4.53195 0.457869
      vertex 8.47959 -4.24624 0.561934
    endloop
  endfacet
  facet normal 0.934172 -0.356823 -1.42396e-06
    outer loop
      vertex 8.65202 -3.79482 0.880207
      vertex 6.4103 -9.6637 0
      vertex 8.37046 -4.53195 0.457869
    endloop
  endfacet
  facet normal 0.934172 -0.356823 1.27081e-05
    outer loop
      vertex 8.24852 -4.85119 0.0477781
      vertex 6.4103 -9.6637 0
      vertex 8.24559 -4.85887 -0.210065
    endloop
  endfacet
  facet normal 0.934172 -0.356823 -6.38187e-07
    outer loop
      vertex 8.29059 -4.74105 0.275443
      vertex 6.4103 -9.6637 0
      vertex 8.24852 -4.85119 0.0477781
    endloop
  endfacet
  facet normal 0.934172 -0.356823 -3.7976e-06
    outer loop
      vertex 8.37046 -4.53195 0.457869
      vertex 6.4103 -9.6637 0
      vertex 8.29059 -4.74105 0.275443
    endloop
  endfacet
  facet normal 0.934174 -0.356817 1.92125e-06
    outer loop
      vertex 9.27595 -2.16135 -0.452477
      vertex 10.0179 -0.2189 -5.8373
      vertex 9.37417 -1.9042 0.0871315
    endloop
  endfacet
  facet normal 0.934165 -0.35684 -7.42131e-06
    outer loop
      vertex 9.1667 -2.44735 -0.629244
      vertex 10.0179 -0.2189 -5.8373
      vertex 9.27595 -2.16135 -0.452477
    endloop
  endfacet
  facet normal 0.93418 -0.356801 1.16202e-05
    outer loop
      vertex 9.15761 -2.47115 -0.643951
      vertex 10.0179 -0.2189 -5.8373
      vertex 9.1667 -2.44735 -0.629244
    endloop
  endfacet
  facet normal 0.934171 -0.356825 -6.98564e-06
    outer loop
      vertex 8.77775 -3.46564 -0.0334501
      vertex 9.15761 -2.47115 -0.643951
      vertex 8.87308 -3.21608 0.73716
    endloop
  endfacet
  facet normal 0.934175 -0.356815 2.12487e-06
    outer loop
      vertex 8.82951 -3.33015 -1.11233
      vertex 9.15761 -2.47115 -0.643951
      vertex 8.86324 -3.24184 -0.838473
    endloop
  endfacet
  facet normal 0.934199 -0.356752 -0.00013057
    outer loop
      vertex 8.8267 -3.3375 -1.13512
      vertex 9.15761 -2.47115 -0.643951
      vertex 8.82951 -3.33015 -1.11233
    endloop
  endfacet
  facet normal 0.934179 -0.356806 -2.13555e-05
    outer loop
      vertex 8.74646 -3.54757 -1.33805
      vertex 9.15761 -2.47115 -0.643951
      vertex 8.8267 -3.3375 -1.13512
    endloop
  endfacet
  facet normal 0.934173 -0.356819 2.71291e-06
    outer loop
      vertex 9.15761 -2.47115 -0.643951
      vertex 8.74646 -3.54757 -1.33805
      vertex 10.0179 -0.2189 -5.8373
    endloop
  endfacet
  facet normal 0.934178 -0.356806 1.36409e-05
    outer loop
      vertex 8.73978 -3.56506 -1.35494
      vertex 10.0179 -0.2189 -5.8373
      vertex 8.74646 -3.54757 -1.33805
    endloop
  endfacet
  facet normal 0.934174 -0.356817 4.08617e-06
    outer loop
      vertex 8.66348 -3.76482 -1.44558
      vertex 10.0179 -0.2189 -5.8373
      vertex 8.73978 -3.56506 -1.35494
    endloop
  endfacet
  facet normal 0.934158 -0.35686 -3.55098e-05
    outer loop
      vertex 8.59916 -3.93319 -1.45872
      vertex 10.0179 -0.2189 -5.8373
      vertex 8.66348 -3.76482 -1.44558
    endloop
  endfacet
  facet normal 0.9342 -0.356749 7.28003e-05
    outer loop
      vertex 8.59381 -3.9472 -1.45981
      vertex 10.0179 -0.2189 -5.8373
      vertex 8.59916 -3.93319 -1.45872
    endloop
  endfacet
  facet normal 0.934183 -0.356794 2.86127e-05
    outer loop
      vertex 8.52862 -4.11788 -1.39781
      vertex 10.0179 -0.2189 -5.8373
      vertex 8.59381 -3.9472 -1.45981
    endloop
  endfacet
  facet normal 0.934172 -0.356824 -4.5802e-06
    outer loop
      vertex 6.4103 -9.6637 0
      vertex 8.52862 -4.11788 -1.39781
      vertex 8.47055 -4.26991 -1.27041
    endloop
  endfacet
  facet normal 0.934213 -0.356715 0.000526283
    outer loop
      vertex 6.4103 -9.6637 0
      vertex 8.47055 -4.26991 -1.27041
      vertex 8.46571 -4.28257 -1.2598
    endloop
  endfacet
  facet normal 0.934262 -0.356587 6.72517e-05
    outer loop
      vertex 8.4158 -4.41325 -0.81025
      vertex 8.46571 -4.28257 -1.2598
      vertex 8.42201 -4.39698 -0.811696
    endloop
  endfacet
  facet normal 0.934169 -0.356832 -1.42363e-05
    outer loop
      vertex 8.34276 -4.60447 -0.693234
      vertex 8.46571 -4.28257 -1.2598
      vertex 8.4158 -4.41325 -0.81025
    endloop
  endfacet
  facet normal 0.934101 -0.357008 -0.000129226
    outer loop
      vertex 8.28314 -4.76054 -0.483021
      vertex 8.46571 -4.28257 -1.2598
      vertex 8.34276 -4.60447 -0.693234
    endloop
  endfacet
  facet normal 0.934172 -0.356823 -4.14395e-07
    outer loop
      vertex 8.52862 -4.11788 -1.39781
      vertex 6.4103 -9.6637 0
      vertex 10.0179 -0.2189 -5.8373
    endloop
  endfacet
  facet normal 0.934172 -0.356822 2.24193e-06
    outer loop
      vertex 8.28314 -4.76054 -0.483021
      vertex 6.4103 -9.6637 0
      vertex 8.46571 -4.28257 -1.2598
    endloop
  endfacet
  facet normal 0.934171 -0.356825 -3.09008e-05
    outer loop
      vertex 6.4103 -9.6637 0
      vertex 8.28314 -4.76054 -0.483021
      vertex 8.24559 -4.85887 -0.210065
    endloop
  endfacet
  facet normal 0.934172 -0.356823 2.11184e-06
    outer loop
      vertex 9.3174 -2.05282 0.362672
      vertex 8.9744 -2.9508 1.05442
      vertex 9.20228 -2.35421 -0.0516521
    endloop
  endfacet
  facet normal 0.934176 -0.356813 -2.90032e-05
    outer loop
      vertex 8.4091 -4.43078 -0.279423
      vertex 8.61444 -3.89319 -0.130423
      vertex 8.59797 -3.93632 -0.0101519
    endloop
  endfacet
  facet normal 0.934177 -0.356809 -1.49395e-05
    outer loop
      vertex 8.61444 -3.89319 -0.130423
      vertex 8.44286 -4.3424 -0.397201
      vertex 8.61351 -3.89562 -0.246833
    endloop
  endfacet
  facet normal 0.934165 -0.35684 9.08627e-05
    outer loop
      vertex 8.61351 -3.89562 -0.246833
      vertex 8.44286 -4.3424 -0.397201
      vertex 8.5973 -3.93808 -0.341553
    endloop
  endfacet
  facet normal 0.93417 -0.356829 -6.37532e-06
    outer loop
      vertex 8.40653 -4.4375 -0.270043
      vertex 8.59797 -3.93632 -0.0101519
      vertex 8.5626 -4.02892 0.119414
    endloop
  endfacet
  facet normal 0.934172 -0.356824 1.33033e-05
    outer loop
      vertex 8.61444 -3.89319 -0.130423
      vertex 8.4091 -4.43078 -0.279423
      vertex 8.44286 -4.3424 -0.397201
    endloop
  endfacet
  facet normal 0.934172 -0.356824 -4.49194e-05
    outer loop
      vertex 8.56251 -4.02915 -0.428258
      vertex 8.5973 -3.93808 -0.341553
      vertex 8.44286 -4.3424 -0.397201
    endloop
  endfacet
  facet normal 0.93417 -0.356829 -0.000102273
    outer loop
      vertex 8.56251 -4.02915 -0.428258
      vertex 8.44286 -4.3424 -0.397201
      vertex 8.52317 -4.13213 -0.46756
    endloop
  endfacet
  facet normal 0.934165 -0.356841 2.26477e-05
    outer loop
      vertex 8.38243 -4.50059 -0.00928466
      vertex 8.5626 -4.02892 0.119414
      vertex 8.51967 -4.1413 0.20143
    endloop
  endfacet
  facet normal 0.934004 -0.357261 0.000481717
    outer loop
      vertex 8.5973 -3.93808 -0.341553
      vertex 8.56251 -4.02915 -0.428258
      vertex 8.59595 -3.94162 -0.349439
    endloop
  endfacet
  facet normal 0.934235 -0.356658 0.000927862
    outer loop
      vertex 8.47075 -4.26938 0.2252
      vertex 8.51967 -4.1413 0.20143
      vertex 8.47408 -4.26065 0.228023
    endloop
  endfacet
  facet normal 0.934173 -0.356821 -7.78149e-05
    outer loop
      vertex 8.42815 -4.3809 0.185009
      vertex 8.51967 -4.1413 0.20143
      vertex 8.47075 -4.26938 0.2252
    endloop
  endfacet
  facet normal 0.934219 -0.356696 0.00169861
    outer loop
      vertex 8.52317 -4.13213 -0.46756
      vertex 8.47836 -4.24945 -0.458878
      vertex 8.5199 -4.14071 -0.470832
    endloop
  endfacet
  facet normal 0.934178 -0.356809 -3.33482e-05
    outer loop
      vertex 8.47836 -4.24945 -0.458878
      vertex 8.52317 -4.13213 -0.46756
      vertex 8.44286 -4.3424 -0.397201
    endloop
  endfacet
  facet normal 0.934182 -0.356797 -0.000153783
    outer loop
      vertex 8.42815 -4.3809 0.185009
      vertex 8.47075 -4.26938 0.2252
      vertex 8.43071 -4.3742 0.191302
    endloop
  endfacet
  facet normal 0.934171 -0.356825 -1.01238e-05
    outer loop
      vertex 8.51967 -4.1413 0.20143
      vertex 8.42815 -4.3809 0.185009
      vertex 8.38243 -4.50059 -0.00928466
    endloop
  endfacet
  facet normal 0.933891 -0.357557 -0.000617041
    outer loop
      vertex 8.44286 -4.3424 -0.397201
      vertex 8.4091 -4.43078 -0.279423
      vertex 8.4399 -4.35014 -0.392065
    endloop
  endfacet
  facet normal 0.934177 -0.356811 -2.86447e-05
    outer loop
      vertex 8.40653 -4.4375 -0.270043
      vertex 8.5626 -4.02892 0.119414
      vertex 8.38681 -4.48914 -0.139098
    endloop
  endfacet
  facet normal 0.934204 -0.35674 -6.97371e-05
    outer loop
      vertex 8.38243 -4.50059 -0.00928466
      vertex 8.42815 -4.3809 0.185009
      vertex 8.39745 -4.46128 0.109437
    endloop
  endfacet
  facet normal 0.934129 -0.356934 0.000225407
    outer loop
      vertex 8.59797 -3.93632 -0.0101519
      vertex 8.40653 -4.4375 -0.270043
      vertex 8.4091 -4.43078 -0.279423
    endloop
  endfacet
  facet normal 0.934163 -0.356847 4.42196e-05
    outer loop
      vertex 8.5626 -4.02892 0.119414
      vertex 8.38243 -4.50059 -0.00928466
      vertex 8.38681 -4.48914 -0.139098
    endloop
  endfacet
  facet normal 0.934096 -0.357023 2.63766e-05
    outer loop
      vertex 8.38681 -4.48914 -0.139098
      vertex 8.38243 -4.50059 -0.00928466
      vertex 8.38517 -4.49343 -0.128194
    endloop
  endfacet
  facet normal 0.934875 -0.354977 -0.000738552
    outer loop
      vertex 8.38243 -4.50059 -0.00928466
      vertex 8.39745 -4.46128 0.109437
      vertex 8.38221 -4.50119 0.000617981
    endloop
  endfacet
  facet normal 1 -0 0
    outer loop
      vertex 10.0179 -0.2189 5.8373
      vertex 10.0179 0.2189 -5.8373
      vertex 10.0179 0.2189 5.8373
    endloop
  endfacet
  facet normal 1 0 0
    outer loop
      vertex 10.0179 0.2189 -5.8373
      vertex 10.0179 -0.2189 5.8373
      vertex 10.0179 -0.2189 -5.8373
    endloop
  endfacet
  facet normal -0.525803 0.850607 0
    outer loop
      vertex -5.8373 10.0179 -0.2189
      vertex -6.4103 9.6637 0
      vertex -5.8373 10.0179 0.2189
    endloop
  endfacet
  facet normal 0 1 -0
    outer loop
      vertex 5.8373 10.0179 -0.2189
      vertex -5.8373 10.0179 0.2189
      vertex 5.8373 10.0179 0.2189
    endloop
  endfacet
  facet normal 0 1 0
    outer loop
      vertex -5.8373 10.0179 0.2189
      vertex 5.8373 10.0179 -0.2189
      vertex -5.8373 10.0179 -0.2189
    endloop
  endfacet
  facet normal -0.525814 -0.8506 4.10532e-05
    outer loop
      vertex -6.1914 -9.799 0.354099
      vertex -6.4103 -9.6637 0
      vertex -5.8373 -10.0179 0.2189
    endloop
  endfacet
  facet normal -0.808936 -0.500049 0.30915
    outer loop
      vertex -9.799 -0.354099 6.1914
      vertex -10.0179 -0.2189 5.8373
      vertex -6.1914 -9.799 0.354099
    endloop
  endfacet
  facet normal -0.309055 -0.808992 0.500017
    outer loop
      vertex -0.354099 -6.1914 9.799
      vertex -5.8373 -10.0179 0.2189
      vertex 0 -6.4103 9.6637
    endloop
  endfacet
  facet normal 0.8506 4.10532e-05 0.525814
    outer loop
      vertex 9.799 0.354099 6.1914
      vertex 9.6637 0 6.4103
      vertex 10.0179 0.2189 5.8373
    endloop
  endfacet
  facet normal 0.525814 0.8506 -4.10532e-05
    outer loop
      vertex 6.1914 9.799 -0.354099
      vertex 5.8373 10.0179 -0.2189
      vertex 6.4103 9.6637 0
    endloop
  endfacet
  facet normal -0.356822 0 -0.934172
    outer loop
      vertex -0.2189 -5.8373 -10.0179
      vertex -1.95636 0.0683165 -9.35425
      vertex -0.2189 5.8373 -10.0179
    endloop
  endfacet
  facet normal -0.35723 -0.000137682 -0.934016
    outer loop
      vertex -0.2189 -5.8373 -10.0179
      vertex -1.96524 0.0432435 -9.35085
      vertex -1.95636 0.0683165 -9.35425
    endloop
  endfacet
  facet normal -0.356807 6.25682e-06 -0.934178
    outer loop
      vertex -0.2189 -5.8373 -10.0179
      vertex -2.07204 -0.258129 -9.31006
      vertex -1.96524 0.0432435 -9.35085
    endloop
  endfacet
  facet normal -0.356824 -2.8059e-07 -0.934171
    outer loop
      vertex -0.2189 -5.8373 -10.0179
      vertex -2.26826 -0.526503 -9.23511
      vertex -2.07204 -0.258129 -9.31006
    endloop
  endfacet
  facet normal -0.356821 1.07973e-06 -0.934173
    outer loop
      vertex -2.63395 -1.21279 -9.09543
      vertex -2.26826 -0.526503 -9.23511
      vertex -0.2189 -5.8373 -10.0179
    endloop
  endfacet
  facet normal -0.356441 -0.000231115 -0.934318
    outer loop
      vertex -2.26826 -0.526503 -9.23511
      vertex -2.63395 -1.21279 -9.09543
      vertex -2.28647 -0.538266 -9.22816
    endloop
  endfacet
  facet normal -0.356823 -5.56105e-06 -0.934172
    outer loop
      vertex -2.28647 -0.538266 -9.22816
      vertex -2.63395 -1.21279 -9.09543
      vertex -2.50523 -0.679626 -9.1446
    endloop
  endfacet
  facet normal -0.356608 0.000128672 -0.934254
    outer loop
      vertex -0.2189 -5.8373 -10.0179
      vertex -2.6497 -1.22608 -9.08942
      vertex -2.63395 -1.21279 -9.09543
    endloop
  endfacet
  facet normal -0.356844 -1.35869e-05 -0.934164
    outer loop
      vertex -0.2189 -5.8373 -10.0179
      vertex -2.83886 -1.38574 -9.01716
      vertex -2.6497 -1.22608 -9.08942
    endloop
  endfacet
  facet normal -0.356655 0.000113538 -0.934236
    outer loop
      vertex -0.2189 -5.8373 -10.0179
      vertex -2.85505 -1.39161 -9.01098
      vertex -2.83886 -1.38574 -9.01716
    endloop
  endfacet
  facet normal -0.356829 -4.60981e-06 -0.93417
    outer loop
      vertex -0.2189 -5.8373 -10.0179
      vertex -3.04946 -1.46209 -8.93672
      vertex -2.85505 -1.39161 -9.01098
    endloop
  endfacet
  facet normal -0.357156 -0.000247062 -0.934045
    outer loop
      vertex -0.2189 -5.8373 -10.0179
      vertex -3.0668 -1.4606 -8.93009
      vertex -3.04946 -1.46209 -8.93672
    endloop
  endfacet
  facet normal -0.356792 2.47273e-05 -0.934184
    outer loop
      vertex -0.2189 -5.8373 -10.0179
      vertex -3.27511 -1.44262 -8.85053
      vertex -3.0668 -1.4606 -8.93009
    endloop
  endfacet
  facet normal -0.356736 6.9326e-05 -0.934205
    outer loop
      vertex -0.2189 -5.8373 -10.0179
      vertex -3.29433 -1.43381 -8.84319
      vertex -3.27511 -1.44262 -8.85053
    endloop
  endfacet
  facet normal -0.356866 -3.49333e-05 -0.934156
    outer loop
      vertex -0.2189 -5.8373 -10.0179
      vertex -3.52514 -1.32808 -8.75502
      vertex -3.29433 -1.43381 -8.84319
    endloop
  endfacet
  facet normal -0.356821 2.31045e-06 -0.934173
    outer loop
      vertex -9.6637 0 -6.4103
      vertex -3.52514 -1.32808 -8.75502
      vertex -0.2189 -5.8373 -10.0179
    endloop
  endfacet
  facet normal -0.356823 -7.9585e-06 -0.934172
    outer loop
      vertex -4.51605 -0.675409 -8.37653
      vertex -3.52514 -1.32808 -8.75502
      vertex -9.6637 0 -6.4103
    endloop
  endfacet
  facet normal -0.356829 -1.33263e-05 -0.93417
    outer loop
      vertex -4.51605 -0.675409 -8.37653
      vertex -3.92216 -0.708402 -8.60338
      vertex -3.80206 -1.06336 -8.64925
    endloop
  endfacet
  facet normal -0.356827 1.23729e-05 -0.93417
    outer loop
      vertex -3.92216 -0.708402 -8.60338
      vertex -4.51605 -0.675409 -8.37653
      vertex -4.26777 -0.215096 -8.47136
    endloop
  endfacet
  facet normal -0.356831 -1.77392e-05 -0.934169
    outer loop
      vertex -3.54643 -1.30773 -8.74689
      vertex -4.51605 -0.675409 -8.37653
      vertex -3.80206 -1.06336 -8.64925
    endloop
  endfacet
  facet normal -0.356986 -0.000291095 -0.93411
    outer loop
      vertex -3.52514 -1.32808 -8.75502
      vertex -4.51605 -0.675409 -8.37653
      vertex -3.54643 -1.30773 -8.74689
    endloop
  endfacet
  facet normal -0.35682 1.84525e-05 -0.934173
    outer loop
      vertex -4.51605 -0.675409 -8.37653
      vertex -9.6637 0 -6.4103
      vertex -4.92351 -0.423578 -8.22089
    endloop
  endfacet
  facet normal -0.356848 9.1964e-06 -0.934162
    outer loop
      vertex -1.97075 0.377548 -9.34875
      vertex -0.2189 5.8373 -10.0179
      vertex -1.95636 0.0683165 -9.35425
    endloop
  endfacet
  facet normal -0.356829 2.11172e-06 -0.93417
    outer loop
      vertex -2.11314 0.654215 -9.29436
      vertex -0.2189 5.8373 -10.0179
      vertex -1.97075 0.377548 -9.34875
    endloop
  endfacet
  facet normal -0.356816 -3.49827e-06 -0.934175
    outer loop
      vertex -2.38147 0.88294 -9.19187
      vertex -0.2189 5.8373 -10.0179
      vertex -2.11314 0.654215 -9.29436
    endloop
  endfacet
  facet normal -0.356826 1.56684e-06 -0.934171
    outer loop
      vertex -2.72825 1.00898 -9.05941
      vertex -0.2189 5.8373 -10.0179
      vertex -2.38147 0.88294 -9.19187
    endloop
  endfacet
  facet normal -0.356823 -2.40535e-07 -0.934172
    outer loop
      vertex -3.03003 0.950975 -8.94414
      vertex -0.2189 5.8373 -10.0179
      vertex -2.72825 1.00898 -9.05941
    endloop
  endfacet
  facet normal -0.35664 -0.000120782 -0.934242
    outer loop
      vertex -3.05515 0.946148 -8.93455
      vertex -0.2189 5.8373 -10.0179
      vertex -3.03003 0.950975 -8.94414
    endloop
  endfacet
  facet normal -0.356826 3.766e-06 -0.934171
    outer loop
      vertex -4.67523 0.0367336 -8.31573
      vertex -3.05515 0.946148 -8.93455
      vertex -3.34075 0.714663 -8.82546
    endloop
  endfacet
  facet normal -0.35679 -7.75125e-05 -0.934185
    outer loop
      vertex -4.67523 0.0367336 -8.31573
      vertex -3.34075 0.714663 -8.82546
      vertex -3.36452 0.695396 -8.81638
    endloop
  endfacet
  facet normal -0.35683 1.24264e-05 -0.934169
    outer loop
      vertex -4.67523 0.0367336 -8.31573
      vertex -3.36452 0.695396 -8.81638
      vertex -3.63607 0.291298 -8.71266
    endloop
  endfacet
  facet normal -0.356774 -0.00024709 -0.934191
    outer loop
      vertex -4.67523 0.0367336 -8.31573
      vertex -3.63607 0.291298 -8.71266
      vertex -3.65867 0.257658 -8.70402
    endloop
  endfacet
  facet normal -0.35682 0.00016182 -0.934173
    outer loop
      vertex -4.26777 -0.215096 -8.47136
      vertex -3.86038 -0.226518 -8.62697
      vertex -3.87718 -0.266831 -8.62056
    endloop
  endfacet
  facet normal -0.356906 -5.11947e-05 -0.93414
    outer loop
      vertex -4.26777 -0.215096 -8.47136
      vertex -3.91871 -0.674458 -8.6047
      vertex -3.92216 -0.708402 -8.60338
    endloop
  endfacet
  facet normal -0.356838 8.79148e-06 -0.934166
    outer loop
      vertex -4.26777 -0.215096 -8.47136
      vertex -3.87718 -0.266831 -8.62056
      vertex -3.91871 -0.674458 -8.6047
    endloop
  endfacet
  facet normal -0.356824 -6.1157e-06 -0.934172
    outer loop
      vertex -3.86038 -0.226518 -8.62697
      vertex -4.26777 -0.215096 -8.47136
      vertex -3.65867 0.257658 -8.70402
    endloop
  endfacet
  facet normal -0.356826 -2.95038e-06 -0.934171
    outer loop
      vertex -4.6439 0.0173728 -8.32769
      vertex -3.65867 0.257658 -8.70402
      vertex -4.26777 -0.215096 -8.47136
    endloop
  endfacet
  facet normal -0.356774 -0.000248204 -0.934191
    outer loop
      vertex -4.67523 0.0367336 -8.31573
      vertex -3.65867 0.257658 -8.70402
      vertex -4.6439 0.0173728 -8.32769
    endloop
  endfacet
  facet normal -0.356823 -3.33246e-06 -0.934172
    outer loop
      vertex -9.6637 0 -6.4103
      vertex -3.05515 0.946148 -8.93455
      vertex -4.67523 0.0367336 -8.31573
    endloop
  endfacet
  facet normal -0.356838 -0.000208356 -0.934166
    outer loop
      vertex -9.6637 0 -6.4103
      vertex -4.90442 -0.388184 -8.22819
      vertex -4.92351 -0.423578 -8.22089
    endloop
  endfacet
  facet normal -0.356823 9.90276e-07 -0.934172
    outer loop
      vertex -3.05515 0.946148 -8.93455
      vertex -9.6637 0 -6.4103
      vertex -0.2189 5.8373 -10.0179
    endloop
  endfacet
  facet normal -0.356823 6.56532e-06 -0.934172
    outer loop
      vertex -4.90442 -0.388184 -8.22819
      vertex -9.6637 0 -6.4103
      vertex -4.67523 0.0367336 -8.31573
    endloop
  endfacet
  facet normal -0.356838 -1.48299e-06 -0.934166
    outer loop
      vertex -2.63395 -1.21279 -9.09543
      vertex -2.7638 -0.710717 -9.04583
      vertex -2.50523 -0.679626 -9.1446
    endloop
  endfacet
  facet normal -0.356823 2.78472e-06 -0.934172
    outer loop
      vertex -2.94976 -0.948868 -8.9748
      vertex -2.7638 -0.710717 -9.04583
      vertex -2.63395 -1.21279 -9.09543
    endloop
  endfacet
  facet normal -0.356786 -3.07262e-05 -0.934186
    outer loop
      vertex -2.97605 -0.926899 -8.96476
      vertex -2.7638 -0.710717 -9.04583
      vertex -2.94976 -0.948868 -8.9748
    endloop
  endfacet
  facet normal -0.356818 5.24957e-06 -0.934174
    outer loop
      vertex -2.97605 -0.926899 -8.96476
      vertex -3.02482 -0.613038 -8.94613
      vertex -2.7638 -0.710717 -9.04583
    endloop
  endfacet
  facet normal -0.356816 5.66073e-06 -0.934175
    outer loop
      vertex -3.14285 -1.02864 -8.90105
      vertex -3.02482 -0.613038 -8.94613
      vertex -2.97605 -0.926899 -8.96476
    endloop
  endfacet
  facet normal -0.356851 1.72207e-05 -0.934161
    outer loop
      vertex -3.33468 -0.995404 -8.82777
      vertex -3.02482 -0.613038 -8.94613
      vertex -3.14285 -1.02864 -8.90105
    endloop
  endfacet
  facet normal -0.356825 0.000191391 -0.934171
    outer loop
      vertex -3.33468 -0.995404 -8.82777
      vertex -3.14285 -1.02864 -8.90105
      vertex -3.15673 -1.03711 -8.89575
    endloop
  endfacet
  facet normal -0.356799 -3.10942e-05 -0.934181
    outer loop
      vertex -3.46411 -0.868608 -8.77834
      vertex -3.02482 -0.613038 -8.94613
      vertex -3.33468 -0.995404 -8.82777
    endloop
  endfacet
  facet normal -0.356815 -5.66837e-07 -0.934175
    outer loop
      vertex -3.02482 -0.613038 -8.94613
      vertex -3.46411 -0.868608 -8.77834
      vertex -3.1524 -0.512811 -8.8974
    endloop
  endfacet
  facet normal -0.356827 1.18193e-05 -0.93417
    outer loop
      vertex -3.5134 -0.66322 -8.75951
      vertex -3.1524 -0.512811 -8.8974
      vertex -3.46411 -0.868608 -8.77834
    endloop
  endfacet
  facet normal -0.356816 -1.74915e-05 -0.934175
    outer loop
      vertex -3.1524 -0.512811 -8.8974
      vertex -3.5134 -0.66322 -8.75951
      vertex -3.16015 -0.503095 -8.89444
    endloop
  endfacet
  facet normal -0.356835 -1.52172e-05 -0.934168
    outer loop
      vertex -3.16015 -0.503095 -8.89444
      vertex -3.46708 -0.409625 -8.7772
      vertex -3.25317 -0.386383 -8.85891
    endloop
  endfacet
  facet normal -0.356601 5.75125e-05 -0.934257
    outer loop
      vertex -3.31682 -0.245167 -8.8346
      vertex -3.34334 -0.124317 -8.82447
      vertex -3.33304 -0.100567 -8.8284
    endloop
  endfacet
  facet normal -0.356784 -1.3852e-05 -0.934187
    outer loop
      vertex -3.46411 -0.868608 -8.77834
      vertex -3.33468 -0.995404 -8.82777
      vertex -3.3495 -0.991932 -8.82211
    endloop
  endfacet
  facet normal -0.356828 1.09726e-05 -0.93417
    outer loop
      vertex -3.46708 -0.409625 -8.7772
      vertex -3.16015 -0.503095 -8.89444
      vertex -3.5134 -0.66322 -8.75951
    endloop
  endfacet
  facet normal -0.356849 -4.73711e-06 -0.934162
    outer loop
      vertex -3.31682 -0.245167 -8.8346
      vertex -3.46708 -0.409625 -8.7772
      vertex -3.34334 -0.124317 -8.82447
    endloop
  endfacet
  facet normal -0.357502 -0.0001737 -0.933913
    outer loop
      vertex -3.5134 -0.66322 -8.75951
      vertex -3.46411 -0.868608 -8.77834
      vertex -3.47365 -0.85834 -8.77469
    endloop
  endfacet
  facet normal -0.356834 -2.03244e-05 -0.934168
    outer loop
      vertex -3.25317 -0.386383 -8.85891
      vertex -3.46708 -0.409625 -8.7772
      vertex -3.31682 -0.245167 -8.8346
    endloop
  endfacet
  facet normal -0.35699 -2.48414e-05 -0.934108
    outer loop
      vertex -2.41314 0.145808 -9.17977
      vertex -2.39978 0.303255 -9.18488
      vertex -2.40796 0.159006 -9.18175
    endloop
  endfacet
  facet normal -0.356836 -3.9792e-05 -0.934167
    outer loop
      vertex -2.9532 0.468798 -8.97349
      vertex -2.39978 0.303255 -9.18488
      vertex -2.41314 0.145808 -9.17977
    endloop
  endfacet
  facet normal -0.356824 6.68655e-06 -0.934172
    outer loop
      vertex -2.82879 0.56071 -9.02101
      vertex -2.39978 0.303255 -9.18488
      vertex -2.9532 0.468798 -8.97349
    endloop
  endfacet
  facet normal -0.356951 -1.21312e-05 -0.934123
    outer loop
      vertex -2.39978 0.303255 -9.18488
      vertex -2.44354 0.436791 -9.16816
      vertex -2.3991 0.315257 -9.18514
    endloop
  endfacet
  facet normal -0.356812 5.88608e-06 -0.934176
    outer loop
      vertex -2.9532 0.468798 -8.97349
      vertex -2.41314 0.145808 -9.17977
      vertex -2.47548 -0.012805 -9.15596
    endloop
  endfacet
  facet normal -0.356805 4.25457e-05 -0.934179
    outer loop
      vertex -2.39978 0.303255 -9.18488
      vertex -2.82879 0.56071 -9.02101
      vertex -2.44354 0.436791 -9.16816
    endloop
  endfacet
  facet normal -0.356821 -2.43884e-05 -0.934173
    outer loop
      vertex -3.12982 0.155141 -8.90603
      vertex -2.47548 -0.012805 -9.15596
      vertex -2.57993 -0.160294 -9.11606
    endloop
  endfacet
  facet normal -0.356806 3.82407e-05 -0.934178
    outer loop
      vertex -2.55069 0.544813 -9.12723
      vertex -2.44354 0.436791 -9.16816
      vertex -2.82879 0.56071 -9.02101
    endloop
  endfacet
  facet normal -0.357272 -0.000491026 -0.934
    outer loop
      vertex -2.44354 0.436791 -9.16816
      vertex -2.55069 0.544813 -9.12723
      vertex -2.44724 0.446903 -9.16675
    endloop
  endfacet
  facet normal -0.357001 0.000319296 -0.934104
    outer loop
      vertex -2.71301 -0.251485 -9.06523
      vertex -2.57993 -0.160294 -9.11606
      vertex -2.70283 -0.249605 -9.06912
    endloop
  endfacet
  facet normal -0.356816 1.01355e-05 -0.934175
    outer loop
      vertex -2.97686 -0.219732 -8.96445
      vertex -2.57993 -0.160294 -9.11606
      vertex -2.71301 -0.251485 -9.06523
    endloop
  endfacet
  facet normal -0.356812 -8.6331e-05 -0.934176
    outer loop
      vertex -2.55069 0.544813 -9.12723
      vertex -2.82879 0.56071 -9.02101
      vertex -2.67671 0.586701 -9.0791
    endloop
  endfacet
  facet normal -0.356855 0.000157719 -0.93416
    outer loop
      vertex -2.84566 -0.270455 -9.01456
      vertex -2.71301 -0.251485 -9.06523
      vertex -2.8354 -0.274069 -9.01848
    endloop
  endfacet
  facet normal -0.356825 -8.23469e-05 -0.934171
    outer loop
      vertex -2.97686 -0.219732 -8.96445
      vertex -2.71301 -0.251485 -9.06523
      vertex -2.84566 -0.270455 -9.01456
    endloop
  endfacet
  facet normal -0.357009 0.00123121 -0.9341
    outer loop
      vertex -2.67671 0.586701 -9.0791
      vertex -2.82879 0.56071 -9.02101
      vertex -2.68719 0.590186 -9.07509
    endloop
  endfacet
  facet normal -0.356822 -5.28263e-06 -0.934172
    outer loop
      vertex -2.47548 -0.012805 -9.15596
      vertex -3.07957 0.296171 -8.92522
      vertex -2.9532 0.468798 -8.97349
    endloop
  endfacet
  facet normal -0.356813 -4.65618e-05 -0.934176
    outer loop
      vertex -2.97686 -0.219732 -8.96445
      vertex -2.84566 -0.270455 -9.01456
      vertex -2.9689 -0.22703 -8.96749
    endloop
  endfacet
  facet normal -0.356816 1.46327e-05 -0.934175
    outer loop
      vertex -2.57993 -0.160294 -9.11606
      vertex -2.97686 -0.219732 -8.96445
      vertex -3.12993 0.00735387 -8.90598
    endloop
  endfacet
  facet normal -0.356826 7.02198e-06 -0.934171
    outer loop
      vertex -3.12993 0.00735387 -8.90598
      vertex -2.97686 -0.219732 -8.96445
      vertex -3.07252 -0.132049 -8.92791
    endloop
  endfacet
  facet normal -0.3573 0.000395502 -0.93399
    outer loop
      vertex -2.9532 0.468798 -8.97349
      vertex -3.07957 0.296171 -8.92522
      vertex -2.96356 0.461149 -8.96953
    endloop
  endfacet
  facet normal -0.356099 0.0003502 -0.934448
    outer loop
      vertex -3.12993 0.00735387 -8.90598
      vertex -3.07252 -0.132049 -8.92791
      vertex -3.1296 -0.00397015 -8.90611
    endloop
  endfacet
  facet normal -0.356834 -5.04557e-05 -0.934168
    outer loop
      vertex -2.57993 -0.160294 -9.11606
      vertex -3.12993 0.00735387 -8.90598
      vertex -3.12982 0.155141 -8.90603
    endloop
  endfacet
  facet normal -0.35681 2.03853e-05 -0.934177
    outer loop
      vertex -2.47548 -0.012805 -9.15596
      vertex -3.12982 0.155141 -8.90603
      vertex -3.07957 0.296171 -8.92522
    endloop
  endfacet
  facet normal -0.357359 -4.99967e-05 -0.933967
    outer loop
      vertex -3.12982 0.155141 -8.90603
      vertex -3.12993 0.00735387 -8.90598
      vertex -3.134 0.143403 -8.90443
    endloop
  endfacet
  facet normal 0 -0.525803 0.850607
    outer loop
      vertex 0.2189 -5.8373 10.0179
      vertex -0.2189 -5.8373 10.0179
      vertex 0 -6.4103 9.6637
    endloop
  endfacet
  facet normal -0.500017 0.309055 0.808992
    outer loop
      vertex -0.2189 5.8373 10.0179
      vertex -9.799 0.354099 6.1914
      vertex -9.6637 0 6.4103
    endloop
  endfacet
  facet normal -0.500049 0.30915 0.808936
    outer loop
      vertex -0.354099 6.1914 9.799
      vertex -9.799 0.354099 6.1914
      vertex -0.2189 5.8373 10.0179
    endloop
  endfacet
  facet normal -0.000121803 0.934255 -0.356605
    outer loop
      vertex -0.0213499 9.13654 -2.52634
      vertex -0.668275 9.02369 -2.82177
      vertex -0.684222 9.02402 -2.8209
    endloop
  endfacet
  facet normal 2.71141e-05 0.934146 -0.35689
    outer loop
      vertex -0.0213499 9.13654 -2.52634
      vertex -0.476682 9.01965 -2.83233
      vertex -0.668275 9.02369 -2.82177
    endloop
  endfacet
  facet normal -6.67738e-05 0.93421 -0.356722
    outer loop
      vertex -0.116714 9.07515 -2.68705
      vertex -0.461416 9.01694 -2.83943
      vertex -0.476682 9.01965 -2.83233
    endloop
  endfacet
  facet normal 3.23139e-05 0.934164 -0.356845
    outer loop
      vertex -0.277999 8.98439 -2.92466
      vertex -0.116714 9.07515 -2.68705
      vertex -0.141047 9.00219 -2.87805
    endloop
  endfacet
  facet normal -2.06836e-05 0.934176 -0.356813
    outer loop
      vertex -0.116714 9.07515 -2.68705
      vertex -0.277999 8.98439 -2.92466
      vertex -0.461416 9.01694 -2.83943
    endloop
  endfacet
  facet normal 2.06465e-05 0.934175 -0.356815
    outer loop
      vertex -0.0962564 8.926 -3.07752
      vertex -0.277999 8.98439 -2.92466
      vertex -0.141047 9.00219 -2.87805
    endloop
  endfacet
  facet normal -0.000735088 0.934201 -0.356747
    outer loop
      vertex -0.0980907 8.91851 -3.09713
      vertex -0.0962564 8.926 -3.07752
      vertex -0.0925283 8.91966 -3.09413
    endloop
  endfacet
  facet normal 0.0116545 0.933751 -0.357734
    outer loop
      vertex -0.0985537 8.91842 -3.09738
      vertex -0.0962564 8.926 -3.07752
      vertex -0.0980907 8.91851 -3.09713
    endloop
  endfacet
  facet normal 0.000223292 0.934255 -0.356605
    outer loop
      vertex -0.0962564 8.926 -3.07752
      vertex -0.0985537 8.91842 -3.09738
      vertex -0.277999 8.98439 -2.92466
    endloop
  endfacet
  facet normal 0 0.934171 -0.356825
    outer loop
      vertex 5.8373 10.0179 -0.2189
      vertex 0.407128 9.21637 -2.31731
      vertex -5.8373 10.0179 -0.2189
    endloop
  endfacet
  facet normal -0.000391957 0.934509 -0.35594
    outer loop
      vertex 5.8373 10.0179 -0.2189
      vertex 0.427129 9.21535 -2.32001
      vertex 0.407128 9.21637 -2.31731
    endloop
  endfacet
  facet normal 1.25242e-05 0.934162 -0.356849
    outer loop
      vertex 5.8373 10.0179 -0.2189
      vertex 0.667521 9.20297 -2.35241
      vertex 0.427129 9.21535 -2.32001
    endloop
  endfacet
  facet normal -4.16105e-05 0.934206 -0.356735
    outer loop
      vertex 5.8373 10.0179 -0.2189
      vertex 0.686119 9.19861 -2.36383
      vertex 0.667521 9.20297 -2.35241
    endloop
  endfacet
  facet normal 5.35353e-06 0.934168 -0.356833
    outer loop
      vertex 5.8373 10.0179 -0.2189
      vertex 0.909658 9.14614 -2.50119
      vertex 0.686119 9.19861 -2.36383
    endloop
  endfacet
  facet normal 3.70233e-05 0.934145 -0.356893
    outer loop
      vertex 5.8373 10.0179 -0.2189
      vertex 0.925719 9.13859 -2.52095
      vertex 0.909658 9.14614 -2.50119
    endloop
  endfacet
  facet normal -5.02466e-07 0.934172 -0.356823
    outer loop
      vertex 5.8373 10.0179 -0.2189
      vertex 1.11875 9.04785 -2.75851
      vertex 0.925719 9.13859 -2.52095
    endloop
  endfacet
  facet normal -5.9755e-06 0.934175 -0.356814
    outer loop
      vertex 5.8373 10.0179 -0.2189
      vertex 1.24392 8.93847 -3.04488
      vertex 1.11875 9.04785 -2.75851
    endloop
  endfacet
  facet normal -8.3928e-06 0.934177 -0.356811
    outer loop
      vertex 5.8373 10.0179 -0.2189
      vertex 1.25695 8.83435 -3.31748
      vertex 1.24392 8.93847 -3.04488
    endloop
  endfacet
  facet normal 1.31751e-05 0.934166 -0.356838
    outer loop
      vertex 5.8373 10.0179 -0.2189
      vertex 1.1608 8.74112 -3.56155
      vertex 1.25695 8.83435 -3.31748
    endloop
  endfacet
  facet normal 4.69652e-07 0.934172 -0.356823
    outer loop
      vertex 0 6.4103 -9.6637
      vertex 1.1608 8.74112 -3.56155
      vertex 5.8373 10.0179 -0.2189
    endloop
  endfacet
  facet normal -2.44684e-05 0.934173 -0.356821
    outer loop
      vertex -0.518594 8.59941 -3.93253
      vertex -0.0948912 8.76697 -3.49388
      vertex -0.226734 8.60839 -3.90904
    endloop
  endfacet
  facet normal 1.51413e-05 0.934171 -0.356826
    outer loop
      vertex -0.000169754 8.70962 -3.64401
      vertex -0.0152645 8.44658 -4.33265
      vertex -0.226734 8.60839 -3.90904
    endloop
  endfacet
  facet normal -3.67185e-06 0.934172 -0.356823
    outer loop
      vertex -0.0388368 8.44453 -4.33803
      vertex 0 6.4103 -9.6637
      vertex -0.321903 8.41985 -4.40264
    endloop
  endfacet
  facet normal 0.00019712 0.934173 -0.356822
    outer loop
      vertex -0.0152645 8.44658 -4.33265
      vertex 0 6.4103 -9.6637
      vertex -0.0388368 8.44453 -4.33803
    endloop
  endfacet
  facet normal -8.23079e-06 0.934172 -0.356822
    outer loop
      vertex 0.958408 8.66442 -3.76236
      vertex 0 6.4103 -9.6637
      vertex -0.0152645 8.44658 -4.33265
    endloop
  endfacet
  facet normal 1.59056e-05 0.934171 -0.356826
    outer loop
      vertex 1.1608 8.74112 -3.56155
      vertex 0 6.4103 -9.6637
      vertex 0.958408 8.66442 -3.76236
    endloop
  endfacet
  facet normal 1.35056e-05 0.934184 -0.35679
    outer loop
      vertex 0.163519 9.18682 -2.39469
      vertex -5.8373 10.0179 -0.2189
      vertex 0.407128 9.21637 -2.31731
    endloop
  endfacet
  facet normal -3.25356e-06 0.934169 -0.356831
    outer loop
      vertex 0.143249 9.18436 -2.40113
      vertex -5.8373 10.0179 -0.2189
      vertex 0.163519 9.18682 -2.39469
    endloop
  endfacet
  facet normal -2.50717e-05 0.934187 -0.356783
    outer loop
      vertex -0.684222 9.02402 -2.8209
      vertex 0.143249 9.18436 -2.40113
      vertex -0.00870507 9.14021 -2.51672
    endloop
  endfacet
  facet normal -0.00049585 0.934535 -0.35587
    outer loop
      vertex -0.684222 9.02402 -2.8209
      vertex -0.00870507 9.14021 -2.51672
      vertex -0.0213499 9.13654 -2.52634
    endloop
  endfacet
  facet normal -1.41369e-05 0.934167 -0.356836
    outer loop
      vertex -0.476682 9.01965 -2.83233
      vertex -0.0213499 9.13654 -2.52634
      vertex -0.116714 9.07515 -2.68705
    endloop
  endfacet
  facet normal -7.94834e-07 0.934171 -0.356825
    outer loop
      vertex 0.143249 9.18436 -2.40113
      vertex -0.684222 9.02402 -2.8209
      vertex -5.8373 10.0179 -0.2189
    endloop
  endfacet
  facet normal -3.1297e-06 0.93417 -0.356829
    outer loop
      vertex -0.874391 8.99934 -2.88551
      vertex -5.8373 10.0179 -0.2189
      vertex -0.684222 9.02402 -2.8209
    endloop
  endfacet
  facet normal 0.000180345 0.934284 -0.356531
    outer loop
      vertex -0.890221 8.99729 -2.89089
      vertex -5.8373 10.0179 -0.2189
      vertex -0.874391 8.99934 -2.88551
    endloop
  endfacet
  facet normal -9.15184e-06 0.934167 -0.356837
    outer loop
      vertex -1.1086 8.93075 -3.06508
      vertex -5.8373 10.0179 -0.2189
      vertex -0.890221 8.99729 -2.89089
    endloop
  endfacet
  facet normal -3.23177e-05 0.934154 -0.356871
    outer loop
      vertex -1.12678 8.92521 -3.07958
      vertex -5.8373 10.0179 -0.2189
      vertex -1.1086 8.93075 -3.06508
    endloop
  endfacet
  facet normal 2.92003e-06 0.934173 -0.35682
    outer loop
      vertex -1.23016 8.83928 -3.30455
      vertex -5.8373 10.0179 -0.2189
      vertex -1.12678 8.92521 -3.07958
    endloop
  endfacet
  facet normal 0.000108895 0.934226 -0.356682
    outer loop
      vertex -1.23877 8.83213 -3.32328
      vertex -5.8373 10.0179 -0.2189
      vertex -1.23016 8.83928 -3.30455
    endloop
  endfacet
  facet normal -1.01642e-05 0.934167 -0.356836
    outer loop
      vertex -1.22494 8.73058 -3.58913
      vertex -5.8373 10.0179 -0.2189
      vertex -1.23877 8.83213 -3.32328
    endloop
  endfacet
  facet normal 0.000217028 0.934271 -0.356564
    outer loop
      vertex -1.22379 8.72213 -3.61127
      vertex -5.8373 10.0179 -0.2189
      vertex -1.22494 8.73058 -3.58913
    endloop
  endfacet
  facet normal -3.80591e-06 0.934171 -0.356827
    outer loop
      vertex -1.07937 8.5993 -3.93284
      vertex -5.8373 10.0179 -0.2189
      vertex -1.22379 8.72213 -3.61127
    endloop
  endfacet
  facet normal 3.4066e-05 0.934174 -0.356817
    outer loop
      vertex 0 6.4103 -9.6637
      vertex -1.07937 8.5993 -3.93284
      vertex -0.879098 8.50551 -4.17837
    endloop
  endfacet
  facet normal -8.4089e-05 0.934168 -0.356834
    outer loop
      vertex 0 6.4103 -9.6637
      vertex -0.879098 8.50551 -4.17837
      vertex -0.862419 8.4977 -4.19882
    endloop
  endfacet
  facet normal 0.000149733 0.934178 -0.356808
    outer loop
      vertex 0 6.4103 -9.6637
      vertex -0.626744 8.44203 -4.34458
      vertex -0.607116 8.43739 -4.35672
    endloop
  endfacet
  facet normal 7.13125e-05 0.934174 -0.356819
    outer loop
      vertex 0 6.4103 -9.6637
      vertex -0.34383 8.4212 -4.39911
      vertex -0.321903 8.41985 -4.40264
    endloop
  endfacet
  facet normal -6.69311e-07 0.934172 -0.356823
    outer loop
      vertex -1.07937 8.5993 -3.93284
      vertex 0 6.4103 -9.6637
      vertex -5.8373 10.0179 -0.2189
    endloop
  endfacet
  facet normal -2.37551e-05 0.934171 -0.356826
    outer loop
      vertex -0.626744 8.44203 -4.34458
      vertex 0 6.4103 -9.6637
      vertex -0.862419 8.4977 -4.19882
    endloop
  endfacet
  facet normal -5.67981e-06 0.934172 -0.356823
    outer loop
      vertex -0.34383 8.4212 -4.39911
      vertex 0 6.4103 -9.6637
      vertex -0.607116 8.43739 -4.35672
    endloop
  endfacet
  facet normal 1.84275e-05 0.934159 -0.356857
    outer loop
      vertex -0.0948912 8.76697 -3.49388
      vertex -0.518594 8.59941 -3.93253
      vertex -0.7178 8.66426 -3.76278
    endloop
  endfacet
  facet normal 5.97564e-06 0.934206 -0.356735
    outer loop
      vertex 0.69502 9.01576 -2.84253
      vertex 0.466478 9.0376 -2.78534
      vertex 0.587023 9.03632 -2.78869
    endloop
  endfacet
  facet normal -1.23842e-05 0.934181 -0.356799
    outer loop
      vertex 0.778118 8.97861 -2.9398
      vertex 0.466478 9.0376 -2.78534
      vertex 0.69502 9.01576 -2.84253
    endloop
  endfacet
  facet normal 9.67641e-06 0.934196 -0.35676
    outer loop
      vertex 0.466478 9.0376 -2.78534
      vertex 0.778118 8.97861 -2.9398
      vertex 0.338768 9.02 -2.83143
    endloop
  endfacet
  facet normal 0.000379548 0.934005 -0.357259
    outer loop
      vertex 0.338768 9.02 -2.83143
      vertex 0.225325 8.98315 -2.92789
      vertex 0.229234 8.98648 -2.91918
    endloop
  endfacet
  facet normal -7.98181e-06 0.934172 -0.356823
    outer loop
      vertex 0.188572 8.89068 -3.16999
      vertex 0.338768 9.02 -2.83143
      vertex 0.778118 8.97861 -2.9398
    endloop
  endfacet
  facet normal -0.000109672 0.934145 -0.356893
    outer loop
      vertex 0.831577 8.93298 -3.05925
      vertex 0.778118 8.97861 -2.9398
      vertex 0.785033 8.97552 -2.94789
    endloop
  endfacet
  facet normal -6.7519e-05 0.934181 -0.3568
    outer loop
      vertex 0.338768 9.02 -2.83143
      vertex 0.188572 8.89068 -3.16999
      vertex 0.225325 8.98315 -2.92789
    endloop
  endfacet
  facet normal 0.000100089 0.934167 -0.356836
    outer loop
      vertex 0.225325 8.98315 -2.92789
      vertex 0.179141 8.93912 -3.04317
      vertex 0.178356 8.94315 -3.03262
    endloop
  endfacet
  facet normal 2.57201e-05 0.934165 -0.35684
    outer loop
      vertex 0.778118 8.97861 -2.9398
      vertex 0.831577 8.93298 -3.05925
      vertex 0.691093 8.81218 -3.3755
    endloop
  endfacet
  facet normal -0.000285393 0.93416 -0.356854
    outer loop
      vertex 0.835063 8.88834 -3.17611
      vertex 0.831577 8.93298 -3.05925
      vertex 0.83545 8.92944 -3.06852
    endloop
  endfacet
  facet normal 3.74786e-05 0.934176 -0.356814
    outer loop
      vertex 0.225325 8.98315 -2.92789
      vertex 0.188572 8.89068 -3.16999
      vertex 0.179141 8.93912 -3.04317
    endloop
  endfacet
  facet normal 0.0001345 0.934164 -0.356843
    outer loop
      vertex 0.831577 8.93298 -3.05925
      vertex 0.835063 8.88834 -3.17611
      vertex 0.788103 8.84734 -3.28346
    endloop
  endfacet
  facet normal -0.000499224 0.934257 -0.356601
    outer loop
      vertex 0.788103 8.84734 -3.28346
      vertex 0.835063 8.88834 -3.17611
      vertex 0.835031 8.88492 -3.18507
    endloop
  endfacet
  facet normal -4.8316e-05 0.934176 -0.356812
    outer loop
      vertex 0.831577 8.93298 -3.05925
      vertex 0.788103 8.84734 -3.28346
      vertex 0.691093 8.81218 -3.3755
    endloop
  endfacet
  facet normal 0.000267921 0.934065 -0.357103
    outer loop
      vertex 0.691093 8.81218 -3.3755
      vertex 0.788103 8.84734 -3.28346
      vertex 0.784198 8.84421 -3.29165
    endloop
  endfacet
  facet normal -2.285e-06 0.934167 -0.356836
    outer loop
      vertex 0.778118 8.97861 -2.9398
      vertex 0.691093 8.81218 -3.3755
      vertex 0.188572 8.89068 -3.16999
    endloop
  endfacet
  facet normal -2.71985e-06 0.934167 -0.356836
    outer loop
      vertex 0.188572 8.89068 -3.16999
      vertex 0.691093 8.81218 -3.3755
      vertex 0.262241 8.82975 -3.3295
    endloop
  endfacet
  facet normal 7.77137e-05 0.934417 -0.356182
    outer loop
      vertex 0.683344 8.80952 -3.38248
      vertex 0.262241 8.82975 -3.3295
      vertex 0.691093 8.81218 -3.3755
    endloop
  endfacet
  facet normal -1.33706e-05 0.934175 -0.356814
    outer loop
      vertex 0.683344 8.80952 -3.38248
      vertex 0.342419 8.7802 -3.45923
      vertex 0.262241 8.82975 -3.3295
    endloop
  endfacet
  facet normal -1.05364e-05 0.934171 -0.356825
    outer loop
      vertex 0.937271 8.67557 -3.73317
      vertex 0.342419 8.7802 -3.45923
      vertex 0.683344 8.80952 -3.38248
    endloop
  endfacet
  facet normal -8.96778e-06 0.934172 -0.356822
    outer loop
      vertex -0.0152645 8.44658 -4.33265
      vertex 0.342419 8.7802 -3.45923
      vertex 0.937271 8.67557 -3.73317
    endloop
  endfacet
  facet normal -2.12274e-05 0.934214 -0.356714
    outer loop
      vertex -0.623078 8.84476 -3.29022
      vertex -0.473532 8.86413 -3.2395
      vertex -0.347538 8.85629 -3.26004
    endloop
  endfacet
  facet normal 0.000813079 0.934588 -0.355731
    outer loop
      vertex -0.216829 8.82439 -3.34355
      vertex -0.347538 8.85629 -3.26004
      vertex -0.337049 8.85563 -3.26175
    endloop
  endfacet
  facet normal -0.000238794 0.934427 -0.356154
    outer loop
      vertex -0.473532 8.86413 -3.2395
      vertex -0.623078 8.84476 -3.29022
      vertex -0.613605 8.84748 -3.28309
    endloop
  endfacet
  facet normal -4.44639e-06 0.934163 -0.356848
    outer loop
      vertex -0.347538 8.85629 -3.26004
      vertex -0.216829 8.82439 -3.34355
      vertex -0.623078 8.84476 -3.29022
    endloop
  endfacet
  facet normal 0.000556174 0.934324 -0.356423
    outer loop
      vertex -0.0948912 8.76697 -3.49388
      vertex -0.216829 8.82439 -3.34355
      vertex -0.206821 8.82179 -3.35035
    endloop
  endfacet
  facet normal -8.43953e-08 0.934174 -0.356819
    outer loop
      vertex -0.216829 8.82439 -3.34355
      vertex -0.7178 8.66426 -3.76278
      vertex -0.623078 8.84476 -3.29022
    endloop
  endfacet
  facet normal -0.000168589 0.934222 -0.356693
    outer loop
      vertex -0.623078 8.84476 -3.29022
      vertex -0.741387 8.80878 -3.3844
      vertex -0.736863 8.81203 -3.37589
    endloop
  endfacet
  facet normal -4.28002e-05 0.934176 -0.356811
    outer loop
      vertex -0.789158 8.71786 -3.62244
      vertex -0.623078 8.84476 -3.29022
      vertex -0.7178 8.66426 -3.76278
    endloop
  endfacet
  facet normal -1.15487e-06 0.934174 -0.356818
    outer loop
      vertex -0.216829 8.82439 -3.34355
      vertex -0.0948912 8.76697 -3.49388
      vertex -0.7178 8.66426 -3.76278
    endloop
  endfacet
  facet normal 0.00038611 0.934129 -0.356935
    outer loop
      vertex -0.226734 8.60839 -3.90904
      vertex -0.0948912 8.76697 -3.49388
      vertex -0.0855732 8.7624 -3.50583
    endloop
  endfacet
  facet normal -1.72147e-05 0.934178 -0.356808
    outer loop
      vertex -0.741387 8.80878 -3.3844
      vertex -0.789158 8.71786 -3.62244
      vertex -0.79573 8.76974 -3.48661
    endloop
  endfacet
  facet normal -0.000104725 0.934176 -0.356812
    outer loop
      vertex -0.79573 8.76974 -3.48661
      vertex -0.789158 8.71786 -3.62244
      vertex -0.793718 8.72187 -3.61194
    endloop
  endfacet
  facet normal 5.57652e-06 0.934174 -0.356819
    outer loop
      vertex -0.226734 8.60839 -3.90904
      vertex -0.0855732 8.7624 -3.50583
      vertex -0.000169754 8.70962 -3.64401
    endloop
  endfacet
  facet normal -3.71583e-07 0.934168 -0.356834
    outer loop
      vertex -0.0152645 8.44658 -4.33265
      vertex 0.937271 8.67557 -3.73317
      vertex 0.958408 8.66442 -3.76236
    endloop
  endfacet
  facet normal -7.23873e-05 0.934181 -0.356798
    outer loop
      vertex -0.623078 8.84476 -3.29022
      vertex -0.789158 8.71786 -3.62244
      vertex -0.741387 8.80878 -3.3844
    endloop
  endfacet
  facet normal 1.28226e-06 0.934171 -0.356826
    outer loop
      vertex 0.342419 8.7802 -3.45923
      vertex -0.0152645 8.44658 -4.33265
      vertex -0.000169754 8.70962 -3.64401
    endloop
  endfacet
  facet normal -0.00104207 0.934006 -0.357255
    outer loop
      vertex -0.789158 8.71786 -3.62244
      vertex -0.7178 8.66426 -3.76278
      vertex -0.734387 8.66965 -3.74864
    endloop
  endfacet
  facet normal 0.309055 0.808992 -0.500017
    outer loop
      vertex 0.354099 6.1914 -9.799
      vertex 0 6.4103 -9.6637
      vertex 5.8373 10.0179 -0.2189
    endloop
  endfacet
  facet normal -0.808936 -0.500049 -0.30915
    outer loop
      vertex -6.1914 -9.799 -0.354099
      vertex -10.0179 -0.2189 -5.8373
      vertex -9.799 -0.354099 -6.1914
    endloop
  endfacet
  facet normal 0.309055 -0.808992 0.500017
    outer loop
      vertex 0.354099 -6.1914 9.799
      vertex 0 -6.4103 9.6637
      vertex 5.8373 -10.0179 0.2189
    endloop
  endfacet
  facet normal -0.57735 -0.57735 -0.57735
    outer loop
      vertex -4.80924 -5.36568 -6.16958
      vertex -4.8927 -5.3499 -6.1019
      vertex -4.88779 -5.34872 -6.10799
    endloop
  endfacet
  facet normal -0.57735 -0.57735 -0.57735
    outer loop
      vertex -4.71705 -5.41213 -6.21532
      vertex -4.8927 -5.3499 -6.1019
      vertex -4.80924 -5.36568 -6.16958
    endloop
  endfacet
  facet normal -0.57735 -0.57735 -0.57735
    outer loop
      vertex -4.61804 -5.4892 -6.23726
      vertex -4.8927 -5.3499 -6.1019
      vertex -4.71705 -5.41213 -6.21532
    endloop
  endfacet
  facet normal -0.57735 -0.57735 -0.57735
    outer loop
      vertex -4.8927 -5.3499 -6.1019
      vertex -4.61804 -5.4892 -6.23726
      vertex -4.95156 -5.36402 -6.02892
    endloop
  endfacet
  facet normal -0.57735 -0.57735 -0.57735
    outer loop
      vertex -4.95156 -5.36402 -6.02892
      vertex -4.61804 -5.4892 -6.23726
      vertex -4.95525 -5.36789 -6.02136
    endloop
  endfacet
  facet normal -0.57735 -0.57735 -0.57735
    outer loop
      vertex -4.53854 -5.58731 -6.21865
      vertex -4.95525 -5.36789 -6.02136
      vertex -4.61804 -5.4892 -6.23726
    endloop
  endfacet
  facet normal -0.57735 -0.57735 -0.57735
    outer loop
      vertex -4.95525 -5.36789 -6.02136
      vertex -4.53854 -5.58731 -6.21865
      vertex -4.99942 -5.41433 -5.93075
    endloop
  endfacet
  facet normal -0.57735 -0.57735 -0.57735
    outer loop
      vertex -4.53854 -5.58731 -6.21865
      vertex -4.61804 -5.4892 -6.23726
      vertex -4.60978 -5.49563 -6.23909
    endloop
  endfacet
  facet normal -0.57735 -0.57735 -0.57735
    outer loop
      vertex -4.5326 -5.59496 -6.21694
      vertex -4.99942 -5.41433 -5.93075
      vertex -4.53854 -5.58731 -6.21865
    endloop
  endfacet
  facet normal -0.57735 -0.57735 -0.57735
    outer loop
      vertex -4.99942 -5.41433 -5.93075
      vertex -4.5326 -5.59496 -6.21694
      vertex -4.49099 -5.70467 -6.14884
    endloop
  endfacet
  facet normal -0.57735 -0.57735 -0.57735
    outer loop
      vertex -4.99942 -5.41433 -5.93075
      vertex -4.99809 -5.66277 -5.68364
      vertex -5.31721 -5.46554 -5.56175
    endloop
  endfacet
  facet normal -0.577353 -0.577374 -0.577324
    outer loop
      vertex -4.49046 -5.81929 -6.03474
      vertex -4.99942 -5.41433 -5.93075
      vertex -4.49099 -5.70467 -6.14884
    endloop
  endfacet
  facet normal -0.577343 -0.577354 -0.577354
    outer loop
      vertex -4.99942 -5.41433 -5.93075
      vertex -4.49046 -5.81929 -6.03474
      vertex -4.99809 -5.66277 -5.68364
    endloop
  endfacet
  facet normal -0.577351 -0.577318 -0.577382
    outer loop
      vertex -4.52095 -5.89516 -5.92839
      vertex -4.99809 -5.66277 -5.68364
      vertex -4.49046 -5.81929 -6.03474
    endloop
  endfacet
  facet normal -0.577344 -0.577735 -0.576972
    outer loop
      vertex -4.52349 -5.90149 -5.91951
      vertex -4.99809 -5.66277 -5.68364
      vertex -4.52095 -5.89516 -5.92839
    endloop
  endfacet
  facet normal -0.57735 -0.57735 -0.57735
    outer loop
      vertex -4.99809 -5.66277 -5.68364
      vertex -4.90098 -5.79469 -5.64883
      vertex -4.91023 -5.78717 -5.6471
    endloop
  endfacet
  facet normal -0.577342 -0.577347 -0.577361
    outer loop
      vertex -4.99809 -5.66277 -5.68364
      vertex -4.52349 -5.90149 -5.91951
      vertex -4.90098 -5.79469 -5.64883
    endloop
  endfacet
  facet normal -0.57735 -0.57735 -0.57735
    outer loop
      vertex -4.90098 -5.79469 -5.64883
      vertex -4.78144 -5.88882 -5.67424
      vertex -4.79009 -5.88479 -5.66962
    endloop
  endfacet
  facet normal -0.577353 -0.577304 -0.577394
    outer loop
      vertex -4.58244 -5.93867 -5.82339
      vertex -4.90098 -5.79469 -5.64883
      vertex -4.52349 -5.90149 -5.91951
    endloop
  endfacet
  facet normal -0.57735 -0.57735 -0.57735
    outer loop
      vertex -4.90098 -5.79469 -5.64883
      vertex -4.58244 -5.93867 -5.82339
      vertex -4.78144 -5.88882 -5.67424
    endloop
  endfacet
  facet normal -0.57735 -0.57735 -0.57735
    outer loop
      vertex -4.78144 -5.88882 -5.67424
      vertex -4.67073 -5.93754 -5.73623
      vertex -4.67769 -5.93719 -5.72962
    endloop
  endfacet
  facet normal -0.57735 -0.57735 -0.57735
    outer loop
      vertex -4.78144 -5.88882 -5.67424
      vertex -4.58244 -5.93867 -5.82339
      vertex -4.67073 -5.93754 -5.73623
    endloop
  endfacet
  facet normal -0.57735 -0.57735 -0.57735
    outer loop
      vertex -4.67073 -5.93754 -5.73623
      vertex -4.58244 -5.93867 -5.82339
      vertex -4.58736 -5.94177 -5.81537
    endloop
  endfacet
  facet normal -0.57735 -0.57735 -0.57735
    outer loop
      vertex -6.11256 -4.5558 -5.67614
      vertex -6.26516 -5.44885 -4.63049
      vertex -6.6253 -5.00947 -4.70973
    endloop
  endfacet
  facet normal -0.577351 -0.577352 -0.577349
    outer loop
      vertex -9.799 -0.354099 -6.1914
      vertex -6.40035 -4.16319 -5.78095
      vertex -6.48583 -4.11036 -5.7483
    endloop
  endfacet
  facet normal -0.577355 -0.577355 -0.577341
    outer loop
      vertex -9.799 -0.354099 -6.1914
      vertex -5.37589 -4.79636 -6.17225
      vertex -6.40035 -4.16319 -5.78095
    endloop
  endfacet
  facet normal -0.57735 -0.57735 -0.57735
    outer loop
      vertex -5.37589 -4.79636 -6.17225
      vertex -5.0957 -5.0471 -6.2017
      vertex -5.40908 -4.99058 -5.94484
    endloop
  endfacet
  facet normal -0.57735 -0.57735 -0.57735
    outer loop
      vertex -0.354099 -6.1914 -9.799
      vertex -5.37589 -4.79636 -6.17225
      vertex -9.799 -0.354099 -6.1914
    endloop
  endfacet
  facet normal -0.577338 -0.577333 -0.57738
    outer loop
      vertex -5.37589 -4.79636 -6.17225
      vertex -4.91122 -5.08753 -6.34574
      vertex -5.0957 -5.0471 -6.2017
    endloop
  endfacet
  facet normal -0.577351 -0.577403 -0.577297
    outer loop
      vertex -5.37589 -4.79636 -6.17225
      vertex -4.68513 -5.20273 -6.45663
      vertex -4.91122 -5.08753 -6.34574
    endloop
  endfacet
  facet normal -0.577346 -0.577366 -0.577339
    outer loop
      vertex -5.37589 -4.79636 -6.17225
      vertex -0.354099 -6.1914 -9.799
      vertex -4.68513 -5.20273 -6.45663
    endloop
  endfacet
  facet normal -0.57735 -0.57735 -0.57735
    outer loop
      vertex -0.354099 -6.1914 -9.799
      vertex -4.15987 -6.04502 -6.13961
      vertex -4.15481 -6.03292 -6.15677
    endloop
  endfacet
  facet normal -0.577359 -0.577325 -0.577367
    outer loop
      vertex -4.68513 -5.20273 -6.45663
      vertex -0.354099 -6.1914 -9.799
      vertex -4.43751 -5.38981 -6.51718
    endloop
  endfacet
  facet normal -0.57735 -0.57735 -0.57735
    outer loop
      vertex -0.354099 -6.1914 -9.799
      vertex -4.26068 -5.6012 -6.48262
      vertex -4.43751 -5.38981 -6.51718
    endloop
  endfacet
  facet normal -0.57735 -0.57735 -0.57735
    outer loop
      vertex -0.354099 -6.1914 -9.799
      vertex -4.1635 -5.8209 -6.3601
      vertex -4.26068 -5.6012 -6.48262
    endloop
  endfacet
  facet normal -0.57735 -0.57735 -0.57735
    outer loop
      vertex -0.354099 -6.1914 -9.799
      vertex -4.16283 -5.83723 -6.34444
      vertex -4.1635 -5.8209 -6.3601
    endloop
  endfacet
  facet normal -0.57735 -0.57735 -0.57735
    outer loop
      vertex -0.354099 -6.1914 -9.799
      vertex -4.15481 -6.03292 -6.15677
      vertex -4.16283 -5.83723 -6.34444
    endloop
  endfacet
  facet normal -0.577338 -0.577376 -0.577337
    outer loop
      vertex -4.15987 -6.04502 -6.13961
      vertex -0.354099 -6.1914 -9.799
      vertex -4.22047 -6.19011 -5.93391
    endloop
  endfacet
  facet normal -0.577355 -0.577341 -0.577354
    outer loop
      vertex -4.36638 -6.6532 -5.32492
      vertex -4.22047 -6.19011 -5.93391
      vertex -0.354099 -6.1914 -9.799
    endloop
  endfacet
  facet normal -0.577361 -0.577337 -0.577352
    outer loop
      vertex -4.22047 -6.19011 -5.93391
      vertex -4.36638 -6.6532 -5.32492
      vertex -4.34915 -6.26211 -5.73323
    endloop
  endfacet
  facet normal -0.577338 -0.577372 -0.577341
    outer loop
      vertex -0.354099 -6.1914 -9.799
      vertex -4.39957 -6.84743 -5.09749
      vertex -4.36638 -6.6532 -5.32492
    endloop
  endfacet
  facet normal -0.577352 -0.577348 -0.577351
    outer loop
      vertex -4.39957 -6.84743 -5.09749
      vertex -0.354099 -6.1914 -9.799
      vertex -6.1914 -9.799 -0.354099
    endloop
  endfacet
  facet normal -0.577338 -0.577343 -0.57737
    outer loop
      vertex -6.51647 -4.28963 -5.5384
      vertex -9.799 -0.354099 -6.1914
      vertex -6.48583 -4.11036 -5.7483
    endloop
  endfacet
  facet normal -0.57735 -0.57735 -0.57735
    outer loop
      vertex -6.51902 -4.30459 -5.52089
      vertex -9.799 -0.354099 -6.1914
      vertex -6.51647 -4.28963 -5.5384
    endloop
  endfacet
  facet normal -0.57735 -0.57735 -0.57735
    outer loop
      vertex -6.6253 -5.00947 -4.70973
      vertex -6.51902 -4.30459 -5.52089
      vertex -6.11256 -4.5558 -5.67614
    endloop
  endfacet
  facet normal -0.57735 -0.57735 -0.57735
    outer loop
      vertex -6.6253 -5.00947 -4.70973
      vertex -9.799 -0.354099 -6.1914
      vertex -6.51902 -4.30459 -5.52089
    endloop
  endfacet
  facet normal -0.57735 -0.57735 -0.57735
    outer loop
      vertex -6.65769 -5.19904 -4.48777
      vertex -9.799 -0.354099 -6.1914
      vertex -6.6253 -5.00947 -4.70973
    endloop
  endfacet
  facet normal -0.57735 -0.57735 -0.57735
    outer loop
      vertex -6.6604 -5.21485 -4.46925
      vertex -9.799 -0.354099 -6.1914
      vertex -6.65769 -5.19904 -4.48777
    endloop
  endfacet
  facet normal -0.57735 -0.57735 -0.57735
    outer loop
      vertex -6.1914 -9.799 -0.354099
      vertex -6.31448 -5.64581 -4.38421
      vertex -6.28562 -5.68177 -4.37711
    endloop
  endfacet
  facet normal -0.577346 -0.577353 -0.577352
    outer loop
      vertex -6.1914 -9.799 -0.354099
      vertex -5.38607 -6.23773 -4.7207
      vertex -4.39957 -6.84743 -5.09749
    endloop
  endfacet
  facet normal -0.577351 -0.57735 -0.57735
    outer loop
      vertex -6.6604 -5.21485 -4.46925
      vertex -6.1914 -9.799 -0.354099
      vertex -9.799 -0.354099 -6.1914
    endloop
  endfacet
  facet normal -0.57735 -0.57735 -0.57735
    outer loop
      vertex -6.31448 -5.64581 -4.38421
      vertex -6.1914 -9.799 -0.354099
      vertex -6.6604 -5.21485 -4.46925
    endloop
  endfacet
  facet normal -0.577338 -0.577356 -0.577357
    outer loop
      vertex -5.97581 -5.87324 -4.49544
      vertex -6.1914 -9.799 -0.354099
      vertex -6.28562 -5.68177 -4.37711
    endloop
  endfacet
  facet normal -0.577357 -0.577346 -0.577348
    outer loop
      vertex -5.38607 -6.23773 -4.7207
      vertex -6.1914 -9.799 -0.354099
      vertex -5.97581 -5.87324 -4.49544
    endloop
  endfacet
  facet normal -0.57735 -0.57735 -0.57735
    outer loop
      vertex -5.23437 -5.08148 -6.02865
      vertex -5.40908 -4.99058 -5.94484
      vertex -5.0957 -5.0471 -6.2017
    endloop
  endfacet
  facet normal -0.57735 -0.57735 -0.57735
    outer loop
      vertex -5.32306 -5.19067 -5.83077
      vertex -5.40908 -4.99058 -5.94484
      vertex -5.23437 -5.08148 -6.02865
    endloop
  endfacet
  facet normal -0.57735 -0.57735 -0.57735
    outer loop
      vertex -5.32306 -5.19067 -5.83077
      vertex -5.78526 -4.75809 -5.80115
      vertex -5.40908 -4.99058 -5.94484
    endloop
  endfacet
  facet normal -0.57735 -0.57735 -0.57735
    outer loop
      vertex -5.31721 -5.46554 -5.56175
      vertex -5.32306 -5.19067 -5.83077
      vertex -4.99942 -5.41433 -5.93075
    endloop
  endfacet
  facet normal -0.57735 -0.57735 -0.57735
    outer loop
      vertex -5.31721 -5.46554 -5.56175
      vertex -5.78526 -4.75809 -5.80115
      vertex -5.32306 -5.19067 -5.83077
    endloop
  endfacet
  facet normal -0.577353 -0.577351 -0.577347
    outer loop
      vertex -5.31721 -5.46554 -5.56175
      vertex -5.97581 -5.87324 -4.49544
      vertex -5.78526 -4.75809 -5.80115
    endloop
  endfacet
  facet normal -0.577357 -0.577347 -0.577347
    outer loop
      vertex -5.97581 -5.87324 -4.49544
      vertex -5.31721 -5.46554 -5.56175
      vertex -5.38607 -6.23773 -4.7207
    endloop
  endfacet
  facet normal -0.57735 -0.57735 -0.57735
    outer loop
      vertex -4.91268 -6.01381 -5.41801
      vertex -5.02844 -5.90642 -5.40964
      vertex -5.02615 -5.87967 -5.43868
    endloop
  endfacet
  facet normal -0.578032 -0.578205 -0.575811
    outer loop
      vertex -4.90321 -6.025 -5.41628
      vertex -5.02844 -5.90642 -5.40964
      vertex -4.91268 -6.01381 -5.41801
    endloop
  endfacet
  facet normal -0.577321 -0.577367 -0.577363
    outer loop
      vertex -4.90321 -6.025 -5.41628
      vertex -5.05588 -6.22706 -5.06156
      vertex -5.02844 -5.90642 -5.40964
    endloop
  endfacet
  facet normal -0.577391 -0.577309 -0.577351
    outer loop
      vertex -5.00278 -6.25988 -5.08184
      vertex -4.90321 -6.025 -5.41628
      vertex -4.74345 -6.14687 -5.45419
    endloop
  endfacet
  facet normal -0.577331 -0.577352 -0.577368
    outer loop
      vertex -4.36638 -6.6532 -5.32492
      vertex -4.74345 -6.14687 -5.45419
      vertex -4.54443 -6.24023 -5.55984
    endloop
  endfacet
  facet normal -0.577578 -0.57733 -0.577142
    outer loop
      vertex -4.36638 -6.6532 -5.32492
      vertex -4.54443 -6.24023 -5.55984
      vertex -4.52783 -6.24802 -5.56866
    endloop
  endfacet
  facet normal -0.577349 -0.577341 -0.577361
    outer loop
      vertex -4.90321 -6.025 -5.41628
      vertex -5.00278 -6.25988 -5.08184
      vertex -5.05588 -6.22706 -5.06156
    endloop
  endfacet
  facet normal -0.577327 -0.577362 -0.577362
    outer loop
      vertex -4.36638 -6.6532 -5.32492
      vertex -4.52783 -6.24802 -5.56866
      vertex -4.36291 -6.26103 -5.72056
    endloop
  endfacet
  facet normal -0.577069 -0.577493 -0.577489
    outer loop
      vertex -4.36638 -6.6532 -5.32492
      vertex -4.36291 -6.26103 -5.72056
      vertex -4.34915 -6.26211 -5.73323
    endloop
  endfacet
  facet normal -0.577352 -0.57736 -0.577339
    outer loop
      vertex -4.74345 -6.14687 -5.45419
      vertex -4.36638 -6.6532 -5.32492
      vertex -5.00278 -6.25988 -5.08184
    endloop
  endfacet
  facet normal -0.57735 -0.57735 0.57735
    outer loop
      vertex -5.48804 -6.63229 4.22417
      vertex -5.53117 -6.27077 4.54256
      vertex -5.63173 -6.25609 4.45668
    endloop
  endfacet
  facet normal -0.57735 -0.57735 0.57735
    outer loop
      vertex -5.53117 -6.27077 4.54256
      vertex -5.48804 -6.63229 4.22417
      vertex -4.32603 -6.44665 5.57182
    endloop
  endfacet
  facet normal -0.57735 -0.57735 0.57735
    outer loop
      vertex -4.71109 -6.08141 5.552
      vertex -5.91198 -5.52235 4.91017
      vertex -5.75673 -5.92881 4.65896
    endloop
  endfacet
  facet normal -0.577351 -0.577338 0.577362
    outer loop
      vertex -5.91198 -5.52235 4.91017
      vertex -4.71109 -6.08141 5.552
      vertex -5.09104 -5.65425 5.5992
    endloop
  endfacet
  facet normal -0.577387 -0.577335 0.577328
    outer loop
      vertex -5.98288 -5.33674 5.02488
      vertex -6.02601 -4.97523 5.34326
      vertex -6.12656 -4.96055 5.25738
    endloop
  endfacet
  facet normal -0.577346 -0.577352 0.577353
    outer loop
      vertex -6.02601 -4.97523 5.34326
      vertex -5.98288 -5.33674 5.02488
      vertex -5.09104 -5.65425 5.5992
    endloop
  endfacet
  facet normal -0.577357 -0.577341 0.577353
    outer loop
      vertex -5.20593 -4.78586 6.35272
      vertex -6.40682 -4.22679 5.71088
      vertex -6.25157 -4.63326 5.45967
    endloop
  endfacet
  facet normal -0.577357 -0.577343 0.577351
    outer loop
      vertex -6.40682 -4.22679 5.71088
      vertex -5.20593 -4.78586 6.35272
      vertex -5.58588 -4.3587 6.39992
    endloop
  endfacet
  facet normal -0.57735 -0.57735 0.57735
    outer loop
      vertex -9.799 -0.354099 6.1914
      vertex -6.2103 -5.30355 4.83065
      vertex -6.63425 -4.1936 5.51665
    endloop
  endfacet
  facet normal -0.577344 -0.577332 0.577375
    outer loop
      vertex -5.91198 -5.52235 4.91017
      vertex -6.2103 -5.30355 4.83065
      vertex -6.13941 -5.48916 4.71594
    endloop
  endfacet
  facet normal -0.577312 -0.577337 0.577402
    outer loop
      vertex -9.799 -0.354099 6.1914
      vertex -6.13941 -5.48916 4.71594
      vertex -6.2103 -5.30355 4.83065
    endloop
  endfacet
  facet normal -0.577352 -0.57735 0.577349
    outer loop
      vertex -6.1914 -9.799 0.354099
      vertex -6.13941 -5.48916 4.71594
      vertex -9.799 -0.354099 6.1914
    endloop
  endfacet
  facet normal -0.57735 -0.57735 0.57735
    outer loop
      vertex -5.71546 -6.5991 4.02994
      vertex -6.1914 -9.799 0.354099
      vertex -5.48804 -6.63229 4.22417
    endloop
  endfacet
  facet normal -0.577343 -0.577354 0.577353
    outer loop
      vertex -6.13941 -5.48916 4.71594
      vertex -6.1914 -9.799 0.354099
      vertex -5.71546 -6.5991 4.02994
    endloop
  endfacet
  facet normal -0.577339 -0.577344 0.577368
    outer loop
      vertex -6.40682 -4.22679 5.71088
      vertex -9.799 -0.354099 6.1914
      vertex -6.63425 -4.1936 5.51665
    endloop
  endfacet
  facet normal -0.577353 -0.577353 0.577345
    outer loop
      vertex -5.58588 -4.3587 6.39992
      vertex -9.799 -0.354099 6.1914
      vertex -6.40682 -4.22679 5.71088
    endloop
  endfacet
  facet normal -0.57735 -0.57735 0.57735
    outer loop
      vertex -5.36393 -4.39109 6.58948
      vertex -9.799 -0.354099 6.1914
      vertex -5.58588 -4.3587 6.39992
    endloop
  endfacet
  facet normal -0.57735 -0.57735 0.57735
    outer loop
      vertex -5.34541 -4.39379 6.6053
      vertex -9.799 -0.354099 6.1914
      vertex -5.36393 -4.39109 6.58948
    endloop
  endfacet
  facet normal -0.577382 -0.57722 0.577449
    outer loop
      vertex -0.354099 -6.1914 9.799
      vertex -4.97048 -4.80683 6.56718
      vertex -4.9392 -4.8413 6.564
    endloop
  endfacet
  facet normal -0.57735 -0.57735 0.57735
    outer loop
      vertex -6.2103 -5.30355 4.83065
      vertex -5.91198 -5.52235 4.91017
      vertex -5.98288 -5.33674 5.02488
    endloop
  endfacet
  facet normal -0.577346 -0.577351 0.577354
    outer loop
      vertex -5.09104 -5.65425 5.5992
      vertex -5.98288 -5.33674 5.02488
      vertex -5.91198 -5.52235 4.91017
    endloop
  endfacet
  facet normal -0.57736 -0.577392 0.577299
    outer loop
      vertex -6.02601 -4.97523 5.34326
      vertex -5.09104 -5.65425 5.5992
      vertex -4.85057 -5.68935 5.80459
    endloop
  endfacet
  facet normal -0.577353 -0.577344 0.577354
    outer loop
      vertex -6.02601 -4.97523 5.34326
      vertex -4.85057 -5.68935 5.80459
      vertex -4.82087 -5.1511 6.37253
    endloop
  endfacet
  facet normal -0.577336 -0.577353 0.577362
    outer loop
      vertex -4.47564 -6.10239 5.76647
      vertex -4.82087 -5.1511 6.37253
      vertex -4.85057 -5.68935 5.80459
    endloop
  endfacet
  facet normal -0.57735 -0.57735 0.57735
    outer loop
      vertex -4.44436 -6.13685 5.76329
      vertex -4.82087 -5.1511 6.37253
      vertex -4.47564 -6.10239 5.76647
    endloop
  endfacet
  facet normal -0.57735 -0.57735 0.57735
    outer loop
      vertex -0.354099 -6.1914 9.799
      vertex -4.82087 -5.1511 6.37253
      vertex -4.44436 -6.13685 5.76329
    endloop
  endfacet
  facet normal -0.57735 -0.57735 0.577351
    outer loop
      vertex -5.34541 -4.39379 6.6053
      vertex -0.354099 -6.1914 9.799
      vertex -9.799 -0.354099 6.1914
    endloop
  endfacet
  facet normal -0.577348 -0.577362 0.577341
    outer loop
      vertex -4.97048 -4.80683 6.56718
      vertex -0.354099 -6.1914 9.799
      vertex -5.34541 -4.39379 6.6053
    endloop
  endfacet
  facet normal -0.57735 -0.57735 0.57735
    outer loop
      vertex -4.82087 -5.1511 6.37253
      vertex -0.354099 -6.1914 9.799
      vertex -4.9392 -4.8413 6.564
    endloop
  endfacet
  facet normal -0.57735 -0.57735 0.57735
    outer loop
      vertex -4.32603 -6.44665 5.57182
      vertex -0.354099 -6.1914 9.799
      vertex -4.44436 -6.13685 5.76329
    endloop
  endfacet
  facet normal -0.57735 -0.57735 0.57735
    outer loop
      vertex -6.1914 -9.799 0.354099
      vertex -4.32603 -6.44665 5.57182
      vertex -5.48804 -6.63229 4.22417
    endloop
  endfacet
  facet normal -0.57735 -0.57735 0.57735
    outer loop
      vertex -4.32603 -6.44665 5.57182
      vertex -6.1914 -9.799 0.354099
      vertex -0.354099 -6.1914 9.799
    endloop
  endfacet
  facet normal -0.850607 0 0.525803
    outer loop
      vertex -10.0179 0.2189 5.8373
      vertex -10.0179 -0.2189 5.8373
      vertex -9.6637 0 6.4103
    endloop
  endfacet
  facet normal -0.8506 -4.10532e-05 0.525814
    outer loop
      vertex -9.6637 0 6.4103
      vertex -10.0179 -0.2189 5.8373
      vertex -9.799 -0.354099 6.1914
    endloop
  endfacet
  facet normal -0 0 1
    outer loop
      vertex -0.2189 5.8373 10.0179
      vertex 0.2189 -5.8373 10.0179
      vertex 0.2189 5.8373 10.0179
    endloop
  endfacet
  facet normal 0 0 1
    outer loop
      vertex 0.2189 -5.8373 10.0179
      vertex -0.2189 5.8373 10.0179
      vertex -0.2189 -5.8373 10.0179
    endloop
  endfacet
  facet normal 4.10532e-05 -0.525814 0.8506
    outer loop
      vertex 0.2189 -5.8373 10.0179
      vertex 0 -6.4103 9.6637
      vertex 0.354099 -6.1914 9.799
    endloop
  endfacet
  facet normal -0.356822 0 0.934172
    outer loop
      vertex -0.2189 5.8373 10.0179
      vertex -2.24709 0.0519562 9.2432
      vertex -0.2189 -5.8373 10.0179
    endloop
  endfacet
  facet normal -0.356824 8.16868e-07 0.934172
    outer loop
      vertex -3.49172 0.418724 8.76779
      vertex -2.24709 0.0519562 9.2432
      vertex -0.2189 5.8373 10.0179
    endloop
  endfacet
  facet normal -0.356804 7.84359e-05 0.934179
    outer loop
      vertex -3.26043 0.298113 8.85614
      vertex -2.24709 0.0519562 9.2432
      vertex -3.49172 0.418724 8.76779
    endloop
  endfacet
  facet normal -0.356813 6.74137e-05 0.934176
    outer loop
      vertex -2.24709 0.0519562 9.2432
      vertex -3.00739 0.190704 8.95279
      vertex -2.51348 0.0678558 9.14145
    endloop
  endfacet
  facet normal -0.35682 3.279e-05 0.934173
    outer loop
      vertex -2.51348 0.0678558 9.14145
      vertex -3.00739 0.190704 8.95279
      vertex -2.76562 0.115555 9.04514
    endloop
  endfacet
  facet normal -0.357064 -0.000677362 0.93408
    outer loop
      vertex -3.00739 0.190704 8.95279
      vertex -3.26043 0.298113 8.85614
      vertex -3.24265 0.288956 8.86293
    endloop
  endfacet
  facet normal -0.356831 -4.71837e-05 0.934169
    outer loop
      vertex -3.00739 0.190704 8.95279
      vertex -2.24709 0.0519562 9.2432
      vertex -3.26043 0.298113 8.85614
    endloop
  endfacet
  facet normal -0.356023 0.00179286 0.934475
    outer loop
      vertex -3.26043 0.298113 8.85614
      vertex -3.49172 0.418724 8.76779
      vertex -3.47403 0.408127 8.77455
    endloop
  endfacet
  facet normal -0.356815 -5.37893e-06 0.934175
    outer loop
      vertex -0.2189 5.8373 10.0179
      vertex -3.70418 0.546021 8.68664
      vertex -3.49172 0.418724 8.76779
    endloop
  endfacet
  facet normal -0.356823 2.71668e-07 0.934172
    outer loop
      vertex -0.2189 5.8373 10.0179
      vertex -3.93742 0.697861 8.59755
      vertex -3.70418 0.546021 8.68664
    endloop
  endfacet
  facet normal -0.356827 3.3748e-06 0.934171
    outer loop
      vertex -0.2189 5.8373 10.0179
      vertex -4.17796 0.858841 8.50567
      vertex -3.93742 0.697861 8.59755
    endloop
  endfacet
  facet normal -0.356816 -6.33212e-06 0.934175
    outer loop
      vertex -0.2189 5.8373 10.0179
      vertex -4.54101 0.858841 8.367
      vertex -4.17796 0.858841 8.50567
    endloop
  endfacet
  facet normal -0.356823 0 0.934172
    outer loop
      vertex -4.54101 0.858841 8.367
      vertex -9.6637 0 6.4103
      vertex -4.54101 -0.815918 8.367
    endloop
  endfacet
  facet normal -0.356823 1.01669e-06 0.934172
    outer loop
      vertex -9.6637 0 6.4103
      vertex -4.54101 0.858841 8.367
      vertex -0.2189 5.8373 10.0179
    endloop
  endfacet
  facet normal -0.356822 0 0.934172
    outer loop
      vertex -2.24709 -0.458664 9.2432
      vertex -0.2189 -5.8373 10.0179
      vertex -2.24709 0.0519562 9.2432
    endloop
  endfacet
  facet normal -0.356819 1.27052e-06 0.934173
    outer loop
      vertex -2.52895 -0.438629 9.13554
      vertex -0.2189 -5.8373 10.0179
      vertex -2.24709 -0.458664 9.2432
    endloop
  endfacet
  facet normal -0.356827 2.00698e-05 0.934171
    outer loop
      vertex -4.16493 -0.815918 8.51065
      vertex -2.52895 -0.438629 9.13554
      vertex -2.78051 -0.383128 9.03945
    endloop
  endfacet
  facet normal -0.356718 -0.00037898 0.934212
    outer loop
      vertex -4.16493 -0.815918 8.51065
      vertex -2.78051 -0.383128 9.03945
      vertex -2.80144 -0.37851 9.03146
    endloop
  endfacet
  facet normal -0.356828 1.54662e-05 0.93417
    outer loop
      vertex -4.16493 -0.815918 8.51065
      vertex -2.80144 -0.37851 9.03146
      vertex -3.07169 -0.280472 8.92823
    endloop
  endfacet
  facet normal -0.356823 2.84323e-06 0.934172
    outer loop
      vertex -4.16493 -0.815918 8.51065
      vertex -3.07169 -0.280472 8.92823
      vertex -3.32569 -0.156992 8.83121
    endloop
  endfacet
  facet normal -0.356946 0.000183079 0.934125
    outer loop
      vertex -4.16493 -0.815918 8.51065
      vertex -3.32569 -0.156992 8.83121
      vertex -3.34683 -0.146713 8.82313
    endloop
  endfacet
  facet normal -0.356815 -3.91886e-07 0.934175
    outer loop
      vertex -4.16493 -0.815918 8.51065
      vertex -3.34683 -0.146713 8.82313
      vertex -3.66375 0.0503498 8.70208
    endloop
  endfacet
  facet normal -0.356819 1.70402e-06 0.934174
    outer loop
      vertex -4.16493 -0.815918 8.51065
      vertex -3.66375 0.0503498 8.70208
      vertex -3.69014 0.0667572 8.692
    endloop
  endfacet
  facet normal -0.356818 1.22724e-06 0.934174
    outer loop
      vertex -4.16493 -0.815918 8.51065
      vertex -3.69014 0.0667572 8.692
      vertex -4.12843 0.378049 8.52459
    endloop
  endfacet
  facet normal -0.356783 0 0.934187
    outer loop
      vertex -4.16493 -0.815918 8.51065
      vertex -4.12843 0.378049 8.52459
      vertex -4.16493 0.403976 8.51065
    endloop
  endfacet
  facet normal -0.356823 -3.68878e-07 0.934172
    outer loop
      vertex -2.52895 -0.438629 9.13554
      vertex -4.16493 -0.815918 8.51065
      vertex -0.2189 -5.8373 10.0179
    endloop
  endfacet
  facet normal -0.356823 -3.114e-07 0.934172
    outer loop
      vertex -4.54101 -0.815918 8.367
      vertex -0.2189 -5.8373 10.0179
      vertex -4.16493 -0.815918 8.51065
    endloop
  endfacet
  facet normal -0.356823 -9.98122e-07 0.934172
    outer loop
      vertex -0.2189 -5.8373 10.0179
      vertex -4.54101 -0.815918 8.367
      vertex -9.6637 0 6.4103
    endloop
  endfacet
  facet normal 0.934185 0.356788 3.82703e-06
    outer loop
      vertex 8.41033 4.42756 0.13942
      vertex 8.46833 4.27571 -1.04044
      vertex 8.45261 4.31687 -1.03892
    endloop
  endfacet
  facet normal 0.934171 0.356826 -1.74226e-06
    outer loop
      vertex 8.6382 3.83099 -0.966633
      vertex 8.46833 4.27571 -1.04044
      vertex 8.41033 4.42756 0.13942
    endloop
  endfacet
  facet normal 0.93417 0.356828 1.24432e-05
    outer loop
      vertex 8.46833 4.27571 -1.04044
      vertex 8.6382 3.83099 -0.966633
      vertex 8.65717 3.78133 -1.0587
    endloop
  endfacet
  facet normal 0.934173 0.356822 -7.12374e-06
    outer loop
      vertex 6.4103 9.6637 0
      vertex 8.62535 3.86463 0.834772
      vertex 8.20139 4.97456 0.148775
    endloop
  endfacet
  facet normal 0.934176 0.356814 2.19689e-05
    outer loop
      vertex 8.62535 3.86463 0.834772
      vertex 8.73606 3.57479 0.666262
      vertex 8.67904 3.72408 0.574203
    endloop
  endfacet
  facet normal 0.934167 0.356835 -2.07451e-05
    outer loop
      vertex 8.62535 3.86463 0.834772
      vertex 8.75055 3.53687 0.901871
      vertex 8.73606 3.57479 0.666262
    endloop
  endfacet
  facet normal 0.934172 0.356823 8.15418e-07
    outer loop
      vertex 8.8843 3.18669 1.29201
      vertex 8.62535 3.86463 0.834772
      vertex 6.4103 9.6637 0
    endloop
  endfacet
  facet normal 0.934162 0.356848 5.16269e-05
    outer loop
      vertex 8.62535 3.86463 0.834772
      vertex 8.80037 3.40642 1.11279
      vertex 8.75055 3.53687 0.901871
    endloop
  endfacet
  facet normal 0.934177 0.356811 -1.86866e-05
    outer loop
      vertex 8.62535 3.86463 0.834772
      vertex 8.8843 3.18669 1.29201
      vertex 8.80037 3.40642 1.11279
    endloop
  endfacet
  facet normal 0.934172 0.356822 -9.51339e-07
    outer loop
      vertex 10.0179 0.2189 5.8373
      vertex 8.8843 3.18669 1.29201
      vertex 6.4103 9.6637 0
    endloop
  endfacet
  facet normal 0.934167 0.356836 9.25202e-06
    outer loop
      vertex 8.8843 3.18669 1.29201
      vertex 10.0179 0.2189 5.8373
      vertex 8.8921 3.16627 1.30117
    endloop
  endfacet
  facet normal 0.934011 0.357244 -0.000206504
    outer loop
      vertex 9.23155 2.27759 0.794137
      vertex 9.28129 2.14737 0.490725
      vertex 9.27739 2.15757 0.496777
    endloop
  endfacet
  facet normal 0.934164 0.356843 -9.0525e-06
    outer loop
      vertex 9.23155 2.27759 0.794137
      vertex 9.32811 2.0248 0.417992
      vertex 9.28129 2.14737 0.490725
    endloop
  endfacet
  facet normal 0.934225 0.356683 8.00235e-05
    outer loop
      vertex 9.36761 1.92138 0.282024
      vertex 9.23516 2.26814 0.965578
      vertex 9.21307 2.32596 1.13576
    endloop
  endfacet
  facet normal 0.934442 0.356116 0.000363557
    outer loop
      vertex 9.23516 2.26814 0.965578
      vertex 9.33114 2.01686 0.407548
      vertex 9.32811 2.0248 0.417992
    endloop
  endfacet
  facet normal 0.934173 0.356822 -4.81288e-07
    outer loop
      vertex 9.23516 2.26814 0.965578
      vertex 9.36761 1.92138 0.282024
      vertex 9.33114 2.01686 0.407548
    endloop
  endfacet
  facet normal 0.934166 0.356838 5.58248e-06
    outer loop
      vertex 9.36761 1.92138 0.282024
      vertex 10.0179 0.2189 5.8373
      vertex 9.39406 1.85214 0.0640345
    endloop
  endfacet
  facet normal 0.93417 0.356827 1.74945e-06
    outer loop
      vertex 9.21307 2.32596 1.13576
      vertex 10.0179 0.2189 5.8373
      vertex 9.36761 1.92138 0.282024
    endloop
  endfacet
  facet normal 0.934176 0.356812 -6.13957e-06
    outer loop
      vertex 9.15354 2.48182 1.33117
      vertex 10.0179 0.2189 5.8373
      vertex 9.21307 2.32596 1.13576
    endloop
  endfacet
  facet normal 0.934164 0.356843 1.19115e-05
    outer loop
      vertex 9.07664 2.68313 1.42369
      vertex 10.0179 0.2189 5.8373
      vertex 9.15354 2.48182 1.33117
    endloop
  endfacet
  facet normal 0.934174 0.356817 -4.6442e-06
    outer loop
      vertex 8.99275 2.90276 1.41226
      vertex 10.0179 0.2189 5.8373
      vertex 9.07664 2.68313 1.42369
    endloop
  endfacet
  facet normal 0.934214 0.356714 -7.63111e-05
    outer loop
      vertex 8.98577 2.92104 1.41131
      vertex 10.0179 0.2189 5.8373
      vertex 8.99275 2.90276 1.41226
    endloop
  endfacet
  facet normal 0.934172 0.356824 2.53651e-07
    outer loop
      vertex 8.8921 3.16627 1.30117
      vertex 10.0179 0.2189 5.8373
      vertex 8.98577 2.92104 1.41131
    endloop
  endfacet
  facet normal 0.934172 0.356823 3.01717e-05
    outer loop
      vertex 8.25508 4.83402 -0.111793
      vertex 6.4103 9.6637 0
      vertex 8.20139 4.97456 0.148775
    endloop
  endfacet
  facet normal 0.934175 0.356815 9.33337e-07
    outer loop
      vertex 8.45261 4.31687 -1.03892
      vertex 8.25508 4.83402 -0.111793
      vertex 8.41033 4.42756 0.13942
    endloop
  endfacet
  facet normal 0.934172 0.356823 -4.49904e-06
    outer loop
      vertex 8.45261 4.31687 -1.03892
      vertex 6.4103 9.6637 0
      vertex 8.25508 4.83402 -0.111793
    endloop
  endfacet
  facet normal 0.934172 0.356824 -8.14627e-06
    outer loop
      vertex 8.50501 4.17968 -1.29328
      vertex 6.4103 9.6637 0
      vertex 8.45261 4.31687 -1.03892
    endloop
  endfacet
  facet normal 0.934189 0.356779 0.00020857
    outer loop
      vertex 8.50938 4.16825 -1.31446
      vertex 6.4103 9.6637 0
      vertex 8.50501 4.17968 -1.29328
    endloop
  endfacet
  facet normal 0.934135 0.356921 -8.45623e-05
    outer loop
      vertex 10.0179 0.2189 -5.8373
      vertex 8.70865 3.64654 -1.34344
      vertex 8.72524 3.60312 -1.34586
    endloop
  endfacet
  facet normal 0.93418 0.356803 1.53604e-05
    outer loop
      vertex 10.0179 0.2189 -5.8373
      vertex 8.83448 3.31712 -1.16909
      vertex 8.84357 3.29332 -1.15438
    endloop
  endfacet
  facet normal 0.934171 0.356825 -1.99608e-06
    outer loop
      vertex 8.55904 4.03823 0.226706
      vertex 8.93809 3.04587 -0.391365
      vertex 8.84357 3.29332 -1.15438
    endloop
  endfacet
  facet normal 0.934172 0.356822 -3.0349e-06
    outer loop
      vertex 9.00145 2.87999 -0.558558
      vertex 8.84357 3.29332 -1.15438
      vertex 8.93809 3.04587 -0.391365
    endloop
  endfacet
  facet normal 0.934167 0.356836 8.13569e-06
    outer loop
      vertex 9.07847 2.67836 -0.637991
      vertex 8.84357 3.29332 -1.15438
      vertex 9.00145 2.87999 -0.558558
    endloop
  endfacet
  facet normal 0.93418 0.356803 -3.76611e-05
    outer loop
      vertex 9.16448 2.45317 -0.627237
      vertex 8.84357 3.29332 -1.15438
      vertex 9.07847 2.67836 -0.637991
    endloop
  endfacet
  facet normal 0.934174 0.356817 3.14807e-06
    outer loop
      vertex 10.0179 0.2189 -5.8373
      vertex 9.16448 2.45317 -0.627237
      vertex 9.25484 2.2166 -0.523821
    endloop
  endfacet
  facet normal 0.934172 0.356823 2.06392e-07
    outer loop
      vertex 9.16448 2.45317 -0.627237
      vertex 10.0179 0.2189 -5.8373
      vertex 8.84357 3.29332 -1.15438
    endloop
  endfacet
  facet normal 0.934173 0.356821 -0
    outer loop
      vertex 10.0179 0.2189 -5.8373
      vertex 9.39406 1.85214 0.0640345
      vertex 10.0179 0.2189 5.8373
    endloop
  endfacet
  facet normal 0.934172 0.356823 -2.54829e-07
    outer loop
      vertex 8.50938 4.16825 -1.31446
      vertex 10.0179 0.2189 -5.8373
      vertex 6.4103 9.6637 0
    endloop
  endfacet
  facet normal 0.934176 0.356813 9.56774e-06
    outer loop
      vertex 8.70865 3.64654 -1.34344
      vertex 10.0179 0.2189 -5.8373
      vertex 8.50938 4.16825 -1.31446
    endloop
  endfacet
  facet normal 0.934174 0.356818 4.25076e-06
    outer loop
      vertex 8.83448 3.31712 -1.16909
      vertex 10.0179 0.2189 -5.8373
      vertex 8.72524 3.60312 -1.34586
    endloop
  endfacet
  facet normal 0.934166 0.356839 -6.06652e-06
    outer loop
      vertex 9.33604 2.00403 -0.351091
      vertex 10.0179 0.2189 -5.8373
      vertex 9.25484 2.2166 -0.523821
    endloop
  endfacet
  facet normal 0.934168 0.356833 -4.02237e-06
    outer loop
      vertex 9.38299 1.88112 -0.151072
      vertex 10.0179 0.2189 -5.8373
      vertex 9.33604 2.00403 -0.351091
    endloop
  endfacet
  facet normal 0.93417 0.356827 -1.93794e-06
    outer loop
      vertex 9.39406 1.85214 0.0640345
      vertex 10.0179 0.2189 -5.8373
      vertex 9.38299 1.88112 -0.151072
    endloop
  endfacet
  facet normal 0.934178 0.356808 -1.87685e-05
    outer loop
      vertex 8.66799 3.753 0.556333
      vertex 8.55904 4.03823 0.226706
      vertex 8.53535 4.10026 0.341705
    endloop
  endfacet
  facet normal 0.93415 0.35688 -7.86576e-05
    outer loop
      vertex 8.75815 3.51697 0.412954
      vertex 8.66799 3.753 0.556333
      vertex 8.67904 3.72408 0.574203
    endloop
  endfacet
  facet normal 0.934176 0.356813 1.9916e-05
    outer loop
      vertex 8.75815 3.51697 0.412954
      vertex 8.67904 3.72408 0.574203
      vertex 8.73606 3.57479 0.666262
    endloop
  endfacet
  facet normal 0.934168 0.356834 6.83364e-06
    outer loop
      vertex 8.66799 3.753 0.556333
      vertex 8.75815 3.51697 0.412954
      vertex 8.55904 4.03823 0.226706
    endloop
  endfacet
  facet normal 0.93417 0.356829 -9.57495e-06
    outer loop
      vertex 8.93809 3.04587 -0.391365
      vertex 8.55904 4.03823 0.226706
      vertex 8.75815 3.51697 0.412954
    endloop
  endfacet
  facet normal 0.934174 0.356818 -2.11051e-06
    outer loop
      vertex 8.93809 3.04587 -0.391365
      vertex 8.75815 3.51697 0.412954
      vertex 8.89181 3.16704 0.587648
    endloop
  endfacet
  facet normal 0.934168 0.356834 -4.59127e-06
    outer loop
      vertex 8.89181 3.16704 0.587648
      vertex 8.97879 2.93933 0.405919
      vertex 8.97544 2.9481 0.400498
    endloop
  endfacet
  facet normal 0.934174 0.356819 -2.3511e-05
    outer loop
      vertex 9.08932 2.64994 0.907244
      vertex 8.94242 3.03454 1.00702
      vertex 8.98556 2.9216 1.05603
    endloop
  endfacet
  facet normal 0.934173 0.356819 1.71792e-05
    outer loop
      vertex 8.89181 3.16704 0.587648
      vertex 9.01904 2.83395 0.471047
      vertex 8.97879 2.93933 0.405919
    endloop
  endfacet
  facet normal 0.934187 0.356784 1.38014e-05
    outer loop
      vertex 9.05735 2.73363 1.01281
      vertex 8.98556 2.9216 1.05603
      vertex 9.02206 2.82603 1.05757
    endloop
  endfacet
  facet normal 0.934172 0.356824 2.71626e-06
    outer loop
      vertex 8.89181 3.16704 0.587648
      vertex 9.02281 2.82408 0.478743
      vertex 9.01904 2.83395 0.471047
    endloop
  endfacet
  facet normal 0.93419 0.356776 3.15315e-05
    outer loop
      vertex 9.05735 2.73363 1.01281
      vertex 9.02206 2.82603 1.05757
      vertex 9.0251 2.81807 1.05769
    endloop
  endfacet
  facet normal 0.934192 0.356772 7.46033e-05
    outer loop
      vertex 8.98556 2.9216 1.05603
      vertex 9.05735 2.73363 1.01281
      vertex 9.08932 2.64994 0.907244
    endloop
  endfacet
  facet normal 0.93352 0.358522 -0.00151636
    outer loop
      vertex 9.08932 2.64994 0.907244
      vertex 9.05735 2.73363 1.01281
      vertex 9.06004 2.72661 1.00908
    endloop
  endfacet
  facet normal 0.93417 0.356829 -1.59576e-05
    outer loop
      vertex 8.8844 3.18645 0.828753
      vertex 9.02281 2.82408 0.478743
      vertex 8.89181 3.16704 0.587648
    endloop
  endfacet
  facet normal 0.934141 0.356903 0.000116278
    outer loop
      vertex 9.02281 2.82408 0.478743
      vertex 9.07025 2.69988 0.579473
      vertex 9.0681 2.70551 0.571207
    endloop
  endfacet
  facet normal 0.934177 0.35681 1.3288e-05
    outer loop
      vertex 8.94242 3.03454 1.00702
      vertex 9.08932 2.64994 0.907244
      vertex 9.07025 2.69988 0.579473
    endloop
  endfacet
  facet normal 0.934187 0.356784 8.77545e-06
    outer loop
      vertex 9.09659 2.63091 0.687456
      vertex 9.07025 2.69988 0.579473
      vertex 9.08932 2.64994 0.907244
    endloop
  endfacet
  facet normal 0.934306 0.356473 -0.000219081
    outer loop
      vertex 9.07025 2.69988 0.579473
      vertex 9.09659 2.63091 0.687456
      vertex 9.09605 2.63232 0.678793
    endloop
  endfacet
  facet normal 0.934115 0.356972 -9.82728e-06
    outer loop
      vertex 9.09659 2.63091 0.687456
      vertex 9.08932 2.64994 0.907244
      vertex 9.10308 2.61393 0.791539
    endloop
  endfacet
  facet normal 0.934177 0.356811 1.26106e-05
    outer loop
      vertex 9.07025 2.69988 0.579473
      vertex 8.8844 3.18645 0.828753
      vertex 8.94242 3.03454 1.00702
    endloop
  endfacet
  facet normal 0.934174 0.356818 -3.6305e-06
    outer loop
      vertex 9.02281 2.82408 0.478743
      vertex 8.8844 3.18645 0.828753
      vertex 9.07025 2.69988 0.579473
    endloop
  endfacet
  facet normal 0.934168 0.356834 -4.4055e-06
    outer loop
      vertex 8.89181 3.16704 0.587648
      vertex 8.97544 2.9481 0.400498
      vertex 8.93809 3.04587 -0.391365
    endloop
  endfacet
  facet normal 0.934181 0.356799 -9.34818e-06
    outer loop
      vertex 9.03374 2.79545 0.117479
      vertex 8.93809 3.04587 -0.391365
      vertex 8.97544 2.9481 0.400498
    endloop
  endfacet
  facet normal 0.934169 0.356831 8.74682e-06
    outer loop
      vertex 9.03374 2.79545 0.117479
      vertex 9.05796 2.73205 -0.164146
      vertex 8.93809 3.04587 -0.391365
    endloop
  endfacet
  facet normal 0.934149 0.356884 -4.91286e-06
    outer loop
      vertex 9.07468 2.68829 0.18371
      vertex 9.05796 2.73205 -0.164146
      vertex 9.03374 2.79545 0.117479
    endloop
  endfacet
  facet normal 0.934174 0.356818 -1.43986e-05
    outer loop
      vertex 9.05796 2.73205 -0.164146
      vertex 9.07468 2.68829 0.18371
      vertex 9.06016 2.72629 -0.170547
    endloop
  endfacet
  facet normal 0.934188 0.35678 -1.90667e-05
    outer loop
      vertex 9.12501 2.55651 0.244591
      vertex 9.06016 2.72629 -0.170547
      vertex 9.07468 2.68829 0.18371
    endloop
  endfacet
  facet normal 0.93417 0.356828 -5.46186e-05
    outer loop
      vertex 9.15994 2.46505 -0.286601
      vertex 9.06016 2.72629 -0.170547
      vertex 9.19508 2.37306 -0.248156
    endloop
  endfacet
  facet normal 0.934288 0.356519 0.00068147
    outer loop
      vertex 9.08662 2.65703 -0.247456
      vertex 9.12307 2.56159 -0.289478
      vertex 9.12025 2.56898 -0.289452
    endloop
  endfacet
  facet normal 0.934174 0.356818 -1.44906e-06
    outer loop
      vertex 9.06016 2.72629 -0.170547
      vertex 9.12501 2.55651 0.244591
      vertex 9.19508 2.37306 -0.248156
    endloop
  endfacet
  facet normal 0.934188 0.35678 2.19993e-06
    outer loop
      vertex 9.08662 2.65703 -0.247456
      vertex 9.15994 2.46505 -0.286601
      vertex 9.12307 2.56159 -0.289478
    endloop
  endfacet
  facet normal 0.93417 0.356824 0.00171789
    outer loop
      vertex 9.12307 2.56159 -0.289478
      vertex 9.15994 2.46505 -0.286601
      vertex 9.15702 2.47271 -0.2898
    endloop
  endfacet
  facet normal 0.934167 0.356835 -3.98475e-05
    outer loop
      vertex 9.22971 2.2824 0.12746
      vertex 9.12501 2.55651 0.244591
      vertex 9.16835 2.44305 0.253017
    endloop
  endfacet
  facet normal 0.934197 0.356758 0.000127693
    outer loop
      vertex 9.06016 2.72629 -0.170547
      vertex 9.15994 2.46505 -0.286601
      vertex 9.08662 2.65703 -0.247456
    endloop
  endfacet
  facet normal 0.934178 0.356807 5.21386e-07
    outer loop
      vertex 9.22971 2.2824 0.12746
      vertex 9.16835 2.44305 0.253017
      vertex 9.20415 2.34932 0.21099
    endloop
  endfacet
  facet normal 0.934173 0.356821 -2.692e-06
    outer loop
      vertex 9.12501 2.55651 0.244591
      vertex 9.22971 2.2824 0.12746
      vertex 9.19508 2.37306 -0.248156
    endloop
  endfacet
  facet normal 0.93417 0.356827 -9.17153e-07
    outer loop
      vertex 9.24526 2.24169 0.0231191
      vertex 9.19508 2.37306 -0.248156
      vertex 9.22971 2.2824 0.12746
    endloop
  endfacet
  facet normal 0.933487 0.358611 -0.000798738
    outer loop
      vertex 9.24526 2.24169 0.0231191
      vertex 9.22971 2.2824 0.12746
      vertex 9.23184 2.27684 0.12051
    endloop
  endfacet
  facet normal 0.934152 0.356876 2.60035e-05
    outer loop
      vertex 9.19508 2.37306 -0.248156
      vertex 9.24526 2.24169 0.0231191
      vertex 9.22833 2.28602 -0.173784
    endloop
  endfacet
  facet normal 0.934156 0.356866 2.33953e-05
    outer loop
      vertex 9.24526 2.24169 0.0231191
      vertex 9.24532 2.24154 -0.0845718
      vertex 9.22833 2.28602 -0.173784
    endloop
  endfacet
  facet normal 0.934104 0.357 2.31803e-05
    outer loop
      vertex 9.24532 2.24154 -0.0845718
      vertex 9.24526 2.24169 0.0231191
      vertex 9.24638 2.23876 0.0150156
    endloop
  endfacet
  facet normal 0.934147 0.356888 0.00051241
    outer loop
      vertex 9.148 2.49632 0.481385
      vertex 9.15419 2.48012 0.479865
      vertex 9.14895 2.49384 0.476786
    endloop
  endfacet
  facet normal 0.934379 0.356163 0.00918448
    outer loop
      vertex 9.14792 2.49652 0.481768
      vertex 9.15419 2.48012 0.479865
      vertex 9.148 2.49632 0.481385
    endloop
  endfacet
  facet normal 0.934073 0.357082 0.000256063
    outer loop
      vertex 9.20242 2.35385 0.63001
      vertex 9.15419 2.48012 0.479865
      vertex 9.14792 2.49652 0.481768
    endloop
  endfacet
  facet normal 0.934164 0.356844 2.68473e-05
    outer loop
      vertex 9.20242 2.35385 0.63001
      vertex 9.21713 2.31535 0.516872
      vertex 9.15419 2.48012 0.479865
    endloop
  endfacet
  facet normal 0.934159 0.356858 2.15056e-05
    outer loop
      vertex 9.20242 2.35385 0.63001
      vertex 9.22176 2.30323 0.515329
      vertex 9.21713 2.31535 0.516872
    endloop
  endfacet
  facet normal 0.934174 0.356818 -9.35162e-06
    outer loop
      vertex 9.27739 2.15757 0.496777
      vertex 9.20242 2.35385 0.63001
      vertex 9.23155 2.27759 0.794137
    endloop
  endfacet
  facet normal 0.93419 0.356775 6.36291e-05
    outer loop
      vertex 9.20242 2.35385 0.63001
      vertex 9.27739 2.15757 0.496777
      vertex 9.22176 2.30323 0.515329
    endloop
  endfacet
  facet normal 0.934168 0.356833 -1.5917e-06
    outer loop
      vertex 9.32811 2.0248 0.417992
      vertex 9.23155 2.27759 0.794137
      vertex 9.23516 2.26814 0.965578
    endloop
  endfacet
  facet normal 0 -0.934172 0.356822
    outer loop
      vertex -0.508713 -8.4452 4.33626
      vertex 0 -6.4103 9.6637
      vertex -0.891663 -8.4452 4.33626
    endloop
  endfacet
  facet normal -3.3827e-06 -0.934172 0.356822
    outer loop
      vertex 0 -6.4103 9.6637
      vertex -1.39987 -8.56284 4.02827
      vertex -0.891663 -8.4452 4.33626
    endloop
  endfacet
  facet normal -2.0105e-05 -0.934164 0.356845
    outer loop
      vertex -5.8373 -10.0179 0.2189
      vertex -1.39987 -8.67638 3.73104
      vertex -1.39987 -8.56284 4.02827
    endloop
  endfacet
  facet normal 0 -0.934171 0.356824
    outer loop
      vertex -5.8373 -10.0179 0.2189
      vertex -0.0437164 -9.16902 2.44128
      vertex -1.41571 -9.16902 2.44128
    endloop
  endfacet
  facet normal 0 -0.934171 0.356824
    outer loop
      vertex 5.8373 -10.0179 0.2189
      vertex -0.0437164 -9.16902 2.44128
      vertex -5.8373 -10.0179 0.2189
    endloop
  endfacet
  facet normal 1.27495e-05 -0.93418 0.356802
    outer loop
      vertex -1.41571 -9.06166 2.72237
      vertex -5.8373 -10.0179 0.2189
      vertex -1.41571 -9.16902 2.44128
    endloop
  endfacet
  facet normal -1.33583e-06 -0.934172 0.356824
    outer loop
      vertex -1.39987 -8.67638 3.73104
      vertex -5.8373 -10.0179 0.2189
      vertex -1.41571 -9.06166 2.72237
    endloop
  endfacet
  facet normal 3.2039e-06 -0.934173 0.356821
    outer loop
      vertex -5.8373 -10.0179 0.2189
      vertex -1.39987 -8.56284 4.02827
      vertex 0 -6.4103 9.6637
    endloop
  endfacet
  facet normal 7.57775e-06 -0.934172 0.356824
    outer loop
      vertex 1.08523 -8.44598 4.33423
      vertex 0 -6.4103 9.6637
      vertex 0.816284 -8.43442 4.3645
    endloop
  endfacet
  facet normal 0.000109046 -0.934165 0.356842
    outer loop
      vertex 1.10764 -8.44694 4.33171
      vertex 0 -6.4103 9.6637
      vertex 1.08523 -8.44598 4.33423
    endloop
  endfacet
  facet normal -6.70988e-06 -0.934173 0.356821
    outer loop
      vertex 1.30582 -8.48162 4.24092
      vertex 0 -6.4103 9.6637
      vertex 1.10764 -8.44694 4.33171
    endloop
  endfacet
  facet normal -0.000148411 -0.934184 0.356791
    outer loop
      vertex 1.32233 -8.48451 4.23336
      vertex 0 -6.4103 9.6637
      vertex 1.30582 -8.48162 4.24092
    endloop
  endfacet
  facet normal -7.98272e-06 -0.934173 0.356821
    outer loop
      vertex 1.44442 -8.54053 4.0867
      vertex 0 -6.4103 9.6637
      vertex 1.32233 -8.48451 4.23336
    endloop
  endfacet
  facet normal 0.000508831 -0.934128 0.356938
    outer loop
      vertex 1.45459 -8.54519 4.07449
      vertex 0 -6.4103 9.6637
      vertex 1.44442 -8.54053 4.0867
    endloop
  endfacet
  facet normal -0.000247764 -0.933881 0.357583
    outer loop
      vertex 1.13013 -8.7894 3.43516
      vertex 1.14176 -8.7858 3.44457
      vertex 1.13013 -8.78734 3.44054
    endloop
  endfacet
  facet normal 0.000155299 -0.934048 0.357148
    outer loop
      vertex 1.29143 -8.80783 3.38689
      vertex 1.14176 -8.7858 3.44457
      vertex 1.13013 -8.7894 3.43516
    endloop
  endfacet
  facet normal -1.15599e-05 -0.934192 0.35677
    outer loop
      vertex 1.14176 -8.7858 3.44457
      vertex 1.29143 -8.80783 3.38689
      vertex 1.28148 -8.76731 3.49299
    endloop
  endfacet
  facet normal -0.000339704 -0.934202 0.356744
    outer loop
      vertex 1.30486 -8.80937 3.38287
      vertex 1.28148 -8.76731 3.49299
      vertex 1.29143 -8.80783 3.38689
    endloop
  endfacet
  facet normal 0.000913979 -0.934113 0.356976
    outer loop
      vertex 1.28148 -8.76731 3.49299
      vertex 1.30486 -8.80937 3.38287
      vertex 1.29048 -8.7645 3.50032
    endloop
  endfacet
  facet normal -8.00955e-05 -0.934154 0.35687
    outer loop
      vertex 1.29048 -8.7645 3.50032
      vertex 1.30486 -8.80937 3.38287
      vertex 1.39862 -8.73083 3.58848
    endloop
  endfacet
  facet normal 2.4708e-05 -0.93417 0.356828
    outer loop
      vertex 1.43748 -8.84667 3.28521
      vertex 1.39862 -8.73083 3.58848
      vertex 1.30486 -8.80937 3.38287
    endloop
  endfacet
  facet normal 0.000142856 -0.934165 0.356841
    outer loop
      vertex 1.39862 -8.73083 3.58848
      vertex 1.43748 -8.84667 3.28521
      vertex 1.40439 -8.72712 3.59819
    endloop
  endfacet
  facet normal -1.17402e-06 -0.93417 0.356828
    outer loop
      vertex 1.40439 -8.72712 3.59819
      vertex 1.43748 -8.84667 3.28521
      vertex 1.47366 -8.68254 3.7149
    endloop
  endfacet
  facet normal 4.86051e-07 -0.93417 0.356828
    outer loop
      vertex 1.52116 -8.89926 3.14753
      vertex 1.47366 -8.68254 3.7149
      vertex 1.43748 -8.84667 3.28521
    endloop
  endfacet
  facet normal -0.000194754 -0.934176 0.356814
    outer loop
      vertex 1.47366 -8.68254 3.7149
      vertex 1.52116 -8.89926 3.14753
      vertex 1.49869 -8.62707 3.86014
    endloop
  endfacet
  facet normal 0.000113908 -0.934172 0.356822
    outer loop
      vertex 1.54691 -8.96002 2.98845
      vertex 1.49869 -8.62707 3.86014
      vertex 1.52116 -8.89926 3.14753
    endloop
  endfacet
  facet normal 0.000334033 -0.933999 0.357275
    outer loop
      vertex 5.8373 -10.0179 0.2189
      vertex 1.54691 -8.96002 2.98845
      vertex 1.54906 -8.96508 2.97522
    endloop
  endfacet
  facet normal 9.37603e-05 -0.934119 0.356963
    outer loop
      vertex 5.8373 -10.0179 0.2189
      vertex 1.50553 -9.04849 2.75684
      vertex 1.50191 -9.05543 2.73868
    endloop
  endfacet
  facet normal 0.000230452 -0.934026 0.357206
    outer loop
      vertex 5.8373 -10.0179 0.2189
      vertex 1.37132 -9.11785 2.57524
      vertex 1.36046 -9.12305 2.56165
    endloop
  endfacet
  facet normal -5.92216e-06 -0.934177 0.356811
    outer loop
      vertex -0.0437164 -9.16902 2.44128
      vertex 5.8373 -10.0179 0.2189
      vertex 0.822037 -9.1793 2.41438
    endloop
  endfacet
  facet normal -1.23273e-06 -0.934172 0.356822
    outer loop
      vertex 1.45459 -8.54519 4.07449
      vertex 5.8373 -10.0179 0.2189
      vertex 0 -6.4103 9.6637
    endloop
  endfacet
  facet normal 2.46722e-05 -0.934163 0.356848
    outer loop
      vertex 1.49869 -8.62707 3.86014
      vertex 5.8373 -10.0179 0.2189
      vertex 1.45459 -8.54519 4.07449
    endloop
  endfacet
  facet normal -5.63267e-06 -0.934175 0.356816
    outer loop
      vertex 1.54691 -8.96002 2.98845
      vertex 5.8373 -10.0179 0.2189
      vertex 1.49869 -8.62707 3.86014
    endloop
  endfacet
  facet normal -9.00214e-06 -0.934177 0.35681
    outer loop
      vertex 1.50553 -9.04849 2.75684
      vertex 5.8373 -10.0179 0.2189
      vertex 1.54906 -8.96508 2.97522
    endloop
  endfacet
  facet normal -1.92927e-05 -0.934183 0.356793
    outer loop
      vertex 1.37132 -9.11785 2.57524
      vertex 5.8373 -10.0179 0.2189
      vertex 1.50191 -9.05543 2.73868
    endloop
  endfacet
  facet normal -1.72091e-05 -0.934183 0.356793
    outer loop
      vertex 1.13156 -9.16523 2.4512
      vertex 5.8373 -10.0179 0.2189
      vertex 1.36046 -9.12305 2.56165
    endloop
  endfacet
  facet normal 1.42161e-05 -0.934161 0.356851
    outer loop
      vertex 0.822037 -9.1793 2.41438
      vertex 5.8373 -10.0179 0.2189
      vertex 1.13156 -9.16523 2.4512
    endloop
  endfacet
  facet normal -1.08214e-06 -0.934172 0.356822
    outer loop
      vertex 0.530334 -8.44726 4.33087
      vertex 0 -6.4103 9.6637
      vertex -0.508713 -8.4452 4.33626
    endloop
  endfacet
  facet normal -1.7819e-05 -0.934173 0.356821
    outer loop
      vertex 0 -6.4103 9.6637
      vertex 0.530334 -8.44726 4.33087
      vertex 0.816284 -8.43442 4.3645
    endloop
  endfacet
  facet normal 2.60087e-06 -0.933936 0.357441
    outer loop
      vertex -0.508713 -8.4452 4.33626
      vertex 0.513964 -8.45023 4.32311
      vertex 0.530334 -8.44726 4.33087
    endloop
  endfacet
  facet normal -6.1895e-06 -0.934164 0.356845
    outer loop
      vertex -0.508713 -8.4452 4.33626
      vertex 0.317444 -8.4858 4.22999
      vertex 0.513964 -8.45023 4.32311
    endloop
  endfacet
  facet normal -8.81427e-06 -0.93417 0.356827
    outer loop
      vertex -0.508713 -8.4452 4.33626
      vertex 0.185181 -8.54654 4.07097
      vertex 0.317444 -8.4858 4.22999
    endloop
  endfacet
  facet normal -1.78246e-05 -0.934178 0.356807
    outer loop
      vertex -0.508713 -8.4452 4.33626
      vertex 0.141083 -8.62603 3.86285
      vertex 0.185181 -8.54654 4.07097
    endloop
  endfacet
  facet normal 0.000397879 -0.933988 0.357305
    outer loop
      vertex -0.508713 -8.4452 4.33626
      vertex 0.143019 -8.63031 3.85166
      vertex 0.141083 -8.62603 3.86285
    endloop
  endfacet
  facet normal -3.82088e-05 -0.934184 0.356793
    outer loop
      vertex -0.508713 -8.4452 4.33626
      vertex 0.166275 -8.68165 3.71724
      vertex 0.143019 -8.63031 3.85166
    endloop
  endfacet
  facet normal -2.76241e-06 -0.934171 0.356827
    outer loop
      vertex -0.508713 -9.06166 2.72237
      vertex 0.166275 -8.68165 3.71724
      vertex -0.508713 -8.4452 4.33626
    endloop
  endfacet
  facet normal -0.000175166 -0.934329 0.356411
    outer loop
      vertex 0.493732 -8.79198 3.42838
      vertex 0.50676 -8.78837 3.43785
      vertex 0.369857 -8.76905 3.48843
    endloop
  endfacet
  facet normal -0.000141349 -0.934158 0.356861
    outer loop
      vertex 0.337234 -8.81078 3.37918
      vertex 0.369857 -8.76905 3.48843
      vertex 0.358459 -8.76744 3.49264
    endloop
  endfacet
  facet normal 0.000110657 -0.93446 0.356068
    outer loop
      vertex 0.50676 -8.78837 3.43785
      vertex 0.493732 -8.79198 3.42838
      vertex 0.50676 -8.79042 3.43247
    endloop
  endfacet
  facet normal 4.72746e-05 -0.934176 0.356811
    outer loop
      vertex 0.369857 -8.76905 3.48843
      vertex 0.337234 -8.81078 3.37918
      vertex 0.493732 -8.79198 3.42838
    endloop
  endfacet
  facet normal 2.52777e-05 -0.934168 0.356833
    outer loop
      vertex 0.241852 -8.73033 3.5898
      vertex 0.337234 -8.81078 3.37918
      vertex 0.358459 -8.76744 3.49264
    endloop
  endfacet
  facet normal -5.81129e-06 -0.934174 0.356819
    outer loop
      vertex 0.205856 -8.84924 3.27848
      vertex 0.166275 -8.68165 3.71724
      vertex 0.121643 -8.90221 3.1398
    endloop
  endfacet
  facet normal -2.17982e-05 -0.934175 0.356815
    outer loop
      vertex 0.241852 -8.73033 3.5898
      vertex 0.205856 -8.84924 3.27848
      vertex 0.337234 -8.81078 3.37918
    endloop
  endfacet
  facet normal -3.87811e-05 -0.934175 0.356816
    outer loop
      vertex 0.166275 -8.68165 3.71724
      vertex 0.205856 -8.84924 3.27848
      vertex 0.241852 -8.73033 3.5898
    endloop
  endfacet
  facet normal 1.20293e-05 -0.934174 0.356818
    outer loop
      vertex 0.166275 -8.68165 3.71724
      vertex -0.508713 -9.06166 2.72237
      vertex 0.121643 -8.90221 3.1398
    endloop
  endfacet
  facet normal -8.41789e-05 -0.934126 0.356945
    outer loop
      vertex 0.121643 -8.90221 3.1398
      vertex -0.508713 -9.06166 2.72237
      vertex 0.119486 -8.90712 3.12695
    endloop
  endfacet
  facet normal -6.06753e-06 -0.934166 0.356839
    outer loop
      vertex 0.119486 -8.90712 3.12695
      vertex -0.508713 -9.06166 2.72237
      vertex 0.0935669 -8.96611 2.97252
    endloop
  endfacet
  facet normal 0 -0.934171 0.356826
    outer loop
      vertex 0.0935669 -8.96611 2.97252
      vertex -0.508713 -9.06166 2.72237
      vertex -0.0437164 -9.06166 2.72237
    endloop
  endfacet
  facet normal 3.44168e-06 -0.934171 0.356824
    outer loop
      vertex 0.0935669 -8.96611 2.97252
      vertex -0.0437164 -9.06166 2.72237
      vertex 0.141266 -9.05601 2.73716
    endloop
  endfacet
  facet normal -6.93936e-06 -0.934128 0.356938
    outer loop
      vertex 0.141266 -9.05601 2.73716
      vertex -0.0437164 -9.06166 2.72237
      vertex 0.152255 -9.06118 2.72363
    endloop
  endfacet
  facet normal -5.94233e-06 -0.93418 0.356802
    outer loop
      vertex -0.0437164 -9.16902 2.44128
      vertex 0.152255 -9.06118 2.72363
      vertex -0.0437164 -9.06166 2.72237
    endloop
  endfacet
  facet normal -9.81847e-07 -0.934181 0.356799
    outer loop
      vertex 0.152255 -9.06118 2.72363
      vertex -0.0437164 -9.16902 2.44128
      vertex 0.284332 -9.12331 2.56096
    endloop
  endfacet
  facet normal -6.803e-06 -0.934176 0.356813
    outer loop
      vertex -0.0437164 -9.16902 2.44128
      vertex 0.51413 -9.1653 2.45103
      vertex 0.284332 -9.12331 2.56096
    endloop
  endfacet
  facet normal -6.45441e-06 -0.934182 0.356796
    outer loop
      vertex 0.51413 -9.1653 2.45103
      vertex -0.0437164 -9.16902 2.44128
      vertex 0.822037 -9.1793 2.41438
    endloop
  endfacet
  facet normal -1.42184e-05 -0.934174 0.356818
    outer loop
      vertex -0.913284 -9.06166 2.72237
      vertex -1.36247 -8.66805 3.75285
      vertex -1.39987 -8.67638 3.73104
    endloop
  endfacet
  facet normal 0 -0.934172 0.356824
    outer loop
      vertex -0.913284 -9.06166 2.72237
      vertex -1.39987 -8.67638 3.73104
      vertex -1.41571 -9.06166 2.72237
    endloop
  endfacet
  facet normal 9.85082e-06 -0.93417 0.356827
    outer loop
      vertex -1.36247 -8.66805 3.75285
      vertex -0.913284 -9.06166 2.72237
      vertex -0.913284 -8.56798 4.01482
    endloop
  endfacet
  facet normal 1.36125e-05 -0.934176 0.356813
    outer loop
      vertex 0.527745 -8.90967 3.12027
      vertex 0.8134 -8.83973 3.30337
      vertex 0.683655 -8.84718 3.28387
    endloop
  endfacet
  facet normal 0.000114018 -0.934208 0.356729
    outer loop
      vertex 0.527745 -8.90967 3.12027
      vertex 0.683655 -8.84718 3.28387
      vertex 0.588089 -8.86953 3.22537
    endloop
  endfacet
  facet normal 2.74674e-05 -0.934191 0.356772
    outer loop
      vertex 0.527745 -8.90967 3.12027
      vertex 0.588089 -8.86953 3.22537
      vertex 0.529251 -8.90587 3.13022
    endloop
  endfacet
  facet normal 1.1904e-05 -0.934175 0.356815
    outer loop
      vertex 0.8134 -8.83973 3.30337
      vertex 0.527745 -8.90967 3.12027
      vertex 0.511136 -8.95955 2.98968
    endloop
  endfacet
  facet normal -2.9494e-05 -0.934178 0.356807
    outer loop
      vertex 0.8134 -8.83973 3.30337
      vertex 1.13013 -8.95327 3.00613
      vertex 1.05095 -8.86812 3.22906
    endloop
  endfacet
  facet normal 0.000677348 -0.934203 0.356741
    outer loop
      vertex 0.511136 -8.95955 2.98968
      vertex 0.527745 -8.90967 3.12027
      vertex 0.509644 -8.95532 3.00076
    endloop
  endfacet
  facet normal -5.26236e-06 -0.93417 0.356829
    outer loop
      vertex 0.8134 -8.83973 3.30337
      vertex 0.511136 -8.95955 2.98968
      vertex 1.13013 -8.95327 3.00613
    endloop
  endfacet
  facet normal -5.21808e-06 -0.93417 0.356828
    outer loop
      vertex 0.835384 -9.07702 2.68215
      vertex 1.13013 -8.95327 3.00613
      vertex 0.511136 -8.95955 2.98968
    endloop
  endfacet
  facet normal 0.000271921 -0.934143 0.356899
    outer loop
      vertex 0.533546 -9.01333 2.8489
      vertex 0.511136 -8.95955 2.98968
      vertex 0.529068 -9.01042 2.85652
    endloop
  endfacet
  facet normal 9.85282e-05 -0.934152 0.356875
    outer loop
      vertex 0.696323 -9.07082 2.69837
      vertex 0.511136 -8.95955 2.98968
      vertex 0.533546 -9.01333 2.8489
    endloop
  endfacet
  facet normal 3.53174e-05 -0.934182 0.356796
    outer loop
      vertex 1.13013 -8.95327 3.00613
      vertex 0.835384 -9.07702 2.68215
      vertex 1.11159 -9.0099 2.85786
    endloop
  endfacet
  facet normal -0.00110269 -0.93441 0.356197
    outer loop
      vertex 0.594905 -9.04999 2.75292
      vertex 0.533546 -9.01333 2.8489
      vertex 0.587357 -9.0483 2.75733
    endloop
  endfacet
  facet normal 7.8922e-05 -0.934159 0.356857
    outer loop
      vertex 0.696323 -9.07082 2.69837
      vertex 0.533546 -9.01333 2.8489
      vertex 0.594905 -9.04999 2.75292
    endloop
  endfacet
  facet normal 3.92847e-05 -0.934185 0.35679
    outer loop
      vertex 0.968434 -9.06857 2.70426
      vertex 1.11159 -9.0099 2.85786
      vertex 0.835384 -9.07702 2.68215
    endloop
  endfacet
  facet normal -9.41496e-05 -0.934143 0.356899
    outer loop
      vertex 1.11159 -9.0099 2.85786
      vertex 0.968434 -9.06857 2.70426
      vertex 1.06024 -9.04535 2.76506
    endloop
  endfacet
  facet normal 0.000603909 -0.933833 0.357708
    outer loop
      vertex 0.696323 -9.07082 2.69837
      vertex 0.594905 -9.04999 2.75292
      vertex 0.685623 -9.07026 2.69985
    endloop
  endfacet
  facet normal -3.29425e-05 -0.93418 0.356802
    outer loop
      vertex 0.511136 -8.95955 2.98968
      vertex 0.696323 -9.07082 2.69837
      vertex 0.835384 -9.07702 2.68215
    endloop
  endfacet
  facet normal 0.000271136 -0.934327 0.356417
    outer loop
      vertex 1.06024 -9.04535 2.76506
      vertex 0.968434 -9.06857 2.70426
      vertex 1.05597 -9.0483 2.75733
    endloop
  endfacet
  facet normal -0.000222381 -0.933659 0.358164
    outer loop
      vertex 0.968434 -9.06857 2.70426
      vertex 0.835384 -9.07702 2.68215
      vertex 0.961151 -9.07026 2.69985
    endloop
  endfacet
  facet normal -0.000230998 -0.934745 0.35532
    outer loop
      vertex 0.835384 -9.07702 2.68215
      vertex 0.696323 -9.07082 2.69837
      vertex 0.824921 -9.07758 2.68067
    endloop
  endfacet
  facet normal 0.000105505 -0.93403 0.357195
    outer loop
      vertex 0.801175 -8.53753 4.09456
      vertex 0.924251 -8.54113 4.08511
      vertex 0.816284 -8.53562 4.09955
    endloop
  endfacet
  facet normal 7.79914e-05 -0.934149 0.356882
    outer loop
      vertex 1.08261 -8.63477 3.83997
      vertex 0.924251 -8.54113 4.08511
      vertex 0.801175 -8.53753 4.09456
    endloop
  endfacet
  facet normal -0.000149346 -0.934207 0.35673
    outer loop
      vertex 1.01 -8.55814 4.0406
      vertex 0.924251 -8.54113 4.08511
      vertex 1.06224 -8.58791 3.96266
    endloop
  endfacet
  facet normal -0.000196691 -0.934238 0.356651
    outer loop
      vertex 0.924251 -8.54113 4.08511
      vertex 1.01 -8.55814 4.0406
      vertex 0.933243 -8.54159 4.08391
    endloop
  endfacet
  facet normal 0.000187566 -0.93436 0.35633
    outer loop
      vertex 0.61473 -8.56612 4.01969
      vertex 0.801175 -8.53753 4.09456
      vertex 0.619766 -8.56041 4.03466
    endloop
  endfacet
  facet normal -5.25642e-05 -0.934161 0.356851
    outer loop
      vertex 0.55426 -8.63477 3.83997
      vertex 0.801175 -8.53753 4.09456
      vertex 0.61473 -8.56612 4.01969
    endloop
  endfacet
  facet normal 0.00118767 -0.933908 0.357512
    outer loop
      vertex 1.01 -8.55814 4.0406
      vertex 1.06224 -8.58791 3.96266
      vertex 1.01639 -8.55951 4.037
    endloop
  endfacet
  facet normal -9.2619e-05 -0.934186 0.356786
    outer loop
      vertex 0.924251 -8.54113 4.08511
      vertex 1.08261 -8.63477 3.83997
      vertex 1.06224 -8.58791 3.96266
    endloop
  endfacet
  facet normal -4.03154e-06 -0.934177 0.35681
    outer loop
      vertex 0.828046 -8.73807 3.56952
      vertex 0.801175 -8.53753 4.09456
      vertex 0.55426 -8.63477 3.83997
    endloop
  endfacet
  facet normal 0.00140421 -0.934102 0.357003
    outer loop
      vertex 1.06224 -8.58791 3.96266
      vertex 1.08261 -8.63477 3.83997
      vertex 1.06606 -8.59027 3.95647
    endloop
  endfacet
  facet normal 3.90446e-06 -0.934177 0.356811
    outer loop
      vertex 0.801175 -8.53753 4.09456
      vertex 0.828046 -8.73807 3.56952
      vertex 1.08261 -8.63477 3.83997
    endloop
  endfacet
  facet normal -0.00042552 -0.934221 0.356694
    outer loop
      vertex 0.635753 -8.71459 3.63101
      vertex 0.55426 -8.63477 3.83997
      vertex 0.620483 -8.71259 3.63623
    endloop
  endfacet
  facet normal 4.65081e-05 -0.93416 0.356855
    outer loop
      vertex 0.828046 -8.73807 3.56952
      vertex 0.55426 -8.63477 3.83997
      vertex 0.635753 -8.71459 3.63101
    endloop
  endfacet
  facet normal -4.44569e-05 -0.934162 0.35685
    outer loop
      vertex 1.08261 -8.63477 3.83997
      vertex 0.828046 -8.73807 3.56952
      vertex 1.06624 -8.68242 3.71523
    endloop
  endfacet
  facet normal 1.75929e-05 -0.934195 0.356762
    outer loop
      vertex 0.93486 -8.7325 3.5841
      vertex 1.06624 -8.68242 3.71523
      vertex 0.828046 -8.73807 3.56952
    endloop
  endfacet
  facet normal 9.66673e-05 -0.934222 0.356693
    outer loop
      vertex 1.06624 -8.68242 3.71523
      vertex 0.93486 -8.7325 3.5841
      vertex 1.01711 -8.71439 3.63151
    endloop
  endfacet
  facet normal 0.000586263 -0.933596 0.358328
    outer loop
      vertex 0.828046 -8.73807 3.56952
      vertex 0.635753 -8.71459 3.63101
      vertex 0.819153 -8.73854 3.56831
    endloop
  endfacet
  facet normal 0.525814 -0.8506 -4.10532e-05
    outer loop
      vertex 6.4103 -9.6637 0
      vertex 5.8373 -10.0179 -0.2189
      vertex 6.1914 -9.799 -0.354099
    endloop
  endfacet
  facet normal 0.57735 -0.57735 0.57735
    outer loop
      vertex 5.86382 -4.50648 5.9742
      vertex 6.16499 -4.72218 5.45733
      vertex 6.18152 -4.70282 5.46016
    endloop
  endfacet
  facet normal 0.57735 -0.57735 0.57735
    outer loop
      vertex 5.86382 -4.50648 5.9742
      vertex 5.96685 -4.95417 5.42348
      vertex 6.16499 -4.72218 5.45733
    endloop
  endfacet
  facet normal 0.57735 -0.57735 0.57735
    outer loop
      vertex 5.96685 -4.95417 5.42348
      vertex 6.06042 -5.49681 4.78727
      vertex 6.47072 -5.26557 4.60821
    endloop
  endfacet
  facet normal 0.57735 -0.57735 0.57735
    outer loop
      vertex 4.83455 -5.71162 5.79833
      vertex 5.96685 -4.95417 5.42348
      vertex 5.86382 -4.50648 5.9742
    endloop
  endfacet
  facet normal 0.57735 -0.57735 0.57735
    outer loop
      vertex 4.98117 -5.95586 5.40747
      vertex 5.96685 -4.95417 5.42348
      vertex 4.83455 -5.71162 5.79833
    endloop
  endfacet
  facet normal 0.57735 -0.57735 0.57735
    outer loop
      vertex 5.96685 -4.95417 5.42348
      vertex 5.77629 -5.67175 4.89646
      vertex 6.06042 -5.49681 4.78727
    endloop
  endfacet
  facet normal 0.57735 -0.57735 0.57735
    outer loop
      vertex 4.98117 -5.95586 5.40747
      vertex 4.83455 -5.71162 5.79833
      vertex 4.74867 -5.81218 5.78365
    endloop
  endfacet
  facet normal 0.57735 -0.57735 0.57735
    outer loop
      vertex 5.96685 -4.95417 5.42348
      vertex 4.98117 -5.95586 5.40747
      vertex 5.77629 -5.67175 4.89646
    endloop
  endfacet
  facet normal 0.57735 -0.57735 0.57735
    outer loop
      vertex 5.77629 -5.67175 4.89646
      vertex 4.98117 -5.95586 5.40747
      vertex 5.56399 -5.8215 4.95901
    endloop
  endfacet
  facet normal 0.57735 -0.57735 0.57735
    outer loop
      vertex 4.98117 -5.95586 5.40747
      vertex 5.36923 -5.9771 4.99817
      vertex 5.56399 -5.8215 4.95901
    endloop
  endfacet
  facet normal 0.57735 -0.57735 0.57735
    outer loop
      vertex 4.98117 -5.95586 5.40747
      vertex 5.18886 -6.14388 5.01176
      vertex 5.36923 -5.9771 4.99817
    endloop
  endfacet
  facet normal 0.577337 -0.577364 0.57735
    outer loop
      vertex 4.78693 -6.18328 5.37428
      vertex 5.18886 -6.14388 5.01176
      vertex 4.98117 -5.95586 5.40747
    endloop
  endfacet
  facet normal 0.577335 -0.577368 0.577348
    outer loop
      vertex 4.78693 -6.18328 5.37428
      vertex 5.0197 -6.32713 4.99766
      vertex 5.18886 -6.14388 5.01176
    endloop
  endfacet
  facet normal 0.577352 -0.577349 0.577351
    outer loop
      vertex 0.354099 -6.1914 9.799
      vertex 5.0197 -6.32713 4.99766
      vertex 4.78693 -6.18328 5.37428
    endloop
  endfacet
  facet normal 0.577565 -0.57694 0.577546
    outer loop
      vertex 0.354099 -6.1914 9.799
      vertex 5.03594 -6.33717 4.97139
      vertex 5.0197 -6.32713 4.99766
    endloop
  endfacet
  facet normal 0.57735 -0.57735 0.57735
    outer loop
      vertex 0.354099 -6.1914 9.799
      vertex 5.23061 -6.45747 4.65642
      vertex 5.03594 -6.33717 4.97139
    endloop
  endfacet
  facet normal 0.57735 -0.57735 0.57735
    outer loop
      vertex 5.23061 -6.45747 4.65642
      vertex 0.354099 -6.1914 9.799
      vertex 6.1914 -9.799 0.354099
    endloop
  endfacet
  facet normal 0.577285 -0.57728 0.577486
    outer loop
      vertex 9.799 -0.354099 6.1914
      vertex 5.63638 -4.39524 6.31287
      vertex 5.67234 -4.38815 6.28401
    endloop
  endfacet
  facet normal 0.577361 -0.577363 0.577327
    outer loop
      vertex 9.799 -0.354099 6.1914
      vertex 5.20543 -4.48029 6.65879
      vertex 5.63638 -4.39524 6.31287
    endloop
  endfacet
  facet normal 0.577347 -0.577342 0.577362
    outer loop
      vertex 5.00004 -4.72076 6.62369
      vertex 4.29517 -5.53192 6.51741
      vertex 5.37066 -4.72204 6.2518
    endloop
  endfacet
  facet normal 0.577343 -0.577388 0.57732
    outer loop
      vertex 0.354099 -6.1914 9.799
      vertex 5.00004 -4.72076 6.62369
      vertex 5.20543 -4.48029 6.65879
    endloop
  endfacet
  facet normal 0.577347 -0.577358 0.577346
    outer loop
      vertex 4.10094 -5.75934 6.48422
      vertex 0.354099 -6.1914 9.799
      vertex 4.78693 -6.18328 5.37428
    endloop
  endfacet
  facet normal 0.57735 -0.57735 0.57735
    outer loop
      vertex 4.29517 -5.53192 6.51741
      vertex 0.354099 -6.1914 9.799
      vertex 4.10094 -5.75934 6.48422
    endloop
  endfacet
  facet normal 0.577352 -0.577345 0.577354
    outer loop
      vertex 5.00004 -4.72076 6.62369
      vertex 0.354099 -6.1914 9.799
      vertex 4.29517 -5.53192 6.51741
    endloop
  endfacet
  facet normal 0.57735 -0.577348 0.577353
    outer loop
      vertex 0.354099 -6.1914 9.799
      vertex 5.20543 -4.48029 6.65879
      vertex 9.799 -0.354099 6.1914
    endloop
  endfacet
  facet normal 0.57735 -0.57735 0.57735
    outer loop
      vertex 5.86382 -4.50648 5.9742
      vertex 9.799 -0.354099 6.1914
      vertex 5.67234 -4.38815 6.28401
    endloop
  endfacet
  facet normal 0.57735 -0.57735 0.57735
    outer loop
      vertex 6.18152 -4.70282 5.46016
      vertex 9.799 -0.354099 6.1914
      vertex 5.86382 -4.50648 5.9742
    endloop
  endfacet
  facet normal 0.57735 -0.57735 0.57735
    outer loop
      vertex 6.87327 -5.13032 4.34091
      vertex 9.799 -0.354099 6.1914
      vertex 6.18152 -4.70282 5.46016
    endloop
  endfacet
  facet normal 0.57735 -0.57735 0.57735
    outer loop
      vertex 5.24282 -6.44408 4.6576
      vertex 6.46224 -5.49264 4.38962
      vertex 6.2664 -5.60976 4.46834
    endloop
  endfacet
  facet normal 0.57735 -0.57735 0.57735
    outer loop
      vertex 5.24282 -6.44408 4.6576
      vertex 6.2664 -5.60976 4.46834
      vertex 6.07807 -5.72838 4.53805
    endloop
  endfacet
  facet normal 0.57735 -0.57735 0.57735
    outer loop
      vertex 5.24282 -6.44408 4.6576
      vertex 6.07807 -5.72838 4.53805
      vertex 5.89677 -5.8526 4.59513
    endloop
  endfacet
  facet normal 0.577372 -0.577404 0.577275
    outer loop
      vertex 5.40183 -6.27145 4.67121
      vertex 5.89677 -5.8526 4.59513
      vertex 5.7219 -5.98476 4.63784
    endloop
  endfacet
  facet normal 0.577427 -0.577481 0.577143
    outer loop
      vertex 5.40183 -6.27145 4.67121
      vertex 5.7219 -5.98476 4.63784
      vertex 5.55286 -6.12716 4.66448
    endloop
  endfacet
  facet normal 0.577296 -0.577277 0.577478
    outer loop
      vertex 5.89677 -5.8526 4.59513
      vertex 5.40183 -6.27145 4.67121
      vertex 5.24282 -6.44408 4.6576
    endloop
  endfacet
  facet normal 0.577265 -0.577253 0.577532
    outer loop
      vertex 5.24282 -6.44408 4.6576
      vertex 5.40183 -6.27145 4.67121
      vertex 5.38923 -6.28349 4.67177
    endloop
  endfacet
  facet normal 0.57735 -0.57735 0.57735
    outer loop
      vertex 6.46224 -5.49264 4.38962
      vertex 5.24282 -6.44408 4.6576
      vertex 5.23061 -6.45747 4.65642
    endloop
  endfacet
  facet normal 0.57735 -0.57735 0.57735
    outer loop
      vertex 6.46224 -5.49264 4.38962
      vertex 5.23061 -6.45747 4.65642
      vertex 6.66603 -5.37297 4.3055
    endloop
  endfacet
  facet normal 0.577351 -0.57735 0.57735
    outer loop
      vertex 6.87327 -5.13032 4.34091
      vertex 6.1914 -9.799 0.354099
      vertex 9.799 -0.354099 6.1914
    endloop
  endfacet
  facet normal 0.577328 -0.577359 0.577364
    outer loop
      vertex 6.68199 -5.35428 4.30822
      vertex 6.1914 -9.799 0.354099
      vertex 6.87327 -5.13032 4.34091
    endloop
  endfacet
  facet normal 0.577611 -0.577242 0.577197
    outer loop
      vertex 6.66603 -5.37297 4.3055
      vertex 6.1914 -9.799 0.354099
      vertex 6.68199 -5.35428 4.30822
    endloop
  endfacet
  facet normal 0.57735 -0.57735 0.57735
    outer loop
      vertex 6.1914 -9.799 0.354099
      vertex 6.66603 -5.37297 4.3055
      vertex 5.23061 -6.45747 4.65642
    endloop
  endfacet
  facet normal 0.577344 -0.577347 0.57736
    outer loop
      vertex 5.43943 -4.64152 6.26355
      vertex 5.00004 -4.72076 6.62369
      vertex 5.37066 -4.72204 6.2518
    endloop
  endfacet
  facet normal 0.57735 -0.57735 0.57735
    outer loop
      vertex 4.52704 -5.67521 6.14225
      vertex 5.37066 -4.72204 6.2518
      vertex 4.29517 -5.53192 6.51741
    endloop
  endfacet
  facet normal 0.577422 -0.5774 0.577229
    outer loop
      vertex 5.37066 -4.72204 6.2518
      vertex 4.52704 -5.67521 6.14225
      vertex 4.54638 -5.68716 6.11095
    endloop
  endfacet
  facet normal 0.850607 0 0.525803
    outer loop
      vertex 10.0179 0.2189 5.8373
      vertex 9.6637 0 6.4103
      vertex 10.0179 -0.2189 5.8373
    endloop
  endfacet
  facet normal -1 0 0
    outer loop
      vertex -10.0179 -0.2189 -5.8373
      vertex -10.0179 0.2189 5.8373
      vertex -10.0179 0.2189 -5.8373
    endloop
  endfacet
  facet normal -1 -0 0
    outer loop
      vertex -10.0179 0.2189 5.8373
      vertex -10.0179 -0.2189 -5.8373
      vertex -10.0179 -0.2189 5.8373
    endloop
  endfacet
  facet normal -0.934185 0.35679 1.20313e-05
    outer loop
      vertex -8.62191 3.87363 0.611507
      vertex -8.59465 3.94501 0.463685
      vertex -8.59482 3.94457 0.312088
    endloop
  endfacet
  facet normal -0.934076 0.357074 -0.000108647
    outer loop
      vertex -8.62101 3.876 0.117955
      vertex -8.59482 3.94457 0.312088
      vertex -8.59483 3.94454 0.299465
    endloop
  endfacet
  facet normal -0.934176 0.356813 -3.21742e-06
    outer loop
      vertex -8.59482 3.94457 0.312088
      vertex -8.62101 3.876 0.117955
      vertex -8.83543 3.31463 0.641985
    endloop
  endfacet
  facet normal -0.934543 0.35585 -0.000507812
    outer loop
      vertex -8.59465 3.94501 0.463685
      vertex -8.62191 3.87363 0.611507
      vertex -8.61841 3.88281 0.603242
    endloop
  endfacet
  facet normal -0.934172 0.356823 2.48601e-05
    outer loop
      vertex -8.86379 3.2404 0.0620543
      vertex -8.62101 3.876 0.117955
      vertex -8.65701 3.78176 -0.00933157
    endloop
  endfacet
  facet normal -0.93387 0.357611 -0.0014132
    outer loop
      vertex -8.70428 3.65799 -0.0924734
      vertex -8.65701 3.78176 -0.00933157
      vertex -8.66 3.77391 -0.0199289
    endloop
  endfacet
  facet normal -0.934171 0.356825 2.14797e-05
    outer loop
      vertex -8.59482 3.94457 0.312088
      vertex -8.83543 3.31463 0.641985
      vertex -8.62191 3.87363 0.611507
    endloop
  endfacet
  facet normal -0.934226 0.356682 -0.000220269
    outer loop
      vertex -8.62191 3.87363 0.611507
      vertex -8.66749 3.75431 0.714782
      vertex -8.66403 3.76337 0.710765
    endloop
  endfacet
  facet normal -0.934176 0.356813 -5.09302e-05
    outer loop
      vertex -8.65701 3.78176 -0.00933157
      vertex -8.70428 3.65799 -0.0924734
      vertex -8.8132 3.37283 -0.0594809
    endloop
  endfacet
  facet normal -0.9342 0.35675 0.000755595
    outer loop
      vertex -8.75746 3.51877 -0.111081
      vertex -8.70428 3.65799 -0.0924734
      vertex -8.70797 3.64834 -0.0985126
    endloop
  endfacet
  facet normal -0.934172 0.356822 -3.47737e-05
    outer loop
      vertex -8.62191 3.87363 0.611507
      vertex -8.83543 3.31463 0.641985
      vertex -8.66749 3.75431 0.714782
    endloop
  endfacet
  facet normal -0.934178 0.356807 7.08367e-05
    outer loop
      vertex -8.71243 3.63664 0.763704
      vertex -8.66749 3.75431 0.714782
      vertex -8.83543 3.31463 0.641985
    endloop
  endfacet
  facet normal -0.934327 0.356415 -0.00100927
    outer loop
      vertex -8.66749 3.75431 0.714782
      vertex -8.71243 3.63664 0.763704
      vertex -8.70908 3.64542 0.763033
    endloop
  endfacet
  facet normal -0.934144 0.356897 4.56862e-05
    outer loop
      vertex -8.71243 3.63664 0.763704
      vertex -8.75595 3.52273 0.768763
      vertex -8.75271 3.53121 0.771761
    endloop
  endfacet
  facet normal -0.93417 0.356827 9.1196e-05
    outer loop
      vertex -8.70428 3.65799 -0.0924734
      vertex -8.75746 3.51877 -0.111081
      vertex -8.8132 3.37283 -0.0594809
    endloop
  endfacet
  facet normal -0.93412 0.35696 0.000521282
    outer loop
      vertex -8.8132 3.37283 -0.0594809
      vertex -8.75746 3.51877 -0.111081
      vertex -8.76158 3.50799 -0.112127
    endloop
  endfacet
  facet normal -0.934163 0.356846 -4.72422e-05
    outer loop
      vertex -8.79484 3.4209 0.732761
      vertex -8.71243 3.63664 0.763704
      vertex -8.83543 3.31463 0.641985
    endloop
  endfacet
  facet normal -0.934176 0.356814 -5.84806e-05
    outer loop
      vertex -8.65701 3.78176 -0.00933157
      vertex -8.8132 3.37283 -0.0594809
      vertex -8.86379 3.2404 0.0620543
    endloop
  endfacet
  facet normal -0.934044 0.357157 0.000369744
    outer loop
      vertex -8.86379 3.2404 0.0620543
      vertex -8.8132 3.37283 -0.0594809
      vertex -8.8175 3.36158 -0.0550985
    endloop
  endfacet
  facet normal -0.934149 0.356882 -0.000340318
    outer loop
      vertex -8.71243 3.63664 0.763704
      vertex -8.79484 3.4209 0.732761
      vertex -8.75595 3.52273 0.768763
    endloop
  endfacet
  facet normal -0.934171 0.356826 1.23406e-05
    outer loop
      vertex -8.62101 3.876 0.117955
      vertex -8.89207 3.16636 0.248636
      vertex -8.83543 3.31463 0.641985
    endloop
  endfacet
  facet normal -0.934171 0.356825 5.048e-06
    outer loop
      vertex -8.62101 3.876 0.117955
      vertex -8.86379 3.2404 0.0620543
      vertex -8.89207 3.16636 0.248636
    endloop
  endfacet
  facet normal -0.934372 0.356298 -0.00023444
    outer loop
      vertex -8.89207 3.16636 0.248636
      vertex -8.86379 3.2404 0.0620543
      vertex -8.86764 3.23031 0.071806
    endloop
  endfacet
  facet normal -0.934093 0.357031 -7.60173e-05
    outer loop
      vertex -8.83543 3.31463 0.641985
      vertex -8.89207 3.16636 0.248636
      vertex -8.84652 3.28562 0.663471
    endloop
  endfacet
  facet normal -0.934176 0.356813 -4.39206e-06
    outer loop
      vertex -9.02828 2.80975 0.469039
      vertex -8.84652 3.28562 0.663471
      vertex -8.89207 3.16636 0.248636
    endloop
  endfacet
  facet normal -0.934175 0.356815 -1.08207e-05
    outer loop
      vertex -8.84652 3.28562 0.663471
      vertex -9.02828 2.80975 0.469039
      vertex -8.97962 2.93716 0.921564
    endloop
  endfacet
  facet normal -0.934168 0.356832 0.00031258
    outer loop
      vertex -6.4103 9.6637 0
      vertex -8.42685 4.38433 0.16533
      vertex -8.42348 4.39313 0.191002
    endloop
  endfacet
  facet normal -0.934172 0.356823 -2.07702e-05
    outer loop
      vertex -6.4103 9.6637 0
      vertex -8.46724 4.27857 -0.14294
      vertex -8.42685 4.38433 0.16533
    endloop
  endfacet
  facet normal -0.934173 0.35682 9.81105e-05
    outer loop
      vertex -6.4103 9.6637 0
      vertex -8.47309 4.26326 -0.163254
      vertex -8.46724 4.27857 -0.14294
    endloop
  endfacet
  facet normal -0.934172 0.356823 -8.92194e-06
    outer loop
      vertex -6.4103 9.6637 0
      vertex -8.54332 4.07939 -0.407212
      vertex -8.47309 4.26326 -0.163254
    endloop
  endfacet
  facet normal -0.934172 0.356822 4.06009e-06
    outer loop
      vertex -8.73868 3.56794 -1.17472
      vertex -8.54332 4.07939 -0.407212
      vertex -6.4103 9.6637 0
    endloop
  endfacet
  facet normal -0.934307 0.356469 0.000273729
    outer loop
      vertex -8.54332 4.07939 -0.407212
      vertex -8.73868 3.56794 -1.17472
      vertex -8.55058 4.06037 -0.418268
    endloop
  endfacet
  facet normal -0.934164 0.356843 -1.21243e-05
    outer loop
      vertex -8.63785 3.83192 -0.551053
      vertex -8.73868 3.56794 -1.17472
      vertex -8.64591 3.81082 -0.55251
    endloop
  endfacet
  facet normal -0.934154 0.35687 -2.54017e-05
    outer loop
      vertex -8.55058 4.06037 -0.418268
      vertex -8.73868 3.56794 -1.17472
      vertex -8.63785 3.83192 -0.551053
    endloop
  endfacet
  facet normal -0.934172 0.356822 6.97772e-06
    outer loop
      vertex -6.4103 9.6637 0
      vertex -8.80367 3.3978 -1.49015
      vertex -8.73868 3.56794 -1.17472
    endloop
  endfacet
  facet normal -0.934174 0.356819 2.17192e-06
    outer loop
      vertex -8.80367 3.3978 -1.49015
      vertex -10.0179 0.2189 -5.8373
      vertex -9.2598 2.20362 -0.752091
    endloop
  endfacet
  facet normal -0.934172 0.356824 -1.66627e-06
    outer loop
      vertex -10.0179 0.2189 -5.8373
      vertex -8.80367 3.3978 -1.49015
      vertex -6.4103 9.6637 0
    endloop
  endfacet
  facet normal -0.934172 0.356822 -9.861e-06
    outer loop
      vertex -8.43152 4.37209 0.516658
      vertex -6.4103 9.6637 0
      vertex -8.42348 4.39313 0.191002
    endloop
  endfacet
  facet normal -0.934172 0.356823 -2.64221e-06
    outer loop
      vertex -8.48521 4.23153 0.788133
      vertex -6.4103 9.6637 0
      vertex -8.43152 4.37209 0.516658
    endloop
  endfacet
  facet normal -0.934174 0.356817 -4.40209e-05
    outer loop
      vertex -8.48968 4.21983 0.810742
      vertex -6.4103 9.6637 0
      vertex -8.48521 4.23153 0.788133
    endloop
  endfacet
  facet normal -0.934172 0.356823 -4.4136e-06
    outer loop
      vertex -8.58811 3.96214 1.03154
      vertex -6.4103 9.6637 0
      vertex -8.48968 4.21983 0.810742
    endloop
  endfacet
  facet normal -0.934145 0.356895 0.00045235
    outer loop
      vertex -8.5963 3.94068 1.04992
      vertex -6.4103 9.6637 0
      vertex -8.58811 3.96214 1.03154
    endloop
  endfacet
  facet normal -0.93417 0.356827 3.2574e-06
    outer loop
      vertex -10.0179 0.2189 5.8373
      vertex -8.5963 3.94068 1.04992
      vertex -8.70651 3.65215 1.1802
    endloop
  endfacet
  facet normal -0.934247 0.356626 -0.00015442
    outer loop
      vertex -10.0179 0.2189 5.8373
      vertex -8.80096 3.40489 1.19997
      vertex -8.80882 3.3843 1.20162
    endloop
  endfacet
  facet normal -0.934155 0.356868 3.26086e-05
    outer loop
      vertex -10.0179 0.2189 5.8373
      vertex -8.89364 3.16225 1.12174
      vertex -8.9007 3.14377 1.11508
    endloop
  endfacet
  facet normal -0.934146 0.356892 -3.55811e-05
    outer loop
      vertex -9.03962 2.78007 0.487383
      vertex -8.97962 2.93716 0.921564
      vertex -9.02828 2.80975 0.469039
    endloop
  endfacet
  facet normal -0.934173 0.356819 -1.65616e-06
    outer loop
      vertex -10.0179 0.2189 5.8373
      vertex -9.03962 2.78007 0.487383
      vertex -9.2598 2.20362 -0.752091
    endloop
  endfacet
  facet normal -0.934172 0.356822 -1.35815e-06
    outer loop
      vertex -8.5963 3.94068 1.04992
      vertex -10.0179 0.2189 5.8373
      vertex -6.4103 9.6637 0
    endloop
  endfacet
  facet normal -0.934166 0.35684 1.39405e-05
    outer loop
      vertex -8.80096 3.40489 1.19997
      vertex -10.0179 0.2189 5.8373
      vertex -8.70651 3.65215 1.1802
    endloop
  endfacet
  facet normal -0.934167 0.356835 9.48152e-06
    outer loop
      vertex -8.89364 3.16225 1.12174
      vertex -10.0179 0.2189 5.8373
      vertex -8.80882 3.3843 1.20162
    endloop
  endfacet
  facet normal -0.934179 0.356805 -1.1781e-05
    outer loop
      vertex -8.97355 2.95303 0.936435
      vertex -10.0179 0.2189 5.8373
      vertex -8.9007 3.14377 1.11508
    endloop
  endfacet
  facet normal -0.934066 0.357099 0.000176146
    outer loop
      vertex -8.97962 2.93716 0.921564
      vertex -10.0179 0.2189 5.8373
      vertex -8.97355 2.95303 0.936435
    endloop
  endfacet
  facet normal -0.934175 0.356815 -3.73454e-06
    outer loop
      vertex -9.03962 2.78007 0.487383
      vertex -10.0179 0.2189 5.8373
      vertex -8.97962 2.93716 0.921564
    endloop
  endfacet
  facet normal -0.934172 0.356824 0
    outer loop
      vertex -10.0179 0.2189 5.8373
      vertex -9.2598 2.20362 -0.752091
      vertex -10.0179 0.2189 -5.8373
    endloop
  endfacet
  facet normal -0.934173 0.35682 -1.83832e-06
    outer loop
      vertex -8.73868 3.56794 -1.17472
      vertex -8.74273 3.55734 -0.570014
      vertex -8.64591 3.81082 -0.55251
    endloop
  endfacet
  facet normal -0.934192 0.356769 -2.85135e-06
    outer loop
      vertex -8.73868 3.56794 -1.17472
      vertex -8.75096 3.53579 -0.561527
      vertex -8.74273 3.55734 -0.570014
    endloop
  endfacet
  facet normal -0.934174 0.356819 1.29181e-07
    outer loop
      vertex -8.73868 3.56794 -1.17472
      vertex -8.84985 3.27689 -0.459567
      vertex -8.75096 3.53579 -0.561527
    endloop
  endfacet
  facet normal -0.934173 0.35682 4.91735e-07
    outer loop
      vertex -9.03299 2.79742 -0.698498
      vertex -8.84985 3.27689 -0.459567
      vertex -8.73868 3.56794 -1.17472
    endloop
  endfacet
  facet normal -0.934233 0.356663 0.000360187
    outer loop
      vertex -8.84985 3.27689 -0.459567
      vertex -9.03299 2.79742 -0.698498
      vertex -8.85511 3.2631 -0.447568
    endloop
  endfacet
  facet normal -0.934119 0.356962 -0.000159576
    outer loop
      vertex -9.05748 2.7333 -0.658871
      vertex -8.92151 3.08928 -0.287897
      vertex -8.91837 3.09749 -0.303407
    endloop
  endfacet
  facet normal -0.934143 0.356898 6.26194e-05
    outer loop
      vertex -8.92151 3.08928 -0.287897
      vertex -8.96674 2.97087 -0.144369
      vertex -8.95918 2.99065 -0.101548
    endloop
  endfacet
  facet normal -0.934168 0.356834 -1.80492e-06
    outer loop
      vertex -8.85511 3.2631 -0.447568
      vertex -9.03299 2.79742 -0.698498
      vertex -8.91837 3.09749 -0.303407
    endloop
  endfacet
  facet normal -0.934177 0.356811 1.80716e-05
    outer loop
      vertex -9.05748 2.7333 -0.658871
      vertex -8.91837 3.09749 -0.303407
      vertex -9.03299 2.79742 -0.698498
    endloop
  endfacet
  facet normal -0.934172 0.356824 -7.54749e-06
    outer loop
      vertex -8.92151 3.08928 -0.287897
      vertex -9.05748 2.7333 -0.658871
      vertex -8.96674 2.97087 -0.144369
    endloop
  endfacet
  facet normal -0.934152 -0.356875 -6.3811e-05
    outer loop
      vertex -9.00755 -2.86403 0.287562
      vertex -9.09016 -2.64776 0.113599
      vertex -9.02932 -2.80702 0.14706
    endloop
  endfacet
  facet normal -0.934294 -0.356503 0.000109421
    outer loop
      vertex -9.00755 -2.86403 0.287562
      vertex -9.02932 -2.80702 0.14706
      vertex -9.02426 -2.82028 0.149845
    endloop
  endfacet
  facet normal -0.934178 -0.356807 3.26974e-05
    outer loop
      vertex -9.09016 -2.64776 0.113599
      vertex -9.00755 -2.86403 0.287562
      vertex -9.03457 -2.79327 0.477443
    endloop
  endfacet
  facet normal -0.934192 -0.35677 1.22554e-05
    outer loop
      vertex -9.02426 -2.82028 0.149845
      vertex -9.00346 -2.87474 0.274929
      vertex -9.00755 -2.86403 0.287562
    endloop
  endfacet
  facet normal -0.934166 -0.356838 -2.19767e-05
    outer loop
      vertex -8.9608 -2.98641 0.119611
      vertex -9.00346 -2.87474 0.274929
      vertex -9.02426 -2.82028 0.149845
    endloop
  endfacet
  facet normal -0.934258 -0.356598 -0.000452436
    outer loop
      vertex -8.95437 -3.00326 0.122681
      vertex -8.9608 -2.98641 0.119611
      vertex -8.95552 -3.00024 0.117094
    endloop
  endfacet
  facet normal -0.934857 -0.354876 0.010251
    outer loop
      vertex -8.95427 -3.00351 0.123146
      vertex -8.9608 -2.98641 0.119611
      vertex -8.95437 -3.00326 0.122681
    endloop
  endfacet
  facet normal -0.934196 -0.35676 -8.60184e-05
    outer loop
      vertex -8.9608 -2.98641 0.119611
      vertex -8.95427 -3.00351 0.123146
      vertex -9.00346 -2.87474 0.274929
    endloop
  endfacet
  facet normal -0.934171 -0.356825 0
    outer loop
      vertex -10.0179 -0.2189 -5.8373
      vertex -9.22345 -2.29878 -0.397911
      vertex -10.0179 -0.2189 5.8373
    endloop
  endfacet
  facet normal -0.934222 -0.356691 5.84051e-05
    outer loop
      vertex -10.0179 -0.2189 -5.8373
      vertex -9.22247 -2.30135 -0.417754
      vertex -9.22345 -2.29878 -0.397911
    endloop
  endfacet
  facet normal -0.934183 -0.356793 1.35598e-05
    outer loop
      vertex -10.0179 -0.2189 -5.8373
      vertex -9.21071 -2.33215 -0.656252
      vertex -9.22247 -2.30135 -0.417754
    endloop
  endfacet
  facet normal -0.934172 -0.356822 -9.1118e-08
    outer loop
      vertex -10.0179 -0.2189 -5.8373
      vertex -9.15314 -2.48287 -0.89656
      vertex -9.21071 -2.33215 -0.656252
    endloop
  endfacet
  facet normal -0.934153 -0.356872 -2.62337e-05
    outer loop
      vertex -10.0179 -0.2189 -5.8373
      vertex -9.14535 -2.50326 -0.91293
      vertex -9.15314 -2.48287 -0.89656
    endloop
  endfacet
  facet normal -0.934169 -0.356832 -4.79592e-06
    outer loop
      vertex -10.0179 -0.2189 -5.8373
      vertex -9.05173 -2.74835 -1.10969
      vertex -9.14535 -2.50326 -0.91293
    endloop
  endfacet
  facet normal -0.934173 -0.35682 2.48305e-06
    outer loop
      vertex -10.0179 -0.2189 -5.8373
      vertex -8.937 -3.04872 -1.24503
      vertex -9.05173 -2.74835 -1.10969
    endloop
  endfacet
  facet normal -0.93418 -0.356803 1.48172e-05
    outer loop
      vertex -10.0179 -0.2189 -5.8373
      vertex -8.92909 -3.06943 -1.24624
      vertex -8.937 -3.04872 -1.24503
    endloop
  endfacet
  facet normal -0.934175 -0.356815 5.9128e-06
    outer loop
      vertex -10.0179 -0.2189 -5.8373
      vertex -8.83404 -3.31828 -1.26069
      vertex -8.92909 -3.06943 -1.24624
    endloop
  endfacet
  facet normal -0.93418 -0.356801 1.69545e-05
    outer loop
      vertex -10.0179 -0.2189 -5.8373
      vertex -8.7478 -3.54407 -1.16227
      vertex -8.83404 -3.31828 -1.26069
    endloop
  endfacet
  facet normal -0.934172 -0.356824 -1.61626e-06
    outer loop
      vertex -6.4103 -9.6637 0
      vertex -8.7478 -3.54407 -1.16227
      vertex -10.0179 -0.2189 -5.8373
    endloop
  endfacet
  facet normal -0.934156 -0.356865 -2.83019e-05
    outer loop
      vertex -8.57232 -4.00347 -0.260457
      vertex -8.65776 -3.77979 -0.588042
      vertex -8.65895 -3.77666 -0.776784
    endloop
  endfacet
  facet normal -0.934069 -0.357094 -3.52718e-05
    outer loop
      vertex -8.65776 -3.77979 -0.588042
      vertex -8.63918 -3.82842 -0.291369
      vertex -8.64475 -3.81385 -0.293942
    endloop
  endfacet
  facet normal -0.934179 -0.356804 1.90284e-05
    outer loop
      vertex -8.65776 -3.77979 -0.588042
      vertex -8.57232 -4.00347 -0.260457
      vertex -8.63918 -3.82842 -0.291369
    endloop
  endfacet
  facet normal -0.934211 -0.356721 6.35207e-05
    outer loop
      vertex -8.50876 -4.16988 -0.155807
      vertex -8.65895 -3.77666 -0.776784
      vertex -8.68319 -3.71321 -0.955428
    endloop
  endfacet
  facet normal -0.934014 -0.357237 -0.000215584
    outer loop
      vertex -8.65895 -3.77666 -0.776784
      vertex -8.56743 -4.01626 -0.252414
      vertex -8.57232 -4.00347 -0.260457
    endloop
  endfacet
  facet normal -0.934195 -0.356764 3.20649e-05
    outer loop
      vertex -8.65895 -3.77666 -0.776784
      vertex -8.50876 -4.16988 -0.155807
      vertex -8.56743 -4.01626 -0.252414
    endloop
  endfacet
  facet normal -0.934357 -0.356339 0.000313119
    outer loop
      vertex -8.68319 -3.71321 -0.955428
      vertex -8.50498 -4.17978 -0.142683
      vertex -8.50876 -4.16988 -0.155807
    endloop
  endfacet
  facet normal -0.934172 -0.356824 -5.41814e-06
    outer loop
      vertex -6.4103 -9.6637 0
      vertex -8.50498 -4.17978 -0.142683
      vertex -8.68319 -3.71321 -0.955428
    endloop
  endfacet
  facet normal -0.934172 -0.356823 -6.98297e-06
    outer loop
      vertex -8.45677 -4.30598 0.0374434
      vertex -6.4103 -9.6637 0
      vertex -8.42301 -4.39437 0.307895
    endloop
  endfacet
  facet normal -0.934172 -0.356822 -5.27265e-05
    outer loop
      vertex -8.45958 -4.29862 0.0149221
      vertex -6.4103 -9.6637 0
      vertex -8.45677 -4.30598 0.0374434
    endloop
  endfacet
  facet normal -0.934172 -0.356822 4.21112e-05
    outer loop
      vertex -8.50498 -4.17978 -0.142683
      vertex -6.4103 -9.6637 0
      vertex -8.45958 -4.29862 0.0149221
    endloop
  endfacet
  facet normal -0.934173 -0.35682 2.14445e-05
    outer loop
      vertex -8.7478 -3.54407 -1.16227
      vertex -6.4103 -9.6637 0
      vertex -8.68319 -3.71321 -0.955428
    endloop
  endfacet
  facet normal -0.93417 -0.356828 1.27719e-06
    outer loop
      vertex -9.19293 -2.37868 -0.151227
      vertex -10.0179 -0.2189 5.8373
      vertex -9.22345 -2.29878 -0.397911
    endloop
  endfacet
  facet normal -0.934173 -0.356819 -2.32335e-06
    outer loop
      vertex -9.19039 -2.38533 -0.130701
      vertex -10.0179 -0.2189 5.8373
      vertex -9.19293 -2.37868 -0.151227
    endloop
  endfacet
  facet normal -0.934227 -0.356678 8.01241e-05
    outer loop
      vertex -9.03405 -2.79464 0.682601
      vertex -9.19039 -2.38533 -0.130701
      vertex -9.15076 -2.4891 0.00579884
    endloop
  endfacet
  facet normal -0.934195 -0.356763 3.63143e-05
    outer loop
      vertex -9.03405 -2.79464 0.682601
      vertex -9.15076 -2.4891 0.00579884
      vertex -9.14746 -2.49774 0.0171576
    endloop
  endfacet
  facet normal -0.934172 -0.356823 1.4951e-05
    outer loop
      vertex -9.03457 -2.79327 0.477443
      vertex -9.14746 -2.49774 0.0171576
      vertex -9.09456 -2.63623 0.10619
    endloop
  endfacet
  facet normal -0.934328 -0.356415 0.000212432
    outer loop
      vertex -9.03457 -2.79327 0.477443
      vertex -9.09456 -2.63623 0.10619
      vertex -9.09016 -2.64776 0.113599
    endloop
  endfacet
  facet normal -0.934156 -0.356864 -1.53156e-05
    outer loop
      vertex -9.14746 -2.49774 0.0171576
      vertex -9.03457 -2.79327 0.477443
      vertex -9.03405 -2.79464 0.682601
    endloop
  endfacet
  facet normal -0.934173 -0.35682 -1.87778e-06
    outer loop
      vertex -9.19039 -2.38533 -0.130701
      vertex -9.03405 -2.79464 0.682601
      vertex -10.0179 -0.2189 5.8373
    endloop
  endfacet
  facet normal -0.934178 -0.356806 -9.97249e-06
    outer loop
      vertex -9.00465 -2.87162 0.892847
      vertex -10.0179 -0.2189 5.8373
      vertex -9.03405 -2.79464 0.682601
    endloop
  endfacet
  facet normal -0.934174 -0.356819 -2.41491e-06
    outer loop
      vertex -8.93233 -3.06096 1.12974
      vertex -10.0179 -0.2189 5.8373
      vertex -9.00465 -2.87162 0.892847
    endloop
  endfacet
  facet normal -0.934172 -0.356822 2.61439e-07
    outer loop
      vertex -8.8457 -3.28776 1.23409
      vertex -10.0179 -0.2189 5.8373
      vertex -8.93233 -3.06096 1.12974
    endloop
  endfacet
  facet normal -0.934065 -0.357102 0.000214099
    outer loop
      vertex -8.83848 -3.30664 1.24278
      vertex -10.0179 -0.2189 5.8373
      vertex -8.8457 -3.28776 1.23409
    endloop
  endfacet
  facet normal -0.934174 -0.356818 -5.0031e-06
    outer loop
      vertex -8.73587 -3.57528 1.2293
      vertex -10.0179 -0.2189 5.8373
      vertex -8.83848 -3.30664 1.24278
    endloop
  endfacet
  facet normal -0.934239 -0.356649 -0.000146089
    outer loop
      vertex -8.72733 -3.59765 1.22817
      vertex -10.0179 -0.2189 5.8373
      vertex -8.73587 -3.57528 1.2293
    endloop
  endfacet
  facet normal -0.934175 -0.356815 -6.16366e-06
    outer loop
      vertex -8.60304 -3.92305 1.08215
      vertex -10.0179 -0.2189 5.8373
      vertex -8.72733 -3.59765 1.22817
    endloop
  endfacet
  facet normal -0.934174 -0.356816 -3.98794e-05
    outer loop
      vertex -6.4103 -9.6637 0
      vertex -8.60304 -3.92305 1.08215
      vertex -8.49633 -4.2024 0.85467
    endloop
  endfacet
  facet normal -0.934161 -0.356853 0.000306573
    outer loop
      vertex -6.4103 -9.6637 0
      vertex -8.44044 -4.34872 0.612377
      vertex -8.43579 -4.36091 0.592197
    endloop
  endfacet
  facet normal -0.934172 -0.356823 8.74919e-07
    outer loop
      vertex -8.60304 -3.92305 1.08215
      vertex -6.4103 -9.6637 0
      vertex -10.0179 -0.2189 5.8373
    endloop
  endfacet
  facet normal -0.934173 -0.356822 -3.23356e-06
    outer loop
      vertex -8.44044 -4.34872 0.612377
      vertex -6.4103 -9.6637 0
      vertex -8.49633 -4.2024 0.85467
    endloop
  endfacet
  facet normal -0.934172 -0.356823 2.03388e-06
    outer loop
      vertex -6.4103 -9.6637 0
      vertex -8.43579 -4.36091 0.592197
      vertex -8.42301 -4.39437 0.307895
    endloop
  endfacet
  facet normal -0.934236 -0.356655 -0.000112313
    outer loop
      vertex -8.68221 -3.71579 -0.39681
      vertex -8.72048 -3.61559 -0.251149
      vertex -8.72172 -3.61234 -0.257175
    endloop
  endfacet
  facet normal -0.934144 -0.356895 -4.00306e-05
    outer loop
      vertex -8.64475 -3.81385 -0.293942
      vertex -8.68221 -3.71579 -0.39681
      vertex -8.67892 -3.7244 -0.408434
    endloop
  endfacet
  facet normal -0.934553 -0.355825 0.000133105
    outer loop
      vertex -8.64475 -3.81385 -0.293942
      vertex -8.65938 -3.77553 -0.574239
      vertex -8.65776 -3.77979 -0.588042
    endloop
  endfacet
  facet normal -0.934168 -0.356833 2.79518e-05
    outer loop
      vertex -8.68221 -3.71579 -0.39681
      vertex -8.64475 -3.81385 -0.293942
      vertex -8.72048 -3.61559 -0.251149
    endloop
  endfacet
  facet normal -0.934147 -0.356888 -3.34591e-05
    outer loop
      vertex -8.65938 -3.77553 -0.574239
      vertex -8.64475 -3.81385 -0.293942
      vertex -8.67892 -3.7244 -0.408434
    endloop
  endfacet
  facet normal -0.934198 -0.356755 0
    outer loop
      vertex -9.05083 -2.75071 -0.5099
      vertex -9.03169 -2.80083 -0.370709
      vertex -9.05083 -2.75071 -0.500648
    endloop
  endfacet
  facet normal -0.934216 -0.356707 -3.66737e-05
    outer loop
      vertex -9.02753 -2.81171 -0.730821
      vertex -9.05083 -2.75071 -0.5099
      vertex -9.05086 -2.75062 -0.621074
    endloop
  endfacet
  facet normal -0.934332 -0.356404 -0.000229893
    outer loop
      vertex -9.02753 -2.81171 -0.730821
      vertex -9.05086 -2.75062 -0.621074
      vertex -9.03061 -2.80364 -0.724034
    endloop
  endfacet
  facet normal -0.934184 -0.35679 -1.03268e-05
    outer loop
      vertex -8.98368 -2.92652 -0.815919
      vertex -9.05083 -2.75071 -0.5099
      vertex -9.02753 -2.81171 -0.730821
    endloop
  endfacet
  facet normal -0.934186 -0.356786 -1.30147e-05
    outer loop
      vertex -9.05083 -2.75071 -0.5099
      vertex -8.98368 -2.92652 -0.815919
      vertex -9.03169 -2.80083 -0.370709
    endloop
  endfacet
  facet normal -0.934169 -0.356831 1.43775e-06
    outer loop
      vertex -8.83074 -3.32691 -0.659034
      vertex -9.03169 -2.80083 -0.370709
      vertex -8.98368 -2.92652 -0.815919
    endloop
  endfacet
  facet normal -0.93417 -0.356828 1.20588e-05
    outer loop
      vertex -8.87234 -3.218 -0.210476
      vertex -9.03169 -2.80083 -0.370709
      vertex -8.81463 -3.36909 -0.395857
    endloop
  endfacet
  facet normal -0.934145 -0.356894 0.000150074
    outer loop
      vertex -8.98368 -2.92652 -0.815919
      vertex -9.02753 -2.81171 -0.730821
      vertex -8.99048 -2.90872 -0.812376
    endloop
  endfacet
  facet normal -0.93417 -0.356828 -5.71988e-06
    outer loop
      vertex -8.81463 -3.36909 -0.395857
      vertex -9.03169 -2.80083 -0.370709
      vertex -8.83074 -3.32691 -0.659034
    endloop
  endfacet
  facet normal -0.934261 -0.356589 0.000725126
    outer loop
      vertex -9.03169 -2.80083 -0.370709
      vertex -8.87234 -3.218 -0.210476
      vertex -9.03009 -2.805 -0.359896
    endloop
  endfacet
  facet normal -0.934174 -0.356818 -7.54092e-06
    outer loop
      vertex -8.91567 -3.10456 -0.16219
      vertex -8.99781 -2.88951 -0.23981
      vertex -8.87234 -3.218 -0.210476
    endloop
  endfacet
  facet normal -0.934168 -0.356835 -6.97888e-06
    outer loop
      vertex -8.89663 -3.15441 -0.84475
      vertex -8.98368 -2.92652 -0.815919
      vertex -8.90197 -3.14043 -0.858488
    endloop
  endfacet
  facet normal -0.934168 -0.356835 -8.94543e-06
    outer loop
      vertex -8.83074 -3.32691 -0.659034
      vertex -8.98368 -2.92652 -0.815919
      vertex -8.89663 -3.15441 -0.84475
    endloop
  endfacet
  facet normal -0.934179 -0.356805 3.21221e-05
    outer loop
      vertex -8.95739 -2.99533 -0.165616
      vertex -8.99781 -2.88951 -0.23981
      vertex -8.91567 -3.10456 -0.16219
    endloop
  endfacet
  facet normal -0.933945 -0.357416 -0.000967085
    outer loop
      vertex -8.99781 -2.88951 -0.23981
      vertex -8.95739 -2.99533 -0.165616
      vertex -8.99513 -2.89654 -0.229816
    endloop
  endfacet
  facet normal -0.934195 -0.356763 6.68247e-05
    outer loop
      vertex -8.83074 -3.32691 -0.659034
      vertex -8.89663 -3.15441 -0.84475
      vertex -8.83246 -3.32241 -0.679682
    endloop
  endfacet
  facet normal -0.934174 -0.356817 4.73809e-06
    outer loop
      vertex -9.03009 -2.805 -0.359896
      vertex -8.87234 -3.218 -0.210476
      vertex -8.99781 -2.88951 -0.23981
    endloop
  endfacet
  facet normal -0.934461 -0.356064 -0.00070193
    outer loop
      vertex -8.87234 -3.218 -0.210476
      vertex -8.81463 -3.36909 -0.395857
      vertex -8.86874 -3.22744 -0.214495
    endloop
  endfacet
  facet normal -0.934248 -0.356624 3.17025e-05
    outer loop
      vertex -8.81463 -3.36909 -0.395857
      vertex -8.83074 -3.32691 -0.659034
      vertex -8.81013 -3.38088 -0.410954
    endloop
  endfacet
  facet normal -0.934141 -0.356903 -3.30624e-05
    outer loop
      vertex -8.8715 -3.2202 0.28903
      vertex -8.85509 -3.26318 0.604576
      vertex -8.87701 -3.20578 0.306486
    endloop
  endfacet
  facet normal -0.934172 -0.356824 -2.07109e-05
    outer loop
      vertex -8.61974 -3.87931 0.248398
      vertex -8.85509 -3.26318 0.604576
      vertex -8.8715 -3.2202 0.28903
    endloop
  endfacet
  facet normal -0.934171 -0.356825 -1.85056e-05
    outer loop
      vertex -8.59558 -3.94257 0.41995
      vertex -8.85509 -3.26318 0.604576
      vertex -8.61974 -3.87931 0.248398
    endloop
  endfacet
  facet normal -0.934171 -0.356826 1.13491e-05
    outer loop
      vertex -8.61974 -3.87931 0.248398
      vertex -8.8715 -3.2202 0.28903
      vertex -8.80533 -3.39344 0.0793219
    endloop
  endfacet
  facet normal -0.934169 -0.356832 1.14772e-05
    outer loop
      vertex -8.66568 -3.75904 0.785065
      vertex -8.85509 -3.26318 0.604576
      vertex -8.59558 -3.94257 0.41995
    endloop
  endfacet
  facet normal -0.934172 -0.356823 3.93877e-05
    outer loop
      vertex -8.85509 -3.26318 0.604576
      vertex -8.66568 -3.75904 0.785065
      vertex -8.81704 -3.36278 0.747827
    endloop
  endfacet
  facet normal -0.934044 -0.357157 0.00100096
    outer loop
      vertex -8.7485 -3.54222 0.0232747
      vertex -8.80533 -3.39344 0.0793219
      vertex -8.75229 -3.53231 0.0226746
    endloop
  endfacet
  facet normal -0.934172 -0.356822 -1.8321e-05
    outer loop
      vertex -8.65615 -3.784 0.111913
      vertex -8.80533 -3.39344 0.0793219
      vertex -8.7485 -3.54222 0.0232747
    endloop
  endfacet
  facet normal -0.934169 -0.356831 -2.01243e-05
    outer loop
      vertex -8.77321 -3.47753 0.83281
      vertex -8.81704 -3.36278 0.747827
      vertex -8.72481 -3.60424 0.845461
    endloop
  endfacet
  facet normal -0.933916 -0.357491 -0.0010418
    outer loop
      vertex -8.81704 -3.36278 0.747827
      vertex -8.77321 -3.47753 0.83281
      vertex -8.81388 -3.37107 0.759753
    endloop
  endfacet
  facet normal -0.934184 -0.356792 -1.20827e-05
    outer loop
      vertex -8.69964 -3.67015 0.0359545
      vertex -8.7485 -3.54222 0.0232747
      vertex -8.70302 -3.6613 0.0304842
    endloop
  endfacet
  facet normal -0.934188 -0.356781 0.000108924
    outer loop
      vertex -8.65615 -3.784 0.111913
      vertex -8.7485 -3.54222 0.0232747
      vertex -8.69964 -3.67015 0.0359545
    endloop
  endfacet
  facet normal -0.934144 -0.356896 -0.000771777
    outer loop
      vertex -8.77321 -3.47753 0.83281
      vertex -8.72481 -3.60424 0.845461
      vertex -8.76983 -3.48639 0.838893
    endloop
  endfacet
  facet normal -0.933967 -0.357358 -0.0008816
    outer loop
      vertex -8.65615 -3.784 0.111913
      vertex -8.69964 -3.67015 0.0359545
      vertex -8.65901 -3.7765 0.101661
    endloop
  endfacet
  facet normal -0.934174 -0.356818 3.61727e-05
    outer loop
      vertex -8.80533 -3.39344 0.0793219
      vertex -8.65615 -3.784 0.111913
      vertex -8.61974 -3.87931 0.248398
    endloop
  endfacet
  facet normal -0.934494 -0.355979 0.000707607
    outer loop
      vertex -8.61974 -3.87931 0.248398
      vertex -8.65615 -3.784 0.111913
      vertex -8.62175 -3.87406 0.235052
    endloop
  endfacet
  facet normal -0.934091 -0.357035 0.000599635
    outer loop
      vertex -8.72481 -3.60424 0.845461
      vertex -8.66568 -3.75904 0.785065
      vertex -8.72106 -3.61405 0.846008
    endloop
  endfacet
  facet normal -0.93417 -0.356827 -1.02486e-05
    outer loop
      vertex -8.72481 -3.60424 0.845461
      vertex -8.81704 -3.36278 0.747827
      vertex -8.66568 -3.75904 0.785065
    endloop
  endfacet
  facet normal -0.934199 -0.356752 -3.48692e-05
    outer loop
      vertex -8.66568 -3.75904 0.785065
      vertex -8.59558 -3.94257 0.41995
      vertex -8.62168 -3.87425 0.687393
    endloop
  endfacet
  facet normal -0.934207 -0.356732 -4.05564e-05
    outer loop
      vertex -8.59635 -3.94057 0.564801
      vertex -8.62168 -3.87425 0.687393
      vertex -8.59558 -3.94257 0.41995
    endloop
  endfacet
  facet normal -0.93466 -0.355542 0.000523631
    outer loop
      vertex -8.59558 -3.94257 0.41995
      vertex -8.61974 -3.87931 0.248398
      vertex -8.59567 -3.94235 0.408682
    endloop
  endfacet
  facet normal -0.933977 -0.357333 0.000331689
    outer loop
      vertex -8.62168 -3.87425 0.687393
      vertex -8.59635 -3.94057 0.564801
      vertex -8.61801 -3.88385 0.67926
    endloop
  endfacet
  facet normal -0.933716 -0.358015 -2.02299e-05
    outer loop
      vertex -8.59635 -3.94057 0.564801
      vertex -8.59558 -3.94257 0.41995
      vertex -8.59454 -3.94529 0.55527
    endloop
  endfacet
  facet normal 0 0.525803 0.850607
    outer loop
      vertex 0 6.4103 9.6637
      vertex -0.2189 5.8373 10.0179
      vertex 0.2189 5.8373 10.0179
    endloop
  endfacet
  facet normal -0.525814 0.8506 4.10532e-05
    outer loop
      vertex -5.8373 10.0179 0.2189
      vertex -6.4103 9.6637 0
      vertex -6.1914 9.799 0.354099
    endloop
  endfacet
  facet normal 0.309055 0.808992 0.500017
    outer loop
      vertex 5.8373 10.0179 0.2189
      vertex 0 6.4103 9.6637
      vertex 0.354099 6.1914 9.799
    endloop
  endfacet
  facet normal 0.000138528 0.934172 0.356823
    outer loop
      vertex 0 6.4103 9.6637
      vertex 0.0134563 8.36176 4.55472
      vertex -0.0118561 8.36053 4.55795
    endloop
  endfacet
  facet normal 6.4885e-06 0.934172 0.356823
    outer loop
      vertex 0 6.4103 9.6637
      vertex 0.317276 8.37654 4.51602
      vertex 0.0134563 8.36176 4.55472
    endloop
  endfacet
  facet normal -1.50092e-05 0.934173 0.356821
    outer loop
      vertex 0 6.4103 9.6637
      vertex 0.569321 8.42458 4.39026
      vertex 0.317276 8.37654 4.51602
    endloop
  endfacet
  facet normal -3.17935e-06 0.934172 0.356823
    outer loop
      vertex 0 6.4103 9.6637
      vertex 0.739899 8.50309 4.18472
      vertex 0.569321 8.42458 4.39026
    endloop
  endfacet
  facet normal 5.51064e-07 0.934172 0.356823
    outer loop
      vertex 5.8373 10.0179 0.2189
      vertex 0.739899 8.50309 4.18472
      vertex 0 6.4103 9.6637
    endloop
  endfacet
  facet normal -9.95879e-05 0.934155 0.356867
    outer loop
      vertex 0.38841 8.91431 3.10812
      vertex 0.786733 8.61128 3.90146
      vertex 0.824646 8.61052 3.90346
    endloop
  endfacet
  facet normal 1.55213e-05 0.934173 0.356821
    outer loop
      vertex 0.786733 8.61128 3.90146
      vertex 0.373062 8.9087 3.12282
      vertex 0.331451 8.62047 3.87742
    endloop
  endfacet
  facet normal 5.4688e-05 0.934216 0.356709
    outer loop
      vertex -0.234055 8.7094 3.6446
      vertex 0.331451 8.62047 3.87742
      vertex -0.223122 8.71363 3.63352
    endloop
  endfacet
  facet normal 5.58005e-07 0.934172 0.356823
    outer loop
      vertex 0.331451 8.62047 3.87742
      vertex -0.234055 8.7094 3.6446
      vertex -0.311829 8.66136 3.77037
    endloop
  endfacet
  facet normal -6.81424e-06 0.934169 0.356831
    outer loop
      vertex 0.331451 8.62047 3.87742
      vertex -0.0918121 8.76443 3.50053
      vertex -0.223122 8.71363 3.63352
    endloop
  endfacet
  facet normal 8.58914e-05 0.934204 0.35674
    outer loop
      vertex 0.331451 8.62047 3.87742
      vertex -0.0749539 8.76966 3.48683
      vertex -0.0918121 8.76443 3.50053
    endloop
  endfacet
  facet normal -1.85008e-06 0.934173 0.356819
    outer loop
      vertex 0.331451 8.62047 3.87742
      vertex 0.127548 8.83252 3.32226
      vertex -0.0749539 8.76966 3.48683
    endloop
  endfacet
  facet normal 0.000208863 0.934199 0.356752
    outer loop
      vertex 0.331451 8.62047 3.87742
      vertex 0.146414 8.83837 3.30693
      vertex 0.127548 8.83252 3.32226
    endloop
  endfacet
  facet normal -2.85494e-05 0.934174 0.356819
    outer loop
      vertex 0.331451 8.62047 3.87742
      vertex 0.373062 8.9087 3.12282
      vertex 0.146414 8.83837 3.30693
    endloop
  endfacet
  facet normal 0.000202244 0.934206 0.356735
    outer loop
      vertex 0.786733 8.61128 3.90146
      vertex 0.38841 8.91431 3.10812
      vertex 0.373062 8.9087 3.12282
    endloop
  endfacet
  facet normal -3.07366e-05 0.934168 0.356834
    outer loop
      vertex 0.824646 8.61052 3.90346
      vertex 0.572815 8.98177 2.93153
      vertex 0.38841 8.91431 3.10812
    endloop
  endfacet
  facet normal 5.64742e-05 0.934175 0.356814
    outer loop
      vertex 0.824646 8.61052 3.90346
      vertex 0.729446 9.05421 2.74185
      vertex 0.572815 8.98177 2.93153
    endloop
  endfacet
  facet normal -0.000322245 0.934165 0.356841
    outer loop
      vertex 0.824646 8.61052 3.90346
      vertex 0.738365 9.05992 2.72691
      vertex 0.729446 9.05421 2.74185
    endloop
  endfacet
  facet normal -1.23197e-05 0.934173 0.356821
    outer loop
      vertex 0.824646 8.61052 3.90346
      vertex 0.845551 9.12853 2.54729
      vertex 0.738365 9.05992 2.72691
    endloop
  endfacet
  facet normal 0 0.934172 0.356823
    outer loop
      vertex 0.845551 9.24979 2.22983
      vertex 5.8373 10.0179 0.2189
      vertex -0.872787 9.24979 2.22983
    endloop
  endfacet
  facet normal 6.90424e-07 0.934171 0.356825
    outer loop
      vertex 0.845551 9.12853 2.54729
      vertex 5.8373 10.0179 0.2189
      vertex 0.845551 9.24979 2.22983
    endloop
  endfacet
  facet normal -1.0576e-06 0.934173 0.356822
    outer loop
      vertex 0.824646 8.61052 3.90346
      vertex 5.8373 10.0179 0.2189
      vertex 0.845551 9.12853 2.54729
    endloop
  endfacet
  facet normal -6.31349e-06 0.934175 0.356815
    outer loop
      vertex 0.739899 8.50309 4.18472
      vertex 5.8373 10.0179 0.2189
      vertex 0.824646 8.61052 3.90346
    endloop
  endfacet
  facet normal -9.99056e-06 0.934172 0.356823
    outer loop
      vertex -0.336029 8.37545 4.51888
      vertex 0 6.4103 9.6637
      vertex -0.0118561 8.36053 4.55795
    endloop
  endfacet
  facet normal -0.000181691 0.934168 0.356833
    outer loop
      vertex -0.363037 8.37669 4.51562
      vertex 0 6.4103 9.6637
      vertex -0.336029 8.37545 4.51888
    endloop
  endfacet
  facet normal 3.37842e-05 0.934173 0.35682
    outer loop
      vertex -0.60194 8.42148 4.39838
      vertex 0 6.4103 9.6637
      vertex -0.363037 8.37669 4.51562
    endloop
  endfacet
  facet normal 9.94223e-05 0.934176 0.356813
    outer loop
      vertex -0.621841 8.42521 4.38862
      vertex 0 6.4103 9.6637
      vertex -0.60194 8.42148 4.39838
    endloop
  endfacet
  facet normal -2.89771e-06 0.934172 0.356824
    outer loop
      vertex -0.781296 8.50294 4.18512
      vertex 0 6.4103 9.6637
      vertex -0.621841 8.42521 4.38862
    endloop
  endfacet
  facet normal 8.45008e-06 0.934176 0.356812
    outer loop
      vertex -5.8373 10.0179 0.2189
      vertex -0.781296 8.50294 4.18512
      vertex -0.834457 8.60679 3.91323
    endloop
  endfacet
  facet normal 0.000217501 0.934268 0.356571
    outer loop
      vertex -0.872787 9.10614 2.60592
      vertex -0.238004 8.92193 3.08819
      vertex -0.22818 8.92471 3.0809
    endloop
  endfacet
  facet normal -1.54194e-05 0.934163 0.356847
    outer loop
      vertex -0.872787 9.10614 2.60592
      vertex -0.22818 8.92471 3.0809
      vertex -0.113741 8.9573 2.99559
    endloop
  endfacet
  facet normal 7.78481e-05 0.934223 0.356688
    outer loop
      vertex -0.872787 9.10614 2.60592
      vertex -0.113741 8.9573 2.99559
      vertex -0.104218 8.96001 2.98849
    endloop
  endfacet
  facet normal 9.67044e-06 0.934178 0.356808
    outer loop
      vertex -0.872787 9.10614 2.60592
      vertex -0.104218 8.96001 2.98849
      vertex 0.0122986 8.99498 2.89693
    endloop
  endfacet
  facet normal -2.42271e-06 0.934166 0.35684
    outer loop
      vertex -0.872787 9.10614 2.60592
      vertex 0.0122986 8.99498 2.89693
      vertex 0.109849 9.02756 2.81164
    endloop
  endfacet
  facet normal -0.00133428 0.934598 0.355703
    outer loop
      vertex 0.198598 9.06414 2.71586
      vertex 0.109849 9.02756 2.81164
      vertex 0.117966 9.03027 2.80455
    endloop
  endfacet
  facet normal 9.60003e-06 0.934185 0.35679
    outer loop
      vertex 0.109849 9.02756 2.81164
      vertex 0.198598 9.06414 2.71586
      vertex -0.872787 9.10614 2.60592
    endloop
  endfacet
  facet normal 3.95824e-06 0.934175 0.356816
    outer loop
      vertex -0.238004 8.92193 3.08819
      vertex -0.872787 9.10614 2.60592
      vertex -0.356049 8.88849 3.17574
    endloop
  endfacet
  facet normal -0.000102473 0.934142 0.356901
    outer loop
      vertex -0.356049 8.88849 3.17574
      vertex -0.872787 9.10614 2.60592
      vertex -0.365573 8.88557 3.18338
    endloop
  endfacet
  facet normal -0.000273616 0.934209 0.356726
    outer loop
      vertex 0.262232 9.10313 2.6138
      vertex 0.198598 9.06414 2.71586
      vertex 0.205307 9.06696 2.70848
    endloop
  endfacet
  facet normal -3.25994e-07 0.934152 0.356874
    outer loop
      vertex 0.198598 9.06414 2.71586
      vertex 0.262232 9.10313 2.6138
      vertex -0.872787 9.10614 2.60592
    endloop
  endfacet
  facet normal -0 0.934168 0.356833
    outer loop
      vertex -0.872787 9.10614 2.60592
      vertex 0.262232 9.10313 2.6138
      vertex 0.266968 9.10614 2.60592
    endloop
  endfacet
  facet normal 5.7577e-06 0.934174 0.356818
    outer loop
      vertex -0.365573 8.88557 3.18338
      vertex -0.872787 9.10614 2.60592
      vertex -0.480011 8.85048 3.27525
    endloop
  endfacet
  facet normal -0.000651253 0.934045 0.357154
    outer loop
      vertex -0.872787 9.10614 2.60592
      vertex -0.488632 8.84735 3.28342
      vertex -0.480011 8.85048 3.27525
    endloop
  endfacet
  facet normal 3.22862e-05 0.934175 0.356816
    outer loop
      vertex -0.872787 9.10614 2.60592
      vertex -0.592209 8.80983 3.38166
      vertex -0.488632 8.84735 3.28342
    endloop
  endfacet
  facet normal -0.000296879 0.934135 0.35692
    outer loop
      vertex -0.872787 9.10614 2.60592
      vertex -0.599642 8.80645 3.3905
      vertex -0.592209 8.80983 3.38166
    endloop
  endfacet
  facet normal 3.50265e-06 0.93417 0.356828
    outer loop
      vertex -0.872787 9.10614 2.60592
      vertex -0.688934 8.7659 3.49666
      vertex -0.599642 8.80645 3.3905
    endloop
  endfacet
  facet normal 7.16877e-05 0.934175 0.356816
    outer loop
      vertex -0.872787 9.10614 2.60592
      vertex -0.766479 8.7181 3.62182
      vertex -0.688934 8.7659 3.49666
    endloop
  endfacet
  facet normal -7.19698e-07 0.934172 0.356823
    outer loop
      vertex -0.872787 9.10614 2.60592
      vertex -0.817459 8.6654 3.75979
      vertex -0.766479 8.7181 3.62182
    endloop
  endfacet
  facet normal -4.47962e-07 0.934172 0.356823
    outer loop
      vertex -5.8373 10.0179 0.2189
      vertex -0.817459 8.6654 3.75979
      vertex -0.872787 9.10614 2.60592
    endloop
  endfacet
  facet normal -1.55932e-06 0.934172 0.356824
    outer loop
      vertex -0.781296 8.50294 4.18512
      vertex -5.8373 10.0179 0.2189
      vertex 0 6.4103 9.6637
    endloop
  endfacet
  facet normal -4.45795e-06 0.93417 0.356828
    outer loop
      vertex -0.817459 8.6654 3.75979
      vertex -5.8373 10.0179 0.2189
      vertex -0.834457 8.60679 3.91323
    endloop
  endfacet
  facet normal 4.2005e-06 0.934175 0.356814
    outer loop
      vertex -0.872787 9.24979 2.22983
      vertex -5.8373 10.0179 0.2189
      vertex -0.872787 9.10614 2.60592
    endloop
  endfacet
  facet normal -0 0.934172 0.356823
    outer loop
      vertex -5.8373 10.0179 0.2189
      vertex -0.872787 9.24979 2.22983
      vertex 5.8373 10.0179 0.2189
    endloop
  endfacet
  facet normal 2.60965e-05 0.934207 0.356731
    outer loop
      vertex 0.112321 8.50678 4.17505
      vertex -0.0339421 8.50203 4.1875
      vertex -0.0153503 8.49983 4.19326
    endloop
  endfacet
  facet normal 8.67604e-05 0.934091 0.357036
    outer loop
      vertex 0.224258 8.52999 4.1143
      vertex 0.112321 8.50678 4.17505
      vertex 0.122955 8.50736 4.17353
    endloop
  endfacet
  facet normal 4.1746e-05 0.934146 0.356891
    outer loop
      vertex 0.112321 8.50678 4.17505
      vertex 0.29245 8.56769 4.0156
      vertex -0.0339421 8.50203 4.1875
    endloop
  endfacet
  facet normal -7.46755e-05 0.93419 0.356777
    outer loop
      vertex 0.112321 8.50678 4.17505
      vertex 0.224258 8.52999 4.1143
      vertex 0.29245 8.56769 4.0156
    endloop
  endfacet
  facet normal -0.000107955 0.934097 0.357019
    outer loop
      vertex -0.0339421 8.50203 4.1875
      vertex -0.263353 8.53503 4.10109
      vertex -0.257156 8.52843 4.11836
    endloop
  endfacet
  facet normal 3.61648e-07 0.934172 0.356823
    outer loop
      vertex -0.0339421 8.50203 4.1875
      vertex 0.29245 8.56769 4.0156
      vertex -0.311829 8.66136 3.77037
    endloop
  endfacet
  facet normal -3.6475e-05 0.934161 0.356853
    outer loop
      vertex -0.0339421 8.50203 4.1875
      vertex -0.33576 8.61788 3.8842
      vertex -0.263353 8.53503 4.10109
    endloop
  endfacet
  facet normal 1.02171e-05 0.93418 0.356802
    outer loop
      vertex -0.311829 8.66136 3.77037
      vertex 0.29245 8.56769 4.0156
      vertex 0.328453 8.61641 3.88804
    endloop
  endfacet
  facet normal -0.00158022 0.933987 0.357302
    outer loop
      vertex -0.263353 8.53503 4.10109
      vertex -0.33576 8.61788 3.8842
      vertex -0.337753 8.61425 3.89368
    endloop
  endfacet
  facet normal -4.8476e-05 0.934074 0.35708
    outer loop
      vertex -0.311829 8.66136 3.77037
      vertex 0.328453 8.61641 3.88804
      vertex 0.331451 8.62047 3.87742
    endloop
  endfacet
  facet normal -6.25187e-06 0.934171 0.356827
    outer loop
      vertex -0.0339421 8.50203 4.1875
      vertex -0.311829 8.66136 3.77037
      vertex -0.33576 8.61788 3.8842
    endloop
  endfacet
  facet normal -0.309055 0.808992 -0.500017
    outer loop
      vertex -0.354099 6.1914 -9.799
      vertex -5.8373 10.0179 -0.2189
      vertex 0 6.4103 -9.6637
    endloop
  endfacet
  facet normal -0.525814 0.8506 -4.10532e-05
    outer loop
      vertex -6.1914 9.799 -0.354099
      vertex -6.4103 9.6637 0
      vertex -5.8373 10.0179 -0.2189
    endloop
  endfacet
  facet normal -0.525803 -0.850607 -0
    outer loop
      vertex -5.8373 -10.0179 0.2189
      vertex -6.4103 -9.6637 0
      vertex -5.8373 -10.0179 -0.2189
    endloop
  endfacet
  facet normal -0.525814 -0.8506 -4.10532e-05
    outer loop
      vertex -5.8373 -10.0179 -0.2189
      vertex -6.4103 -9.6637 0
      vertex -6.1914 -9.799 -0.354099
    endloop
  endfacet
  facet normal -0.850607 0 -0.525803
    outer loop
      vertex -9.6637 0 -6.4103
      vertex -10.0179 -0.2189 -5.8373
      vertex -10.0179 0.2189 -5.8373
    endloop
  endfacet
  facet normal -4.10532e-05 0.525814 -0.8506
    outer loop
      vertex -0.2189 5.8373 -10.0179
      vertex -0.354099 6.1914 -9.799
      vertex 0 6.4103 -9.6637
    endloop
  endfacet
  facet normal -0.500017 -0.309055 0.808992
    outer loop
      vertex -9.6637 0 6.4103
      vertex -9.799 -0.354099 6.1914
      vertex -0.2189 -5.8373 10.0179
    endloop
  endfacet
  facet normal -0.500049 -0.30915 0.808936
    outer loop
      vertex -0.2189 -5.8373 10.0179
      vertex -9.799 -0.354099 6.1914
      vertex -0.354099 -6.1914 9.799
    endloop
  endfacet
  facet normal 0.30915 0.808936 -0.500049
    outer loop
      vertex 6.1914 9.799 -0.354099
      vertex 0.354099 6.1914 -9.799
      vertex 5.8373 10.0179 -0.2189
    endloop
  endfacet
  facet normal 0.850607 0 -0.525803
    outer loop
      vertex 10.0179 -0.2189 -5.8373
      vertex 9.6637 0 -6.4103
      vertex 10.0179 0.2189 -5.8373
    endloop
  endfacet
  facet normal 0 -1 0
    outer loop
      vertex -5.8373 -10.0179 -0.2189
      vertex 5.8373 -10.0179 0.2189
      vertex -5.8373 -10.0179 0.2189
    endloop
  endfacet
  facet normal 0 -1 -0
    outer loop
      vertex 5.8373 -10.0179 0.2189
      vertex -5.8373 -10.0179 -0.2189
      vertex 5.8373 -10.0179 -0.2189
    endloop
  endfacet
  facet normal 0.808992 -0.500017 0.309055
    outer loop
      vertex 10.0179 -0.2189 5.8373
      vertex 6.1914 -9.799 0.354099
      vertex 6.4103 -9.6637 0
    endloop
  endfacet
  facet normal 0.808936 -0.500049 0.30915
    outer loop
      vertex 9.799 -0.354099 6.1914
      vertex 6.1914 -9.799 0.354099
      vertex 10.0179 -0.2189 5.8373
    endloop
  endfacet
  facet normal 0.808992 -0.500017 -0.309055
    outer loop
      vertex 6.4103 -9.6637 0
      vertex 6.1914 -9.799 -0.354099
      vertex 10.0179 -0.2189 -5.8373
    endloop
  endfacet
  facet normal 0.500017 0.309055 0.808992
    outer loop
      vertex 9.799 0.354099 6.1914
      vertex 0.2189 5.8373 10.0179
      vertex 9.6637 0 6.4103
    endloop
  endfacet
  facet normal 0.356824 -6.48103e-06 0.934172
    outer loop
      vertex 9.6637 0 6.4103
      vertex 4.34819 -0.789607 8.44065
      vertex 4.35086 -0.810516 8.43963
    endloop
  endfacet
  facet normal 0.356823 -0 0.934172
    outer loop
      vertex 4.32262 0.508713 8.45042
      vertex 9.6637 0 6.4103
      vertex 4.32262 0.891663 8.45042
    endloop
  endfacet
  facet normal 0.356858 0.00023444 0.934159
    outer loop
      vertex 9.6637 0 6.4103
      vertex 4.29893 0.930741 8.45946
      vertex 4.32262 0.891663 8.45042
    endloop
  endfacet
  facet normal 0.35682 -1.56932e-05 0.934173
    outer loop
      vertex 9.6637 0 6.4103
      vertex 4.01463 1.39987 8.56806
      vertex 4.29893 0.930741 8.45946
    endloop
  endfacet
  facet normal 0.356817 -4.75701e-06 0.934174
    outer loop
      vertex 0.2189 5.8373 10.0179
      vertex 3.7174 1.39987 8.68159
      vertex 4.01463 1.39987 8.56806
    endloop
  endfacet
  facet normal 0.356824 0 0.934171
    outer loop
      vertex 0.2189 5.8373 10.0179
      vertex 2.42764 0.0437164 9.17423
      vertex 2.42764 1.41571 9.17423
    endloop
  endfacet
  facet normal 0.356824 0 0.934171
    outer loop
      vertex 2.42764 0.0437164 9.17423
      vertex 0.2189 5.8373 10.0179
      vertex 2.42764 -0.102219 9.17423
    endloop
  endfacet
  facet normal 0.356824 -0 0.934171
    outer loop
      vertex 0.2189 -5.8373 10.0179
      vertex 2.42764 -0.102219 9.17423
      vertex 0.2189 5.8373 10.0179
    endloop
  endfacet
  facet normal 0.356802 -1.2683e-05 0.93418
    outer loop
      vertex 2.70873 1.41571 9.06687
      vertex 0.2189 5.8373 10.0179
      vertex 2.42764 1.41571 9.17423
    endloop
  endfacet
  facet normal 0.356824 1.32551e-06 0.934172
    outer loop
      vertex 3.7174 1.39987 8.68159
      vertex 0.2189 5.8373 10.0179
      vertex 2.70873 1.41571 9.06687
    endloop
  endfacet
  facet normal 0.356823 1.26342e-06 0.934172
    outer loop
      vertex 0.2189 5.8373 10.0179
      vertex 4.01463 1.39987 8.56806
      vertex 9.6637 0 6.4103
    endloop
  endfacet
  facet normal 0.356823 3.64416e-07 0.934172
    outer loop
      vertex 4.31858 -1.07831 8.45196
      vertex 9.6637 0 6.4103
      vertex 4.35086 -0.810516 8.43963
    endloop
  endfacet
  facet normal 0.356804 0.000107656 0.934179
    outer loop
      vertex 4.31589 -1.10062 8.45299
      vertex 9.6637 0 6.4103
      vertex 4.31858 -1.07831 8.45196
    endloop
  endfacet
  facet normal 0.356827 -1.87412e-05 0.934171
    outer loop
      vertex 4.21904 -1.29797 8.48998
      vertex 9.6637 0 6.4103
      vertex 4.31589 -1.10062 8.45299
    endloop
  endfacet
  facet normal 0.356805 8.6648e-05 0.934179
    outer loop
      vertex 4.21098 -1.31441 8.49306
      vertex 9.6637 0 6.4103
      vertex 4.21904 -1.29797 8.48998
    endloop
  endfacet
  facet normal 0.356828 -2.56071e-05 0.93417
    outer loop
      vertex 4.04287 -1.44614 8.55727
      vertex 9.6637 0 6.4103
      vertex 4.21098 -1.31441 8.49306
    endloop
  endfacet
  facet normal 0.357231 -0.000388576 0.934016
    outer loop
      vertex 0.2189 -5.8373 10.0179
      vertex 3.83554 -1.48668 8.63646
      vertex 3.81828 -1.49005 8.64306
    endloop
  endfacet
  facet normal 0.356716 0.00251661 0.93421
    outer loop
      vertex 2.73832 -1.52171 9.05556
      vertex 3.70127 -1.47709 8.68775
      vertex 3.69152 -1.47601 8.69147
    endloop
  endfacet
  facet normal 0.356837 -1.57932e-05 0.934167
    outer loop
      vertex 2.73832 -1.52171 9.05556
      vertex 3.13069 -0.989212 8.90569
      vertex 3.06022 -0.894678 8.93261
    endloop
  endfacet
  facet normal 0.356858 -3.41474e-05 0.934159
    outer loop
      vertex 3.13069 -0.989212 8.90569
      vertex 2.73832 -1.52171 9.05556
      vertex 3.13671 -0.997329 8.90339
    endloop
  endfacet
  facet normal 0.356955 -8.563e-05 0.934121
    outer loop
      vertex 2.73832 -1.52171 9.05556
      vertex 3.06022 -0.894678 8.93261
      vertex 3.05436 -0.88681 8.93485
    endloop
  endfacet
  facet normal 0.356803 1.29562e-06 0.93418
    outer loop
      vertex 2.73832 -1.52171 9.05556
      vertex 3.05436 -0.88681 8.93485
      vertex 2.97872 -0.790543 8.96374
    endloop
  endfacet
  facet normal 0.356805 5.15845e-07 0.934179
    outer loop
      vertex 2.73832 -1.52171 9.05556
      vertex 2.97872 -0.790543 8.96374
      vertex 2.9024 -0.703262 8.99289
    endloop
  endfacet
  facet normal 0.356828 -4.87016e-06 0.93417
    outer loop
      vertex 2.73832 -1.52171 9.05556
      vertex 2.9024 -0.703262 8.99289
      vertex 2.82305 -0.631104 9.0232
    endloop
  endfacet
  facet normal 0.3568 1.70666e-05 0.934181
    outer loop
      vertex 3.13671 -0.997329 8.90339
      vertex 2.73832 -1.52171 9.05556
      vertex 3.20903 -1.09485 8.87577
    endloop
  endfacet
  facet normal 0.357142 -0.000415127 0.93405
    outer loop
      vertex 3.20903 -1.09485 8.87577
      vertex 2.73832 -1.52171 9.05556
      vertex 3.21535 -1.10272 8.87335
    endloop
  endfacet
  facet normal 0.356784 -0 0.934187
    outer loop
      vertex 2.73832 -1.52171 9.05556
      vertex 2.82305 -0.631104 9.0232
      vertex 2.73832 -0.58017 9.05556
    endloop
  endfacet
  facet normal 0.35679 4.35863e-05 0.934185
    outer loop
      vertex 3.21535 -1.10272 8.87335
      vertex 2.73832 -1.52171 9.05556
      vertex 3.29124 -1.19725 8.84437
    endloop
  endfacet
  facet normal 0.356726 0.000169282 0.934209
    outer loop
      vertex 2.73832 -1.52171 9.05556
      vertex 3.298 -1.20437 8.84179
      vertex 3.29124 -1.19725 8.84437
    endloop
  endfacet
  facet normal 0.356826 -3.35479e-05 0.934171
    outer loop
      vertex 2.73832 -1.52171 9.05556
      vertex 3.37915 -1.28993 8.81079
      vertex 3.298 -1.20437 8.84179
    endloop
  endfacet
  facet normal 0.35681 1.77333e-05 0.934177
    outer loop
      vertex 2.73832 -1.52171 9.05556
      vertex 3.47414 -1.36983 8.77451
      vertex 3.37915 -1.28993 8.81079
    endloop
  endfacet
  facet normal 0.356825 -6.4227e-05 0.934171
    outer loop
      vertex 2.73832 -1.52171 9.05556
      vertex 3.57754 -1.43388 8.73501
      vertex 3.47414 -1.36983 8.77451
    endloop
  endfacet
  facet normal 0.356825 -6.89769e-05 0.934171
    outer loop
      vertex 2.73832 -1.52171 9.05556
      vertex 3.69152 -1.47601 8.69147
      vertex 3.57754 -1.43388 8.73501
    endloop
  endfacet
  facet normal 0.356812 0.000169548 0.934176
    outer loop
      vertex 3.70127 -1.47709 8.68775
      vertex 2.73832 -1.52171 9.05556
      vertex 3.81828 -1.49005 8.64306
    endloop
  endfacet
  facet normal 0.356823 1.97644e-07 0.934172
    outer loop
      vertex 4.04287 -1.44614 8.55727
      vertex 0.2189 -5.8373 10.0179
      vertex 9.6637 0 6.4103
    endloop
  endfacet
  facet normal 0.356808 1.5129e-05 0.934178
    outer loop
      vertex 3.83554 -1.48668 8.63646
      vertex 0.2189 -5.8373 10.0179
      vertex 4.04287 -1.44614 8.55727
    endloop
  endfacet
  facet normal 0.356816 5.7011e-06 0.934175
    outer loop
      vertex 2.73832 -1.52171 9.05556
      vertex 0.2189 -5.8373 10.0179
      vertex 3.81828 -1.49005 8.64306
    endloop
  endfacet
  facet normal 0.356824 1.53144e-07 0.934172
    outer loop
      vertex 2.42764 -1.52171 9.17423
      vertex 0.2189 -5.8373 10.0179
      vertex 2.73832 -1.52171 9.05556
    endloop
  endfacet
  facet normal 0.356824 0 0.934171
    outer loop
      vertex 2.42764 -0.102219 9.17423
      vertex 0.2189 -5.8373 10.0179
      vertex 2.42764 -1.52171 9.17423
    endloop
  endfacet
  facet normal 0.356823 -6.89581e-07 0.934172
    outer loop
      vertex 4.31623 -0.538605 8.45286
      vertex 9.6637 0 6.4103
      vertex 4.32262 0.508713 8.45042
    endloop
  endfacet
  facet normal 0.356824 -8.51484e-06 0.934172
    outer loop
      vertex 9.6637 0 6.4103
      vertex 4.31623 -0.538605 8.45286
      vertex 4.34819 -0.789607 8.44065
    endloop
  endfacet
  facet normal 0.356629 6.72804e-07 0.934246
    outer loop
      vertex 4.32262 0.508713 8.45042
      vertex 4.30824 -0.522595 8.45591
      vertex 4.31623 -0.538605 8.45286
    endloop
  endfacet
  facet normal 0.356782 -1.77785e-06 0.934188
    outer loop
      vertex 4.32262 0.508713 8.45042
      vertex 4.21233 -0.330399 8.49254
      vertex 4.30824 -0.522595 8.45591
    endloop
  endfacet
  facet normal 0.357118 -5.2381e-05 0.934059
    outer loop
      vertex 4.32262 0.508713 8.45042
      vertex 4.19928 -0.319564 8.49753
      vertex 4.21233 -0.330399 8.49254
    endloop
  endfacet
  facet normal 0.356778 5.69346e-06 0.934189
    outer loop
      vertex 4.32262 0.508713 8.45042
      vertex 4.04254 -0.189484 8.55739
      vertex 4.19928 -0.319564 8.49753
    endloop
  endfacet
  facet normal 0.357148 -0.00016454 0.934048
    outer loop
      vertex 4.32262 0.508713 8.45042
      vertex 4.02468 -0.184102 8.56422
      vertex 4.04254 -0.189484 8.55739
    endloop
  endfacet
  facet normal 0.356795 9.55684e-06 0.934183
    outer loop
      vertex 4.32262 0.508713 8.45042
      vertex 3.81019 -0.119476 8.64614
      vertex 4.02468 -0.184102 8.56422
    endloop
  endfacet
  facet normal 0.356823 -1.45929e-05 0.934172
    outer loop
      vertex 3.16533 -0.492523 8.89246
      vertex 3.78868 -0.526901 8.65436
      vertex 3.80854 -0.150794 8.64678
    endloop
  endfacet
  facet normal 0.356689 0.000299044 0.934223
    outer loop
      vertex 3.15319 -0.479845 8.8971
      vertex 3.80854 -0.150794 8.64678
      vertex 3.81019 -0.119476 8.64614
    endloop
  endfacet
  facet normal 0.356648 3.80448e-05 0.934239
    outer loop
      vertex 3.78868 -0.526901 8.65436
      vertex 3.69226 -1.05338 8.69119
      vertex 3.70025 -1.05832 8.68814
    endloop
  endfacet
  facet normal 0.356819 2.20046e-06 0.934174
    outer loop
      vertex 3.78868 -0.526901 8.65436
      vertex 3.59636 -0.994064 8.72782
      vertex 3.69226 -1.05338 8.69119
    endloop
  endfacet
  facet normal 0.356845 -1.0113e-05 0.934164
    outer loop
      vertex 3.78868 -0.526901 8.65436
      vertex 3.47733 -0.876572 8.77329
      vertex 3.59636 -0.994064 8.72782
    endloop
  endfacet
  facet normal 0.356736 0.000100998 0.934205
    outer loop
      vertex 3.78868 -0.526901 8.65436
      vertex 3.45336 -0.847058 8.78244
      vertex 3.47733 -0.876572 8.77329
    endloop
  endfacet
  facet normal 0.356824 -4.53152e-06 0.934172
    outer loop
      vertex 3.78868 -0.526901 8.65436
      vertex 3.16533 -0.492523 8.89246
      vertex 3.45336 -0.847058 8.78244
    endloop
  endfacet
  facet normal 0.356822 -1.55931e-05 0.934173
    outer loop
      vertex 2.70873 0.508713 9.06687
      vertex 3.81019 -0.119476 8.64614
      vertex 4.32262 0.508713 8.45042
    endloop
  endfacet
  facet normal 0.356885 -0.000147238 0.934148
    outer loop
      vertex 3.80854 -0.150794 8.64678
      vertex 3.15319 -0.479845 8.8971
      vertex 3.16533 -0.492523 8.89246
    endloop
  endfacet
  facet normal 0.356819 2.76259e-05 0.934173
    outer loop
      vertex 3.81019 -0.119476 8.64614
      vertex 3.0073 -0.327515 8.95282
      vertex 3.15319 -0.479845 8.8971
    endloop
  endfacet
  facet normal 0.356905 -0.000350482 0.934141
    outer loop
      vertex 3.81019 -0.119476 8.64614
      vertex 2.99527 -0.317574 8.95742
      vertex 3.0073 -0.327515 8.95282
    endloop
  endfacet
  facet normal 0.356829 -0 0.93417
    outer loop
      vertex 2.70873 0.0437164 9.06687
      vertex 3.81019 -0.119476 8.64614
      vertex 2.70873 0.508713 9.06687
    endloop
  endfacet
  facet normal 0.356828 -6.73037e-06 0.93417
    outer loop
      vertex 2.85062 -0.19812 9.01267
      vertex 3.81019 -0.119476 8.64614
      vertex 2.70873 0.0437164 9.06687
    endloop
  endfacet
  facet normal 0.356827 1.72154e-05 0.934171
    outer loop
      vertex 3.81019 -0.119476 8.64614
      vertex 2.85062 -0.19812 9.01267
      vertex 2.99527 -0.317574 8.95742
    endloop
  endfacet
  facet normal 0.356817 -1.4678e-05 0.934174
    outer loop
      vertex 2.70873 0.0437164 9.06687
      vertex 2.6899 -0.102219 9.07406
      vertex 2.85062 -0.19812 9.01267
    endloop
  endfacet
  facet normal 0.356802 -1.2564e-05 0.93418
    outer loop
      vertex 2.42764 0.0437164 9.17423
      vertex 2.6899 -0.102219 9.07406
      vertex 2.70873 0.0437164 9.06687
    endloop
  endfacet
  facet normal 0.356808 0 0.934178
    outer loop
      vertex 2.6899 -0.102219 9.07406
      vertex 2.42764 0.0437164 9.17423
      vertex 2.42764 -0.102219 9.17423
    endloop
  endfacet
  facet normal 0.357101 0.000181572 0.934066
    outer loop
      vertex 3.98813 -0.621881 8.57818
      vertex 4.03455 -0.707912 8.56045
      vertex 4.03329 -0.699127 8.56093
    endloop
  endfacet
  facet normal 0.356887 4.98046e-05 0.934147
    outer loop
      vertex 3.9091 -0.563457 8.60837
      vertex 4.03455 -0.707912 8.56045
      vertex 3.98813 -0.621881 8.57818
    endloop
  endfacet
  facet normal 0.356825 -1.19523e-05 0.934171
    outer loop
      vertex 4.03455 -0.707912 8.56045
      vertex 3.9091 -0.563457 8.60837
      vertex 4.0496 -0.8134 8.5547
    endloop
  endfacet
  facet normal 0.357901 0.00162188 0.933758
    outer loop
      vertex 3.9091 -0.563457 8.60837
      vertex 3.98813 -0.621881 8.57818
      vertex 3.98437 -0.615448 8.57961
    endloop
  endfacet
  facet normal 0.356784 3.17091e-06 0.934187
    outer loop
      vertex 4.0496 -0.8134 8.5547
      vertex 3.97346 -1.01827 8.58378
      vertex 3.98773 -1.01315 8.57833
    endloop
  endfacet
  facet normal 0.356829 -9.93423e-06 0.93417
    outer loop
      vertex 4.0496 -0.8134 8.5547
      vertex 3.9091 -0.563457 8.60837
      vertex 3.70025 -1.05832 8.68814
    endloop
  endfacet
  facet normal 0.357247 0.0017699 0.934008
    outer loop
      vertex 3.78868 -0.526901 8.65436
      vertex 3.9091 -0.563457 8.60837
      vertex 3.90283 -0.559128 8.61076
    endloop
  endfacet
  facet normal 0.356843 -2.2023e-05 0.934164
    outer loop
      vertex 4.0496 -0.8134 8.5547
      vertex 3.79429 -1.07808 8.65222
      vertex 3.97346 -1.01827 8.58378
    endloop
  endfacet
  facet normal 0.356777 0.000204094 0.93419
    outer loop
      vertex 3.97346 -1.01827 8.58378
      vertex 3.79429 -1.07808 8.65222
      vertex 3.80212 -1.07973 8.64923
    endloop
  endfacet
  facet normal 0.356782 1.2394e-05 0.934188
    outer loop
      vertex 3.9091 -0.563457 8.60837
      vertex 3.78868 -0.526901 8.65436
      vertex 3.70025 -1.05832 8.68814
    endloop
  endfacet
  facet normal 0.356822 1.423e-06 0.934173
    outer loop
      vertex 4.0496 -0.8134 8.5547
      vertex 3.70025 -1.05832 8.68814
      vertex 3.79429 -1.07808 8.65222
    endloop
  endfacet
  facet normal 0.356824 -0 0.934172
    outer loop
      vertex 2.70873 0.913284 9.06687
      vertex 3.7174 1.39987 8.68159
      vertex 2.70873 1.41571 9.06687
    endloop
  endfacet
  facet normal 0.356825 -1.80746e-06 0.934171
    outer loop
      vertex 3.7174 1.39987 8.68159
      vertex 2.70873 0.913284 9.06687
      vertex 4.00119 0.913284 8.57319
    endloop
  endfacet
  facet normal -0.30915 0.808936 0.500049
    outer loop
      vertex -5.8373 10.0179 0.2189
      vertex -6.1914 9.799 0.354099
      vertex -0.354099 6.1914 9.799
    endloop
  endfacet
  facet normal -0.808936 0.500049 0.30915
    outer loop
      vertex -6.1914 9.799 0.354099
      vertex -10.0179 0.2189 5.8373
      vertex -9.799 0.354099 6.1914
    endloop
  endfacet
  facet normal 4.10532e-05 0.525814 -0.8506
    outer loop
      vertex 0.2189 5.8373 -10.0179
      vertex 0 6.4103 -9.6637
      vertex 0.354099 6.1914 -9.799
    endloop
  endfacet
  facet normal -0.500017 0.309055 -0.808992
    outer loop
      vertex -9.6637 0 -6.4103
      vertex -9.799 0.354099 -6.1914
      vertex -0.2189 5.8373 -10.0179
    endloop
  endfacet
  facet normal -0.8506 4.10532e-05 -0.525814
    outer loop
      vertex -9.6637 0 -6.4103
      vertex -10.0179 0.2189 -5.8373
      vertex -9.799 0.354099 -6.1914
    endloop
  endfacet
  facet normal -0.808992 0.500017 -0.309055
    outer loop
      vertex -6.1914 9.799 -0.354099
      vertex -10.0179 0.2189 -5.8373
      vertex -6.4103 9.6637 0
    endloop
  endfacet
  facet normal -0.8506 -4.10532e-05 -0.525814
    outer loop
      vertex -9.799 -0.354099 -6.1914
      vertex -10.0179 -0.2189 -5.8373
      vertex -9.6637 0 -6.4103
    endloop
  endfacet
  facet normal -0.500049 0.30915 -0.808936
    outer loop
      vertex -0.2189 5.8373 -10.0179
      vertex -9.799 0.354099 -6.1914
      vertex -0.354099 6.1914 -9.799
    endloop
  endfacet
  facet normal 0 -0.934173 -0.356821
    outer loop
      vertex -5.8373 -10.0179 -0.2189
      vertex -0.0294085 -9.37869 -1.89238
      vertex 5.8373 -10.0179 -0.2189
    endloop
  endfacet
  facet normal -3.14959e-06 -0.934169 -0.35683
    outer loop
      vertex -5.8373 -10.0179 -0.2189
      vertex -0.305707 -9.34315 -1.98542
      vertex -0.0294085 -9.37869 -1.89238
    endloop
  endfacet
  facet normal -9.27419e-05 -0.934076 -0.357075
    outer loop
      vertex -5.8373 -10.0179 -0.2189
      vertex -0.322106 -9.33647 -2.00289
      vertex -0.305707 -9.34315 -1.98542
    endloop
  endfacet
  facet normal 6.60434e-06 -0.934178 -0.356807
    outer loop
      vertex -5.8373 -10.0179 -0.2189
      vertex -0.519227 -9.25627 -2.21287
      vertex -0.322106 -9.33647 -2.00289
    endloop
  endfacet
  facet normal -2.02486e-05 -0.934154 -0.35687
    outer loop
      vertex -5.8373 -10.0179 -0.2189
      vertex -0.527754 -9.24853 -2.23313
      vertex -0.519227 -9.25627 -2.21287
    endloop
  endfacet
  facet normal 7.68247e-06 -0.934179 -0.356805
    outer loop
      vertex -5.8373 -10.0179 -0.2189
      vertex -0.630245 -9.15555 -2.47657
      vertex -0.527754 -9.24853 -2.23313
    endloop
  endfacet
  facet normal -3.49584e-06 -0.93417 -0.356828
    outer loop
      vertex -1.15266 -8.84322 -3.29424
      vertex -0.630245 -9.15555 -2.47657
      vertex -5.8373 -10.0179 -0.2189
    endloop
  endfacet
  facet normal -7.41192e-06 -0.934171 -0.356826
    outer loop
      vertex -0.630245 -9.15555 -2.47657
      vertex -1.15266 -8.84322 -3.29424
      vertex -0.62503 -9.06246 -2.72028
    endloop
  endfacet
  facet normal 2.30187e-05 -0.934162 -0.35685
    outer loop
      vertex -0.62503 -9.06246 -2.72028
      vertex -1.15266 -8.84322 -3.29424
      vertex -0.508323 -8.98124 -2.93289
    endloop
  endfacet
  facet normal 6.60813e-06 -0.934174 -0.356819
    outer loop
      vertex 0.228423 -8.55869 -4.03916
      vertex -0.00499951 -8.87847 -3.20196
      vertex -0.0238037 -8.8786 -3.20162
    endloop
  endfacet
  facet normal 6.03312e-06 -0.934174 -0.356819
    outer loop
      vertex -0.284899 -8.91616 -3.10329
      vertex 0.228423 -8.55869 -4.03916
      vertex -0.0238037 -8.8786 -3.20162
    endloop
  endfacet
  facet normal -3.55273e-06 -0.934172 -0.356823
    outer loop
      vertex 0.228423 -8.55869 -4.03916
      vertex -0.284899 -8.91616 -3.10329
      vertex -1.15266 -8.84322 -3.29424
    endloop
  endfacet
  facet normal -9.56101e-06 -0.934181 -0.3568
    outer loop
      vertex -0.508323 -8.98124 -2.93289
      vertex -1.15266 -8.84322 -3.29424
      vertex -0.284899 -8.91616 -3.10329
    endloop
  endfacet
  facet normal 8.51522e-05 -0.934215 -0.35671
    outer loop
      vertex -5.8373 -10.0179 -0.2189
      vertex -1.16737 -8.83413 -3.31805
      vertex -1.15266 -8.84322 -3.29424
    endloop
  endfacet
  facet normal -1.18628e-05 -0.934166 -0.356838
    outer loop
      vertex -5.8373 -10.0179 -0.2189
      vertex -1.34414 -8.72488 -3.60405
      vertex -1.16737 -8.83413 -3.31805
    endloop
  endfacet
  facet normal 8.56644e-05 -0.93421 -0.356725
    outer loop
      vertex -5.8373 -10.0179 -0.2189
      vertex -1.34173 -8.7083 -3.64747
      vertex -1.34414 -8.72488 -3.60405
    endloop
  endfacet
  facet normal -5.82865e-06 -0.93417 -0.356829
    outer loop
      vertex -5.8373 -10.0179 -0.2189
      vertex -1.31274 -8.50902 -4.16918
      vertex -1.34173 -8.7083 -3.64747
    endloop
  endfacet
  facet normal -1.10717e-06 -0.934168 -0.356834
    outer loop
      vertex -1.0372 -8.45226 -4.3178
      vertex -0.110075 -8.25472 -4.83495
      vertex 0.141137 -8.40998 -4.42849
    endloop
  endfacet
  facet normal -2.43633e-05 -0.93417 -0.356827
    outer loop
      vertex 0 -6.4103 -9.6637
      vertex -1.0372 -8.45226 -4.3178
      vertex -1.29156 -8.50466 -4.1806
    endloop
  endfacet
  facet normal -0.000103893 -0.934164 -0.356844
    outer loop
      vertex 0 -6.4103 -9.6637
      vertex -1.29156 -8.50466 -4.1806
      vertex -1.31274 -8.50902 -4.16918
    endloop
  endfacet
  facet normal -5.6278e-06 -0.934172 -0.356822
    outer loop
      vertex -0.110075 -8.25472 -4.83495
      vertex 0 -6.4103 -9.6637
      vertex 0.150494 -8.20104 -4.97549
    endloop
  endfacet
  facet normal 6.22904e-06 -0.934172 -0.356822
    outer loop
      vertex -1.0372 -8.45226 -4.3178
      vertex 0 -6.4103 -9.6637
      vertex -0.110075 -8.25472 -4.83495
    endloop
  endfacet
  facet normal 1.88481e-06 -0.934173 -0.356822
    outer loop
      vertex 0 -6.4103 -9.6637
      vertex -1.31274 -8.50902 -4.16918
      vertex -5.8373 -10.0179 -0.2189
    endloop
  endfacet
  facet normal 1.39617e-05 -0.934157 -0.356864
    outer loop
      vertex 0.28494 -9.36465 -1.92912
      vertex 5.8373 -10.0179 -0.2189
      vertex -0.0294085 -9.37869 -1.89238
    endloop
  endfacet
  facet normal 3.04582e-05 -0.934139 -0.35691
    outer loop
      vertex 0.311094 -9.36348 -1.93218
      vertex 5.8373 -10.0179 -0.2189
      vertex 0.28494 -9.36465 -1.92912
    endloop
  endfacet
  facet normal -8.66015e-06 -0.934181 -0.3568
    outer loop
      vertex 0.685968 -9.30316 -2.09012
      vertex 5.8373 -10.0179 -0.2189
      vertex 0.311094 -9.36348 -1.93218
    endloop
  endfacet
  facet normal 1.36412e-05 -0.93416 -0.356854
    outer loop
      vertex 0.717162 -9.29814 -2.10326
      vertex 5.8373 -10.0179 -0.2189
      vertex 0.685968 -9.30316 -2.09012
    endloop
  endfacet
  facet normal -2.24884e-06 -0.934175 -0.356816
    outer loop
      vertex 1.07161 -9.20636 -2.34355
      vertex 5.8373 -10.0179 -0.2189
      vertex 0.717162 -9.29814 -2.10326
    endloop
  endfacet
  facet normal 5.70225e-05 -0.93413 -0.356932
    outer loop
      vertex 1.10111 -9.19872 -2.36354
      vertex 5.8373 -10.0179 -0.2189
      vertex 1.07161 -9.20636 -2.34355
    endloop
  endfacet
  facet normal 2.039e-06 -0.934171 -0.356826
    outer loop
      vertex 1.30128 -9.10121 -2.61882
      vertex 5.8373 -10.0179 -0.2189
      vertex 1.10111 -9.19872 -2.36354
    endloop
  endfacet
  facet normal 5.26519e-05 -0.934139 -0.35691
    outer loop
      vertex 1.31795 -9.09309 -2.64007
      vertex 5.8373 -10.0179 -0.2189
      vertex 1.30128 -9.10121 -2.61882
    endloop
  endfacet
  facet normal 1.70664e-06 -0.934171 -0.356827
    outer loop
      vertex 1.36837 -8.99194 -2.90488
      vertex 5.8373 -10.0179 -0.2189
      vertex 1.31795 -9.09309 -2.64007
    endloop
  endfacet
  facet normal 3.22865e-05 -0.934154 -0.356871
    outer loop
      vertex 1.37256 -8.98352 -2.92692
      vertex 5.8373 -10.0179 -0.2189
      vertex 1.36837 -8.99194 -2.90488
    endloop
  endfacet
  facet normal -4.00677e-06 -0.934174 -0.356819
    outer loop
      vertex 1.27772 -8.88081 -3.19582
      vertex 5.8373 -10.0179 -0.2189
      vertex 1.37256 -8.98352 -2.92692
    endloop
  endfacet
  facet normal -8.05729e-05 -0.934213 -0.356717
    outer loop
      vertex 1.26983 -8.87226 -3.21821
      vertex 5.8373 -10.0179 -0.2189
      vertex 1.27772 -8.88081 -3.19582
    endloop
  endfacet
  facet normal 0.000249769 -0.934117 -0.356966
    outer loop
      vertex 0.836491 -8.625 -3.86555
      vertex 1.26983 -8.87226 -3.21821
      vertex 1.13673 -8.80886 -3.38421
    endloop
  endfacet
  facet normal -0.000418226 -0.934256 -0.356602
    outer loop
      vertex 0.836491 -8.625 -3.86555
      vertex 1.13673 -8.80886 -3.38421
      vertex 1.12565 -8.80358 -3.39803
    endloop
  endfacet
  facet normal -8.1364e-06 -0.934171 -0.356827
    outer loop
      vertex 0.836491 -8.625 -3.86555
      vertex 0.768064 -8.74927 -3.54021
      vertex 0.575921 -8.67868 -3.72501
    endloop
  endfacet
  facet normal 2.62382e-05 -0.934173 -0.35682
    outer loop
      vertex 0.768064 -8.74927 -3.54021
      vertex 0.836491 -8.625 -3.86555
      vertex 0.960876 -8.763 -3.50425
    endloop
  endfacet
  facet normal -0.000308528 -0.934211 -0.35672
    outer loop
      vertex 0.836491 -8.625 -3.86555
      vertex 0.973541 -8.76612 -3.49609
      vertex 0.960876 -8.763 -3.50425
    endloop
  endfacet
  facet normal -3.81108e-05 -0.934178 -0.356807
    outer loop
      vertex 0.836491 -8.625 -3.86555
      vertex 1.12565 -8.80358 -3.39803
      vertex 0.973541 -8.76612 -3.49609
    endloop
  endfacet
  facet normal 6.31716e-06 -0.934172 -0.356823
    outer loop
      vertex 0 -6.4103 -9.6637
      vertex 1.26983 -8.87226 -3.21821
      vertex 0.836491 -8.625 -3.86555
    endloop
  endfacet
  facet normal 5.85339e-06 -0.934172 -0.356823
    outer loop
      vertex 0 -6.4103 -9.6637
      vertex 0.836491 -8.625 -3.86555
      vertex 0.20324 -8.23364 -4.89015
    endloop
  endfacet
  facet normal -5.53647e-05 -0.934173 -0.356821
    outer loop
      vertex 0 -6.4103 -9.6637
      vertex 0.20324 -8.23364 -4.89015
      vertex 0.150494 -8.20104 -4.97549
    endloop
  endfacet
  facet normal -1.09035e-06 -0.934172 -0.356822
    outer loop
      vertex 1.26983 -8.87226 -3.21821
      vertex 0 -6.4103 -9.6637
      vertex 5.8373 -10.0179 -0.2189
    endloop
  endfacet
  facet normal -0.000296346 -0.934146 -0.356891
    outer loop
      vertex 0.659382 -9.11888 -2.57257
      vertex 0.633413 -9.15088 -2.48879
      vertex 0.61572 -9.15531 -2.47718
    endloop
  endfacet
  facet normal -0.000256414 -0.933851 -0.357662
    outer loop
      vertex 0.846011 -9.09756 -2.62837
      vertex 0.659382 -9.11888 -2.57257
      vertex 0.663016 -9.11584 -2.58051
    endloop
  endfacet
  facet normal 3.88246e-05 -0.934181 -0.356801
    outer loop
      vertex 0.659382 -9.11888 -2.57257
      vertex 0.846011 -9.09756 -2.62837
      vertex 0.633413 -9.15088 -2.48879
    endloop
  endfacet
  facet normal 7.04141e-06 -0.934187 -0.356783
    outer loop
      vertex 0.672597 -9.06975 -2.70119
      vertex 0.846011 -9.09756 -2.62837
      vertex 0.663016 -9.11584 -2.58051
    endloop
  endfacet
  facet normal 4.76072e-05 -0.934155 -0.356868
    outer loop
      vertex 0.64956 -9.02528 -2.8176
      vertex 0.846011 -9.09756 -2.62837
      vertex 0.672597 -9.06975 -2.70119
    endloop
  endfacet
  facet normal -9.02798e-06 -0.934175 -0.356816
    outer loop
      vertex 0.846011 -9.09756 -2.62837
      vertex 0.64956 -9.02528 -2.8176
      vertex 0.986237 -9.04013 -2.77873
    endloop
  endfacet
  facet normal 5.1351e-06 -0.934134 -0.356923
    outer loop
      vertex 0.986237 -9.04013 -2.77873
      vertex 0.64956 -9.02528 -2.8176
      vertex 0.99009 -9.03582 -2.79001
    endloop
  endfacet
  facet normal -1.42715e-05 -0.934213 -0.356714
    outer loop
      vertex 0.647642 -9.02158 -2.82729
      vertex 0.99009 -9.03582 -2.79001
      vertex 0.64956 -9.02528 -2.8176
    endloop
  endfacet
  facet normal -3.17901e-07 -0.934171 -0.356826
    outer loop
      vertex 1.03332 -8.97993 -2.93633
      vertex 0.99009 -9.03582 -2.79001
      vertex 0.647642 -9.02158 -2.82729
    endloop
  endfacet
  facet normal -0.000704286 -0.934101 -0.357008
    outer loop
      vertex 0.99009 -9.03582 -2.79001
      vertex 1.03332 -8.97993 -2.93633
      vertex 1.03638 -8.98406 -2.92553
    endloop
  endfacet
  facet normal 2.13145e-05 -0.934179 -0.356806
    outer loop
      vertex 0.986556 -8.92714 -3.07453
      vertex 0.647642 -9.02158 -2.82729
      vertex 0.595665 -8.97938 -2.93778
    endloop
  endfacet
  facet normal -0.000707245 -0.934083 -0.357056
    outer loop
      vertex 0.683617 -8.88805 -3.17688
      vertex 0.595665 -8.97938 -2.93778
      vertex 0.591338 -8.97586 -2.94698
    endloop
  endfacet
  facet normal -3.06485e-06 -0.934168 -0.356835
    outer loop
      vertex 0.647642 -9.02158 -2.82729
      vertex 0.986556 -8.92714 -3.07453
      vertex 1.03332 -8.97993 -2.93633
    endloop
  endfacet
  facet normal -0.000803356 -0.934257 -0.356598
    outer loop
      vertex 1.03332 -8.97993 -2.93633
      vertex 0.986556 -8.92714 -3.07453
      vertex 0.996467 -8.93037 -3.06609
    endloop
  endfacet
  facet normal -9.47807e-06 -0.934176 -0.356811
    outer loop
      vertex 0.683617 -8.88805 -3.17688
      vertex 0.591338 -8.97586 -2.94698
      vertex 0.43179 -8.90975 -3.12006
    endloop
  endfacet
  facet normal -2.366e-07 -0.93417 -0.356829
    outer loop
      vertex 0.595665 -8.97938 -2.93778
      vertex 0.683617 -8.88805 -3.17688
      vertex 0.853376 -8.88839 -3.17599
    endloop
  endfacet
  facet normal 3.68895e-05 -0.934169 -0.35683
    outer loop
      vertex 0.986556 -8.92714 -3.07453
      vertex 0.853376 -8.88839 -3.17599
      vertex 0.867508 -8.88842 -3.17591
    endloop
  endfacet
  facet normal 1.9498e-05 -0.934177 -0.35681
    outer loop
      vertex 0.595665 -8.97938 -2.93778
      vertex 0.853376 -8.88839 -3.17599
      vertex 0.986556 -8.92714 -3.07453
    endloop
  endfacet
  facet normal 1.81442e-06 -0.934178 -0.356806
    outer loop
      vertex 0.539706 -8.7611 -3.50925
      vertex 0.43179 -8.90975 -3.12006
      vertex 0.237117 -8.87942 -3.19947
    endloop
  endfacet
  facet normal -0.000219322 -0.934106 -0.356995
    outer loop
      vertex 0.539706 -8.7611 -3.50925
      vertex 0.237117 -8.87942 -3.19947
      vertex 0.220913 -8.87689 -3.20608
    endloop
  endfacet
  facet normal 2.62243e-05 -0.934176 -0.356814
    outer loop
      vertex -0.00499951 -8.87847 -3.20196
      vertex 0.228423 -8.55869 -4.03916
      vertex 0.220913 -8.87689 -3.20608
    endloop
  endfacet
  facet normal -8.84592e-06 -0.934177 -0.356809
    outer loop
      vertex 0.43179 -8.90975 -3.12006
      vertex 0.539706 -8.7611 -3.50925
      vertex 0.683617 -8.88805 -3.17688
    endloop
  endfacet
  facet normal -2.25675e-05 -0.934175 -0.356814
    outer loop
      vertex 0.220913 -8.87689 -3.20608
      vertex 0.228423 -8.55869 -4.03916
      vertex 0.539706 -8.7611 -3.50925
    endloop
  endfacet
  facet normal 1.39224e-05 -0.934163 -0.356847
    outer loop
      vertex 0.539706 -8.7611 -3.50925
      vertex 0.575921 -8.67868 -3.72501
      vertex 0.768064 -8.74927 -3.54021
    endloop
  endfacet
  facet normal 1.88601e-05 -0.934167 -0.356835
    outer loop
      vertex 0.55805 -8.66764 -3.75392
      vertex 0.539706 -8.7611 -3.50925
      vertex 0.228423 -8.55869 -4.03916
    endloop
  endfacet
  facet normal 0.000147057 -0.93417 -0.356827
    outer loop
      vertex 0.539706 -8.7611 -3.50925
      vertex 0.55805 -8.66764 -3.75392
      vertex 0.575921 -8.67868 -3.72501
    endloop
  endfacet
  facet normal 3.54284e-05 -0.934161 -0.356852
    outer loop
      vertex 0.55805 -8.66764 -3.75392
      vertex 0.228423 -8.55869 -4.03916
      vertex 0.343423 -8.53499 -4.10119
    endloop
  endfacet
  facet normal -8.0684e-05 -0.934175 -0.356814
    outer loop
      vertex -1.03872 -8.46798 -4.27664
      vertex -0.964901 -8.63785 -3.83192
      vertex -1.05697 -8.65681 -3.78226
    endloop
  endfacet
  facet normal 3.82704e-06 -0.934185 -0.356788
    outer loop
      vertex 0.141137 -8.40998 -4.42849
      vertex -1.03872 -8.46798 -4.27664
      vertex -1.0372 -8.45226 -4.3178
    endloop
  endfacet
  facet normal -1.74226e-06 -0.934171 -0.356826
    outer loop
      vertex -1.03872 -8.46798 -4.27664
      vertex 0.141137 -8.40998 -4.42849
      vertex -0.964901 -8.63785 -3.83192
    endloop
  endfacet
  facet normal -1.12589e-05 -0.934002 -0.357268
    outer loop
      vertex -0.0528343 -9.24344 -2.24645
      vertex 0.10077 -9.24042 -2.25435
      vertex -0.0435705 -9.24458 -2.24347
    endloop
  endfacet
  facet normal -0.000232958 -0.934431 -0.356144
    outer loop
      vertex -0.170761 -9.22722 -2.28893
      vertex -0.0528343 -9.24344 -2.24645
      vertex -0.16417 -9.22976 -2.28227
    endloop
  endfacet
  facet normal 4.86703e-05 -0.934171 -0.356826
    outer loop
      vertex -0.199939 -9.07564 -2.68577
      vertex -0.0528343 -9.24344 -2.24645
      vertex -0.170761 -9.22722 -2.28893
    endloop
  endfacet
  facet normal 1.53292e-05 -0.934174 -0.356817
    outer loop
      vertex -0.0528343 -9.24344 -2.24645
      vertex -0.199939 -9.07564 -2.68577
      vertex 0.10077 -9.24042 -2.25435
    endloop
  endfacet
  facet normal 0.00102037 -0.93383 -0.357716
    outer loop
      vertex -0.252957 -9.19347 -2.37727
      vertex -0.170761 -9.22722 -2.28893
      vertex -0.249977 -9.19665 -2.36896
    endloop
  endfacet
  facet normal -8.62245e-05 -0.934174 -0.356818
    outer loop
      vertex -0.199939 -9.07564 -2.68577
      vertex -0.170761 -9.22722 -2.28893
      vertex -0.252957 -9.19347 -2.37727
    endloop
  endfacet
  facet normal 3.70154e-05 -0.934169 -0.35683
    outer loop
      vertex 0.10077 -9.24042 -2.25435
      vertex -0.199939 -9.07564 -2.68577
      vertex -0.0772676 -9.04243 -2.7727
    endloop
  endfacet
  facet normal 6.56531e-05 -0.934174 -0.356817
    outer loop
      vertex -0.265785 -9.11117 -2.59274
      vertex -0.252957 -9.19347 -2.37727
      vertex -0.288764 -9.15533 -2.47713
    endloop
  endfacet
  facet normal 0.000216026 -0.934149 -0.356884
    outer loop
      vertex -0.0664417 -9.0408 -2.77696
      vertex 0.10077 -9.24042 -2.25435
      vertex -0.0772676 -9.04243 -2.7727
    endloop
  endfacet
  facet normal 1.02985e-05 -0.93417 -0.356828
    outer loop
      vertex 0.257752 -9.21661 -2.31671
      vertex 0.0737069 -9.021 -2.82882
      vertex 0.362519 -9.1862 -2.39632
    endloop
  endfacet
  facet normal 0.000835034 -0.934225 -0.356684
    outer loop
      vertex -0.265785 -9.11117 -2.59274
      vertex -0.288764 -9.15533 -2.47713
      vertex -0.271264 -9.11413 -2.585
    endloop
  endfacet
  facet normal -4.3723e-05 -0.934176 -0.356811
    outer loop
      vertex -0.252957 -9.19347 -2.37727
      vertex -0.265785 -9.11117 -2.59274
      vertex -0.199939 -9.07564 -2.68577
    endloop
  endfacet
  facet normal -5.23473e-05 -0.934178 -0.356808
    outer loop
      vertex 0.0737069 -9.021 -2.82882
      vertex 0.257752 -9.21661 -2.31671
      vertex -0.0664417 -9.0408 -2.77696
    endloop
  endfacet
  facet normal 6.60279e-05 -0.934158 -0.35686
    outer loop
      vertex 0.203214 -9.01897 -2.83411
      vertex 0.362519 -9.1862 -2.39632
      vertex 0.0737069 -9.021 -2.82882
    endloop
  endfacet
  facet normal 5.68207e-06 -0.934165 -0.356841
    outer loop
      vertex 0.392165 -9.0687 -2.70392
      vertex 0.362519 -9.1862 -2.39632
      vertex 0.203214 -9.01897 -2.83411
    endloop
  endfacet
  facet normal 8.3406e-05 -0.934168 -0.356834
    outer loop
      vertex 0.362519 -9.1862 -2.39632
      vertex 0.392165 -9.0687 -2.70392
      vertex 0.415612 -9.15082 -2.48893
    endloop
  endfacet
  facet normal -5.01005e-05 -0.934177 -0.356809
    outer loop
      vertex 0.10077 -9.24042 -2.25435
      vertex -0.0664417 -9.0408 -2.77696
      vertex 0.257752 -9.21661 -2.31671
    endloop
  endfacet
  facet normal -0.00124186 -0.934135 -0.356919
    outer loop
      vertex 0.415612 -9.15082 -2.48893
      vertex 0.429216 -9.10618 -2.60581
      vertex 0.420031 -9.14788 -2.49664
    endloop
  endfacet
  facet normal -0.000170174 -0.934177 -0.35681
    outer loop
      vertex 0.429216 -9.10618 -2.60581
      vertex 0.415612 -9.15082 -2.48893
      vertex 0.392165 -9.0687 -2.70392
    endloop
  endfacet
  facet normal -0.000391788 -0.933872 -0.357608
    outer loop
      vertex 0.0737069 -9.021 -2.82882
      vertex -0.0664417 -9.0408 -2.77696
      vertex 0.0636425 -9.02126 -2.82813
    endloop
  endfacet
  facet normal -0.000159338 -0.934245 -0.356632
    outer loop
      vertex 0.306276 -9.03252 -2.79866
      vertex 0.392165 -9.0687 -2.70392
      vertex 0.203214 -9.01897 -2.83411
    endloop
  endfacet
  facet normal -4.10601e-06 -0.934198 -0.356755
    outer loop
      vertex 0.392165 -9.0687 -2.70392
      vertex 0.306276 -9.03252 -2.79866
      vertex 0.389081 -9.06558 -2.71209
    endloop
  endfacet
  facet normal 0.000139309 -0.934754 -0.355295
    outer loop
      vertex 0.203214 -9.01897 -2.83411
      vertex 0.0737069 -9.021 -2.82882
      vertex 0.194636 -9.01785 -2.83706
    endloop
  endfacet
  facet normal -0.500049 -0.30915 -0.808936
    outer loop
      vertex -0.354099 -6.1914 -9.799
      vertex -9.799 -0.354099 -6.1914
      vertex -0.2189 -5.8373 -10.0179
    endloop
  endfacet
  facet normal -0.808936 0.500049 -0.30915
    outer loop
      vertex -9.799 0.354099 -6.1914
      vertex -10.0179 0.2189 -5.8373
      vertex -6.1914 9.799 -0.354099
    endloop
  endfacet
  facet normal -0.577359 0.577349 -0.577343
    outer loop
      vertex -5.91401 5.53436 -4.89613
      vertex -6.25919 4.63063 -5.45468
      vertex -6.29203 5.47919 -4.57327
    endloop
  endfacet
  facet normal -0.57735 0.57735 -0.57735
    outer loop
      vertex -0.354099 6.1914 -9.799
      vertex -4.46092 5.68519 -6.19839
      vertex -4.29182 6.1279 -5.92478
    endloop
  endfacet
  facet normal -0.57735 0.57735 -0.57735
    outer loop
      vertex -0.354099 6.1914 -9.799
      vertex -5.98125 4.67119 -5.69206
      vertex -4.46092 5.68519 -6.19839
    endloop
  endfacet
  facet normal -0.57735 0.57735 -0.57735
    outer loop
      vertex -5.98125 4.67119 -5.69206
      vertex -9.799 0.354099 -6.1914
      vertex -6.25919 4.63063 -5.45468
    endloop
  endfacet
  facet normal -0.57735 0.57735 -0.57735
    outer loop
      vertex -9.799 0.354099 -6.1914
      vertex -5.98125 4.67119 -5.69206
      vertex -0.354099 6.1914 -9.799
    endloop
  endfacet
  facet normal -0.57735 0.57735 -0.57735
    outer loop
      vertex -4.29182 6.1279 -5.92478
      vertex -6.1914 9.799 -0.354099
      vertex -0.354099 6.1914 -9.799
    endloop
  endfacet
  facet normal -0.57735 0.57735 -0.57735
    outer loop
      vertex -6.1914 9.799 -0.354099
      vertex -4.29182 6.1279 -5.92478
      vertex -5.39316 6.21745 -4.73389
    endloop
  endfacet
  facet normal -0.577457 0.57716 -0.577434
    outer loop
      vertex -5.39316 6.21745 -4.73389
      vertex -4.29182 6.1279 -5.92478
      vertex -5.40095 6.19704 -4.7465
    endloop
  endfacet
  facet normal -0.577344 0.577366 -0.577341
    outer loop
      vertex -5.40095 6.19704 -4.7465
      vertex -4.29182 6.1279 -5.92478
      vertex -5.4944 5.95239 -4.89771
    endloop
  endfacet
  facet normal -0.57735 0.57735 -0.57735
    outer loop
      vertex -5.64724 6.18037 -4.51689
      vertex -6.1914 9.799 -0.354099
      vertex -5.39316 6.21745 -4.73389
    endloop
  endfacet
  facet normal -0.57735 0.57735 -0.57735
    outer loop
      vertex -5.66844 6.17728 -4.49878
      vertex -6.1914 9.799 -0.354099
      vertex -5.64724 6.18037 -4.51689
    endloop
  endfacet
  facet normal -0.57735 0.57735 -0.57735
    outer loop
      vertex -6.14771 5.85705 -4.33974
      vertex -5.66844 6.17728 -4.49878
      vertex -5.76968 5.91222 -4.6626
    endloop
  endfacet
  facet normal -0.57735 0.57735 -0.57735
    outer loop
      vertex -5.66844 6.17728 -4.49878
      vertex -6.14771 5.85705 -4.33974
      vertex -6.1914 9.799 -0.354099
    endloop
  endfacet
  facet normal -0.577326 0.577344 -0.57738
    outer loop
      vertex -9.799 0.354099 -6.1914
      vertex -6.14771 5.85705 -4.33974
      vertex -6.29203 5.47919 -4.57327
    endloop
  endfacet
  facet normal -0.57735 0.57735 -0.57735
    outer loop
      vertex -6.14771 5.85705 -4.33974
      vertex -9.799 0.354099 -6.1914
      vertex -6.1914 9.799 -0.354099
    endloop
  endfacet
  facet normal -0.577353 0.577352 -0.577345
    outer loop
      vertex -9.799 0.354099 -6.1914
      vertex -6.29203 5.47919 -4.57327
      vertex -6.25919 4.63063 -5.45468
    endloop
  endfacet
  facet normal -0.577353 0.577356 -0.577342
    outer loop
      vertex -5.03151 5.66315 -5.64984
      vertex -5.86059 4.99367 -5.49024
      vertex -5.63872 5.57453 -5.13124
    endloop
  endfacet
  facet normal -0.57735 0.57735 -0.57735
    outer loop
      vertex -5.02986 5.55023 -5.76441
      vertex -5.03151 5.66315 -5.64984
      vertex -4.95695 5.6752 -5.71235
    endloop
  endfacet
  facet normal -0.57735 0.57735 -0.57735
    outer loop
      vertex -5.03151 5.66315 -5.64984
      vertex -5.02986 5.55023 -5.76441
      vertex -5.86059 4.99367 -5.49024
    endloop
  endfacet
  facet normal -0.57735 0.57735 -0.57735
    outer loop
      vertex -4.87553 5.69056 -5.77841
      vertex -5.02986 5.55023 -5.76441
      vertex -4.95695 5.6752 -5.71235
    endloop
  endfacet
  facet normal -0.57735 0.57735 -0.57735
    outer loop
      vertex -4.87553 5.69056 -5.77841
      vertex -4.87575 5.64927 -5.81948
      vertex -5.02986 5.55023 -5.76441
    endloop
  endfacet
  facet normal -0.57735 0.57735 -0.57735
    outer loop
      vertex -4.80567 5.70493 -5.8339
      vertex -4.87575 5.64927 -5.81948
      vertex -4.87553 5.69056 -5.77841
    endloop
  endfacet
  facet normal -0.57735 0.57735 -0.57735
    outer loop
      vertex -4.87575 5.64927 -5.81948
      vertex -4.80567 5.70493 -5.8339
      vertex -4.76588 5.71389 -5.86473
    endloop
  endfacet
  facet normal 0.356826 2.16113e-06 -0.934171
    outer loop
      vertex 2.05251 0.362103 -9.31752
      vertex 2.95048 1.05384 -8.97452
      vertex 2.30426 -0.144269 -9.22136
    endloop
  endfacet
  facet normal 0.356817 1.05297e-06 -0.934174
    outer loop
      vertex 4.61253 0.374062 -8.33968
      vertex 3.67298 0.47766 -8.69855
      vertex 3.79451 0.879639 -8.65213
    endloop
  endfacet
  facet normal 0.356887 -2.31264e-05 -0.934148
    outer loop
      vertex 3.67298 0.47766 -8.69855
      vertex 3.65396 0.619057 -8.70582
      vertex 3.79451 0.879639 -8.65213
    endloop
  endfacet
  facet normal 0.356896 -2.16573e-05 -0.934144
    outer loop
      vertex 3.54199 0.234799 -8.74859
      vertex 3.65396 0.619057 -8.70582
      vertex 3.67298 0.47766 -8.69855
    endloop
  endfacet
  facet normal 0.356938 5.56038e-05 -0.934128
    outer loop
      vertex 3.27778 0.851555 -8.84951
      vertex 3.54199 0.234799 -8.74859
      vertex 3.53108 0.214581 -8.75276
    endloop
  endfacet
  facet normal 0.356827 1.36525e-06 -0.93417
    outer loop
      vertex 3.54199 0.234799 -8.74859
      vertex 3.27778 0.851555 -8.84951
      vertex 3.65396 0.619057 -8.70582
    endloop
  endfacet
  facet normal 0.356793 -2.37919e-06 -0.934183
    outer loop
      vertex 4.74852 -0.187078 -8.28773
      vertex 4.92468 0.181137 -8.22045
      vertex 4.95065 -0.312004 -8.21053
    endloop
  endfacet
  facet normal 0.356871 -4.4952e-05 -0.934154
    outer loop
      vertex 4.92468 0.181137 -8.22045
      vertex 4.74852 -0.187078 -8.28773
      vertex 4.73169 -0.176674 -8.29416
    endloop
  endfacet
  facet normal 0.356838 -0.000253587 -0.934166
    outer loop
      vertex 9.6637 0 -6.4103
      vertex 4.93985 -0.332039 -8.21465
      vertex 4.95065 -0.312004 -8.21053
    endloop
  endfacet
  facet normal 0.356822 -3.47358e-07 -0.934172
    outer loop
      vertex 9.6637 0 -6.4103
      vertex 4.8101 -0.572586 -8.26421
      vertex 4.93985 -0.332039 -8.21465
    endloop
  endfacet
  facet normal 0.356832 -4.79058e-06 -0.934168
    outer loop
      vertex 4.79327 -0.562182 -8.27064
      vertex 3.97719 -1.57552 -8.58236
      vertex 4.59114 -0.437256 -8.34785
    endloop
  endfacet
  facet normal 0.356873 -4.19373e-05 -0.934153
    outer loop
      vertex 4.8101 -0.572586 -8.26421
      vertex 3.97719 -1.57552 -8.58236
      vertex 4.79327 -0.562182 -8.27064
    endloop
  endfacet
  facet normal 0.356821 6.94884e-06 -0.934173
    outer loop
      vertex 9.6637 0 -6.4103
      vertex 3.97719 -1.57552 -8.58236
      vertex 4.8101 -0.572586 -8.26421
    endloop
  endfacet
  facet normal 0.356761 6.17065e-05 -0.934196
    outer loop
      vertex 0.2189 -5.8373 -10.0179
      vertex 3.94909 -1.55815 -8.59309
      vertex 3.97719 -1.57552 -8.58236
    endloop
  endfacet
  facet normal 0.35682 4.16673e-06 -0.934173
    outer loop
      vertex 2.47084 -0.64452 -9.15773
      vertex 3.6053 -1.22931 -8.72441
      vertex 3.61148 -1.34949 -8.72205
    endloop
  endfacet
  facet normal 0.356818 -5.45167e-07 -0.934174
    outer loop
      vertex 3.6053 -1.22931 -8.72441
      vertex 2.47084 -0.64452 -9.15773
      vertex 3.53108 0.214581 -8.75276
    endloop
  endfacet
  facet normal 0.356817 7.12435e-07 -0.934174
    outer loop
      vertex 3.53108 0.214581 -8.75276
      vertex 2.47084 -0.64452 -9.15773
      vertex 3.27778 0.851555 -8.84951
    endloop
  endfacet
  facet normal 0.356829 -6.3867e-06 -0.93417
    outer loop
      vertex 3.94909 -1.55815 -8.59309
      vertex 0.2189 -5.8373 -10.0179
      vertex 3.61148 -1.34949 -8.72205
    endloop
  endfacet
  facet normal 0.356904 -3.98939e-05 -0.934141
    outer loop
      vertex 0.2189 -5.8373 -10.0179
      vertex 2.44705 -0.629812 -9.16682
      vertex 2.47084 -0.64452 -9.15773
    endloop
  endfacet
  facet normal 0.356819 2.37436e-06 -0.934173
    outer loop
      vertex 3.61148 -1.34949 -8.72205
      vertex 0.2189 -5.8373 -10.0179
      vertex 2.47084 -0.64452 -9.15773
    endloop
  endfacet
  facet normal 0.356825 -7.81705e-07 -0.934171
    outer loop
      vertex 2.14129 -0.4116 -9.28361
      vertex 0.2189 -5.8373 -10.0179
      vertex 1.90389 0.0865631 -9.37429
    endloop
  endfacet
  facet normal 0.356732 3.70365e-05 -0.934207
    outer loop
      vertex 2.16104 -0.453045 -9.27607
      vertex 0.2189 -5.8373 -10.0179
      vertex 2.14129 -0.4116 -9.28361
    endloop
  endfacet
  facet normal 0.356831 -3.96668e-06 -0.934169
    outer loop
      vertex 2.44705 -0.629812 -9.16682
      vertex 0.2189 -5.8373 -10.0179
      vertex 2.16104 -0.453045 -9.27607
    endloop
  endfacet
  facet normal 0.356823 -9.59606e-07 -0.934172
    outer loop
      vertex 0.2189 -5.8373 -10.0179
      vertex 3.97719 -1.57552 -8.58236
      vertex 9.6637 0 -6.4103
    endloop
  endfacet
  facet normal 0.356823 -5.93956e-07 -0.934172
    outer loop
      vertex 4.92468 0.181137 -8.22045
      vertex 9.6637 0 -6.4103
      vertex 4.95065 -0.312004 -8.21053
    endloop
  endfacet
  facet normal 0.356824 2.14508e-05 -0.934172
    outer loop
      vertex 4.63653 0.359229 -8.33051
      vertex 9.6637 0 -6.4103
      vertex 4.92468 0.181137 -8.22045
    endloop
  endfacet
  facet normal 0.35681 -0.000199862 -0.934177
    outer loop
      vertex 4.61253 0.374062 -8.33968
      vertex 9.6637 0 -6.4103
      vertex 4.63653 0.359229 -8.33051
    endloop
  endfacet
  facet normal 0.356707 -0.000213051 -0.934216
    outer loop
      vertex 3.67298 0.47766 -8.69855
      vertex 4.43438 0.0437568 -8.40773
      vertex 4.41954 0.0162497 -8.41339
    endloop
  endfacet
  facet normal 0.356818 1.04755e-05 -0.934174
    outer loop
      vertex 3.67298 0.47766 -8.69855
      vertex 4.61253 0.374062 -8.33968
      vertex 4.43438 0.0437568 -8.40773
    endloop
  endfacet
  facet normal 0.356824 1.38649e-05 -0.934172
    outer loop
      vertex 3.79451 0.879639 -8.65213
      vertex 9.6637 0 -6.4103
      vertex 4.61253 0.374062 -8.33968
    endloop
  endfacet
  facet normal 0.356821 -2.18645e-06 -0.934173
    outer loop
      vertex 0.2189 5.8373 -10.0179
      vertex 3.79451 0.879639 -8.65213
      vertex 2.68457 1.56564 -9.07609
    endloop
  endfacet
  facet normal 0.356831 -5.60823e-06 -0.934169
    outer loop
      vertex 2.95048 1.05384 -8.97452
      vertex 2.05251 0.362103 -9.31752
      vertex 2.54402 1.30505 -9.12978
    endloop
  endfacet
  facet normal 0.356838 5.64976e-06 -0.934166
    outer loop
      vertex 0.2189 5.8373 -10.0179
      vertex 2.05251 0.362103 -9.31752
      vertex 1.91531 0.107726 -9.36993
    endloop
  endfacet
  facet normal 0.356727 -3.19889e-05 -0.934209
    outer loop
      vertex 0.2189 5.8373 -10.0179
      vertex 1.91531 0.107726 -9.36993
      vertex 1.90389 0.0865631 -9.37429
    endloop
  endfacet
  facet normal 0.356822 -1.93874e-06 -0.934173
    outer loop
      vertex 3.79451 0.879639 -8.65213
      vertex 0.2189 5.8373 -10.0179
      vertex 9.6637 0 -6.4103
    endloop
  endfacet
  facet normal 0.356837 7.83674e-06 -0.934167
    outer loop
      vertex 2.54402 1.30505 -9.12978
      vertex 0.2189 5.8373 -10.0179
      vertex 2.68457 1.56564 -9.07609
    endloop
  endfacet
  facet normal 0.356823 -3.8727e-07 -0.934172
    outer loop
      vertex 2.05251 0.362103 -9.31752
      vertex 0.2189 5.8373 -10.0179
      vertex 2.54402 1.30505 -9.12978
    endloop
  endfacet
  facet normal 0.356823 0 -0.934172
    outer loop
      vertex 0.2189 5.8373 -10.0179
      vertex 1.90389 0.0865631 -9.37429
      vertex 0.2189 -5.8373 -10.0179
    endloop
  endfacet
  facet normal 0.3568 3.44334e-05 -0.934181
    outer loop
      vertex 3.86325 -1.03422 -8.62588
      vertex 3.84634 -1.07238 -8.63234
      vertex 3.84989 -0.960726 -8.63098
    endloop
  endfacet
  facet normal 0.356839 3.23041e-05 -0.934166
    outer loop
      vertex 3.84958 -0.948588 -8.6311
      vertex 3.92929 -0.895791 -8.60065
      vertex 3.8944 -0.967442 -8.61398
    endloop
  endfacet
  facet normal 0.356739 2.15693e-05 -0.934204
    outer loop
      vertex 3.84989 -0.960726 -8.63098
      vertex 3.892 -0.972574 -8.6149
      vertex 3.86325 -1.03422 -8.62588
    endloop
  endfacet
  facet normal 0.356873 0.000569941 -0.934153
    outer loop
      vertex 3.892 -0.972574 -8.6149
      vertex 3.84989 -0.960726 -8.63098
      vertex 3.8944 -0.967442 -8.61398
    endloop
  endfacet
  facet normal 0.356782 -0.000123591 -0.934188
    outer loop
      vertex 3.84958 -0.948588 -8.6311
      vertex 3.8944 -0.967442 -8.61398
      vertex 3.84989 -0.960726 -8.63098
    endloop
  endfacet
  facet normal 0.356866 -1.37481e-05 -0.934156
    outer loop
      vertex 3.84579 -0.802774 -8.63255
      vertex 3.92929 -0.895791 -8.60065
      vertex 3.84958 -0.948588 -8.6311
    endloop
  endfacet
  facet normal 0.357086 0.000212913 -0.934071
    outer loop
      vertex 3.92929 -0.895791 -8.60065
      vertex 3.84579 -0.802774 -8.63255
      vertex 3.93219 -0.889827 -8.59954
    endloop
  endfacet
  facet normal 0.356824 -8.50222e-05 -0.934172
    outer loop
      vertex 3.93219 -0.889827 -8.59954
      vertex 3.84579 -0.802774 -8.63255
      vertex 3.96899 -0.819066 -8.58549
    endloop
  endfacet
  facet normal 0.35683 -3.5941e-05 -0.934169
    outer loop
      vertex 3.84221 -0.737068 -8.63392
      vertex 3.96899 -0.819066 -8.58549
      vertex 3.84579 -0.802774 -8.63255
    endloop
  endfacet
  facet normal 0.356845 -9.17696e-06 -0.934164
    outer loop
      vertex 3.96899 -0.819066 -8.58549
      vertex 3.84221 -0.737068 -8.63392
      vertex 4.25516 -0.288509 -8.47618
    endloop
  endfacet
  facet normal 0.356834 2.25734e-06 -0.934168
    outer loop
      vertex 3.79914 0.0522375 -8.65037
      vertex 4.25516 -0.288509 -8.47618
      vertex 3.84221 -0.737068 -8.63392
    endloop
  endfacet
  facet normal 0.356807 -3.85258e-05 -0.934178
    outer loop
      vertex 4.25516 -0.288509 -8.47618
      vertex 3.79914 0.0522375 -8.65037
      vertex 4.27899 -0.244331 -8.46708
    endloop
  endfacet
  facet normal 0 0 -1
    outer loop
      vertex -0.2189 -5.8373 -10.0179
      vertex 0.2189 5.8373 -10.0179
      vertex 0.2189 -5.8373 -10.0179
    endloop
  endfacet
  facet normal -0 0 -1
    outer loop
      vertex 0.2189 5.8373 -10.0179
      vertex -0.2189 -5.8373 -10.0179
      vertex -0.2189 5.8373 -10.0179
    endloop
  endfacet
  facet normal 4.10532e-05 -0.525814 -0.8506
    outer loop
      vertex 0.354099 -6.1914 -9.799
      vertex 0 -6.4103 -9.6637
      vertex 0.2189 -5.8373 -10.0179
    endloop
  endfacet
  facet normal 0.500017 -0.309055 -0.808992
    outer loop
      vertex 9.799 -0.354099 -6.1914
      vertex 0.2189 -5.8373 -10.0179
      vertex 9.6637 0 -6.4103
    endloop
  endfacet
  facet normal -0.30915 -0.808936 -0.500049
    outer loop
      vertex -5.8373 -10.0179 -0.2189
      vertex -6.1914 -9.799 -0.354099
      vertex -0.354099 -6.1914 -9.799
    endloop
  endfacet
  facet normal 0.525803 -0.850607 0
    outer loop
      vertex 5.8373 -10.0179 0.2189
      vertex 5.8373 -10.0179 -0.2189
      vertex 6.4103 -9.6637 0
    endloop
  endfacet
  facet normal 0.525814 -0.8506 4.10532e-05
    outer loop
      vertex 6.1914 -9.799 0.354099
      vertex 5.8373 -10.0179 0.2189
      vertex 6.4103 -9.6637 0
    endloop
  endfacet
  facet normal -4.10532e-05 0.525814 0.8506
    outer loop
      vertex 0 6.4103 9.6637
      vertex -0.354099 6.1914 9.799
      vertex -0.2189 5.8373 10.0179
    endloop
  endfacet
  facet normal -0.309055 0.808992 0.500017
    outer loop
      vertex 0 6.4103 9.6637
      vertex -5.8373 10.0179 0.2189
      vertex -0.354099 6.1914 9.799
    endloop
  endfacet
  facet normal 0 0.525803 -0.850607
    outer loop
      vertex 0.2189 5.8373 -10.0179
      vertex -0.2189 5.8373 -10.0179
      vertex 0 6.4103 -9.6637
    endloop
  endfacet
  facet normal 0.577365 0.577338 -0.577347
    outer loop
      vertex 6.1914 9.799 -0.354099
      vertex 4.89855 6.54972 -4.89622
      vertex 4.63921 6.66352 -5.04177
    endloop
  endfacet
  facet normal 0.577347 0.577352 -0.577352
    outer loop
      vertex 5.97413 5.86339 -4.50698
      vertex 4.89855 6.54972 -4.89622
      vertex 6.1914 9.799 -0.354099
    endloop
  endfacet
  facet normal 0.577374 0.577489 -0.577187
    outer loop
      vertex 4.89855 6.54972 -4.89622
      vertex 5.97413 5.86339 -4.50698
      vertex 5.07839 6.41905 -4.84706
    endloop
  endfacet
  facet normal 0.57735 0.57735 -0.57735
    outer loop
      vertex 5.07839 6.41905 -4.84706
      vertex 5.97413 5.86339 -4.50698
      vertex 5.2126 6.27754 -4.85436
    endloop
  endfacet
  facet normal 0.57735 0.57735 -0.57735
    outer loop
      vertex 5.2126 6.27754 -4.85436
      vertex 5.97413 5.86339 -4.50698
      vertex 5.30522 6.12063 -4.91865
    endloop
  endfacet
  facet normal 0.57735 0.57735 -0.57735
    outer loop
      vertex 5.30522 6.12063 -4.91865
      vertex 5.97413 5.86339 -4.50698
      vertex 5.30946 6.10701 -4.92803
    endloop
  endfacet
  facet normal 0.57735 0.57735 -0.57735
    outer loop
      vertex 5.30946 6.10701 -4.92803
      vertex 5.97413 5.86339 -4.50698
      vertex 5.3603 5.94377 -5.04043
    endloop
  endfacet
  facet normal 0.577444 0.577113 -0.577494
    outer loop
      vertex 5.3603 5.94377 -5.04043
      vertex 5.97413 5.86339 -4.50698
      vertex 5.36162 5.92845 -5.05442
    endloop
  endfacet
  facet normal 0.57735 0.57735 -0.57735
    outer loop
      vertex 6.1914 9.799 -0.354099
      vertex 5.99799 5.84865 -4.49786
      vertex 5.97413 5.86339 -4.50698
    endloop
  endfacet
  facet normal 0.577337 0.577358 -0.577356
    outer loop
      vertex 6.1914 9.799 -0.354099
      vertex 6.28394 5.67192 -4.38865
      vertex 5.99799 5.84865 -4.49786
    endloop
  endfacet
  facet normal 0.577372 0.577341 -0.577338
    outer loop
      vertex 6.1914 9.799 -0.354099
      vertex 6.65871 5.205 -4.48078
      vertex 6.28394 5.67192 -4.38865
    endloop
  endfacet
  facet normal 0.57735 0.57735 -0.57735
    outer loop
      vertex 6.62362 4.99962 -4.72126
      vertex 6.14218 4.5266 -5.67572
      vertex 6.11088 4.54595 -5.68767
    endloop
  endfacet
  facet normal 0.57735 0.57735 -0.57735
    outer loop
      vertex 6.62362 4.99962 -4.72126
      vertex 6.51734 4.29474 -5.53242
      vertex 6.14218 4.5266 -5.67572
    endloop
  endfacet
  facet normal 0.577365 0.577354 -0.577332
    outer loop
      vertex 9.799 0.354099 -6.1914
      vertex 6.62362 4.99962 -4.72126
      vertex 6.65871 5.205 -4.48078
    endloop
  endfacet
  facet normal 0.577339 0.577344 -0.577368
    outer loop
      vertex 6.51734 4.29474 -5.53242
      vertex 9.799 0.354099 -6.1914
      vertex 6.48415 4.10051 -5.75983
    endloop
  endfacet
  facet normal 0.57735 0.57735 -0.57735
    outer loop
      vertex 6.62362 4.99962 -4.72126
      vertex 9.799 0.354099 -6.1914
      vertex 6.51734 4.29474 -5.53242
    endloop
  endfacet
  facet normal 0.577348 0.577351 -0.577352
    outer loop
      vertex 9.799 0.354099 -6.1914
      vertex 6.65871 5.205 -4.48078
      vertex 6.1914 9.799 -0.354099
    endloop
  endfacet
  facet normal 0.57735 0.57735 -0.57735
    outer loop
      vertex 4.44354 6.64498 -5.25598
      vertex 6.1914 9.799 -0.354099
      vertex 4.63921 6.66352 -5.04177
    endloop
  endfacet
  facet normal 0.57735 0.57735 -0.57735
    outer loop
      vertex 0.354099 6.1914 -9.799
      vertex 4.44354 6.64498 -5.25598
      vertex 4.30625 6.49712 -5.54113
    endloop
  endfacet
  facet normal 0.57735 0.577351 -0.57735
    outer loop
      vertex 4.44354 6.64498 -5.25598
      vertex 0.354099 6.1914 -9.799
      vertex 6.1914 9.799 -0.354099
    endloop
  endfacet
  facet normal 0.57735 0.57735 -0.57735
    outer loop
      vertex 4.22205 6.22293 -5.89952
      vertex 0.354099 6.1914 -9.799
      vertex 4.30625 6.49712 -5.54113
    endloop
  endfacet
  facet normal 0.57735 0.57735 -0.57735
    outer loop
      vertex 4.20899 5.93348 -6.20203
      vertex 0.354099 6.1914 -9.799
      vertex 4.22205 6.22293 -5.89952
    endloop
  endfacet
  facet normal 0.57735 0.57735 -0.57735
    outer loop
      vertex 4.2079 5.90933 -6.22727
      vertex 0.354099 6.1914 -9.799
      vertex 4.20899 5.93348 -6.20203
    endloop
  endfacet
  facet normal 0.577357 0.577336 -0.577359
    outer loop
      vertex 4.27336 5.65336 -6.41777
      vertex 0.354099 6.1914 -9.799
      vertex 4.2079 5.90933 -6.22727
    endloop
  endfacet
  facet normal 0.577216 0.577698 -0.577137
    outer loop
      vertex 4.27883 5.63201 -6.43367
      vertex 0.354099 6.1914 -9.799
      vertex 4.27336 5.65336 -6.41777
    endloop
  endfacet
  facet normal 0.577356 0.577334 -0.577361
    outer loop
      vertex 4.43525 5.39354 -6.51571
      vertex 0.354099 6.1914 -9.799
      vertex 4.27883 5.63201 -6.43367
    endloop
  endfacet
  facet normal 0.57735 0.57735 -0.57735
    outer loop
      vertex 4.65896 5.21166 -6.47388
      vertex 0.354099 6.1914 -9.799
      vertex 4.43525 5.39354 -6.51571
    endloop
  endfacet
  facet normal 0.577446 0.577038 -0.577567
    outer loop
      vertex 4.67762 5.19648 -6.47039
      vertex 0.354099 6.1914 -9.799
      vertex 4.65896 5.21166 -6.47388
    endloop
  endfacet
  facet normal 0.57727 0.577314 -0.577467
    outer loop
      vertex 5.37421 4.78651 -6.18378
      vertex 5.09441 5.11077 -6.13931
      vertex 5.12919 5.10362 -6.11169
    endloop
  endfacet
  facet normal 0.577363 0.577356 -0.577332
    outer loop
      vertex 5.37421 4.78651 -6.18378
      vertex 5.12919 5.10362 -6.11169
      vertex 5.40739 4.98073 -5.95637
    endloop
  endfacet
  facet normal 0.577346 0.577363 -0.577342
    outer loop
      vertex 5.09441 5.11077 -6.13931
      vertex 5.37421 4.78651 -6.18378
      vertex 4.67762 5.19648 -6.47039
    endloop
  endfacet
  facet normal 0.577346 0.577365 -0.577339
    outer loop
      vertex 4.67762 5.19648 -6.47039
      vertex 5.37421 4.78651 -6.18378
      vertex 0.354099 6.1914 -9.799
    endloop
  endfacet
  facet normal 0.577355 0.577355 -0.577341
    outer loop
      vertex 9.799 0.354099 -6.1914
      vertex 5.37421 4.78651 -6.18378
      vertex 6.48415 4.10051 -5.75983
    endloop
  endfacet
  facet normal 0.57735 0.57735 -0.57735
    outer loop
      vertex 5.37421 4.78651 -6.18378
      vertex 9.799 0.354099 -6.1914
      vertex 0.354099 6.1914 -9.799
    endloop
  endfacet
  facet normal 0.577336 0.577373 -0.577342
    outer loop
      vertex 5.97413 5.86339 -4.50698
      vertex 5.37751 5.74486 -5.22213
      vertex 5.36162 5.92845 -5.05442
    endloop
  endfacet
  facet normal 0.57735 0.57735 -0.57735
    outer loop
      vertex 5.97413 5.86339 -4.50698
      vertex 5.35645 5.52182 -5.46623
      vertex 5.37751 5.74486 -5.22213
    endloop
  endfacet
  facet normal 0.57735 0.57735 -0.57735
    outer loop
      vertex 5.79825 4.83412 -5.71213
      vertex 5.35645 5.52182 -5.46623
      vertex 5.97413 5.86339 -4.50698
    endloop
  endfacet
  facet normal 0.57735 0.57735 -0.57735
    outer loop
      vertex 5.35645 5.52182 -5.46623
      vertex 5.79825 4.83412 -5.71213
      vertex 5.33895 5.48961 -5.51594
    endloop
  endfacet
  facet normal 0.577364 0.577339 -0.577348
    outer loop
      vertex 5.33895 5.48961 -5.51594
      vertex 5.40739 4.98073 -5.95637
      vertex 5.12919 5.10362 -6.11169
    endloop
  endfacet
  facet normal 0.577342 0.577348 -0.577362
    outer loop
      vertex 5.33895 5.48961 -5.51594
      vertex 5.79825 4.83412 -5.71213
      vertex 5.40739 4.98073 -5.95637
    endloop
  endfacet
  facet normal 0.577335 0.577391 -0.577325
    outer loop
      vertex 5.40739 4.98073 -5.95637
      vertex 5.79825 4.83412 -5.71213
      vertex 5.78358 4.74824 -5.81269
    endloop
  endfacet
  facet normal 0.577317 0.577332 -0.577402
    outer loop
      vertex 6.59588 5.03346 -4.71516
      vertex 6.25172 5.37022 -4.72255
      vertex 6.26348 5.439 -4.64202
    endloop
  endfacet
  facet normal 0.57735 0.57735 -0.57735
    outer loop
      vertex 6.11088 4.54595 -5.68767
      vertex 6.59588 5.03346 -4.71516
      vertex 6.62362 4.99962 -4.72126
    endloop
  endfacet
  facet normal 0.577342 0.577359 -0.57735
    outer loop
      vertex 6.59588 5.03346 -4.71516
      vertex 6.11088 4.54595 -5.68767
      vertex 6.25172 5.37022 -4.72255
    endloop
  endfacet
  facet normal 0.577336 0.57738 -0.577335
    outer loop
      vertex 4.55049 6.01994 -5.77407
      vertex 5.05567 6.01852 -5.27031
      vertex 5.05129 5.8883 -5.40492
    endloop
  endfacet
  facet normal 0.577355 0.577331 -0.577365
    outer loop
      vertex 4.52957 5.86079 -5.95414
      vertex 5.05129 5.8883 -5.40492
      vertex 5.02918 5.72409 -5.59123
    endloop
  endfacet
  facet normal 0.57735 0.57735 -0.57735
    outer loop
      vertex 5.05567 6.01852 -5.27031
      vertex 4.55049 6.01994 -5.77407
      vertex 5.04154 6.12229 -5.18067
    endloop
  endfacet
  facet normal 0.57735 0.57735 -0.57735
    outer loop
      vertex 4.54097 5.625 -6.17853
      vertex 5.02918 5.72409 -5.59123
      vertex 4.99621 5.56789 -5.7804
    endloop
  endfacet
  facet normal 0.57735 0.57735 -0.57735
    outer loop
      vertex 4.71038 5.4033 -6.23082
      vertex 4.99621 5.56789 -5.7804
      vertex 4.9586 5.45794 -5.92796
    endloop
  endfacet
  facet normal 0.577342 0.577355 -0.577353
    outer loop
      vertex 5.05129 5.8883 -5.40492
      vertex 4.52957 5.86079 -5.95414
      vertex 4.55049 6.01994 -5.77407
    endloop
  endfacet
  facet normal 0.57735 0.57735 -0.57735
    outer loop
      vertex 4.79538 5.36283 -6.18629
      vertex 4.9586 5.45794 -5.92796
      vertex 4.9144 5.38958 -6.04052
    endloop
  endfacet
  facet normal 0.577332 0.577378 -0.57734
    outer loop
      vertex 4.58354 6.17751 -5.58344
      vertex 5.04154 6.12229 -5.18067
      vertex 4.55049 6.01994 -5.77407
    endloop
  endfacet
  facet normal 0.577343 0.577351 -0.577356
    outer loop
      vertex 5.04154 6.12229 -5.18067
      vertex 4.58354 6.17751 -5.58344
      vertex 5.00807 6.20719 -5.12924
    endloop
  endfacet
  facet normal 0.577492 0.577132 -0.577426
    outer loop
      vertex 4.79538 5.36283 -6.18629
      vertex 4.9144 5.38958 -6.04052
      vertex 4.86168 5.35807 -6.12474
    endloop
  endfacet
  facet normal 0.57735 0.57735 -0.57735
    outer loop
      vertex 4.9586 5.45794 -5.92796
      vertex 4.79538 5.36283 -6.18629
      vertex 4.71038 5.4033 -6.23082
    endloop
  endfacet
  facet normal 0.577316 0.5774 -0.577334
    outer loop
      vertex 5.00807 6.20719 -5.12924
      vertex 4.58354 6.17751 -5.58344
      vertex 4.95098 6.27907 -5.11444
    endloop
  endfacet
  facet normal 0.577353 0.577357 -0.577341
    outer loop
      vertex 4.95098 6.27907 -5.11444
      vertex 4.58641 6.18601 -5.57208
      vertex 4.8725 6.33884 -5.13315
    endloop
  endfacet
  facet normal 0.577369 0.577337 -0.577345
    outer loop
      vertex 4.62075 6.28783 -5.43592
      vertex 4.8725 6.33884 -5.13315
      vertex 4.58641 6.18601 -5.57208
    endloop
  endfacet
  facet normal 0.57735 0.57735 -0.57735
    outer loop
      vertex 4.99621 5.56789 -5.7804
      vertex 4.71038 5.4033 -6.23082
      vertex 4.6298 5.46581 -6.24889
    endloop
  endfacet
  facet normal 0.577373 0.57733 -0.577347
    outer loop
      vertex 4.6241 6.2931 -5.4273
      vertex 4.8725 6.33884 -5.13315
      vertex 4.62075 6.28783 -5.43592
    endloop
  endfacet
  facet normal 0.57735 0.57735 -0.57735
    outer loop
      vertex 4.99621 5.56789 -5.7804
      vertex 4.6298 5.46581 -6.24889
      vertex 4.57442 5.53819 -6.23189
    endloop
  endfacet
  facet normal 0.577355 0.57736 -0.577336
    outer loop
      vertex 4.8725 6.33884 -5.13315
      vertex 4.6241 6.2931 -5.4273
      vertex 4.86595 6.34383 -5.13471
    endloop
  endfacet
  facet normal 0.57735 0.57735 -0.57735
    outer loop
      vertex 4.78844 6.38059 -5.17547
      vertex 4.71639 6.38797 -5.24014
      vertex 4.78197 6.38366 -5.17887
    endloop
  endfacet
  facet normal 0.57735 0.57735 -0.57735
    outer loop
      vertex 4.66429 6.35622 -5.32399
      vertex 4.78844 6.38059 -5.17547
      vertex 4.6241 6.2931 -5.4273
    endloop
  endfacet
  facet normal 0.57735 0.57735 -0.57735
    outer loop
      vertex 4.71639 6.38797 -5.24014
      vertex 4.78844 6.38059 -5.17547
      vertex 4.66429 6.35622 -5.32399
    endloop
  endfacet
  facet normal 0.57735 0.57735 -0.57735
    outer loop
      vertex 4.99621 5.56789 -5.7804
      vertex 4.57442 5.53819 -6.23189
      vertex 4.54097 5.625 -6.17853
    endloop
  endfacet
  facet normal 0.577401 0.577288 -0.577362
    outer loop
      vertex 4.86595 6.34383 -5.13471
      vertex 4.6241 6.2931 -5.4273
      vertex 4.78844 6.38059 -5.17547
    endloop
  endfacet
  facet normal 0.577325 0.577389 -0.577336
    outer loop
      vertex 5.02918 5.72409 -5.59123
      vertex 4.54097 5.625 -6.17853
      vertex 4.52621 5.73082 -6.08746
    endloop
  endfacet
  facet normal 0.577738 0.576781 -0.577531
    outer loop
      vertex 4.58641 6.18601 -5.57208
      vertex 4.95098 6.27907 -5.11444
      vertex 4.58354 6.17751 -5.58344
    endloop
  endfacet
  facet normal 0.577357 0.577325 -0.577369
    outer loop
      vertex 5.02918 5.72409 -5.59123
      vertex 4.52621 5.73082 -6.08746
      vertex 4.52957 5.86079 -5.95414
    endloop
  endfacet
  facet normal 0.808936 0.500049 -0.30915
    outer loop
      vertex 9.799 0.354099 -6.1914
      vertex 6.1914 9.799 -0.354099
      vertex 10.0179 0.2189 -5.8373
    endloop
  endfacet
  facet normal 0.8506 -4.10532e-05 -0.525814
    outer loop
      vertex 9.799 -0.354099 -6.1914
      vertex 9.6637 0 -6.4103
      vertex 10.0179 -0.2189 -5.8373
    endloop
  endfacet
  facet normal 0.808936 -0.500049 -0.30915
    outer loop
      vertex 10.0179 -0.2189 -5.8373
      vertex 6.1914 -9.799 -0.354099
      vertex 9.799 -0.354099 -6.1914
    endloop
  endfacet
  facet normal 0.30915 -0.808936 -0.500049
    outer loop
      vertex 5.8373 -10.0179 -0.2189
      vertex 0.354099 -6.1914 -9.799
      vertex 6.1914 -9.799 -0.354099
    endloop
  endfacet
  facet normal 0.309055 -0.808992 -0.500017
    outer loop
      vertex 5.8373 -10.0179 -0.2189
      vertex 0 -6.4103 -9.6637
      vertex 0.354099 -6.1914 -9.799
    endloop
  endfacet
  facet normal 0.808992 0.500017 -0.309055
    outer loop
      vertex 10.0179 0.2189 -5.8373
      vertex 6.1914 9.799 -0.354099
      vertex 6.4103 9.6637 0
    endloop
  endfacet
  facet normal 0.500049 0.30915 -0.808936
    outer loop
      vertex 9.799 0.354099 -6.1914
      vertex 0.2189 5.8373 -10.0179
      vertex 0.354099 6.1914 -9.799
    endloop
  endfacet
  facet normal -0.309055 -0.808992 -0.500017
    outer loop
      vertex 0 -6.4103 -9.6637
      vertex -5.8373 -10.0179 -0.2189
      vertex -0.354099 -6.1914 -9.799
    endloop
  endfacet
  facet normal -4.10532e-05 -0.525814 -0.8506
    outer loop
      vertex 0 -6.4103 -9.6637
      vertex -0.354099 -6.1914 -9.799
      vertex -0.2189 -5.8373 -10.0179
    endloop
  endfacet
  facet normal 0.8506 4.10532e-05 -0.525814
    outer loop
      vertex 10.0179 0.2189 -5.8373
      vertex 9.6637 0 -6.4103
      vertex 9.799 0.354099 -6.1914
    endloop
  endfacet
  facet normal 0.500017 0.309055 -0.808992
    outer loop
      vertex 9.6637 0 -6.4103
      vertex 0.2189 5.8373 -10.0179
      vertex 9.799 0.354099 -6.1914
    endloop
  endfacet
  facet normal 0.500049 -0.30915 -0.808936
    outer loop
      vertex 0.354099 -6.1914 -9.799
      vertex 0.2189 -5.8373 -10.0179
      vertex 9.799 -0.354099 -6.1914
    endloop
  endfacet
  facet normal 0.577363 -0.577312 -0.577375
    outer loop
      vertex 6.12197 -4.37669 -5.84585
      vertex 5.53666 -4.30318 -6.50465
      vertex 6.2887 -4.25351 -5.80229
    endloop
  endfacet
  facet normal 0.57734 -0.577383 -0.577328
    outer loop
      vertex 5.42818 -4.63025 -6.28607
      vertex 6.12197 -4.37669 -5.84585
      vertex 5.95689 -4.51713 -5.87048
    endloop
  endfacet
  facet normal 0.57735 -0.57735 -0.57735
    outer loop
      vertex 5.42818 -4.63025 -6.28607
      vertex 5.95689 -4.51713 -5.87048
      vertex 5.94311 -4.52885 -5.87254
    endloop
  endfacet
  facet normal 0.577347 -0.57734 -0.577364
    outer loop
      vertex 6.12197 -4.37669 -5.84585
      vertex 5.42818 -4.63025 -6.28607
      vertex 5.53666 -4.30318 -6.50465
    endloop
  endfacet
  facet normal 0.57735 -0.57735 -0.57735
    outer loop
      vertex 5.6006 -4.84961 -5.89429
      vertex 5.42818 -4.63025 -6.28607
      vertex 5.94311 -4.52885 -5.87254
    endloop
  endfacet
  facet normal 0.57734 -0.57736 -0.577351
    outer loop
      vertex 5.12855 -4.89283 -6.32311
      vertex 5.42818 -4.63025 -6.28607
      vertex 5.6006 -4.84961 -5.89429
    endloop
  endfacet
  facet normal 0.577361 -0.577392 -0.577298
    outer loop
      vertex 5.17706 -4.79846 -6.36898
      vertex 5.42818 -4.63025 -6.28607
      vertex 5.12855 -4.89283 -6.32311
    endloop
  endfacet
  facet normal 0.57735 -0.57735 -0.57735
    outer loop
      vertex 5.42818 -4.63025 -6.28607
      vertex 5.31945 -4.67405 -6.351
      vertex 5.32587 -4.6698 -6.34883
    endloop
  endfacet
  facet normal 0.57735 -0.57735 -0.57735
    outer loop
      vertex 5.31945 -4.67405 -6.351
      vertex 5.23745 -4.73065 -6.3764
      vertex 5.24249 -4.72499 -6.37702
    endloop
  endfacet
  facet normal 0.57735 -0.57735 -0.57735
    outer loop
      vertex 5.31945 -4.67405 -6.351
      vertex 5.17706 -4.79846 -6.36898
      vertex 5.23745 -4.73065 -6.3764
    endloop
  endfacet
  facet normal 0.57735 -0.57735 -0.57735
    outer loop
      vertex 5.11689 -5.04713 -6.18048
      vertex 5.6006 -4.84961 -5.89429
      vertex 5.57202 -4.87637 -5.89611
    endloop
  endfacet
  facet normal 0.57735 -0.57735 -0.57735
    outer loop
      vertex 5.42818 -4.63025 -6.28607
      vertex 5.17706 -4.79846 -6.36898
      vertex 5.31945 -4.67405 -6.351
    endloop
  endfacet
  facet normal 0.57735 -0.57735 -0.57735
    outer loop
      vertex 5.11689 -5.04713 -6.18048
      vertex 5.57202 -4.87637 -5.89611
      vertex 5.43943 -4.98548 -5.91959
    endloop
  endfacet
  facet normal 0.577334 -0.577 -0.577716
    outer loop
      vertex 5.25333 -5.07681 -6.01435
      vertex 5.43943 -4.98548 -5.91959
      vertex 5.34352 -5.04478 -5.95621
    endloop
  endfacet
  facet normal 0.577353 -0.57733 -0.577368
    outer loop
      vertex 5.6006 -4.84961 -5.89429
      vertex 5.11689 -5.04713 -6.18048
      vertex 5.12855 -4.89283 -6.32311
    endloop
  endfacet
  facet normal 0.577047 -0.578627 -0.576375
    outer loop
      vertex 5.25333 -5.07681 -6.01435
      vertex 5.34352 -5.04478 -5.95621
      vertex 5.33551 -5.04973 -5.95926
    endloop
  endfacet
  facet normal 0.577329 -0.577413 -0.577309
    outer loop
      vertex 5.43943 -4.98548 -5.91959
      vertex 5.25333 -5.07681 -6.01435
      vertex 5.11689 -5.04713 -6.18048
    endloop
  endfacet
  facet normal 0.577341 -0.577393 -0.577316
    outer loop
      vertex 5.11689 -5.04713 -6.18048
      vertex 5.25333 -5.07681 -6.01435
      vertex 5.24647 -5.07907 -6.01895
    endloop
  endfacet
  facet normal 0.577349 -0.577351 -0.577352
    outer loop
      vertex 9.799 -0.354099 -6.1914
      vertex 6.62676 -4.21442 -5.50331
      vertex 6.66054 -4.12598 -5.55797
    endloop
  endfacet
  facet normal 0.577344 -0.577348 -0.577359
    outer loop
      vertex 9.799 -0.354099 -6.1914
      vertex 6.22191 -5.27437 -4.84822
      vertex 6.62676 -4.21442 -5.50331
    endloop
  endfacet
  facet normal 0.577386 -0.577324 -0.577341
    outer loop
      vertex 5.42218 -5.27505 -5.64726
      vertex 5.39417 -5.54512 -5.40521
      vertex 5.31874 -5.33908 -5.68668
    endloop
  endfacet
  facet normal 0.57735 -0.57735 -0.57735
    outer loop
      vertex 5.13828 -5.59704 -5.60918
      vertex 5.31874 -5.33908 -5.68668
      vertex 5.39417 -5.54512 -5.40521
    endloop
  endfacet
  facet normal 0.57735 -0.57735 -0.57735
    outer loop
      vertex 5.31874 -5.33908 -5.68668
      vertex 5.13828 -5.59704 -5.60918
      vertex 5.31064 -5.34274 -5.69112
    endloop
  endfacet
  facet normal 0.57735 -0.57735 -0.57735
    outer loop
      vertex 5.31064 -5.34274 -5.69112
      vertex 5.13828 -5.59704 -5.60918
      vertex 5.21351 -5.38661 -5.74438
    endloop
  endfacet
  facet normal 0.57735 -0.57735 -0.57735
    outer loop
      vertex 5.21351 -5.38661 -5.74438
      vertex 5.13828 -5.59704 -5.60918
      vertex 5.20528 -5.38864 -5.75058
    endloop
  endfacet
  facet normal 0.57735 -0.57735 -0.57735
    outer loop
      vertex 5.93197 -5.59971 -4.81282
      vertex 5.97056 -5.31105 -5.06289
      vertex 6.20256 -5.27719 -4.86475
    endloop
  endfacet
  facet normal 0.57735 -0.57735 -0.57735
    outer loop
      vertex 5.93197 -5.59971 -4.81282
      vertex 6.20256 -5.27719 -4.86475
      vertex 6.22191 -5.27437 -4.84822
    endloop
  endfacet
  facet normal 0.57735 -0.57735 -0.57735
    outer loop
      vertex 5.97056 -5.31105 -5.06289
      vertex 5.93197 -5.59971 -4.81282
      vertex 5.39417 -5.54512 -5.40521
    endloop
  endfacet
  facet normal 0.57735 -0.57735 -0.57735
    outer loop
      vertex 6.22191 -5.27437 -4.84822
      vertex 5.96771 -5.99371 -4.38308
      vertex 5.93197 -5.59971 -4.81282
    endloop
  endfacet
  facet normal 0.57735 -0.57735 -0.57735
    outer loop
      vertex 9.799 -0.354099 -6.1914
      vertex 5.96771 -5.99371 -4.38308
      vertex 6.22191 -5.27437 -4.84822
    endloop
  endfacet
  facet normal 0.57735 -0.57735 -0.57735
    outer loop
      vertex 6.1914 -9.799 -0.354099
      vertex 5.96771 -5.99371 -4.38308
      vertex 9.799 -0.354099 -6.1914
    endloop
  endfacet
  facet normal 0.57735 -0.57735 -0.57735
    outer loop
      vertex 6.1914 -9.799 -0.354099
      vertex 5.28854 -6.60062 -4.45534
      vertex 5.31588 -6.59404 -4.43458
    endloop
  endfacet
  facet normal 0.57735 -0.57735 -0.57735
    outer loop
      vertex 4.96088 -6.67952 -4.7041
      vertex 6.1914 -9.799 -0.354099
      vertex 4.6283 -6.69617 -5.02003
    endloop
  endfacet
  facet normal 0.57735 -0.57735 -0.57735
    outer loop
      vertex 5.28854 -6.60062 -4.45534
      vertex 6.1914 -9.799 -0.354099
      vertex 4.96088 -6.67952 -4.7041
    endloop
  endfacet
  facet normal 0.57735 -0.57735 -0.57735
    outer loop
      vertex 5.58183 -6.46196 -4.30071
      vertex 6.1914 -9.799 -0.354099
      vertex 5.31588 -6.59404 -4.43458
    endloop
  endfacet
  facet normal 0.57735 -0.57735 -0.57735
    outer loop
      vertex 5.60402 -6.45094 -4.28954
      vertex 6.1914 -9.799 -0.354099
      vertex 5.58183 -6.46196 -4.30071
    endloop
  endfacet
  facet normal 0.57735 -0.57735 -0.57735
    outer loop
      vertex 5.82229 -6.25069 -4.27152
      vertex 6.1914 -9.799 -0.354099
      vertex 5.60402 -6.45094 -4.28954
    endloop
  endfacet
  facet normal 0.57735 -0.57735 -0.57735
    outer loop
      vertex 5.96771 -5.99371 -4.38308
      vertex 6.1914 -9.799 -0.354099
      vertex 5.82229 -6.25069 -4.27152
    endloop
  endfacet
  facet normal 0.577363 -0.577359 -0.577329
    outer loop
      vertex 6.46472 -4.15456 -5.72522
      vertex 9.799 -0.354099 -6.1914
      vertex 6.66054 -4.12598 -5.55797
    endloop
  endfacet
  facet normal 0.57735 -0.57735 -0.57735
    outer loop
      vertex 6.44838 -4.15695 -5.73917
      vertex 9.799 -0.354099 -6.1914
      vertex 6.46472 -4.15456 -5.72522
    endloop
  endfacet
  facet normal 0.577349 -0.577344 -0.577358
    outer loop
      vertex 5.53666 -4.30318 -6.50465
      vertex 6.44838 -4.15695 -5.73917
      vertex 6.301 -4.24607 -5.79743
    endloop
  endfacet
  facet normal 0.577349 -0.577344 -0.577358
    outer loop
      vertex 5.53666 -4.30318 -6.50465
      vertex 6.301 -4.24607 -5.79743
      vertex 6.2887 -4.25351 -5.80229
    endloop
  endfacet
  facet normal 0.577348 -0.577348 -0.577355
    outer loop
      vertex 6.44838 -4.15695 -5.73917
      vertex 5.53666 -4.30318 -6.50465
      vertex 9.799 -0.354099 -6.1914
    endloop
  endfacet
  facet normal 0.577366 -0.577372 -0.577313
    outer loop
      vertex 5.3432 -4.38078 -6.62052
      vertex 9.799 -0.354099 -6.1914
      vertex 5.53666 -4.30318 -6.50465
    endloop
  endfacet
  facet normal 0.57735 -0.57735 -0.57735
    outer loop
      vertex 5.32706 -4.38725 -6.63019
      vertex 9.799 -0.354099 -6.1914
      vertex 5.3432 -4.38078 -6.62052
    endloop
  endfacet
  facet normal 0.57735 -0.57735 -0.57735
    outer loop
      vertex 0.354099 -6.1914 -9.799
      vertex 5.32706 -4.38725 -6.63019
      vertex 5.16009 -4.51097 -6.67344
    endloop
  endfacet
  facet normal 0.577456 -0.576768 -0.577826
    outer loop
      vertex 0.354099 -6.1914 -9.799
      vertex 5.16009 -4.51097 -6.67344
      vertex 5.14616 -4.5213 -6.67705
    endloop
  endfacet
  facet normal 0.577351 -0.57735 -0.57735
    outer loop
      vertex 0.354099 -6.1914 -9.799
      vertex 4.89434 -4.90881 -6.54134
      vertex 4.88571 -4.92607 -6.53271
    endloop
  endfacet
  facet normal 0.577289 -0.577554 -0.577207
    outer loop
      vertex 0.354099 -6.1914 -9.799
      vertex 4.82909 -5.13888 -6.37653
      vertex 4.82436 -5.15663 -6.3635
    endloop
  endfacet
  facet normal 0.577093 -0.577337 -0.577621
    outer loop
      vertex 4.74049 -5.77167 -5.83234
      vertex 4.93114 -5.39724 -6.01611
      vertex 4.93848 -5.40392 -6.0021
    endloop
  endfacet
  facet normal 0.57735 -0.57735 -0.57735
    outer loop
      vertex 4.93793 -5.66663 -5.73994
      vertex 5.20528 -5.38864 -5.75058
      vertex 5.13828 -5.59704 -5.60918
    endloop
  endfacet
  facet normal 0.57735 -0.57735 -0.57735
    outer loop
      vertex 5.20528 -5.38864 -5.75058
      vertex 4.93793 -5.66663 -5.73994
      vertex 5.10663 -5.41293 -5.82494
    endloop
  endfacet
  facet normal 0.57735 -0.57735 -0.57735
    outer loop
      vertex 4.92121 -5.67244 -5.75085
      vertex 5.10663 -5.41293 -5.82494
      vertex 4.93793 -5.66663 -5.73994
    endloop
  endfacet
  facet normal 0.57735 -0.57735 -0.57735
    outer loop
      vertex 5.10663 -5.41293 -5.82494
      vertex 4.92121 -5.67244 -5.75085
      vertex 4.93848 -5.40392 -6.0021
    endloop
  endfacet
  facet normal 0.57735 -0.57735 -0.57735
    outer loop
      vertex 4.75441 -5.76402 -5.82607
      vertex 4.93848 -5.40392 -6.0021
      vertex 4.92121 -5.67244 -5.75085
    endloop
  endfacet
  facet normal 0.57735 -0.57735 -0.57735
    outer loop
      vertex 4.74049 -5.77167 -5.83234
      vertex 4.93848 -5.40392 -6.0021
      vertex 4.75441 -5.76402 -5.82607
    endloop
  endfacet
  facet normal 0.57731 -0.577339 -0.577401
    outer loop
      vertex 4.93114 -5.39724 -6.01611
      vertex 4.74049 -5.77167 -5.83234
      vertex 4.59368 -5.89509 -5.85572
    endloop
  endfacet
  facet normal 0.577368 -0.577355 -0.577328
    outer loop
      vertex 4.93114 -5.39724 -6.01611
      vertex 4.59368 -5.89509 -5.85572
      vertex 4.84318 -5.3172 -6.18412
    endloop
  endfacet
  facet normal 0.577337 -0.577358 -0.577356
    outer loop
      vertex 4.84318 -5.3172 -6.18412
      vertex 4.59368 -5.89509 -5.85572
      vertex 4.84173 -5.30484 -6.19793
    endloop
  endfacet
  facet normal 0.577299 -0.577362 -0.57739
    outer loop
      vertex 4.84173 -5.30484 -6.19793
      vertex 4.59368 -5.89509 -5.85572
      vertex 4.82436 -5.15663 -6.3635
    endloop
  endfacet
  facet normal 0.57735 -0.57735 -0.57735
    outer loop
      vertex 4.48593 -6.03567 -5.82289
      vertex 4.82436 -5.15663 -6.3635
      vertex 4.59368 -5.89509 -5.85572
    endloop
  endfacet
  facet normal 0.57735 -0.57735 -0.57735
    outer loop
      vertex 4.47694 -6.0474 -5.82015
      vertex 4.82436 -5.15663 -6.3635
      vertex 4.48593 -6.03567 -5.82289
    endloop
  endfacet
  facet normal 0.577351 -0.57735 -0.57735
    outer loop
      vertex 0.354099 -6.1914 -9.799
      vertex 4.82436 -5.15663 -6.3635
      vertex 4.47694 -6.0474 -5.82015
    endloop
  endfacet
  facet normal 0.57735 -0.57735 -0.577351
    outer loop
      vertex 5.32706 -4.38725 -6.63019
      vertex 0.354099 -6.1914 -9.799
      vertex 9.799 -0.354099 -6.1914
    endloop
  endfacet
  facet normal 0.577345 -0.577375 -0.577331
    outer loop
      vertex 4.99776 -4.702 -6.64474
      vertex 0.354099 -6.1914 -9.799
      vertex 5.14616 -4.5213 -6.67705
    endloop
  endfacet
  facet normal 0.577346 -0.577369 -0.577336
    outer loop
      vertex 4.89434 -4.90881 -6.54134
      vertex 0.354099 -6.1914 -9.799
      vertex 4.99776 -4.702 -6.64474
    endloop
  endfacet
  facet normal 0.577355 -0.577333 -0.577362
    outer loop
      vertex 4.82909 -5.13888 -6.37653
      vertex 0.354099 -6.1914 -9.799
      vertex 4.88571 -4.92607 -6.53271
    endloop
  endfacet
  facet normal 0.577351 -0.57735 -0.57735
    outer loop
      vertex 4.39339 -6.21896 -5.73214
      vertex 0.354099 -6.1914 -9.799
      vertex 4.47694 -6.0474 -5.82015
    endloop
  endfacet
  facet normal 0.577487 -0.577081 -0.577483
    outer loop
      vertex 4.38642 -6.23328 -5.7248
      vertex 0.354099 -6.1914 -9.799
      vertex 4.39339 -6.21896 -5.73214
    endloop
  endfacet
  facet normal 0.57735 -0.57735 -0.57735
    outer loop
      vertex 4.33934 -6.47825 -5.52691
      vertex 0.354099 -6.1914 -9.799
      vertex 4.38642 -6.23328 -5.7248
    endloop
  endfacet
  facet normal 0.57735 -0.57735 -0.57735
    outer loop
      vertex 4.42055 -6.63081 -5.29314
      vertex 0.354099 -6.1914 -9.799
      vertex 4.33934 -6.47825 -5.52691
    endloop
  endfacet
  facet normal 0.57735 -0.57735 -0.57735
    outer loop
      vertex 6.1914 -9.799 -0.354099
      vertex 4.42055 -6.63081 -5.29314
      vertex 4.6283 -6.69617 -5.02003
    endloop
  endfacet
  facet normal 0.57735 -0.577351 -0.57735
    outer loop
      vertex 4.42055 -6.63081 -5.29314
      vertex 6.1914 -9.799 -0.354099
      vertex 0.354099 -6.1914 -9.799
    endloop
  endfacet
  facet normal 0.57736 -0.577416 -0.577275
    outer loop
      vertex 6.00201 -4.7479 -5.59458
      vertex 6.25501 -4.55327 -5.53622
      vertex 6.2615 -4.54933 -5.53367
    endloop
  endfacet
  facet normal 0.577457 -0.577698 -0.576895
    outer loop
      vertex 6.25501 -4.55327 -5.53622
      vertex 6.09073 -4.66828 -5.58549
      vertex 6.17722 -4.60054 -5.56675
    endloop
  endfacet
  facet normal 0.577394 -0.577493 -0.577163
    outer loop
      vertex 6.25501 -4.55327 -5.53622
      vertex 6.00201 -4.7479 -5.59458
      vertex 6.09073 -4.66828 -5.58549
    endloop
  endfacet
  facet normal 0.577333 -0.577353 -0.577365
    outer loop
      vertex 5.97056 -5.31105 -5.06289
      vertex 6.00201 -4.7479 -5.59458
      vertex 6.2615 -4.54933 -5.53367
    endloop
  endfacet
  facet normal 0.577347 -0.577346 -0.577357
    outer loop
      vertex 6.00201 -4.7479 -5.59458
      vertex 5.97056 -5.31105 -5.06289
      vertex 5.91106 -4.83471 -5.59872
    endloop
  endfacet
  facet normal 0.577386 -0.577324 -0.577341
    outer loop
      vertex 5.91106 -4.83471 -5.59872
      vertex 5.97056 -5.31105 -5.06289
      vertex 5.81766 -4.92657 -5.60027
    endloop
  endfacet
  facet normal 0.57735 -0.57735 -0.57735
    outer loop
      vertex 5.81766 -4.92657 -5.60027
      vertex 5.97056 -5.31105 -5.06289
      vertex 5.81027 -4.93386 -5.60037
    endloop
  endfacet
  facet normal 0.57735 -0.57735 -0.57735
    outer loop
      vertex 5.81027 -4.93386 -5.60037
      vertex 5.97056 -5.31105 -5.06289
      vertex 5.72164 -5.02128 -5.60158
    endloop
  endfacet
  facet normal 0.57735 -0.57735 -0.57735
    outer loop
      vertex 5.72164 -5.02128 -5.60158
      vertex 5.97056 -5.31105 -5.06289
      vertex 5.71408 -5.02841 -5.60201
    endloop
  endfacet
  facet normal 0.57735 -0.57735 -0.57735
    outer loop
      vertex 5.97056 -5.31105 -5.06289
      vertex 5.61581 -5.1204 -5.60829
      vertex 5.62349 -5.11383 -5.60718
    endloop
  endfacet
  facet normal 0.57735 -0.57735 -0.57735
    outer loop
      vertex 5.71408 -5.02841 -5.60201
      vertex 5.97056 -5.31105 -5.06289
      vertex 5.62349 -5.11383 -5.60718
    endloop
  endfacet
  facet normal 0.57735 -0.57735 -0.57735
    outer loop
      vertex 5.61581 -5.1204 -5.60829
      vertex 5.97056 -5.31105 -5.06289
      vertex 5.52373 -5.19919 -5.62158
    endloop
  endfacet
  facet normal 0.57735 -0.57735 -0.57735
    outer loop
      vertex 5.39417 -5.54512 -5.40521
      vertex 5.52373 -5.19919 -5.62158
      vertex 5.97056 -5.31105 -5.06289
    endloop
  endfacet
  facet normal 0.577307 -0.577357 -0.577386
    outer loop
      vertex 5.52373 -5.19919 -5.62158
      vertex 5.39417 -5.54512 -5.40521
      vertex 5.42218 -5.27505 -5.64726
    endloop
  endfacet
  facet normal 0.57735 -0.57735 -0.57735
    outer loop
      vertex 5.08633 -6.35109 -4.90708
      vertex 5.58855 -5.84722 -4.90873
      vertex 5.67864 -5.86185 -4.80401
    endloop
  endfacet
  facet normal 0.577365 -0.577365 -0.577321
    outer loop
      vertex 5.58855 -5.84722 -4.90873
      vertex 5.08633 -6.35109 -4.90708
      vertex 5.454 -5.85079 -5.03972
    endloop
  endfacet
  facet normal 0.577344 -0.577357 -0.577349
    outer loop
      vertex 5.27073 -6.31881 -4.75495
      vertex 5.67864 -5.86185 -4.80401
      vertex 5.73016 -5.89476 -4.71958
    endloop
  endfacet
  facet normal 0.577347 -0.577358 -0.577346
    outer loop
      vertex 4.89993 -6.37306 -5.07151
      vertex 5.454 -5.85079 -5.03972
      vertex 5.08633 -6.35109 -4.90708
    endloop
  endfacet
  facet normal 0.577336 -0.577344 -0.57737
    outer loop
      vertex 5.454 -5.85079 -5.03972
      vertex 4.88955 -6.37336 -5.08159
      vertex 5.26916 -5.8724 -5.20294
    endloop
  endfacet
  facet normal 0.577343 -0.577355 -0.577353
    outer loop
      vertex 5.27073 -6.31881 -4.75495
      vertex 5.73016 -5.89476 -4.71958
      vertex 5.74533 -5.94987 -4.6493
    endloop
  endfacet
  facet normal 0.57735 -0.57735 -0.57735
    outer loop
      vertex 4.76509 -6.37706 -5.20235
      vertex 5.26916 -5.8724 -5.20294
      vertex 4.88955 -6.37336 -5.08159
    endloop
  endfacet
  facet normal 0.577358 -0.577388 -0.577305
    outer loop
      vertex 5.27073 -6.31881 -4.75495
      vertex 5.74533 -5.94987 -4.6493
      vertex 5.72635 -6.03113 -4.58701
    endloop
  endfacet
  facet normal 0.57735 -0.57735 -0.57735
    outer loop
      vertex 4.75817 -6.37597 -5.21036
      vertex 5.26916 -5.8724 -5.20294
      vertex 4.76509 -6.37706 -5.20235
    endloop
  endfacet
  facet normal 0.57735 -0.57735 -0.57735
    outer loop
      vertex 4.6712 -6.36048 -5.31282
      vertex 5.26916 -5.8724 -5.20294
      vertex 4.75817 -6.37597 -5.21036
    endloop
  endfacet
  facet normal 0.577343 -0.577303 -0.577405
    outer loop
      vertex 5.40581 -6.28424 -4.65445
      vertex 5.72635 -6.03113 -4.58701
      vertex 5.68137 -6.11564 -4.54749
    endloop
  endfacet
  facet normal 0.57735 -0.57735 -0.57735
    outer loop
      vertex 5.52207 -6.24015 -4.58228
      vertex 5.68137 -6.11564 -4.54749
      vertex 5.61756 -6.18282 -4.54412
    endloop
  endfacet
  facet normal 0.577347 -0.577358 -0.577346
    outer loop
      vertex 4.88955 -6.37336 -5.08159
      vertex 5.454 -5.85079 -5.03972
      vertex 4.89993 -6.37306 -5.07151
    endloop
  endfacet
  facet normal 0.577561 -0.578825 -0.575661
    outer loop
      vertex 5.52207 -6.24015 -4.58228
      vertex 5.61756 -6.18282 -4.54412
      vertex 5.53083 -6.23671 -4.57695
    endloop
  endfacet
  facet normal 0.57735 -0.57735 -0.57735
    outer loop
      vertex 5.41708 -6.28136 -4.64606
      vertex 5.68137 -6.11564 -4.54749
      vertex 5.52207 -6.24015 -4.58228
    endloop
  endfacet
  facet normal 0.577357 -0.577343 -0.577351
    outer loop
      vertex 4.62238 -6.32645 -5.39567
      vertex 5.07873 -5.90527 -5.36049
      vertex 4.6712 -6.36048 -5.31282
    endloop
  endfacet
  facet normal 0.57735 -0.57735 -0.57735
    outer loop
      vertex 5.68137 -6.11564 -4.54749
      vertex 5.41708 -6.28136 -4.64606
      vertex 5.40581 -6.28424 -4.65445
    endloop
  endfacet
  facet normal 0.57734 -0.577298 -0.577412
    outer loop
      vertex 5.72635 -6.03113 -4.58701
      vertex 5.40581 -6.28424 -4.65445
      vertex 5.27073 -6.31881 -4.75495
    endloop
  endfacet
  facet normal 0.577361 -0.577369 -0.577321
    outer loop
      vertex 5.67864 -5.86185 -4.80401
      vertex 5.27073 -6.31881 -4.75495
      vertex 5.08633 -6.35109 -4.90708
    endloop
  endfacet
  facet normal 0.577358 -0.577345 -0.577348
    outer loop
      vertex 4.60812 -6.27626 -5.46012
      vertex 5.07873 -5.90527 -5.36049
      vertex 4.62238 -6.32645 -5.39567
    endloop
  endfacet
  facet normal 0.577369 -0.577445 -0.577237
    outer loop
      vertex 4.93178 -5.94197 -5.47074
      vertex 4.67282 -6.1072 -5.56447
      vertex 4.82013 -5.98549 -5.53888
    endloop
  endfacet
  facet normal 0.577356 -0.577331 -0.577364
    outer loop
      vertex 5.07873 -5.90527 -5.36049
      vertex 4.6267 -6.19601 -5.52179
      vertex 4.93178 -5.94197 -5.47074
    endloop
  endfacet
  facet normal 0.577341 -0.577306 -0.577403
    outer loop
      vertex 4.67282 -6.1072 -5.56447
      vertex 4.93178 -5.94197 -5.47074
      vertex 4.6267 -6.19601 -5.52179
    endloop
  endfacet
  facet normal 0.577359 -0.577348 -0.577344
    outer loop
      vertex 4.6267 -6.19601 -5.52179
      vertex 5.07873 -5.90527 -5.36049
      vertex 4.60812 -6.27626 -5.46012
    endloop
  endfacet
  facet normal 0.577368 -0.577442 -0.577242
    outer loop
      vertex 4.82013 -5.98549 -5.53888
      vertex 4.67282 -6.1072 -5.56447
      vertex 4.73555 -6.0388 -5.57015
    endloop
  endfacet
  facet normal 0.57735 -0.57735 -0.57735
    outer loop
      vertex 4.62238 -6.32645 -5.39567
      vertex 4.6712 -6.36048 -5.31282
      vertex 4.62357 -6.33064 -5.39029
    endloop
  endfacet
  facet normal 0.575886 -0.579695 -0.576462
    outer loop
      vertex 4.6712 -6.36048 -5.31282
      vertex 4.75817 -6.37597 -5.21036
      vertex 4.67517 -6.36297 -5.30635
    endloop
  endfacet
  facet normal 0.57734 -0.577332 -0.577379
    outer loop
      vertex 5.26916 -5.8724 -5.20294
      vertex 4.6712 -6.36048 -5.31282
      vertex 5.07873 -5.90527 -5.36049
    endloop
  endfacet
endsolid OpenSCAD_Model
