solid OpenSCAD_Model
  facet normal -0.577311 0.577377 0.577362
    outer loop
      vertex 2.07929 3.89048 4.38947
      vertex 1.7824 3.34471 4.63839
      vertex 2.07929 3.49314 4.78682
    endloop
  endfacet
  facet normal -0.577298 0.577376 0.577376
    outer loop
      vertex 1.7824 3.34471 4.63839
      vertex 2.07929 3.89048 4.38947
      vertex 2.07929 4.23616 4.04379
    endloop
  endfacet
  facet normal -0.577313 0.577368 0.57737
    outer loop
      vertex 3.4586 5.34153 4.31757
      vertex 3.14467 5.18458 4.16062
      vertex 3.44441 4.91864 4.72627
    endloop
  endfacet
  facet normal -0.577294 0.577377 0.57738
    outer loop
      vertex 3.4586 5.34153 4.31757
      vertex 3.44441 4.91864 4.72627
      vertex 3.7839 5.06989 4.91446
    endloop
  endfacet
  facet normal -0.577303 0.577367 0.577381
    outer loop
      vertex 3.44441 4.91864 4.72627
      vertex 2.07929 3.89048 4.38947
      vertex 3.7839 4.74268 5.24167
    endloop
  endfacet
  facet normal -0.577294 0.577379 0.577379
    outer loop
      vertex 3.7839 5.06989 4.91446
      vertex 3.44441 4.91864 4.72627
      vertex 3.7839 4.74268 5.24167
    endloop
  endfacet
  facet normal -0.577305 0.577373 0.577373
    outer loop
      vertex 2.07929 4.23616 4.04379
      vertex 2.07929 3.89048 4.38947
      vertex 3.44441 4.91864 4.72627
    endloop
  endfacet
  facet normal -0.577311 0.57737 0.57737
    outer loop
      vertex 2.07929 4.66549 3.61446
      vertex 1.7824 4.51706 3.46603
      vertex 2.07929 4.23616 4.04379
    endloop
  endfacet
  facet normal -0.577307 0.577375 0.57737
    outer loop
      vertex 1.7824 4.51706 3.46603
      vertex 1.7824 3.34471 4.63839
      vertex 2.07929 4.23616 4.04379
    endloop
  endfacet
  facet normal -0.816497 -0.408253 -0.408243
    outer loop
      vertex 2.07929 3.89048 4.38947
      vertex 1.73288 3.83955 5.13323
      vertex 1.73288 4.23689 4.73588
    endloop
  endfacet
  facet normal -0.816497 -0.408253 -0.408243
    outer loop
      vertex 1.73288 3.83955 5.13323
      vertex 2.07929 3.89048 4.38947
      vertex 2.07929 3.49314 4.78682
    endloop
  endfacet
  facet normal -6.80214e-06 0.707114 -0.7071
    outer loop
      vertex 2.07929 3.89048 4.38947
      vertex 3.43742 5.08916 5.58816
      vertex 3.7839 4.74268 5.24167
    endloop
  endfacet
  facet normal 2.76558e-06 0.707108 -0.707105
    outer loop
      vertex 3.43742 5.08916 5.58816
      vertex 2.07929 3.89048 4.38947
      vertex 1.73288 4.23689 4.73588
    endloop
  endfacet
  facet normal -0.816501 -0.408244 -0.408244
    outer loop
      vertex 3.7839 5.06989 4.91446
      vertex 3.43742 5.08916 5.58816
      vertex 3.43742 5.41638 5.26094
    endloop
  endfacet
  facet normal -0.816501 -0.408244 -0.408244
    outer loop
      vertex 3.43742 5.08916 5.58816
      vertex 3.7839 5.06989 4.91446
      vertex 3.7839 4.74268 5.24167
    endloop
  endfacet
  facet normal -0.684999 -0.727313 0.0423354
    outer loop
      vertex 3.11213 5.688 4.66403
      vertex 3.7839 5.06989 4.91446
      vertex 3.43742 5.41638 5.26094
    endloop
  endfacet
  facet normal -0.684996 -0.727316 0.0423212
    outer loop
      vertex 3.7839 5.06989 4.91446
      vertex 3.11213 5.688 4.66403
      vertex 3.4586 5.34153 4.31757
    endloop
  endfacet
  facet normal -6.80322e-06 -0.7071 0.707114
    outer loop
      vertex 3.14467 5.18458 4.16062
      vertex 3.11213 5.688 4.66403
      vertex 2.79821 5.53104 4.50707
    endloop
  endfacet
  facet normal -6.8026e-06 -0.7071 0.707114
    outer loop
      vertex 3.11213 5.688 4.66403
      vertex 3.14467 5.18458 4.16062
      vertex 3.4586 5.34153 4.31757
    endloop
  endfacet
  facet normal 0.692611 0.720762 -0.0281515
    outer loop
      vertex 3.44441 4.91864 4.72627
      vertex 2.79821 5.53104 4.50707
      vertex 3.09794 5.26511 5.07273
    endloop
  endfacet
  facet normal 0.692611 0.720762 -0.0281515
    outer loop
      vertex 2.79821 5.53104 4.50707
      vertex 3.44441 4.91864 4.72627
      vertex 3.14467 5.18458 4.16062
    endloop
  endfacet
  facet normal 3.81309e-05 -0.707078 0.707136
    outer loop
      vertex 2.99303 5.21265 5.02028
      vertex 3.44441 4.91864 4.72627
      vertex 3.09794 5.26511 5.07273
    endloop
  endfacet
  facet normal -6.08634e-16 -0.707107 0.707107
    outer loop
      vertex 3.44441 4.91864 4.72627
      vertex 2.99303 5.21265 5.02028
      vertex 2.07929 4.23616 4.04379
    endloop
  endfacet
  facet normal -1.0545e-05 -0.707102 0.707112
    outer loop
      vertex 2.99303 5.21265 5.02028
      vertex 1.73288 4.58258 4.3902
      vertex 2.07929 4.23616 4.04379
    endloop
  endfacet
  facet normal -0.816497 -0.408248 -0.408248
    outer loop
      vertex 2.07929 4.23616 4.04379
      vertex 1.73288 4.61563 4.35714
      vertex 2.07929 4.66549 3.61446
    endloop
  endfacet
  facet normal -0.816501 -0.408306 -0.408183
    outer loop
      vertex 1.73288 4.61563 4.35714
      vertex 2.07929 4.23616 4.04379
      vertex 1.73288 4.58258 4.3902
    endloop
  endfacet
  facet normal -0.816501 -0.408239 -0.40825
    outer loop
      vertex 2.07929 4.66549 3.61446
      vertex 1.73288 4.61563 4.35714
      vertex 1.73288 5.0119 3.96088
    endloop
  endfacet
  facet normal 6.80427e-06 -0.707114 0.7071
    outer loop
      vertex 1.7824 4.51706 3.46603
      vertex 1.73288 5.0119 3.96088
      vertex 1.436 4.86346 3.81244
    endloop
  endfacet
  facet normal 6.80362e-06 -0.707114 0.7071
    outer loop
      vertex 1.73288 5.0119 3.96088
      vertex 1.7824 4.51706 3.46603
      vertex 2.07929 4.66549 3.61446
    endloop
  endfacet
  facet normal 0.816501 0.408244 0.408244
    outer loop
      vertex 1.436 3.69111 4.98479
      vertex 1.7824 4.51706 3.46603
      vertex 1.436 4.86346 3.81244
    endloop
  endfacet
  facet normal 0.816497 0.40825 0.408247
    outer loop
      vertex 1.7824 4.51706 3.46603
      vertex 1.436 3.69111 4.98479
      vertex 1.7824 3.34471 4.63839
    endloop
  endfacet
  facet normal -1.0178e-15 0.707107 -0.707107
    outer loop
      vertex 1.7824 3.34471 4.63839
      vertex 1.73288 3.83955 5.13323
      vertex 2.07929 3.49314 4.78682
    endloop
  endfacet
  facet normal 0 0.707107 -0.707107
    outer loop
      vertex 1.73288 3.83955 5.13323
      vertex 1.7824 3.34471 4.63839
      vertex 1.436 3.69111 4.98479
    endloop
  endfacet
  facet normal -0.577361 0.577346 0.577344
    outer loop
      vertex -4.05031 5.02294 -2.87268
      vertex -4.43594 4.76638 -3.00176
      vertex -4.06843 4.90449 -2.77235
    endloop
  endfacet
  facet normal -0.57738 0.57738 0.577292
    outer loop
      vertex -3.53197 4.76417 -2.09549
      vertex -4.33652 3.95962 -2.09549
      vertex -3.36792 4.60013 -1.76735
    endloop
  endfacet
  facet normal -0.577368 0.577392 0.57729
    outer loop
      vertex -4.96943 4.55655 -3.32547
      vertex -5.35905 4.31448 -3.47303
      vertex -4.93668 4.46874 -3.20489
    endloop
  endfacet
  facet normal -0.577359 0.57738 0.577312
    outer loop
      vertex -4.33652 3.95962 -2.09549
      vertex -4.72228 3.69246 -2.21409
      vertex -4.71937 3.52564 -2.04434
    endloop
  endfacet
  facet normal -0.577385 0.577387 0.577279
    outer loop
      vertex -4.07437 5.22844 -3.10227
      vertex -4.47139 4.94823 -3.2191
      vertex -4.4359 4.87613 -3.11149
    endloop
  endfacet
  facet normal -0.577392 0.577371 0.577288
    outer loop
      vertex -4.28543 5.38844 -3.47338
      vertex -4.47139 4.94823 -3.2191
      vertex -4.12931 5.30737 -3.23615
    endloop
  endfacet
  facet normal -0.577401 0.577371 0.577279
    outer loop
      vertex -4.48676 5.36466 -3.65094
      vertex -4.72484 5.23736 -3.76175
      vertex -4.6263 4.98934 -3.41513
    endloop
  endfacet
  facet normal -0.577354 0.577378 0.577319
    outer loop
      vertex -4.48676 5.36466 -3.65094
      vertex -4.6263 4.98934 -3.41513
      vertex -4.28543 5.38844 -3.47338
    endloop
  endfacet
  facet normal -0.577369 0.57738 0.577302
    outer loop
      vertex -4.72484 5.23736 -3.76175
      vertex -4.99119 5.00794 -3.79868
      vertex -4.82965 4.85132 -3.48048
    endloop
  endfacet
  facet normal -0.577375 0.577356 0.57732
    outer loop
      vertex -4.12931 5.30737 -3.23615
      vertex -4.47139 4.94823 -3.2191
      vertex -4.07437 5.22844 -3.10227
    endloop
  endfacet
  facet normal -0.577391 0.577349 0.577312
    outer loop
      vertex -4.91868 4.74508 -3.46326
      vertex -5.20525 4.75731 -3.7621
      vertex -4.96434 4.64774 -3.41158
    endloop
  endfacet
  facet normal -0.577381 0.577383 0.577287
    outer loop
      vertex -4.07437 5.22844 -3.10227
      vertex -4.4359 4.87613 -3.11149
      vertex -4.05017 5.13227 -2.98188
    endloop
  endfacet
  facet normal -0.577368 0.577388 0.577295
    outer loop
      vertex -5.32829 4.52454 -3.65236
      vertex -5.35905 4.31448 -3.47303
      vertex -4.96943 4.55655 -3.32547
    endloop
  endfacet
  facet normal -0.577374 0.57736 0.577317
    outer loop
      vertex -4.93668 4.46874 -3.20489
      vertex -5.35905 4.31448 -3.47303
      vertex -5.29618 4.13196 -3.22762
    endloop
  endfacet
  facet normal -0.57737 0.577364 0.577317
    outer loop
      vertex -4.43594 4.76638 -3.00176
      vertex -4.4735 4.60312 -2.87605
      vertex -4.10121 4.77887 -2.67949
    endloop
  endfacet
  facet normal -0.577348 0.577404 0.577298
    outer loop
      vertex -4.1453 4.64796 -2.59267
      vertex -4.4735 4.60312 -2.87605
      vertex -4.1942 4.51633 -2.50992
    endloop
  endfacet
  facet normal -0.577378 0.577373 0.577299
    outer loop
      vertex -4.1942 4.51633 -2.50992
      vertex -4.55058 4.37051 -2.72051
      vertex -4.24138 4.38853 -2.42929
    endloop
  endfacet
  facet normal -0.577378 0.577374 0.577299
    outer loop
      vertex -4.24138 4.38853 -2.42929
      vertex -4.55058 4.37051 -2.72051
      vertex -4.2837 4.26633 -2.3494
    endloop
  endfacet
  facet normal -0.577369 0.577375 0.577306
    outer loop
      vertex -4.2837 4.26633 -2.3494
      vertex -4.6369 4.11022 -2.54651
      vertex -4.31798 4.15145 -2.26879
    endloop
  endfacet
  facet normal -0.57737 0.577374 0.577307
    outer loop
      vertex -4.31798 4.15145 -2.26879
      vertex -4.69445 3.88576 -2.37958
      vertex -4.33774 4.0479 -2.18499
    endloop
  endfacet
  facet normal -0.577375 0.577372 0.577304
    outer loop
      vertex -4.96434 4.64774 -3.41158
      vertex -5.32829 4.52454 -3.65236
      vertex -4.96943 4.55655 -3.32547
    endloop
  endfacet
  facet normal -0.577375 0.577368 0.577307
    outer loop
      vertex -5.20525 4.75731 -3.7621
      vertex -5.32829 4.52454 -3.65236
      vertex -4.96434 4.64774 -3.41158
    endloop
  endfacet
  facet normal -0.577372 0.577384 0.577295
    outer loop
      vertex -4.99119 5.00794 -3.79868
      vertex -5.20525 4.75731 -3.7621
      vertex -4.91868 4.74508 -3.46326
    endloop
  endfacet
  facet normal -0.577351 0.577398 0.577302
    outer loop
      vertex -4.82965 4.85132 -3.48048
      vertex -4.99119 5.00794 -3.79868
      vertex -4.91868 4.74508 -3.46326
    endloop
  endfacet
  facet normal -0.577399 0.577372 0.57728
    outer loop
      vertex -4.72484 5.23736 -3.76175
      vertex -4.82965 4.85132 -3.48048
      vertex -4.6263 4.98934 -3.41513
    endloop
  endfacet
  facet normal -0.57735 0.577375 0.577326
    outer loop
      vertex -4.28543 5.38844 -3.47338
      vertex -4.6263 4.98934 -3.41513
      vertex -4.47139 4.94823 -3.2191
    endloop
  endfacet
  facet normal -0.577372 0.577392 0.577287
    outer loop
      vertex -4.4359 4.87613 -3.11149
      vertex -4.43594 4.76638 -3.00176
      vertex -4.05031 5.02294 -2.87268
    endloop
  endfacet
  facet normal -0.577376 0.577364 0.577311
    outer loop
      vertex -4.05017 5.13227 -2.98188
      vertex -4.4359 4.87613 -3.11149
      vertex -4.05031 5.02294 -2.87268
    endloop
  endfacet
  facet normal -0.577352 0.577403 0.577296
    outer loop
      vertex -4.06843 4.90449 -2.77235
      vertex -4.43594 4.76638 -3.00176
      vertex -4.10121 4.77887 -2.67949
    endloop
  endfacet
  facet normal -0.577371 0.577346 0.577334
    outer loop
      vertex -4.10121 4.77887 -2.67949
      vertex -4.4735 4.60312 -2.87605
      vertex -4.1453 4.64796 -2.59267
    endloop
  endfacet
  facet normal -0.57738 0.577359 0.577312
    outer loop
      vertex -4.4735 4.60312 -2.87605
      vertex -4.55058 4.37051 -2.72051
      vertex -4.1942 4.51633 -2.50992
    endloop
  endfacet
  facet normal -0.577369 0.577386 0.577296
    outer loop
      vertex -4.55058 4.37051 -2.72051
      vertex -4.6369 4.11022 -2.54651
      vertex -4.2837 4.26633 -2.3494
    endloop
  endfacet
  facet normal -0.57737 0.577374 0.577307
    outer loop
      vertex -4.6369 4.11022 -2.54651
      vertex -4.69445 3.88576 -2.37958
      vertex -4.31798 4.15145 -2.26879
    endloop
  endfacet
  facet normal -0.577372 0.577339 0.57734
    outer loop
      vertex -4.33774 4.0479 -2.18499
      vertex -4.69445 3.88576 -2.37958
      vertex -4.33652 3.95962 -2.09549
    endloop
  endfacet
  facet normal -0.577359 0.577379 0.577313
    outer loop
      vertex -4.69445 3.88576 -2.37958
      vertex -4.72228 3.69246 -2.21409
      vertex -4.33652 3.95962 -2.09549
    endloop
  endfacet
  facet normal -0.577361 0.577381 0.577309
    outer loop
      vertex -4.33652 3.95962 -2.09549
      vertex -4.71937 3.52564 -2.04434
      vertex -4.58089 3.38716 -1.76735
    endloop
  endfacet
  facet normal -0.57738 0.57738 0.577292
    outer loop
      vertex -4.33652 3.95962 -2.09549
      vertex -4.58089 3.38716 -1.76735
      vertex -3.36792 4.60013 -1.76735
    endloop
  endfacet
  facet normal 0.408252 -0.408252 0.816493
    outer loop
      vertex -3.94033 5.04864 -1.74907
      vertex -3.53197 4.76417 -2.09549
      vertex -3.87838 5.11059 -1.74907
    endloop
  endfacet
  facet normal 0.408252 -0.408252 0.816493
    outer loop
      vertex -3.53197 4.76417 -2.09549
      vertex -3.94033 5.04864 -1.74907
      vertex -4.33652 3.95962 -2.09549
    endloop
  endfacet
  facet normal 0.408246 -0.408251 0.816497
    outer loop
      vertex -3.94033 5.04864 -1.74907
      vertex -4.68294 4.30604 -1.74907
      vertex -4.33652 3.95962 -2.09549
    endloop
  endfacet
  facet normal -0.816435 -0.416628 -0.399819
    outer loop
      vertex -4.33652 3.95962 -2.09549
      vertex -4.68416 4.39431 -1.83857
      vertex -4.33774 4.0479 -2.18499
    endloop
  endfacet
  facet normal -0.816439 -0.416647 -0.399792
    outer loop
      vertex -4.68416 4.39431 -1.83857
      vertex -4.33652 3.95962 -2.09549
      vertex -4.68294 4.30604 -1.74907
    endloop
  endfacet
  facet normal -0.803206 -0.274537 -0.528668
    outer loop
      vertex -4.31798 4.15145 -2.26879
      vertex -4.68416 4.39431 -1.83857
      vertex -4.6644 4.49787 -1.92237
    endloop
  endfacet
  facet normal -0.803206 -0.274555 -0.528658
    outer loop
      vertex -4.68416 4.39431 -1.83857
      vertex -4.31798 4.15145 -2.26879
      vertex -4.33774 4.0479 -2.18499
    endloop
  endfacet
  facet normal -0.781259 -0.185116 -0.596126
    outer loop
      vertex -4.2837 4.26633 -2.3494
      vertex -4.6644 4.49787 -1.92237
      vertex -4.63012 4.61275 -2.00297
    endloop
  endfacet
  facet normal -0.781263 -0.185155 -0.596108
    outer loop
      vertex -4.6644 4.49787 -1.92237
      vertex -4.2837 4.26633 -2.3494
      vertex -4.31798 4.15145 -2.26879
    endloop
  endfacet
  facet normal -0.76759 -0.142769 -0.624838
    outer loop
      vertex -4.24138 4.38853 -2.42929
      vertex -4.63012 4.61275 -2.00297
      vertex -4.58781 4.73496 -2.08287
    endloop
  endfacet
  facet normal -0.767579 -0.142691 -0.624869
    outer loop
      vertex -4.63012 4.61275 -2.00297
      vertex -4.24138 4.38853 -2.42929
      vertex -4.2837 4.26633 -2.3494
    endloop
  endfacet
  facet normal -0.760155 -0.121963 -0.638192
    outer loop
      vertex -4.1942 4.51633 -2.50992
      vertex -4.58781 4.73496 -2.08287
      vertex -4.54063 4.86276 -2.16349
    endloop
  endfacet
  facet normal -0.760161 -0.122002 -0.638178
    outer loop
      vertex -4.58781 4.73496 -2.08287
      vertex -4.1942 4.51633 -2.50992
      vertex -4.24138 4.38853 -2.42929
    endloop
  endfacet
  facet normal -0.759393 -0.119906 -0.639487
    outer loop
      vertex -4.1453 4.64796 -2.59267
      vertex -4.54063 4.86276 -2.16349
      vertex -4.49174 4.9944 -2.24623
    endloop
  endfacet
  facet normal -0.759393 -0.119906 -0.639487
    outer loop
      vertex -4.54063 4.86276 -2.16349
      vertex -4.1453 4.64796 -2.59267
      vertex -4.1942 4.51633 -2.50992
    endloop
  endfacet
  facet normal -0.770479 -0.151199 -0.619275
    outer loop
      vertex -4.10121 4.77887 -2.67949
      vertex -4.49174 4.9944 -2.24623
      vertex -4.44764 5.12531 -2.33306
    endloop
  endfacet
  facet normal -0.77048 -0.151208 -0.619271
    outer loop
      vertex -4.49174 4.9944 -2.24623
      vertex -4.10121 4.77887 -2.67949
      vertex -4.1453 4.64796 -2.59267
    endloop
  endfacet
  facet normal -0.790252 -0.217155 -0.573014
    outer loop
      vertex -4.06843 4.90449 -2.77235
      vertex -4.44764 5.12531 -2.33306
      vertex -4.44512 5.13498 -2.3402
    endloop
  endfacet
  facet normal -0.790261 -0.217312 -0.572943
    outer loop
      vertex -4.44764 5.12531 -2.33306
      vertex -4.06843 4.90449 -2.77235
      vertex -4.10121 4.77887 -2.67949
    endloop
  endfacet
  facet normal -0.790268 -0.217386 -0.572905
    outer loop
      vertex -4.06843 4.90449 -2.77235
      vertex -4.44512 5.13498 -2.3402
      vertex -4.41488 5.25093 -2.42591
    endloop
  endfacet
  facet normal -0.808223 -0.303702 -0.50452
    outer loop
      vertex -4.06843 4.90449 -2.77235
      vertex -4.41348 5.26004 -2.43362
      vertex -4.05031 5.02294 -2.87268
    endloop
  endfacet
  facet normal -0.808134 -0.303181 -0.504976
    outer loop
      vertex -4.41348 5.26004 -2.43362
      vertex -4.06843 4.90449 -2.77235
      vertex -4.41488 5.25093 -2.42591
    endloop
  endfacet
  facet normal -0.808224 -0.303673 -0.504537
    outer loop
      vertex -4.05031 5.02294 -2.87268
      vertex -4.41348 5.26004 -2.43362
      vertex -4.39675 5.36938 -2.52623
    endloop
  endfacet
  facet normal -0.816496 -0.407501 -0.408995
    outer loop
      vertex -4.05017 5.13227 -2.98188
      vertex -4.39675 5.36938 -2.52623
      vertex -4.39662 5.47872 -2.63543
    endloop
  endfacet
  facet normal -0.8165 -0.407478 -0.40901
    outer loop
      vertex -4.39675 5.36938 -2.52623
      vertex -4.05017 5.13227 -2.98188
      vertex -4.05031 5.02294 -2.87268
    endloop
  endfacet
  facet normal -0.801614 -0.535207 -0.266399
    outer loop
      vertex -4.05017 5.13227 -2.98188
      vertex -4.42082 5.57489 -2.75581
      vertex -4.07437 5.22844 -3.10227
    endloop
  endfacet
  facet normal -0.801614 -0.535199 -0.266415
    outer loop
      vertex -4.42082 5.57489 -2.75581
      vertex -4.05017 5.13227 -2.98188
      vertex -4.39662 5.47872 -2.63543
    endloop
  endfacet
  facet normal -0.745365 -0.66134 -0.0840247
    outer loop
      vertex -4.07437 5.22844 -3.10227
      vertex -4.47577 5.65383 -2.88969
      vertex -4.12931 5.30737 -3.23615
    endloop
  endfacet
  facet normal -0.745364 -0.661342 -0.0840198
    outer loop
      vertex -4.47577 5.65383 -2.88969
      vertex -4.07437 5.22844 -3.10227
      vertex -4.42082 5.57489 -2.75581
    endloop
  endfacet
  facet normal -0.622235 -0.768958 0.146722
    outer loop
      vertex -4.48777 5.66006 -2.90793
      vertex -4.12931 5.30737 -3.23615
      vertex -4.47577 5.65383 -2.88969
    endloop
  endfacet
  facet normal -0.62224 -0.768955 0.146714
    outer loop
      vertex -4.12931 5.30737 -3.23615
      vertex -4.48777 5.66006 -2.90793
      vertex -4.28543 5.38844 -3.47338
    endloop
  endfacet
  facet normal -0.622241 -0.768955 0.146714
    outer loop
      vertex -4.48777 5.66006 -2.90793
      vertex -4.6319 5.73491 -3.12691
      vertex -4.28543 5.38844 -3.47338
    endloop
  endfacet
  facet normal -0.329308 -0.811699 0.482391
    outer loop
      vertex -4.64737 5.73308 -3.14055
      vertex -4.28543 5.38844 -3.47338
      vertex -4.6319 5.73491 -3.12691
    endloop
  endfacet
  facet normal -0.329447 -0.81172 0.482261
    outer loop
      vertex -4.28543 5.38844 -3.47338
      vertex -4.64737 5.73308 -3.14055
      vertex -4.48676 5.36466 -3.65094
    endloop
  endfacet
  facet normal -0.329463 -0.811717 0.482254
    outer loop
      vertex -4.64737 5.73308 -3.14055
      vertex -4.83323 5.71113 -3.30447
      vertex -4.48676 5.36466 -3.65094
    endloop
  endfacet
  facet normal 0.0326232 -0.690231 0.722854
    outer loop
      vertex -4.83323 5.71113 -3.30447
      vertex -4.72484 5.23736 -3.76175
      vertex -4.48676 5.36466 -3.65094
    endloop
  endfacet
  facet normal 0.0325972 -0.690234 0.722851
    outer loop
      vertex -4.72484 5.23736 -3.76175
      vertex -4.83323 5.71113 -3.30447
      vertex -5.07132 5.58385 -3.41527
    endloop
  endfacet
  facet normal 0.314406 -0.495369 0.809789
    outer loop
      vertex -5.07132 5.58385 -3.41527
      vertex -4.99119 5.00794 -3.79868
      vertex -4.72484 5.23736 -3.76175
    endloop
  endfacet
  facet normal 0.314412 -0.495367 0.809788
    outer loop
      vertex -4.99119 5.00794 -3.79868
      vertex -5.07132 5.58385 -3.41527
      vertex -5.33768 5.35442 -3.4522
    endloop
  endfacet
  facet normal 0.50003 -0.308972 0.809016
    outer loop
      vertex -5.55173 5.10379 -3.41562
      vertex -4.99119 5.00794 -3.79868
      vertex -5.33768 5.35442 -3.4522
    endloop
  endfacet
  facet normal 0.500025 -0.308988 0.809013
    outer loop
      vertex -4.99119 5.00794 -3.79868
      vertex -5.55173 5.10379 -3.41562
      vertex -5.20525 4.75731 -3.7621
    endloop
  endfacet
  facet normal 0.693285 -0.0268776 0.720162
    outer loop
      vertex -5.56118 5.08591 -3.40719
      vertex -5.20525 4.75731 -3.7621
      vertex -5.55173 5.10379 -3.41562
    endloop
  endfacet
  facet normal 0.693263 -0.0269212 0.720181
    outer loop
      vertex -5.20525 4.75731 -3.7621
      vertex -5.56118 5.08591 -3.40719
      vertex -5.32829 4.52454 -3.65236
    endloop
  endfacet
  facet normal 0.693242 -0.026939 0.720201
    outer loop
      vertex -5.56118 5.08591 -3.40719
      vertex -5.67477 4.87102 -3.30589
      vertex -5.32829 4.52454 -3.65236
    endloop
  endfacet
  facet normal 0.808977 0.308781 0.500211
    outer loop
      vertex -5.67713 4.85488 -3.29211
      vertex -5.32829 4.52454 -3.65236
      vertex -5.67477 4.87102 -3.30589
    endloop
  endfacet
  facet normal 0.808963 0.308658 0.500309
    outer loop
      vertex -5.32829 4.52454 -3.65236
      vertex -5.67713 4.85488 -3.29211
      vertex -5.35905 4.31448 -3.47303
    endloop
  endfacet
  facet normal 0.808961 0.308655 0.500314
    outer loop
      vertex -5.67713 4.85488 -3.29211
      vertex -5.70552 4.66094 -3.12656
      vertex -5.35905 4.31448 -3.47303
    endloop
  endfacet
  facet normal 0.791247 0.570102 0.221161
    outer loop
      vertex -5.70069 4.64692 -3.1077
      vertex -5.35905 4.31448 -3.47303
      vertex -5.70552 4.66094 -3.12656
    endloop
  endfacet
  facet normal 0.791271 0.570036 0.221245
    outer loop
      vertex -5.35905 4.31448 -3.47303
      vertex -5.70069 4.64692 -3.1077
      vertex -5.29618 4.13196 -3.22762
    endloop
  endfacet
  facet normal 0.791271 0.570033 0.221254
    outer loop
      vertex -5.29618 4.13196 -3.22762
      vertex -5.70069 4.64692 -3.1077
      vertex -5.64264 4.47841 -2.88116
    endloop
  endfacet
  facet normal -0.367685 0.44751 -0.815195
    outer loop
      vertex -5.29618 4.13196 -3.22762
      vertex -5.28314 4.8152 -2.85843
      vertex -4.93668 4.46874 -3.20489
    endloop
  endfacet
  facet normal -0.367696 0.447508 -0.815191
    outer loop
      vertex -5.28314 4.8152 -2.85843
      vertex -5.29618 4.13196 -3.22762
      vertex -5.64264 4.47841 -2.88116
    endloop
  endfacet
  facet normal -0.787825 -0.57966 -0.208149
    outer loop
      vertex -4.93668 4.46874 -3.20489
      vertex -5.31589 4.90302 -2.97901
      vertex -4.96943 4.55655 -3.32547
    endloop
  endfacet
  facet normal -0.787828 -0.579643 -0.208185
    outer loop
      vertex -5.31589 4.90302 -2.97901
      vertex -4.93668 4.46874 -3.20489
      vertex -5.28314 4.8152 -2.85843
    endloop
  endfacet
  facet normal -0.815489 -0.372702 -0.442799
    outer loop
      vertex -4.96434 4.64774 -3.41158
      vertex -5.31589 4.90302 -2.97901
      vertex -5.31081 4.99421 -3.06512
    endloop
  endfacet
  facet normal -0.815494 -0.372647 -0.442836
    outer loop
      vertex -5.31589 4.90302 -2.97901
      vertex -4.96434 4.64774 -3.41158
      vertex -4.96943 4.55655 -3.32547
    endloop
  endfacet
  facet normal -0.721164 -0.0289555 -0.692159
    outer loop
      vertex -4.91868 4.74508 -3.46326
      vertex -5.31081 4.99421 -3.06512
      vertex -5.3073 5.00169 -3.06909
    endloop
  endfacet
  facet normal -0.721218 -0.0291421 -0.692095
    outer loop
      vertex -5.31081 4.99421 -3.06512
      vertex -4.91868 4.74508 -3.46326
      vertex -4.96434 4.64774 -3.41158
    endloop
  endfacet
  facet normal -0.721207 -0.0290978 -0.692109
    outer loop
      vertex -4.91868 4.74508 -3.46326
      vertex -5.3073 5.00169 -3.06909
      vertex -5.26515 5.09155 -3.11679
    endloop
  endfacet
  facet normal -0.510311 0.296818 -0.807144
    outer loop
      vertex -4.91868 4.74508 -3.46326
      vertex -5.25831 5.09971 -3.11812
      vertex -4.82965 4.85132 -3.48048
    endloop
  endfacet
  facet normal -0.510614 0.296468 -0.807082
    outer loop
      vertex -5.25831 5.09971 -3.11812
      vertex -4.91868 4.74508 -3.46326
      vertex -5.26515 5.09155 -3.11679
    endloop
  endfacet
  facet normal -0.510291 0.296853 -0.807144
    outer loop
      vertex -4.82965 4.85132 -3.48048
      vertex -5.25831 5.09971 -3.11812
      vertex -5.17612 5.19779 -3.13401
    endloop
  endfacet
  facet normal -0.164977 0.610024 -0.775018
    outer loop
      vertex -4.82965 4.85132 -3.48048
      vertex -4.97276 5.33581 -3.06867
      vertex -4.6263 4.98934 -3.41513
    endloop
  endfacet
  facet normal -0.165002 0.610017 -0.775019
    outer loop
      vertex -4.97276 5.33581 -3.06867
      vertex -4.82965 4.85132 -3.48048
      vertex -5.17612 5.19779 -3.13401
    endloop
  endfacet
  facet normal 0.540714 0.800186 -0.259482
    outer loop
      vertex -4.6263 4.98934 -3.41513
      vertex -4.96086 5.33265 -3.0536
      vertex -4.47139 4.94823 -3.2191
    endloop
  endfacet
  facet normal 0.540859 0.800144 -0.259308
    outer loop
      vertex -4.96086 5.33265 -3.0536
      vertex -4.6263 4.98934 -3.41513
      vertex -4.97276 5.33581 -3.06867
    endloop
  endfacet
  facet normal 0.540733 0.800189 -0.259433
    outer loop
      vertex -4.47139 4.94823 -3.2191
      vertex -4.96086 5.33265 -3.0536
      vertex -4.81785 5.29468 -2.87264
    endloop
  endfacet
  facet normal 0.772476 0.615327 0.157011
    outer loop
      vertex -4.4359 4.87613 -3.11149
      vertex -4.81785 5.29468 -2.87264
      vertex -4.81512 5.28914 -2.86436
    endloop
  endfacet
  facet normal 0.772531 0.615164 0.157385
    outer loop
      vertex -4.81785 5.29468 -2.87264
      vertex -4.4359 4.87613 -3.11149
      vertex -4.47139 4.94823 -3.2191
    endloop
  endfacet
  facet normal 0.772531 0.615172 0.157354
    outer loop
      vertex -4.4359 4.87613 -3.11149
      vertex -4.81512 5.28914 -2.86436
      vertex -4.78235 5.22258 -2.76503
    endloop
  endfacet
  facet normal 0.816501 0.408244 0.408244
    outer loop
      vertex -4.78235 5.21415 -2.7566
      vertex -4.4359 4.87613 -3.11149
      vertex -4.78235 5.22258 -2.76503
    endloop
  endfacet
  facet normal 0.816503 0.408055 0.408427
    outer loop
      vertex -4.4359 4.87613 -3.11149
      vertex -4.78235 5.21415 -2.7566
      vertex -4.43594 4.76638 -3.00176
    endloop
  endfacet
  facet normal 0.816497 0.408027 0.40847
    outer loop
      vertex -4.78235 5.21415 -2.7566
      vertex -4.78239 5.11283 -2.65531
      vertex -4.43594 4.76638 -3.00176
    endloop
  endfacet
  facet normal 0.796565 0.243 0.553565
    outer loop
      vertex -4.81994 4.94957 -2.52961
      vertex -4.43594 4.76638 -3.00176
      vertex -4.78239 5.11283 -2.65531
    endloop
  endfacet
  facet normal 0.796566 0.242988 0.55357
    outer loop
      vertex -4.43594 4.76638 -3.00176
      vertex -4.81994 4.94957 -2.52961
      vertex -4.4735 4.60312 -2.87605
    endloop
  endfacet
  facet normal 0.772105 0.156066 0.616034
    outer loop
      vertex -4.89702 4.71695 -2.37407
      vertex -4.4735 4.60312 -2.87605
      vertex -4.81994 4.94957 -2.52961
    endloop
  endfacet
  facet normal 0.772105 0.156072 0.616033
    outer loop
      vertex -4.4735 4.60312 -2.87605
      vertex -4.89702 4.71695 -2.37407
      vertex -4.55058 4.37051 -2.72051
    endloop
  endfacet
  facet normal 0.772037 0.155869 0.616168
    outer loop
      vertex -4.98333 4.45665 -2.20008
      vertex -4.55058 4.37051 -2.72051
      vertex -4.89702 4.71695 -2.37407
    endloop
  endfacet
  facet normal 0.772037 0.155869 0.616168
    outer loop
      vertex -4.55058 4.37051 -2.72051
      vertex -4.98333 4.45665 -2.20008
      vertex -4.6369 4.11022 -2.54651
    endloop
  endfacet
  facet normal 0.791239 0.221104 0.570135
    outer loop
      vertex -5.04088 4.23218 -2.03316
      vertex -4.6369 4.11022 -2.54651
      vertex -4.98333 4.45665 -2.20008
    endloop
  endfacet
  facet normal 0.791237 0.221133 0.570127
    outer loop
      vertex -4.6369 4.11022 -2.54651
      vertex -5.04088 4.23218 -2.03316
      vertex -4.69445 3.88576 -2.37958
    endloop
  endfacet
  facet normal 0.809223 0.310501 0.498746
    outer loop
      vertex -5.0687 4.03888 -1.86768
      vertex -4.69445 3.88576 -2.37958
      vertex -5.04088 4.23218 -2.03316
    endloop
  endfacet
  facet normal 0.809225 0.310489 0.49875
    outer loop
      vertex -4.69445 3.88576 -2.37958
      vertex -5.0687 4.03888 -1.86768
      vertex -4.72228 3.69246 -2.21409
    endloop
  endfacet
  facet normal 0.816404 0.418826 0.397578
    outer loop
      vertex -4.71937 3.52564 -2.04434
      vertex -5.0687 4.03888 -1.86768
      vertex -5.06578 3.87205 -1.69793
    endloop
  endfacet
  facet normal 0.816401 0.418818 0.397594
    outer loop
      vertex -5.0687 4.03888 -1.86768
      vertex -4.71937 3.52564 -2.04434
      vertex -4.72228 3.69246 -2.21409
    endloop
  endfacet
  facet normal 0.707107 0.707107 0
    outer loop
      vertex -4.58089 3.38716 -1.76735
      vertex -5.06578 3.87205 -1.69793
      vertex -4.92729 3.73356 -1.42095
    endloop
  endfacet
  facet normal 0.707107 0.707107 9.5456e-16
    outer loop
      vertex -5.06578 3.87205 -1.69793
      vertex -4.58089 3.38716 -1.76735
      vertex -4.71937 3.52564 -2.04434
    endloop
  endfacet
  facet normal -0.408248 0.408248 -0.816497
    outer loop
      vertex -4.58089 3.38716 -1.76735
      vertex -3.71432 4.94653 -1.42095
      vertex -3.36792 4.60013 -1.76735
    endloop
  endfacet
  facet normal -0.408248 0.408248 -0.816497
    outer loop
      vertex -3.71432 4.94653 -1.42095
      vertex -4.58089 3.38716 -1.76735
      vertex -4.92729 3.73356 -1.42095
    endloop
  endfacet
  facet normal -0.707013 -0.7072 0.000186547
    outer loop
      vertex -3.72696 4.95916 -1.44622
      vertex -3.36792 4.60013 -1.76735
      vertex -3.71432 4.94653 -1.42095
    endloop
  endfacet
  facet normal -0.707093 -0.70712 8.08704e-06
    outer loop
      vertex -3.36792 4.60013 -1.76735
      vertex -3.72696 4.95916 -1.44622
      vertex -3.53197 4.76417 -2.09549
    endloop
  endfacet
  facet normal -0.707121 -0.707092 -8.76153e-06
    outer loop
      vertex -3.72696 4.95916 -1.44622
      vertex -3.87838 5.11059 -1.74907
      vertex -3.53197 4.76417 -2.09549
    endloop
  endfacet
  facet normal -0.577364 0.577297 0.577389
    outer loop
      vertex -4.49489 -2.6211 4.32681
      vertex -4.7156 -2.80789 4.29287
      vertex -4.65222 -2.97889 4.52722
    endloop
  endfacet
  facet normal -0.577401 0.577317 0.577333
    outer loop
      vertex -4.59163 -2.48119 4.09017
      vertex -4.86631 -2.75659 4.09085
      vertex -4.5722 -2.56782 4.19623
    endloop
  endfacet
  facet normal -0.577399 0.577306 0.577347
    outer loop
      vertex -4.5722 -2.56782 4.19623
      vertex -4.86631 -2.75659 4.09085
      vertex -4.7156 -2.80789 4.29287
    endloop
  endfacet
  facet normal -0.577364 0.577318 0.577369
    outer loop
      vertex -4.55359 -2.36329 4.01032
      vertex -4.95688 -2.5151 3.75883
      vertex -4.59163 -2.48119 4.09017
    endloop
  endfacet
  facet normal -0.577369 0.577287 0.577395
    outer loop
      vertex -4.89582 -2.33914 3.64396
      vertex -4.95688 -2.5151 3.75883
      vertex -4.55359 -2.36329 4.01032
    endloop
  endfacet
  facet normal -0.577385 0.577294 0.577372
    outer loop
      vertex -4.63905 -3.42867 4.99012
      vertex -4.76134 -3.77847 5.21758
      vertex -4.52348 -3.66872 5.34571
    endloop
  endfacet
  facet normal -0.577388 0.577293 0.577369
    outer loop
      vertex -4.74074 -3.47981 4.93956
      vertex -4.76134 -3.77847 5.21758
      vertex -4.63905 -3.42867 4.99012
    endloop
  endfacet
  facet normal -0.577373 0.577315 0.577364
    outer loop
      vertex -4.94764 -3.23264 4.48552
      vertex -5.32308 -3.28235 4.15978
      vertex -4.98784 -3.3429 4.55557
    endloop
  endfacet
  facet normal -0.577374 0.577304 0.577373
    outer loop
      vertex -4.98784 -3.3429 4.55557
      vertex -5.3962 -3.50519 4.30948
      vertex -5.36556 -3.67369 4.5086
    endloop
  endfacet
  facet normal -0.577387 0.57729 0.577374
    outer loop
      vertex -4.93792 -3.47927 4.74185
      vertex -5.23573 -3.7797 4.74442
      vertex -5.0112 -3.81505 5.0043
    endloop
  endfacet
  facet normal -0.577389 0.577294 0.577367
    outer loop
      vertex -4.31055 -3.49437 5.38432
      vertex -4.54605 -3.34628 5.00074
      vertex -4.52348 -3.66872 5.34571
    endloop
  endfacet
  facet normal -0.577343 0.577348 0.57736
    outer loop
      vertex -4.46681 -3.23547 4.96917
      vertex -4.54605 -3.34628 5.00074
      vertex -4.31055 -3.49437 5.38432
    endloop
  endfacet
  facet normal -0.577354 0.577304 0.577393
    outer loop
      vertex -4.71844 -2.81357 4.29571
      vertex -4.77209 -3.03162 4.46008
      vertex -4.65222 -2.97889 4.52722
    endloop
  endfacet
  facet normal -0.577392 0.577302 0.577357
    outer loop
      vertex -4.35923 -2.63886 4.48023
      vertex -4.65222 -2.97889 4.52722
      vertex -4.51305 -2.96132 4.64883
    endloop
  endfacet
  facet normal -0.577377 0.577297 0.577377
    outer loop
      vertex -3.75462 -1.78814 4.23422
      vertex -4.1474 -2.07493 4.12819
      vertex -3.98694 -2.14702 4.36073
    endloop
  endfacet
  facet normal -0.577391 0.577307 0.577353
    outer loop
      vertex -4.13534 -3.26388 5.32907
      vertex -4.46681 -3.23547 4.96917
      vertex -4.31055 -3.49437 5.38432
    endloop
  endfacet
  facet normal -0.577379 0.577295 0.577377
    outer loop
      vertex -5.07362 -2.97409 4.10103
      vertex -5.21384 -3.11153 4.09823
      vertex -4.87108 -3.11703 4.44649
    endloop
  endfacet
  facet normal -0.577373 0.577303 0.577375
    outer loop
      vertex -4.54605 -3.34628 5.00074
      vertex -4.63905 -3.42867 4.99012
      vertex -4.52348 -3.66872 5.34571
    endloop
  endfacet
  facet normal -0.577372 0.577304 0.577375
    outer loop
      vertex -4.77209 -3.03162 4.46008
      vertex -4.90698 -2.8736 4.16719
      vertex -4.87108 -3.11703 4.44649
    endloop
  endfacet
  facet normal -0.577369 0.577302 0.57738
    outer loop
      vertex -4.74074 -3.47981 4.93956
      vertex -5.0112 -3.81505 5.0043
      vertex -4.76134 -3.77847 5.21758
    endloop
  endfacet
  facet normal -0.577352 0.577301 0.577397
    outer loop
      vertex -4.93792 -3.47927 4.74185
      vertex -5.0112 -3.81505 5.0043
      vertex -4.84598 -3.49685 4.85136
    endloop
  endfacet
  facet normal -0.577368 0.577302 0.577381
    outer loop
      vertex -4.84598 -3.49685 4.85136
      vertex -5.0112 -3.81505 5.0043
      vertex -4.74074 -3.47981 4.93956
    endloop
  endfacet
  facet normal -0.577399 0.577303 0.577348
    outer loop
      vertex -4.9849 -3.42652 4.64212
      vertex -5.23573 -3.7797 4.74442
      vertex -4.93792 -3.47927 4.74185
    endloop
  endfacet
  facet normal -0.577374 0.577304 0.577373
    outer loop
      vertex -4.98784 -3.3429 4.55557
      vertex -5.36556 -3.67369 4.5086
      vertex -4.9849 -3.42652 4.64212
    endloop
  endfacet
  facet normal -0.577371 0.577294 0.577386
    outer loop
      vertex -4.9849 -3.42652 4.64212
      vertex -5.36556 -3.67369 4.5086
      vertex -5.23573 -3.7797 4.74442
    endloop
  endfacet
  facet normal -0.577372 0.577315 0.577364
    outer loop
      vertex -5.32308 -3.28235 4.15978
      vertex -5.3962 -3.50519 4.30948
      vertex -4.98784 -3.3429 4.55557
    endloop
  endfacet
  facet normal -0.577384 0.577284 0.577383
    outer loop
      vertex -4.87108 -3.11703 4.44649
      vertex -5.21384 -3.11153 4.09823
      vertex -4.94764 -3.23264 4.48552
    endloop
  endfacet
  facet normal -0.577385 0.577283 0.577383
    outer loop
      vertex -5.21384 -3.11153 4.09823
      vertex -5.32308 -3.28235 4.15978
      vertex -4.94764 -3.23264 4.48552
    endloop
  endfacet
  facet normal -0.577369 0.577306 0.577376
    outer loop
      vertex -4.90698 -2.8736 4.16719
      vertex -5.07362 -2.97409 4.10103
      vertex -4.87108 -3.11703 4.44649
    endloop
  endfacet
  facet normal -0.57738 0.577296 0.577374
    outer loop
      vertex -4.71844 -2.81357 4.29571
      vertex -4.90698 -2.8736 4.16719
      vertex -4.77209 -3.03162 4.46008
    endloop
  endfacet
  facet normal -0.577292 0.57735 0.577408
    outer loop
      vertex -4.7156 -2.80789 4.29287
      vertex -4.71844 -2.81357 4.29571
      vertex -4.65222 -2.97889 4.52722
    endloop
  endfacet
  facet normal -0.577374 0.577303 0.577374
    outer loop
      vertex -4.51305 -2.96132 4.64883
      vertex -4.23866 -2.63886 4.6008
      vertex -4.35923 -2.63886 4.48023
    endloop
  endfacet
  facet normal -0.577374 0.577303 0.577374
    outer loop
      vertex -4.23866 -2.63886 4.6008
      vertex -4.51305 -2.96132 4.64883
      vertex -4.39987 -2.96132 4.76201
    endloop
  endfacet
  facet normal -0.57737 0.577306 0.577375
    outer loop
      vertex -4.37603 -2.14594 3.97056
      vertex -4.51857 -1.90446 3.58657
      vertex -4.47263 -2.2358 3.96381
    endloop
  endfacet
  facet normal -0.577382 0.577296 0.577372
    outer loop
      vertex -4.49489 -2.6211 4.32681
      vertex -4.65222 -2.97889 4.52722
      vertex -4.35923 -2.63886 4.48023
    endloop
  endfacet
  facet normal -0.577366 0.577301 0.577384
    outer loop
      vertex -4.5722 -2.56782 4.19623
      vertex -4.7156 -2.80789 4.29287
      vertex -4.49489 -2.6211 4.32681
    endloop
  endfacet
  facet normal -0.577383 0.577273 0.577395
    outer loop
      vertex -4.59163 -2.48119 4.09017
      vertex -4.95688 -2.5151 3.75883
      vertex -4.94688 -2.65661 3.91031
    endloop
  endfacet
  facet normal -0.577383 0.577299 0.577369
    outer loop
      vertex -4.59163 -2.48119 4.09017
      vertex -4.94688 -2.65661 3.91031
      vertex -4.86631 -2.75659 4.09085
    endloop
  endfacet
  facet normal -0.577369 0.577288 0.577395
    outer loop
      vertex -4.47263 -2.2358 3.96381
      vertex -4.89582 -2.33914 3.64396
      vertex -4.55359 -2.36329 4.01032
    endloop
  endfacet
  facet normal -0.577369 0.577306 0.577375
    outer loop
      vertex -4.51857 -1.90446 3.58657
      vertex -4.73119 -2.08983 3.5593
      vertex -4.47263 -2.2358 3.96381
    endloop
  endfacet
  facet normal -0.57736 0.577318 0.577373
    outer loop
      vertex -4.73119 -2.08983 3.5593
      vertex -4.89582 -2.33914 3.64396
      vertex -4.47263 -2.2358 3.96381
    endloop
  endfacet
  facet normal -0.577367 0.577308 0.577375
    outer loop
      vertex -4.26729 -1.78939 3.72279
      vertex -4.51857 -1.90446 3.58657
      vertex -4.37603 -2.14594 3.97056
    endloop
  endfacet
  facet normal -0.577386 0.577304 0.577361
    outer loop
      vertex -4.26729 -1.78939 3.72279
      vertex -4.37603 -2.14594 3.97056
      vertex -4.26668 -2.09268 4.02666
    endloop
  endfacet
  facet normal -0.577378 0.577308 0.577365
    outer loop
      vertex -3.9867 -1.75103 3.96503
      vertex -4.26729 -1.78939 3.72279
      vertex -4.26668 -2.09268 4.02666
    endloop
  endfacet
  facet normal -0.577368 0.577303 0.57738
    outer loop
      vertex -3.9867 -1.75103 3.96503
      vertex -4.26668 -2.09268 4.02666
      vertex -4.1474 -2.07493 4.12819
    endloop
  endfacet
  facet normal -0.577372 0.577313 0.577366
    outer loop
      vertex -3.98694 -2.14702 4.36073
      vertex -4.00741 -2.36329 4.55651
      vertex -3.57676 -2.08077 4.70467
    endloop
  endfacet
  facet normal -0.57737 0.577305 0.577377
    outer loop
      vertex -3.57676 -2.08077 4.70467
      vertex -4.00741 -2.36329 4.55651
      vertex -3.63781 -2.32777 4.89059
    endloop
  endfacet
  facet normal -0.577381 0.577287 0.577382
    outer loop
      vertex -3.61684 -1.89947 4.48332
      vertex -3.98694 -2.14702 4.36073
      vertex -3.57676 -2.08077 4.70467
    endloop
  endfacet
  facet normal -0.577384 0.577298 0.577369
    outer loop
      vertex -3.75462 -1.78814 4.23422
      vertex -3.98694 -2.14702 4.36073
      vertex -3.61684 -1.89947 4.48332
    endloop
  endfacet
  facet normal -0.577379 0.577303 0.577369
    outer loop
      vertex -3.9867 -1.75103 3.96503
      vertex -4.1474 -2.07493 4.12819
      vertex -3.75462 -1.78814 4.23422
    endloop
  endfacet
  facet normal -0.0396126 -0.72608 0.686468
    outer loop
      vertex -4.51857 -1.90446 3.58657
      vertex -4.61369 -1.44298 4.06919
      vertex -4.86497 -1.55805 3.93298
    endloop
  endfacet
  facet normal -0.0396374 -0.726082 0.686465
    outer loop
      vertex -4.61369 -1.44298 4.06919
      vertex -4.51857 -1.90446 3.58657
      vertex -4.26729 -1.78939 3.72279
    endloop
  endfacet
  facet normal 0.322106 -0.488711 0.810808
    outer loop
      vertex -4.88135 -1.57233 3.93088
      vertex -4.51857 -1.90446 3.58657
      vertex -4.86497 -1.55805 3.93298
    endloop
  endfacet
  facet normal 0.322094 -0.488722 0.810806
    outer loop
      vertex -4.51857 -1.90446 3.58657
      vertex -4.88135 -1.57233 3.93088
      vertex -4.73119 -2.08983 3.5593
    endloop
  endfacet
  facet normal 0.322081 -0.488727 0.810808
    outer loop
      vertex -4.88135 -1.57233 3.93088
      vertex -5.0776 -1.74342 3.90571
      vertex -4.73119 -2.08983 3.5593
    endloop
  endfacet
  facet normal 0.62089 -0.148762 0.769653
    outer loop
      vertex -5.09028 -1.76261 3.91223
      vertex -4.73119 -2.08983 3.5593
      vertex -5.0776 -1.74342 3.90571
    endloop
  endfacet
  facet normal 0.620939 -0.148684 0.769629
    outer loop
      vertex -4.73119 -2.08983 3.5593
      vertex -5.09028 -1.76261 3.91223
      vertex -4.89582 -2.33914 3.64396
    endloop
  endfacet
  facet normal 0.620945 -0.14868 0.769624
    outer loop
      vertex -5.09028 -1.76261 3.91223
      vertex -5.24224 -1.99272 3.99038
      vertex -4.89582 -2.33914 3.64396
    endloop
  endfacet
  facet normal 0.767321 0.141971 0.62535
    outer loop
      vertex -5.30331 -2.16867 4.10526
      vertex -4.89582 -2.33914 3.64396
      vertex -5.24224 -1.99272 3.99038
    endloop
  endfacet
  facet normal 0.767321 0.141971 0.62535
    outer loop
      vertex -4.89582 -2.33914 3.64396
      vertex -5.30331 -2.16867 4.10526
      vertex -4.95688 -2.5151 3.75883
    endloop
  endfacet
  facet normal 0.815076 0.449225 0.365851
    outer loop
      vertex -4.94688 -2.65661 3.91031
      vertex -5.30331 -2.16867 4.10526
      vertex -5.29332 -2.31017 4.25675
    endloop
  endfacet
  facet normal 0.815076 0.449225 0.365851
    outer loop
      vertex -5.30331 -2.16867 4.10526
      vertex -4.94688 -2.65661 3.91031
      vertex -4.95688 -2.5151 3.75883
    endloop
  endfacet
  facet normal 0.73104 0.680457 0.0505828
    outer loop
      vertex -4.86631 -2.75659 4.09085
      vertex -5.29332 -2.31017 4.25675
      vertex -5.21275 -2.41015 4.43729
    endloop
  endfacet
  facet normal 0.73104 0.680457 0.0505828
    outer loop
      vertex -5.29332 -2.31017 4.25675
      vertex -4.86631 -2.75659 4.09085
      vertex -4.94688 -2.65661 3.91031
    endloop
  endfacet
  facet normal 0.568617 0.791759 -0.223142
    outer loop
      vertex -4.7156 -2.80789 4.29287
      vertex -5.21275 -2.41015 4.43729
      vertex -5.06204 -2.46145 4.63931
    endloop
  endfacet
  facet normal 0.568617 0.791759 -0.223142
    outer loop
      vertex -5.21275 -2.41015 4.43729
      vertex -4.7156 -2.80789 4.29287
      vertex -4.86631 -2.75659 4.09085
    endloop
  endfacet
  facet normal 0.707107 -9.52188e-13 0.707107
    outer loop
      vertex -5.06226 -2.46189 4.63953
      vertex -4.7156 -2.80789 4.29287
      vertex -5.06204 -2.46145 4.63931
    endloop
  endfacet
  facet normal 0.707107 0 0.707107
    outer loop
      vertex -4.7156 -2.80789 4.29287
      vertex -5.06226 -2.46189 4.63953
      vertex -4.71844 -2.81357 4.29571
    endloop
  endfacet
  facet normal 0.707107 7.93107e-14 0.707107
    outer loop
      vertex -5.06226 -2.46189 4.63953
      vertex -5.06488 -2.46713 4.64215
      vertex -4.71844 -2.81357 4.29571
    endloop
  endfacet
  facet normal -0.167642 -0.775863 0.608221
    outer loop
      vertex -5.07938 -2.47175 4.63226
      vertex -4.71844 -2.81357 4.29571
      vertex -5.06488 -2.46713 4.64215
    endloop
  endfacet
  facet normal -0.167597 -0.775847 0.608254
    outer loop
      vertex -4.71844 -2.81357 4.29571
      vertex -5.07938 -2.47175 4.63226
      vertex -4.90698 -2.8736 4.16719
    endloop
  endfacet
  facet normal -0.167592 -0.775847 0.608255
    outer loop
      vertex -5.07938 -2.47175 4.63226
      vertex -5.25342 -2.52716 4.51363
      vertex -4.90698 -2.8736 4.16719
    endloop
  endfacet
  facet normal 0.0964338 -0.653941 0.750375
    outer loop
      vertex -5.25342 -2.52716 4.51363
      vertex -5.07362 -2.97409 4.10103
      vertex -4.90698 -2.8736 4.16719
    endloop
  endfacet
  facet normal 0.0959703 -0.654074 0.750317
    outer loop
      vertex -5.07362 -2.97409 4.10103
      vertex -5.25342 -2.52716 4.51363
      vertex -5.26624 -2.53488 4.50854
    endloop
  endfacet
  facet normal 0.0964648 -0.653922 0.750387
    outer loop
      vertex -5.26624 -2.53488 4.50854
      vertex -5.42007 -2.62764 4.44748
      vertex -5.07362 -2.97409 4.10103
    endloop
  endfacet
  facet normal 0.395867 -0.420506 0.816373
    outer loop
      vertex -5.42007 -2.62764 4.44748
      vertex -5.21384 -3.11153 4.09823
      vertex -5.07362 -2.97409 4.10103
    endloop
  endfacet
  facet normal 0.395848 -0.420517 0.816376
    outer loop
      vertex -5.21384 -3.11153 4.09823
      vertex -5.42007 -2.62764 4.44748
      vertex -5.56029 -2.76507 4.44468
    endloop
  endfacet
  facet normal 0.633128 -0.129932 0.763064
    outer loop
      vertex -5.66954 -2.93589 4.50624
      vertex -5.21384 -3.11153 4.09823
      vertex -5.56029 -2.76507 4.44468
    endloop
  endfacet
  facet normal 0.633126 -0.129938 0.763064
    outer loop
      vertex -5.21384 -3.11153 4.09823
      vertex -5.66954 -2.93589 4.50624
      vertex -5.32308 -3.28235 4.15978
    endloop
  endfacet
  facet normal 0.77304 0.158907 0.614132
    outer loop
      vertex -5.74267 -3.15872 4.65595
      vertex -5.32308 -3.28235 4.15978
      vertex -5.66954 -2.93589 4.50624
    endloop
  endfacet
  facet normal 0.77304 0.158907 0.614132
    outer loop
      vertex -5.32308 -3.28235 4.15978
      vertex -5.74267 -3.15872 4.65595
      vertex -5.3962 -3.50519 4.30948
    endloop
  endfacet
  facet normal 0.808075 0.505333 0.302742
    outer loop
      vertex -5.74031 -3.17166 4.67125
      vertex -5.3962 -3.50519 4.30948
      vertex -5.74267 -3.15872 4.65595
    endloop
  endfacet
  facet normal 0.808131 0.505063 0.303044
    outer loop
      vertex -5.3962 -3.50519 4.30948
      vertex -5.74031 -3.17166 4.67125
      vertex -5.36556 -3.67369 4.5086
    endloop
  endfacet
  facet normal 0.808125 0.505044 0.30309
    outer loop
      vertex -5.36556 -3.67369 4.5086
      vertex -5.74031 -3.17166 4.67125
      vertex -5.71204 -3.32721 4.85507
    endloop
  endfacet
  facet normal 0.682196 0.729645 -0.0471791
    outer loop
      vertex -5.23573 -3.7797 4.74442
      vertex -5.71204 -3.32721 4.85507
      vertex -5.70207 -3.33536 4.87319
    endloop
  endfacet
  facet normal 0.682141 0.729674 -0.0475346
    outer loop
      vertex -5.71204 -3.32721 4.85507
      vertex -5.23573 -3.7797 4.74442
      vertex -5.36556 -3.67369 4.5086
    endloop
  endfacet
  facet normal 0.682134 0.729681 -0.0475254
    outer loop
      vertex -5.23573 -3.7797 4.74442
      vertex -5.70207 -3.33536 4.87319
      vertex -5.58222 -3.43322 5.09091
    endloop
  endfacet
  facet normal 0.493687 0.810061 -0.316346
    outer loop
      vertex -5.23573 -3.7797 4.74442
      vertex -5.56497 -3.43594 5.11087
      vertex -5.0112 -3.81505 5.0043
    endloop
  endfacet
  facet normal 0.493726 0.810053 -0.316304
    outer loop
      vertex -5.56497 -3.43594 5.11087
      vertex -5.23573 -3.7797 4.74442
      vertex -5.58222 -3.43322 5.09091
    endloop
  endfacet
  facet normal 0.493682 0.810058 -0.316361
    outer loop
      vertex -5.0112 -3.81505 5.0043
      vertex -5.56497 -3.43594 5.11087
      vertex -5.35769 -3.46857 5.35078
    endloop
  endfacet
  facet normal 0.308638 0.808964 -0.50032
    outer loop
      vertex -5.0112 -3.81505 5.0043
      vertex -5.3385 -3.46576 5.36716
      vertex -4.76134 -3.77847 5.21758
    endloop
  endfacet
  facet normal 0.308616 0.808962 -0.500337
    outer loop
      vertex -5.3385 -3.46576 5.36716
      vertex -5.0112 -3.81505 5.0043
      vertex -5.35769 -3.46857 5.35078
    endloop
  endfacet
  facet normal 0.308642 0.808968 -0.500311
    outer loop
      vertex -4.76134 -3.77847 5.21758
      vertex -5.3385 -3.46576 5.36716
      vertex -5.10782 -3.43199 5.56407
    endloop
  endfacet
  facet normal 0.0363959 0.724592 -0.688216
    outer loop
      vertex -4.76134 -3.77847 5.21758
      vertex -4.86996 -3.32224 5.69218
      vertex -4.52348 -3.66872 5.34571
    endloop
  endfacet
  facet normal 0.0363442 0.724588 -0.688224
    outer loop
      vertex -4.86996 -3.32224 5.69218
      vertex -4.76134 -3.77847 5.21758
      vertex -5.10782 -3.43199 5.56407
    endloop
  endfacet
  facet normal -0.282005 0.522586 -0.804597
    outer loop
      vertex -4.52348 -3.66872 5.34571
      vertex -4.8536 -3.30885 5.69515
      vertex -4.31055 -3.49437 5.38432
    endloop
  endfacet
  facet normal -0.28179 0.522752 -0.804565
    outer loop
      vertex -4.8536 -3.30885 5.69515
      vertex -4.52348 -3.66872 5.34571
      vertex -4.86996 -3.32224 5.69218
    endloop
  endfacet
  facet normal -0.282001 0.522593 -0.804594
    outer loop
      vertex -4.31055 -3.49437 5.38432
      vertex -4.8536 -3.30885 5.69515
      vertex -4.65702 -3.1479 5.73079
    endloop
  endfacet
  facet normal -0.559704 0.234976 -0.794681
    outer loop
      vertex -4.65702 -3.1479 5.73079
      vertex -4.13534 -3.26388 5.32907
      vertex -4.31055 -3.49437 5.38432
    endloop
  endfacet
  facet normal -0.559704 0.234976 -0.794681
    outer loop
      vertex -4.13534 -3.26388 5.32907
      vertex -4.65702 -3.1479 5.73079
      vertex -4.4818 -2.91742 5.67553
    endloop
  endfacet
  facet normal -0.457403 -0.814438 0.357035
    outer loop
      vertex -4.50728 -2.91524 5.64786
      vertex -4.13534 -3.26388 5.32907
      vertex -4.4818 -2.91742 5.67553
    endloop
  endfacet
  facet normal -0.457429 -0.814437 0.357004
    outer loop
      vertex -4.13534 -3.26388 5.32907
      vertex -4.50728 -2.91524 5.64786
      vertex -4.46681 -3.23547 4.96917
    endloop
  endfacet
  facet normal -0.457432 -0.814435 0.357003
    outer loop
      vertex -4.50728 -2.91524 5.64786
      vertex -4.81327 -2.88901 5.31563
      vertex -4.46681 -3.23547 4.96917
    endloop
  endfacet
  facet normal 0.587625 -0.197128 0.784753
    outer loop
      vertex -4.81937 -2.89752 5.31806
      vertex -4.46681 -3.23547 4.96917
      vertex -4.81327 -2.88901 5.31563
    endloop
  endfacet
  facet normal 0.587844 -0.196812 0.784668
    outer loop
      vertex -4.46681 -3.23547 4.96917
      vertex -4.81937 -2.89752 5.31806
      vertex -4.54605 -3.34628 5.00074
    endloop
  endfacet
  facet normal 0.587856 -0.196801 0.784662
    outer loop
      vertex -4.81937 -2.89752 5.31806
      vertex -4.89251 -2.99981 5.3472
      vertex -4.54605 -3.34628 5.00074
    endloop
  endfacet
  facet normal 0.332536 -0.479529 0.812079
    outer loop
      vertex -4.89966 -3.00614 5.34639
      vertex -4.54605 -3.34628 5.00074
      vertex -4.89251 -2.99981 5.3472
    endloop
  endfacet
  facet normal 0.332289 -0.479753 0.812047
    outer loop
      vertex -4.54605 -3.34628 5.00074
      vertex -4.89966 -3.00614 5.34639
      vertex -4.63905 -3.42867 4.99012
    endloop
  endfacet
  facet normal 0.332241 -0.479784 0.812049
    outer loop
      vertex -4.89966 -3.00614 5.34639
      vertex -4.98552 -3.0822 5.33658
      vertex -4.63905 -3.42867 4.99012
    endloop
  endfacet
  facet normal 0.00268179 -0.705752 0.708454
    outer loop
      vertex -4.98552 -3.0822 5.33658
      vertex -4.74074 -3.47981 4.93956
      vertex -4.63905 -3.42867 4.99012
    endloop
  endfacet
  facet normal 0.00305945 -0.705634 0.708569
    outer loop
      vertex -4.74074 -3.47981 4.93956
      vertex -4.98552 -3.0822 5.33658
      vertex -4.99333 -3.08613 5.3327
    endloop
  endfacet
  facet normal 0.00271152 -0.705747 0.708459
    outer loop
      vertex -4.99333 -3.08613 5.3327
      vertex -5.08721 -3.13334 5.28603
      vertex -4.74074 -3.47981 4.93956
    endloop
  endfacet
  facet normal -0.296763 -0.807129 0.510367
    outer loop
      vertex -5.09529 -3.13465 5.27926
      vertex -4.74074 -3.47981 4.93956
      vertex -5.08721 -3.13334 5.28603
    endloop
  endfacet
  facet normal -0.296923 -0.807158 0.510228
    outer loop
      vertex -4.74074 -3.47981 4.93956
      vertex -5.09529 -3.13465 5.27926
      vertex -4.84598 -3.49685 4.85136
    endloop
  endfacet
  facet normal -0.296939 -0.807158 0.510219
    outer loop
      vertex -5.09529 -3.13465 5.27926
      vertex -5.19245 -3.15038 5.19783
      vertex -4.84598 -3.49685 4.85136
    endloop
  endfacet
  facet normal -0.509325 -0.80733 0.298005
    outer loop
      vertex -5.28439 -3.1328 5.08832
      vertex -4.84598 -3.49685 4.85136
      vertex -5.19245 -3.15038 5.19783
    endloop
  endfacet
  facet normal -0.509325 -0.80733 0.298005
    outer loop
      vertex -4.84598 -3.49685 4.85136
      vertex -5.28439 -3.1328 5.08832
      vertex -4.93792 -3.47927 4.74185
    endloop
  endfacet
  facet normal -0.720342 -0.693083 -0.0272585
    outer loop
      vertex -4.93792 -3.47927 4.74185
      vertex -5.33137 -3.08005 4.98859
      vertex -4.9849 -3.42652 4.64212
    endloop
  endfacet
  facet normal -0.720342 -0.693083 -0.0272585
    outer loop
      vertex -5.33137 -3.08005 4.98859
      vertex -4.93792 -3.47927 4.74185
      vertex -5.28439 -3.1328 5.08832
    endloop
  endfacet
  facet normal -0.816136 -0.429188 -0.386936
    outer loop
      vertex -4.9849 -3.42652 4.64212
      vertex -5.3343 -2.99643 4.90203
      vertex -4.98784 -3.3429 4.55557
    endloop
  endfacet
  facet normal -0.816133 -0.429168 -0.386965
    outer loop
      vertex -5.3343 -2.99643 4.90203
      vertex -4.9849 -3.42652 4.64212
      vertex -5.33137 -3.08005 4.98859
    endloop
  endfacet
  facet normal -0.761673 -0.126101 -0.635573
    outer loop
      vertex -4.94764 -3.23264 4.48552
      vertex -5.3343 -2.99643 4.90203
      vertex -5.2941 -2.88618 4.83198
    endloop
  endfacet
  facet normal -0.761672 -0.126092 -0.635576
    outer loop
      vertex -5.3343 -2.99643 4.90203
      vertex -4.94764 -3.23264 4.48552
      vertex -4.98784 -3.3429 4.55557
    endloop
  endfacet
  facet normal -0.619794 0.15042 -0.770214
    outer loop
      vertex -5.2941 -2.88618 4.83198
      vertex -4.87108 -3.11703 4.44649
      vertex -4.94764 -3.23264 4.48552
    endloop
  endfacet
  facet normal -0.619773 0.15047 -0.770221
    outer loop
      vertex -4.87108 -3.11703 4.44649
      vertex -5.2941 -2.88618 4.83198
      vertex -5.21753 -2.77058 4.79295
    endloop
  endfacet
  facet normal -0.315445 0.494473 -0.809933
    outer loop
      vertex -4.87108 -3.11703 4.44649
      vertex -5.11854 -2.68516 4.80653
      vertex -4.77209 -3.03162 4.46008
    endloop
  endfacet
  facet normal -0.315533 0.494421 -0.80993
    outer loop
      vertex -5.11854 -2.68516 4.80653
      vertex -4.87108 -3.11703 4.44649
      vertex -5.21753 -2.77058 4.79295
    endloop
  endfacet
  facet normal 0.0565332 0.733676 -0.677143
    outer loop
      vertex -4.77209 -3.03162 4.46008
      vertex -4.99867 -2.63244 4.87367
      vertex -4.65222 -2.97889 4.52722
    endloop
  endfacet
  facet normal 0.0565809 0.733687 -0.677128
    outer loop
      vertex -4.99867 -2.63244 4.87367
      vertex -4.77209 -3.03162 4.46008
      vertex -5.11854 -2.68516 4.80653
    endloop
  endfacet
  facet normal 0.323552 0.810995 -0.487443
    outer loop
      vertex -4.65222 -2.97889 4.52722
      vertex -4.8595 -2.61487 4.99528
      vertex -4.51305 -2.96132 4.64883
    endloop
  endfacet
  facet normal 0.323552 0.810995 -0.487443
    outer loop
      vertex -4.8595 -2.61487 4.99528
      vertex -4.65222 -2.97889 4.52722
      vertex -4.99867 -2.63244 4.87367
    endloop
  endfacet
  facet normal 0.408248 0.816497 -0.408248
    outer loop
      vertex -4.39987 -2.96132 4.76201
      vertex -4.8595 -2.61487 4.99528
      vertex -4.74632 -2.61487 5.10846
    endloop
  endfacet
  facet normal 0.408248 0.816497 -0.408248
    outer loop
      vertex -4.8595 -2.61487 4.99528
      vertex -4.39987 -2.96132 4.76201
      vertex -4.51305 -2.96132 4.64883
    endloop
  endfacet
  facet normal -0.707107 -1.28836e-15 -0.707107
    outer loop
      vertex -4.74632 -2.61487 5.10846
      vertex -4.23866 -2.63886 4.6008
      vertex -4.39987 -2.96132 4.76201
    endloop
  endfacet
  facet normal -0.707107 -2.14237e-05 -0.707106
    outer loop
      vertex -4.23866 -2.63886 4.6008
      vertex -4.74632 -2.61487 5.10846
      vertex -4.5851 -2.29243 4.94723
    endloop
  endfacet
  facet normal -0.408244 -0.816501 0.408244
    outer loop
      vertex -4.70567 -2.29243 4.82666
      vertex -4.23866 -2.63886 4.6008
      vertex -4.5851 -2.29243 4.94723
    endloop
  endfacet
  facet normal -0.408244 -0.816501 0.408244
    outer loop
      vertex -4.23866 -2.63886 4.6008
      vertex -4.70567 -2.29243 4.82666
      vertex -4.35923 -2.63886 4.48023
    endloop
  endfacet
  facet normal -0.480815 -0.811912 0.331083
    outer loop
      vertex -4.84132 -2.27466 4.67324
      vertex -4.35923 -2.63886 4.48023
      vertex -4.70567 -2.29243 4.82666
    endloop
  endfacet
  facet normal -0.480786 -0.811905 0.331143
    outer loop
      vertex -4.35923 -2.63886 4.48023
      vertex -4.84132 -2.27466 4.67324
      vertex -4.49489 -2.6211 4.32681
    endloop
  endfacet
  facet normal -0.660003 -0.746289 0.0863074
    outer loop
      vertex -4.91863 -2.22139 4.54266
      vertex -4.49489 -2.6211 4.32681
      vertex -4.84132 -2.27466 4.67324
    endloop
  endfacet
  facet normal -0.660018 -0.746281 0.0862626
    outer loop
      vertex -4.49489 -2.6211 4.32681
      vertex -4.91863 -2.22139 4.54266
      vertex -4.5722 -2.56782 4.19623
    endloop
  endfacet
  facet normal -0.804321 -0.523817 -0.280504
    outer loop
      vertex -4.5722 -2.56782 4.19623
      vertex -4.93806 -2.13476 4.4366
      vertex -4.59163 -2.48119 4.09017
    endloop
  endfacet
  facet normal -0.804321 -0.523817 -0.280504
    outer loop
      vertex -4.93806 -2.13476 4.4366
      vertex -4.5722 -2.56782 4.19623
      vertex -4.91863 -2.22139 4.54266
    endloop
  endfacet
  facet normal -0.774624 -0.163778 -0.610847
    outer loop
      vertex -4.55359 -2.36329 4.01032
      vertex -4.93806 -2.13476 4.4366
      vertex -4.90002 -2.01686 4.35675
    endloop
  endfacet
  facet normal -0.774624 -0.163778 -0.610847
    outer loop
      vertex -4.93806 -2.13476 4.4366
      vertex -4.55359 -2.36329 4.01032
      vertex -4.59163 -2.48119 4.09017
    endloop
  endfacet
  facet normal -0.635722 0.125866 -0.761588
    outer loop
      vertex -4.90002 -2.01686 4.35675
      vertex -4.47263 -2.2358 3.96381
      vertex -4.55359 -2.36329 4.01032
    endloop
  endfacet
  facet normal -0.635707 0.125904 -0.761593
    outer loop
      vertex -4.47263 -2.2358 3.96381
      vertex -4.90002 -2.01686 4.35675
      vertex -4.81904 -1.88938 4.31023
    endloop
  endfacet
  facet normal -0.363225 0.451681 -0.814894
    outer loop
      vertex -4.47263 -2.2358 3.96381
      vertex -4.72245 -1.79953 4.31698
      vertex -4.37603 -2.14594 3.97056
    endloop
  endfacet
  facet normal -0.363219 0.451685 -0.814894
    outer loop
      vertex -4.72245 -1.79953 4.31698
      vertex -4.47263 -2.2358 3.96381
      vertex -4.81904 -1.88938 4.31023
    endloop
  endfacet
  facet normal 0.0122413 0.713148 -0.700906
    outer loop
      vertex -4.37603 -2.14594 3.97056
      vertex -4.6131 -1.74627 4.37307
      vertex -4.26668 -2.09268 4.02666
    endloop
  endfacet
  facet normal 0.0121918 0.713134 -0.700922
    outer loop
      vertex -4.6131 -1.74627 4.37307
      vertex -4.37603 -2.14594 3.97056
      vertex -4.72245 -1.79953 4.31698
    endloop
  endfacet
  facet normal 0.306831 0.8087 -0.501855
    outer loop
      vertex -4.26668 -2.09268 4.02666
      vertex -4.49381 -1.72852 4.47461
      vertex -4.1474 -2.07493 4.12819
    endloop
  endfacet
  facet normal 0.306843 0.8087 -0.501848
    outer loop
      vertex -4.49381 -1.72852 4.47461
      vertex -4.26668 -2.09268 4.02666
      vertex -4.6131 -1.74627 4.37307
    endloop
  endfacet
  facet normal 0.60318 0.778169 -0.175006
    outer loop
      vertex -3.98694 -2.14702 4.36073
      vertex -4.49381 -1.72852 4.47461
      vertex -4.33335 -1.8006 4.70715
    endloop
  endfacet
  facet normal 0.603187 0.77817 -0.174977
    outer loop
      vertex -4.49381 -1.72852 4.47461
      vertex -3.98694 -2.14702 4.36073
      vertex -4.1474 -2.07493 4.12819
    endloop
  endfacet
  facet normal 0.813495 0.346086 0.467386
    outer loop
      vertex -4.35383 -2.01686 4.90293
      vertex -3.98694 -2.14702 4.36073
      vertex -4.33335 -1.8006 4.70715
    endloop
  endfacet
  facet normal 0.813492 0.346102 0.46738
    outer loop
      vertex -3.98694 -2.14702 4.36073
      vertex -4.35383 -2.01686 4.90293
      vertex -4.00741 -2.36329 4.55651
    endloop
  endfacet
  facet normal 0.345105 0.813398 -0.468279
    outer loop
      vertex -4.00741 -2.36329 4.55651
      vertex -3.98423 -1.98135 5.23702
      vertex -3.63781 -2.32777 4.89059
    endloop
  endfacet
  facet normal 0.345137 0.813388 -0.468275
    outer loop
      vertex -3.98423 -1.98135 5.23702
      vertex -4.00741 -2.36329 4.55651
      vertex -4.35383 -2.01686 4.90293
    endloop
  endfacet
  facet normal -0.793177 -0.228774 -0.564387
    outer loop
      vertex -3.57676 -2.08077 4.70467
      vertex -3.98423 -1.98135 5.23702
      vertex -3.92317 -1.73436 5.05109
    endloop
  endfacet
  facet normal -0.793177 -0.228774 -0.564387
    outer loop
      vertex -3.98423 -1.98135 5.23702
      vertex -3.57676 -2.08077 4.70467
      vertex -3.63781 -2.32777 4.89059
    endloop
  endfacet
  facet normal -0.804631 -0.522426 -0.282205
    outer loop
      vertex -3.57676 -2.08077 4.70467
      vertex -3.96324 -1.55307 4.82972
      vertex -3.61684 -1.89947 4.48332
    endloop
  endfacet
  facet normal -0.804633 -0.522429 -0.282195
    outer loop
      vertex -3.96324 -1.55307 4.82972
      vertex -3.57676 -2.08077 4.70467
      vertex -3.92317 -1.73436 5.05109
    endloop
  endfacet
  facet normal -0.680802 -0.730762 0.0499603
    outer loop
      vertex -4.10102 -1.44174 4.58062
      vertex -3.61684 -1.89947 4.48332
      vertex -3.96324 -1.55307 4.82972
    endloop
  endfacet
  facet normal -0.680802 -0.730762 0.0499603
    outer loop
      vertex -3.61684 -1.89947 4.48332
      vertex -4.10102 -1.44174 4.58062
      vertex -3.75462 -1.78814 4.23422
    endloop
  endfacet
  facet normal -0.494867 -0.809866 0.314999
    outer loop
      vertex -4.3331 -1.40463 4.31143
      vertex -3.75462 -1.78814 4.23422
      vertex -4.10102 -1.44174 4.58062
    endloop
  endfacet
  facet normal -0.494867 -0.809866 0.314999
    outer loop
      vertex -3.75462 -1.78814 4.23422
      vertex -4.3331 -1.40463 4.31143
      vertex -3.9867 -1.75103 3.96503
    endloop
  endfacet
  facet normal -0.315881 -0.809978 0.49412
    outer loop
      vertex -4.26729 -1.78939 3.72279
      vertex -4.3331 -1.40463 4.31143
      vertex -4.61369 -1.44298 4.06919
    endloop
  endfacet
  facet normal -0.315857 -0.809984 0.494127
    outer loop
      vertex -4.3331 -1.40463 4.31143
      vertex -4.26729 -1.78939 3.72279
      vertex -3.9867 -1.75103 3.96503
    endloop
  endfacet
  facet normal 0.577344 0.577361 -0.577346
    outer loop
      vertex -2.87268 4.05031 -5.02294
      vertex -3.00176 4.43594 -4.76638
      vertex -2.77235 4.06843 -4.90449
    endloop
  endfacet
  facet normal 0.577292 0.57738 -0.57738
    outer loop
      vertex -1.76735 3.36792 -4.60013
      vertex -2.09549 3.53197 -4.76417
      vertex -2.09549 4.33652 -3.95962
    endloop
  endfacet
  facet normal 0.57729 0.577368 -0.577392
    outer loop
      vertex -3.32547 4.96943 -4.55655
      vertex -3.47303 5.35905 -4.31448
      vertex -3.20489 4.93668 -4.46874
    endloop
  endfacet
  facet normal 0.577312 0.577359 -0.57738
    outer loop
      vertex -2.09549 4.33652 -3.95962
      vertex -2.21409 4.72228 -3.69246
      vertex -2.04434 4.71937 -3.52564
    endloop
  endfacet
  facet normal 0.577279 0.577385 -0.577387
    outer loop
      vertex -3.10227 4.07437 -5.22844
      vertex -3.2191 4.47139 -4.94823
      vertex -3.11149 4.4359 -4.87613
    endloop
  endfacet
  facet normal 0.577288 0.577392 -0.577371
    outer loop
      vertex -3.23615 4.12931 -5.30737
      vertex -3.47338 4.28543 -5.38844
      vertex -3.2191 4.47139 -4.94823
    endloop
  endfacet
  facet normal 0.577279 0.577401 -0.577371
    outer loop
      vertex -3.65094 4.48676 -5.36466
      vertex -3.76175 4.72484 -5.23736
      vertex -3.41513 4.6263 -4.98934
    endloop
  endfacet
  facet normal 0.577319 0.577354 -0.577378
    outer loop
      vertex -3.47338 4.28543 -5.38844
      vertex -3.65094 4.48676 -5.36466
      vertex -3.41513 4.6263 -4.98934
    endloop
  endfacet
  facet normal 0.577302 0.577369 -0.57738
    outer loop
      vertex -3.76175 4.72484 -5.23736
      vertex -3.79868 4.99119 -5.00794
      vertex -3.48048 4.82965 -4.85132
    endloop
  endfacet
  facet normal 0.57732 0.577375 -0.577356
    outer loop
      vertex -3.10227 4.07437 -5.22844
      vertex -3.23615 4.12931 -5.30737
      vertex -3.2191 4.47139 -4.94823
    endloop
  endfacet
  facet normal 0.577312 0.577391 -0.577349
    outer loop
      vertex -3.46326 4.91868 -4.74508
      vertex -3.7621 5.20525 -4.75731
      vertex -3.41158 4.96434 -4.64774
    endloop
  endfacet
  facet normal 0.577287 0.577381 -0.577383
    outer loop
      vertex -3.10227 4.07437 -5.22844
      vertex -3.11149 4.4359 -4.87613
      vertex -2.98188 4.05017 -5.13227
    endloop
  endfacet
  facet normal 0.577295 0.577368 -0.577388
    outer loop
      vertex -3.32547 4.96943 -4.55655
      vertex -3.65236 5.32829 -4.52454
      vertex -3.47303 5.35905 -4.31448
    endloop
  endfacet
  facet normal 0.577317 0.577374 -0.57736
    outer loop
      vertex -3.20489 4.93668 -4.46874
      vertex -3.47303 5.35905 -4.31448
      vertex -3.22762 5.29618 -4.13196
    endloop
  endfacet
  facet normal 0.577317 0.57737 -0.577364
    outer loop
      vertex -2.67949 4.10121 -4.77887
      vertex -3.00176 4.43594 -4.76638
      vertex -2.87605 4.4735 -4.60312
    endloop
  endfacet
  facet normal 0.577298 0.577348 -0.577404
    outer loop
      vertex -2.59267 4.1453 -4.64796
      vertex -2.87605 4.4735 -4.60312
      vertex -2.50992 4.1942 -4.51633
    endloop
  endfacet
  facet normal 0.577299 0.577378 -0.577373
    outer loop
      vertex -2.50992 4.1942 -4.51633
      vertex -2.72051 4.55058 -4.37051
      vertex -2.42929 4.24138 -4.38853
    endloop
  endfacet
  facet normal 0.577299 0.577378 -0.577374
    outer loop
      vertex -2.42929 4.24138 -4.38853
      vertex -2.72051 4.55058 -4.37051
      vertex -2.3494 4.2837 -4.26633
    endloop
  endfacet
  facet normal 0.577306 0.577369 -0.577375
    outer loop
      vertex -2.3494 4.2837 -4.26633
      vertex -2.54651 4.6369 -4.11022
      vertex -2.26879 4.31798 -4.15145
    endloop
  endfacet
  facet normal 0.577307 0.57737 -0.577374
    outer loop
      vertex -2.26879 4.31798 -4.15145
      vertex -2.37958 4.69445 -3.88576
      vertex -2.18499 4.33774 -4.0479
    endloop
  endfacet
  facet normal 0.577304 0.577375 -0.577372
    outer loop
      vertex -3.41158 4.96434 -4.64774
      vertex -3.65236 5.32829 -4.52454
      vertex -3.32547 4.96943 -4.55655
    endloop
  endfacet
  facet normal 0.577307 0.577375 -0.577368
    outer loop
      vertex -3.41158 4.96434 -4.64774
      vertex -3.7621 5.20525 -4.75731
      vertex -3.65236 5.32829 -4.52454
    endloop
  endfacet
  facet normal 0.577295 0.577372 -0.577384
    outer loop
      vertex -3.46326 4.91868 -4.74508
      vertex -3.79868 4.99119 -5.00794
      vertex -3.7621 5.20525 -4.75731
    endloop
  endfacet
  facet normal 0.577302 0.577351 -0.577398
    outer loop
      vertex -3.48048 4.82965 -4.85132
      vertex -3.79868 4.99119 -5.00794
      vertex -3.46326 4.91868 -4.74508
    endloop
  endfacet
  facet normal 0.57728 0.577399 -0.577372
    outer loop
      vertex -3.41513 4.6263 -4.98934
      vertex -3.76175 4.72484 -5.23736
      vertex -3.48048 4.82965 -4.85132
    endloop
  endfacet
  facet normal 0.577326 0.57735 -0.577375
    outer loop
      vertex -3.2191 4.47139 -4.94823
      vertex -3.47338 4.28543 -5.38844
      vertex -3.41513 4.6263 -4.98934
    endloop
  endfacet
  facet normal 0.577287 0.577372 -0.577392
    outer loop
      vertex -2.87268 4.05031 -5.02294
      vertex -3.11149 4.4359 -4.87613
      vertex -3.00176 4.43594 -4.76638
    endloop
  endfacet
  facet normal 0.577311 0.577376 -0.577364
    outer loop
      vertex -2.98188 4.05017 -5.13227
      vertex -3.11149 4.4359 -4.87613
      vertex -2.87268 4.05031 -5.02294
    endloop
  endfacet
  facet normal 0.577296 0.577352 -0.577403
    outer loop
      vertex -2.77235 4.06843 -4.90449
      vertex -3.00176 4.43594 -4.76638
      vertex -2.67949 4.10121 -4.77887
    endloop
  endfacet
  facet normal 0.577334 0.577371 -0.577346
    outer loop
      vertex -2.67949 4.10121 -4.77887
      vertex -2.87605 4.4735 -4.60312
      vertex -2.59267 4.1453 -4.64796
    endloop
  endfacet
  facet normal 0.577312 0.57738 -0.577359
    outer loop
      vertex -2.50992 4.1942 -4.51633
      vertex -2.87605 4.4735 -4.60312
      vertex -2.72051 4.55058 -4.37051
    endloop
  endfacet
  facet normal 0.577296 0.577369 -0.577386
    outer loop
      vertex -2.3494 4.2837 -4.26633
      vertex -2.72051 4.55058 -4.37051
      vertex -2.54651 4.6369 -4.11022
    endloop
  endfacet
  facet normal 0.577307 0.57737 -0.577374
    outer loop
      vertex -2.26879 4.31798 -4.15145
      vertex -2.54651 4.6369 -4.11022
      vertex -2.37958 4.69445 -3.88576
    endloop
  endfacet
  facet normal 0.57734 0.577372 -0.577339
    outer loop
      vertex -2.18499 4.33774 -4.0479
      vertex -2.37958 4.69445 -3.88576
      vertex -2.09549 4.33652 -3.95962
    endloop
  endfacet
  facet normal 0.577313 0.577359 -0.577379
    outer loop
      vertex -2.09549 4.33652 -3.95962
      vertex -2.37958 4.69445 -3.88576
      vertex -2.21409 4.72228 -3.69246
    endloop
  endfacet
  facet normal 0.577309 0.577361 -0.577381
    outer loop
      vertex -1.76735 4.58089 -3.38716
      vertex -2.09549 4.33652 -3.95962
      vertex -2.04434 4.71937 -3.52564
    endloop
  endfacet
  facet normal 0.577292 0.57738 -0.57738
    outer loop
      vertex -1.76735 3.36792 -4.60013
      vertex -2.09549 4.33652 -3.95962
      vertex -1.76735 4.58089 -3.38716
    endloop
  endfacet
  facet normal 0.816493 -0.408252 0.408252
    outer loop
      vertex -2.09549 3.53197 -4.76417
      vertex -1.74907 3.94033 -5.04864
      vertex -2.09549 4.33652 -3.95962
    endloop
  endfacet
  facet normal 0.816493 -0.408252 0.408252
    outer loop
      vertex -1.74907 3.94033 -5.04864
      vertex -2.09549 3.53197 -4.76417
      vertex -1.74907 3.87838 -5.11059
    endloop
  endfacet
  facet normal 0.816497 -0.408246 0.408251
    outer loop
      vertex -1.74907 4.68294 -4.30604
      vertex -2.09549 4.33652 -3.95962
      vertex -1.74907 3.94033 -5.04864
    endloop
  endfacet
  facet normal -0.399792 0.816439 0.416647
    outer loop
      vertex -1.83857 4.68416 -4.39431
      vertex -2.09549 4.33652 -3.95962
      vertex -1.74907 4.68294 -4.30604
    endloop
  endfacet
  facet normal -0.399819 0.816435 0.416628
    outer loop
      vertex -2.09549 4.33652 -3.95962
      vertex -1.83857 4.68416 -4.39431
      vertex -2.18499 4.33774 -4.0479
    endloop
  endfacet
  facet normal -0.528658 0.803206 0.274555
    outer loop
      vertex -1.83857 4.68416 -4.39431
      vertex -2.26879 4.31798 -4.15145
      vertex -2.18499 4.33774 -4.0479
    endloop
  endfacet
  facet normal -0.528668 0.803206 0.274537
    outer loop
      vertex -2.26879 4.31798 -4.15145
      vertex -1.83857 4.68416 -4.39431
      vertex -1.92237 4.6644 -4.49787
    endloop
  endfacet
  facet normal -0.596108 0.781263 0.185155
    outer loop
      vertex -1.92237 4.6644 -4.49787
      vertex -2.3494 4.2837 -4.26633
      vertex -2.26879 4.31798 -4.15145
    endloop
  endfacet
  facet normal -0.596126 0.781259 0.185116
    outer loop
      vertex -2.3494 4.2837 -4.26633
      vertex -1.92237 4.6644 -4.49787
      vertex -2.00297 4.63012 -4.61275
    endloop
  endfacet
  facet normal -0.624869 0.767579 0.142691
    outer loop
      vertex -2.00297 4.63012 -4.61275
      vertex -2.42929 4.24138 -4.38853
      vertex -2.3494 4.2837 -4.26633
    endloop
  endfacet
  facet normal -0.624838 0.76759 0.142769
    outer loop
      vertex -2.42929 4.24138 -4.38853
      vertex -2.00297 4.63012 -4.61275
      vertex -2.08287 4.58781 -4.73496
    endloop
  endfacet
  facet normal -0.638178 0.760161 0.122002
    outer loop
      vertex -2.08287 4.58781 -4.73496
      vertex -2.50992 4.1942 -4.51633
      vertex -2.42929 4.24138 -4.38853
    endloop
  endfacet
  facet normal -0.638192 0.760155 0.121963
    outer loop
      vertex -2.50992 4.1942 -4.51633
      vertex -2.08287 4.58781 -4.73496
      vertex -2.16349 4.54063 -4.86276
    endloop
  endfacet
  facet normal -0.639487 0.759393 0.119906
    outer loop
      vertex -2.16349 4.54063 -4.86276
      vertex -2.59267 4.1453 -4.64796
      vertex -2.50992 4.1942 -4.51633
    endloop
  endfacet
  facet normal -0.639487 0.759393 0.119906
    outer loop
      vertex -2.59267 4.1453 -4.64796
      vertex -2.16349 4.54063 -4.86276
      vertex -2.24623 4.49174 -4.9944
    endloop
  endfacet
  facet normal -0.619271 0.77048 0.151208
    outer loop
      vertex -2.24623 4.49174 -4.9944
      vertex -2.67949 4.10121 -4.77887
      vertex -2.59267 4.1453 -4.64796
    endloop
  endfacet
  facet normal -0.619275 0.770479 0.151199
    outer loop
      vertex -2.67949 4.10121 -4.77887
      vertex -2.24623 4.49174 -4.9944
      vertex -2.33306 4.44764 -5.12531
    endloop
  endfacet
  facet normal -0.572943 0.790261 0.217312
    outer loop
      vertex -2.33306 4.44764 -5.12531
      vertex -2.77235 4.06843 -4.90449
      vertex -2.67949 4.10121 -4.77887
    endloop
  endfacet
  facet normal -0.573014 0.790252 0.217155
    outer loop
      vertex -2.77235 4.06843 -4.90449
      vertex -2.33306 4.44764 -5.12531
      vertex -2.3402 4.44512 -5.13498
    endloop
  endfacet
  facet normal -0.572905 0.790268 0.217386
    outer loop
      vertex -2.42591 4.41488 -5.25093
      vertex -2.77235 4.06843 -4.90449
      vertex -2.3402 4.44512 -5.13498
    endloop
  endfacet
  facet normal -0.504976 0.808134 0.303181
    outer loop
      vertex -2.43362 4.41348 -5.26004
      vertex -2.77235 4.06843 -4.90449
      vertex -2.42591 4.41488 -5.25093
    endloop
  endfacet
  facet normal -0.50452 0.808223 0.303702
    outer loop
      vertex -2.77235 4.06843 -4.90449
      vertex -2.43362 4.41348 -5.26004
      vertex -2.87268 4.05031 -5.02294
    endloop
  endfacet
  facet normal -0.504537 0.808224 0.303673
    outer loop
      vertex -2.52623 4.39675 -5.36938
      vertex -2.87268 4.05031 -5.02294
      vertex -2.43362 4.41348 -5.26004
    endloop
  endfacet
  facet normal -0.40901 0.8165 0.407478
    outer loop
      vertex -2.52623 4.39675 -5.36938
      vertex -2.98188 4.05017 -5.13227
      vertex -2.87268 4.05031 -5.02294
    endloop
  endfacet
  facet normal -0.408995 0.816496 0.407501
    outer loop
      vertex -2.98188 4.05017 -5.13227
      vertex -2.52623 4.39675 -5.36938
      vertex -2.63543 4.39662 -5.47872
    endloop
  endfacet
  facet normal -0.266415 0.801614 0.535199
    outer loop
      vertex -2.75581 4.42082 -5.57489
      vertex -2.98188 4.05017 -5.13227
      vertex -2.63543 4.39662 -5.47872
    endloop
  endfacet
  facet normal -0.266399 0.801614 0.535207
    outer loop
      vertex -2.98188 4.05017 -5.13227
      vertex -2.75581 4.42082 -5.57489
      vertex -3.10227 4.07437 -5.22844
    endloop
  endfacet
  facet normal -0.0840198 0.745364 0.661342
    outer loop
      vertex -2.88969 4.47577 -5.65383
      vertex -3.10227 4.07437 -5.22844
      vertex -2.75581 4.42082 -5.57489
    endloop
  endfacet
  facet normal -0.0840247 0.745365 0.66134
    outer loop
      vertex -3.10227 4.07437 -5.22844
      vertex -2.88969 4.47577 -5.65383
      vertex -3.23615 4.12931 -5.30737
    endloop
  endfacet
  facet normal 0.146722 0.622235 0.768958
    outer loop
      vertex -2.90793 4.48777 -5.66006
      vertex -3.23615 4.12931 -5.30737
      vertex -2.88969 4.47577 -5.65383
    endloop
  endfacet
  facet normal 0.146714 0.62224 0.768955
    outer loop
      vertex -3.23615 4.12931 -5.30737
      vertex -2.90793 4.48777 -5.66006
      vertex -3.47338 4.28543 -5.38844
    endloop
  endfacet
  facet normal 0.146714 0.622241 0.768955
    outer loop
      vertex -3.12691 4.6319 -5.73491
      vertex -3.47338 4.28543 -5.38844
      vertex -2.90793 4.48777 -5.66006
    endloop
  endfacet
  facet normal 0.482391 0.329308 0.811699
    outer loop
      vertex -3.14055 4.64737 -5.73308
      vertex -3.47338 4.28543 -5.38844
      vertex -3.12691 4.6319 -5.73491
    endloop
  endfacet
  facet normal 0.482261 0.329447 0.81172
    outer loop
      vertex -3.47338 4.28543 -5.38844
      vertex -3.14055 4.64737 -5.73308
      vertex -3.65094 4.48676 -5.36466
    endloop
  endfacet
  facet normal 0.482254 0.329463 0.811717
    outer loop
      vertex -3.30447 4.83323 -5.71113
      vertex -3.65094 4.48676 -5.36466
      vertex -3.14055 4.64737 -5.73308
    endloop
  endfacet
  facet normal 0.722851 -0.0325972 0.690234
    outer loop
      vertex -3.76175 4.72484 -5.23736
      vertex -3.30447 4.83323 -5.71113
      vertex -3.41527 5.07132 -5.58385
    endloop
  endfacet
  facet normal 0.722854 -0.0326232 0.690231
    outer loop
      vertex -3.30447 4.83323 -5.71113
      vertex -3.76175 4.72484 -5.23736
      vertex -3.65094 4.48676 -5.36466
    endloop
  endfacet
  facet normal 0.809788 -0.314412 0.495367
    outer loop
      vertex -3.79868 4.99119 -5.00794
      vertex -3.41527 5.07132 -5.58385
      vertex -3.4522 5.33768 -5.35442
    endloop
  endfacet
  facet normal 0.809789 -0.314406 0.495369
    outer loop
      vertex -3.41527 5.07132 -5.58385
      vertex -3.79868 4.99119 -5.00794
      vertex -3.76175 4.72484 -5.23736
    endloop
  endfacet
  facet normal 0.809013 -0.500025 0.308988
    outer loop
      vertex -3.79868 4.99119 -5.00794
      vertex -3.41562 5.55173 -5.10379
      vertex -3.7621 5.20525 -4.75731
    endloop
  endfacet
  facet normal 0.809016 -0.50003 0.308972
    outer loop
      vertex -3.41562 5.55173 -5.10379
      vertex -3.79868 4.99119 -5.00794
      vertex -3.4522 5.33768 -5.35442
    endloop
  endfacet
  facet normal 0.720181 -0.693263 0.0269212
    outer loop
      vertex -3.7621 5.20525 -4.75731
      vertex -3.40719 5.56118 -5.08591
      vertex -3.65236 5.32829 -4.52454
    endloop
  endfacet
  facet normal 0.720162 -0.693285 0.0268776
    outer loop
      vertex -3.40719 5.56118 -5.08591
      vertex -3.7621 5.20525 -4.75731
      vertex -3.41562 5.55173 -5.10379
    endloop
  endfacet
  facet normal 0.720201 -0.693242 0.026939
    outer loop
      vertex -3.30589 5.67477 -4.87102
      vertex -3.65236 5.32829 -4.52454
      vertex -3.40719 5.56118 -5.08591
    endloop
  endfacet
  facet normal 0.500309 -0.808963 -0.308658
    outer loop
      vertex -3.65236 5.32829 -4.52454
      vertex -3.29211 5.67713 -4.85488
      vertex -3.47303 5.35905 -4.31448
    endloop
  endfacet
  facet normal 0.500211 -0.808977 -0.308781
    outer loop
      vertex -3.29211 5.67713 -4.85488
      vertex -3.65236 5.32829 -4.52454
      vertex -3.30589 5.67477 -4.87102
    endloop
  endfacet
  facet normal 0.500314 -0.808961 -0.308655
    outer loop
      vertex -3.12656 5.70552 -4.66094
      vertex -3.47303 5.35905 -4.31448
      vertex -3.29211 5.67713 -4.85488
    endloop
  endfacet
  facet normal 0.221245 -0.791271 -0.570036
    outer loop
      vertex -3.47303 5.35905 -4.31448
      vertex -3.1077 5.70069 -4.64692
      vertex -3.22762 5.29618 -4.13196
    endloop
  endfacet
  facet normal 0.221161 -0.791247 -0.570102
    outer loop
      vertex -3.1077 5.70069 -4.64692
      vertex -3.47303 5.35905 -4.31448
      vertex -3.12656 5.70552 -4.66094
    endloop
  endfacet
  facet normal 0.221254 -0.791271 -0.570033
    outer loop
      vertex -2.88116 5.64264 -4.47841
      vertex -3.22762 5.29618 -4.13196
      vertex -3.1077 5.70069 -4.64692
    endloop
  endfacet
  facet normal -0.815191 0.367696 -0.447508
    outer loop
      vertex -2.85843 5.28314 -4.8152
      vertex -3.22762 5.29618 -4.13196
      vertex -2.88116 5.64264 -4.47841
    endloop
  endfacet
  facet normal -0.815195 0.367685 -0.44751
    outer loop
      vertex -3.22762 5.29618 -4.13196
      vertex -2.85843 5.28314 -4.8152
      vertex -3.20489 4.93668 -4.46874
    endloop
  endfacet
  facet normal -0.208185 0.787828 0.579643
    outer loop
      vertex -2.97901 5.31589 -4.90302
      vertex -3.20489 4.93668 -4.46874
      vertex -2.85843 5.28314 -4.8152
    endloop
  endfacet
  facet normal -0.208149 0.787825 0.57966
    outer loop
      vertex -3.20489 4.93668 -4.46874
      vertex -2.97901 5.31589 -4.90302
      vertex -3.32547 4.96943 -4.55655
    endloop
  endfacet
  facet normal -0.442836 0.815494 0.372647
    outer loop
      vertex -2.97901 5.31589 -4.90302
      vertex -3.41158 4.96434 -4.64774
      vertex -3.32547 4.96943 -4.55655
    endloop
  endfacet
  facet normal -0.442799 0.815489 0.372702
    outer loop
      vertex -3.41158 4.96434 -4.64774
      vertex -2.97901 5.31589 -4.90302
      vertex -3.06512 5.31081 -4.99421
    endloop
  endfacet
  facet normal -0.692095 0.721218 0.0291421
    outer loop
      vertex -3.06512 5.31081 -4.99421
      vertex -3.46326 4.91868 -4.74508
      vertex -3.41158 4.96434 -4.64774
    endloop
  endfacet
  facet normal -0.692159 0.721164 0.0289555
    outer loop
      vertex -3.46326 4.91868 -4.74508
      vertex -3.06512 5.31081 -4.99421
      vertex -3.06909 5.3073 -5.00169
    endloop
  endfacet
  facet normal -0.692109 0.721207 0.0290978
    outer loop
      vertex -3.11679 5.26515 -5.09155
      vertex -3.46326 4.91868 -4.74508
      vertex -3.06909 5.3073 -5.00169
    endloop
  endfacet
  facet normal -0.807082 0.510614 -0.296468
    outer loop
      vertex -3.11812 5.25831 -5.09971
      vertex -3.46326 4.91868 -4.74508
      vertex -3.11679 5.26515 -5.09155
    endloop
  endfacet
  facet normal -0.807144 0.510311 -0.296818
    outer loop
      vertex -3.46326 4.91868 -4.74508
      vertex -3.11812 5.25831 -5.09971
      vertex -3.48048 4.82965 -4.85132
    endloop
  endfacet
  facet normal -0.807144 0.510291 -0.296853
    outer loop
      vertex -3.13401 5.17612 -5.19779
      vertex -3.48048 4.82965 -4.85132
      vertex -3.11812 5.25831 -5.09971
    endloop
  endfacet
  facet normal -0.775019 0.165002 -0.610017
    outer loop
      vertex -3.06867 4.97276 -5.33581
      vertex -3.48048 4.82965 -4.85132
      vertex -3.13401 5.17612 -5.19779
    endloop
  endfacet
  facet normal -0.775018 0.164977 -0.610024
    outer loop
      vertex -3.48048 4.82965 -4.85132
      vertex -3.06867 4.97276 -5.33581
      vertex -3.41513 4.6263 -4.98934
    endloop
  endfacet
  facet normal -0.259482 -0.540714 -0.800186
    outer loop
      vertex -3.41513 4.6263 -4.98934
      vertex -3.0536 4.96086 -5.33265
      vertex -3.2191 4.47139 -4.94823
    endloop
  endfacet
  facet normal -0.259308 -0.540859 -0.800144
    outer loop
      vertex -3.0536 4.96086 -5.33265
      vertex -3.41513 4.6263 -4.98934
      vertex -3.06867 4.97276 -5.33581
    endloop
  endfacet
  facet normal -0.259433 -0.540733 -0.800189
    outer loop
      vertex -2.87264 4.81785 -5.29468
      vertex -3.2191 4.47139 -4.94823
      vertex -3.0536 4.96086 -5.33265
    endloop
  endfacet
  facet normal 0.157385 -0.772531 -0.615164
    outer loop
      vertex -2.87264 4.81785 -5.29468
      vertex -3.11149 4.4359 -4.87613
      vertex -3.2191 4.47139 -4.94823
    endloop
  endfacet
  facet normal 0.157011 -0.772476 -0.615327
    outer loop
      vertex -3.11149 4.4359 -4.87613
      vertex -2.87264 4.81785 -5.29468
      vertex -2.86436 4.81512 -5.28914
    endloop
  endfacet
  facet normal 0.157354 -0.772531 -0.615172
    outer loop
      vertex -2.76503 4.78235 -5.22258
      vertex -3.11149 4.4359 -4.87613
      vertex -2.86436 4.81512 -5.28914
    endloop
  endfacet
  facet normal 0.408427 -0.816503 -0.408055
    outer loop
      vertex -3.11149 4.4359 -4.87613
      vertex -2.7566 4.78235 -5.21415
      vertex -3.00176 4.43594 -4.76638
    endloop
  endfacet
  facet normal 0.408244 -0.816501 -0.408244
    outer loop
      vertex -2.7566 4.78235 -5.21415
      vertex -3.11149 4.4359 -4.87613
      vertex -2.76503 4.78235 -5.22258
    endloop
  endfacet
  facet normal 0.40847 -0.816497 -0.408027
    outer loop
      vertex -2.65531 4.78239 -5.11283
      vertex -3.00176 4.43594 -4.76638
      vertex -2.7566 4.78235 -5.21415
    endloop
  endfacet
  facet normal 0.55357 -0.796566 -0.242988
    outer loop
      vertex -3.00176 4.43594 -4.76638
      vertex -2.52961 4.81994 -4.94957
      vertex -2.87605 4.4735 -4.60312
    endloop
  endfacet
  facet normal 0.553565 -0.796565 -0.243
    outer loop
      vertex -2.52961 4.81994 -4.94957
      vertex -3.00176 4.43594 -4.76638
      vertex -2.65531 4.78239 -5.11283
    endloop
  endfacet
  facet normal 0.616033 -0.772105 -0.156072
    outer loop
      vertex -2.87605 4.4735 -4.60312
      vertex -2.37407 4.89702 -4.71695
      vertex -2.72051 4.55058 -4.37051
    endloop
  endfacet
  facet normal 0.616034 -0.772105 -0.156066
    outer loop
      vertex -2.37407 4.89702 -4.71695
      vertex -2.87605 4.4735 -4.60312
      vertex -2.52961 4.81994 -4.94957
    endloop
  endfacet
  facet normal 0.616168 -0.772037 -0.155869
    outer loop
      vertex -2.72051 4.55058 -4.37051
      vertex -2.20008 4.98333 -4.45665
      vertex -2.54651 4.6369 -4.11022
    endloop
  endfacet
  facet normal 0.616168 -0.772037 -0.155869
    outer loop
      vertex -2.20008 4.98333 -4.45665
      vertex -2.72051 4.55058 -4.37051
      vertex -2.37407 4.89702 -4.71695
    endloop
  endfacet
  facet normal 0.570127 -0.791237 -0.221133
    outer loop
      vertex -2.54651 4.6369 -4.11022
      vertex -2.03316 5.04088 -4.23218
      vertex -2.37958 4.69445 -3.88576
    endloop
  endfacet
  facet normal 0.570135 -0.791239 -0.221104
    outer loop
      vertex -2.03316 5.04088 -4.23218
      vertex -2.54651 4.6369 -4.11022
      vertex -2.20008 4.98333 -4.45665
    endloop
  endfacet
  facet normal 0.49875 -0.809225 -0.310489
    outer loop
      vertex -2.37958 4.69445 -3.88576
      vertex -1.86768 5.0687 -4.03888
      vertex -2.21409 4.72228 -3.69246
    endloop
  endfacet
  facet normal 0.498746 -0.809223 -0.310501
    outer loop
      vertex -1.86768 5.0687 -4.03888
      vertex -2.37958 4.69445 -3.88576
      vertex -2.03316 5.04088 -4.23218
    endloop
  endfacet
  facet normal 0.397594 -0.816401 -0.418818
    outer loop
      vertex -1.86768 5.0687 -4.03888
      vertex -2.04434 4.71937 -3.52564
      vertex -2.21409 4.72228 -3.69246
    endloop
  endfacet
  facet normal 0.397578 -0.816404 -0.418826
    outer loop
      vertex -2.04434 4.71937 -3.52564
      vertex -1.86768 5.0687 -4.03888
      vertex -1.69793 5.06578 -3.87205
    endloop
  endfacet
  facet normal 0 -0.707107 -0.707107
    outer loop
      vertex -1.76735 4.58089 -3.38716
      vertex -1.69793 5.06578 -3.87205
      vertex -1.42095 4.92729 -3.73356
    endloop
  endfacet
  facet normal 9.5456e-16 -0.707107 -0.707107
    outer loop
      vertex -1.69793 5.06578 -3.87205
      vertex -1.76735 4.58089 -3.38716
      vertex -2.04434 4.71937 -3.52564
    endloop
  endfacet
  facet normal -0.816497 0.408248 -0.408248
    outer loop
      vertex -1.42095 3.71432 -4.94653
      vertex -1.76735 4.58089 -3.38716
      vertex -1.42095 4.92729 -3.73356
    endloop
  endfacet
  facet normal -0.816497 0.408248 -0.408248
    outer loop
      vertex -1.76735 4.58089 -3.38716
      vertex -1.42095 3.71432 -4.94653
      vertex -1.76735 3.36792 -4.60013
    endloop
  endfacet
  facet normal 0.000186547 0.707013 0.7072
    outer loop
      vertex -1.44622 3.72696 -4.95916
      vertex -1.76735 3.36792 -4.60013
      vertex -1.42095 3.71432 -4.94653
    endloop
  endfacet
  facet normal 8.08704e-06 0.707093 0.70712
    outer loop
      vertex -1.76735 3.36792 -4.60013
      vertex -1.44622 3.72696 -4.95916
      vertex -2.09549 3.53197 -4.76417
    endloop
  endfacet
  facet normal -8.76153e-06 0.707121 0.707092
    outer loop
      vertex -1.74907 3.87838 -5.11059
      vertex -2.09549 3.53197 -4.76417
      vertex -1.44622 3.72696 -4.95916
    endloop
  endfacet
  facet normal 0.577377 0.577362 -0.577311
    outer loop
      vertex 3.89048 4.38947 2.07929
      vertex 3.34471 4.63839 1.7824
      vertex 3.49314 4.78682 2.07929
    endloop
  endfacet
  facet normal 0.577376 0.577376 -0.577298
    outer loop
      vertex 3.34471 4.63839 1.7824
      vertex 3.89048 4.38947 2.07929
      vertex 4.23616 4.04379 2.07929
    endloop
  endfacet
  facet normal 0.577368 0.57737 -0.577313
    outer loop
      vertex 5.18458 4.16062 3.14467
      vertex 4.91864 4.72627 3.44441
      vertex 5.34153 4.31757 3.4586
    endloop
  endfacet
  facet normal 0.577377 0.57738 -0.577294
    outer loop
      vertex 5.34153 4.31757 3.4586
      vertex 4.91864 4.72627 3.44441
      vertex 5.06989 4.91446 3.7839
    endloop
  endfacet
  facet normal 0.577367 0.577381 -0.577303
    outer loop
      vertex 4.91864 4.72627 3.44441
      vertex 3.89048 4.38947 2.07929
      vertex 4.74268 5.24167 3.7839
    endloop
  endfacet
  facet normal 0.577379 0.577379 -0.577294
    outer loop
      vertex 4.91864 4.72627 3.44441
      vertex 4.74268 5.24167 3.7839
      vertex 5.06989 4.91446 3.7839
    endloop
  endfacet
  facet normal 0.577373 0.577373 -0.577305
    outer loop
      vertex 4.23616 4.04379 2.07929
      vertex 3.89048 4.38947 2.07929
      vertex 4.91864 4.72627 3.44441
    endloop
  endfacet
  facet normal 0.57737 0.57737 -0.577311
    outer loop
      vertex 4.51706 3.46603 1.7824
      vertex 4.23616 4.04379 2.07929
      vertex 4.66549 3.61446 2.07929
    endloop
  endfacet
  facet normal 0.577375 0.57737 -0.577307
    outer loop
      vertex 4.51706 3.46603 1.7824
      vertex 3.34471 4.63839 1.7824
      vertex 4.23616 4.04379 2.07929
    endloop
  endfacet
  facet normal -0.408253 -0.408243 -0.816497
    outer loop
      vertex 3.89048 4.38947 2.07929
      vertex 3.83955 5.13323 1.73288
      vertex 4.23689 4.73588 1.73288
    endloop
  endfacet
  facet normal -0.408253 -0.408243 -0.816497
    outer loop
      vertex 3.83955 5.13323 1.73288
      vertex 3.89048 4.38947 2.07929
      vertex 3.49314 4.78682 2.07929
    endloop
  endfacet
  facet normal 0.707114 -0.7071 -6.80214e-06
    outer loop
      vertex 3.89048 4.38947 2.07929
      vertex 5.08916 5.58816 3.43742
      vertex 4.74268 5.24167 3.7839
    endloop
  endfacet
  facet normal 0.707108 -0.707105 2.76558e-06
    outer loop
      vertex 5.08916 5.58816 3.43742
      vertex 3.89048 4.38947 2.07929
      vertex 4.23689 4.73588 1.73288
    endloop
  endfacet
  facet normal -0.408244 -0.408244 -0.816501
    outer loop
      vertex 5.06989 4.91446 3.7839
      vertex 5.08916 5.58816 3.43742
      vertex 5.41638 5.26094 3.43742
    endloop
  endfacet
  facet normal -0.408244 -0.408244 -0.816501
    outer loop
      vertex 5.08916 5.58816 3.43742
      vertex 5.06989 4.91446 3.7839
      vertex 4.74268 5.24167 3.7839
    endloop
  endfacet
  facet normal -0.727313 0.0423354 -0.684999
    outer loop
      vertex 5.688 4.66403 3.11213
      vertex 5.06989 4.91446 3.7839
      vertex 5.41638 5.26094 3.43742
    endloop
  endfacet
  facet normal -0.727316 0.0423212 -0.684996
    outer loop
      vertex 5.06989 4.91446 3.7839
      vertex 5.688 4.66403 3.11213
      vertex 5.34153 4.31757 3.4586
    endloop
  endfacet
  facet normal -0.7071 0.707114 -6.80322e-06
    outer loop
      vertex 5.18458 4.16062 3.14467
      vertex 5.688 4.66403 3.11213
      vertex 5.53104 4.50707 2.79821
    endloop
  endfacet
  facet normal -0.7071 0.707114 -6.8026e-06
    outer loop
      vertex 5.688 4.66403 3.11213
      vertex 5.18458 4.16062 3.14467
      vertex 5.34153 4.31757 3.4586
    endloop
  endfacet
  facet normal 0.720762 -0.0281515 0.692611
    outer loop
      vertex 4.91864 4.72627 3.44441
      vertex 5.53104 4.50707 2.79821
      vertex 5.26511 5.07273 3.09794
    endloop
  endfacet
  facet normal 0.720762 -0.0281515 0.692611
    outer loop
      vertex 5.53104 4.50707 2.79821
      vertex 4.91864 4.72627 3.44441
      vertex 5.18458 4.16062 3.14467
    endloop
  endfacet
  facet normal -0.707078 0.707136 3.81309e-05
    outer loop
      vertex 5.21265 5.02028 2.99303
      vertex 4.91864 4.72627 3.44441
      vertex 5.26511 5.07273 3.09794
    endloop
  endfacet
  facet normal -0.707107 0.707107 -6.08634e-16
    outer loop
      vertex 4.91864 4.72627 3.44441
      vertex 5.21265 5.02028 2.99303
      vertex 4.23616 4.04379 2.07929
    endloop
  endfacet
  facet normal -0.707102 0.707112 -1.0545e-05
    outer loop
      vertex 4.58258 4.3902 1.73288
      vertex 4.23616 4.04379 2.07929
      vertex 5.21265 5.02028 2.99303
    endloop
  endfacet
  facet normal -0.408248 -0.408248 -0.816497
    outer loop
      vertex 4.23616 4.04379 2.07929
      vertex 4.61563 4.35714 1.73288
      vertex 4.66549 3.61446 2.07929
    endloop
  endfacet
  facet normal -0.408306 -0.408183 -0.816501
    outer loop
      vertex 4.61563 4.35714 1.73288
      vertex 4.23616 4.04379 2.07929
      vertex 4.58258 4.3902 1.73288
    endloop
  endfacet
  facet normal -0.408239 -0.40825 -0.816501
    outer loop
      vertex 4.66549 3.61446 2.07929
      vertex 4.61563 4.35714 1.73288
      vertex 5.0119 3.96088 1.73288
    endloop
  endfacet
  facet normal -0.707114 0.7071 6.80427e-06
    outer loop
      vertex 4.51706 3.46603 1.7824
      vertex 5.0119 3.96088 1.73288
      vertex 4.86346 3.81244 1.436
    endloop
  endfacet
  facet normal -0.707114 0.7071 6.80362e-06
    outer loop
      vertex 5.0119 3.96088 1.73288
      vertex 4.51706 3.46603 1.7824
      vertex 4.66549 3.61446 2.07929
    endloop
  endfacet
  facet normal 0.408244 0.408244 0.816501
    outer loop
      vertex 3.69111 4.98479 1.436
      vertex 4.51706 3.46603 1.7824
      vertex 4.86346 3.81244 1.436
    endloop
  endfacet
  facet normal 0.40825 0.408247 0.816497
    outer loop
      vertex 4.51706 3.46603 1.7824
      vertex 3.69111 4.98479 1.436
      vertex 3.34471 4.63839 1.7824
    endloop
  endfacet
  facet normal 0.707107 -0.707107 -1.0178e-15
    outer loop
      vertex 3.34471 4.63839 1.7824
      vertex 3.83955 5.13323 1.73288
      vertex 3.49314 4.78682 2.07929
    endloop
  endfacet
  facet normal 0.707107 -0.707107 0
    outer loop
      vertex 3.83955 5.13323 1.73288
      vertex 3.34471 4.63839 1.7824
      vertex 3.69111 4.98479 1.436
    endloop
  endfacet
  facet normal 0.577381 0.577309 -0.57736
    outer loop
      vertex 4.73465 -3.19297 -4.65884
      vertex 3.69915 -2.48983 -4.9913
      vertex 3.97943 -2.48698 -4.70816
    endloop
  endfacet
  facet normal 0.577365 0.577303 -0.577383
    outer loop
      vertex 4.66754 -2.19009 -3.7232
      vertex 4.13401 -1.7824 -3.84908
      vertex 4.46372 -1.7824 -3.51938
    endloop
  endfacet
  facet normal 0.577365 0.577303 -0.577383
    outer loop
      vertex 4.13401 -1.7824 -3.84908
      vertex 4.66754 -2.19009 -3.7232
      vertex 4.33783 -2.19009 -4.0529
    endloop
  endfacet
  facet normal 0.577374 0.577325 -0.577353
    outer loop
      vertex 3.69915 -2.48983 -4.9913
      vertex 3.54929 -2.19009 -4.84144
      vertex 3.97943 -2.48698 -4.70816
    endloop
  endfacet
  facet normal 0.577397 0.577355 -0.577299
    outer loop
      vertex 4.96533 -3.42308 -4.65826
      vertex 4.94164 -3.38153 -4.6404
      vertex 5.46435 -3.7839 -4.52001
    endloop
  endfacet
  facet normal 0.577376 0.577298 -0.577376
    outer loop
      vertex 5.04724 -2.48698 -3.64035
      vertex 4.66754 -2.19009 -3.7232
      vertex 4.89881 -2.19009 -3.49193
    endloop
  endfacet
  facet normal 0.577361 0.577311 -0.577378
    outer loop
      vertex 4.66754 -2.19009 -3.7232
      vertex 4.81597 -2.48698 -3.87163
      vertex 4.33783 -2.19009 -4.0529
    endloop
  endfacet
  facet normal 0.577382 0.577311 -0.577357
    outer loop
      vertex 4.66754 -2.19009 -3.7232
      vertex 5.04724 -2.48698 -3.64035
      vertex 4.81597 -2.48698 -3.87163
    endloop
  endfacet
  facet normal 0.577361 0.577311 -0.577378
    outer loop
      vertex 4.33783 -2.19009 -4.0529
      vertex 4.81597 -2.48698 -3.87163
      vertex 4.48626 -2.48698 -4.20133
    endloop
  endfacet
  facet normal 0.57737 0.577311 -0.57737
    outer loop
      vertex 4.33783 -2.19009 -4.0529
      vertex 4.48626 -2.48698 -4.20133
      vertex 3.54929 -2.19009 -4.84144
    endloop
  endfacet
  facet normal 0.57737 0.577311 -0.57737
    outer loop
      vertex 3.54929 -2.19009 -4.84144
      vertex 4.48626 -2.48698 -4.20133
      vertex 3.97943 -2.48698 -4.70816
    endloop
  endfacet
  facet normal 0.57738 0.577306 -0.577365
    outer loop
      vertex 5.07806 -3.7839 -4.90629
      vertex 3.69915 -2.48983 -4.9913
      vertex 4.73465 -3.19297 -4.65884
    endloop
  endfacet
  facet normal 0.577366 0.577303 -0.577382
    outer loop
      vertex 5.46435 -3.7839 -4.52001
      vertex 4.81365 -3.14184 -4.52872
      vertex 4.81597 -2.48698 -3.87163
    endloop
  endfacet
  facet normal 0.577347 0.577302 -0.577402
    outer loop
      vertex 5.07806 -3.7839 -4.90629
      vertex 4.73465 -3.19297 -4.65884
      vertex 4.87178 -3.32578 -4.65451
    endloop
  endfacet
  facet normal 0.577374 0.577288 -0.577389
    outer loop
      vertex 5.07806 -3.7839 -4.90629
      vertex 4.96533 -3.42308 -4.65826
      vertex 5.46435 -3.7839 -4.52001
    endloop
  endfacet
  facet normal 0.577299 0.577305 -0.577447
    outer loop
      vertex 5.07806 -3.7839 -4.90629
      vertex 4.87178 -3.32578 -4.65451
      vertex 4.96533 -3.42308 -4.65826
    endloop
  endfacet
  facet normal 0.577397 0.577354 -0.577301
    outer loop
      vertex 4.94164 -3.38153 -4.6404
      vertex 4.90103 -3.30801 -4.60749
      vertex 5.46435 -3.7839 -4.52001
    endloop
  endfacet
  facet normal 0.57734 0.577258 -0.577453
    outer loop
      vertex 4.90103 -3.30801 -4.60749
      vertex 4.85467 -3.22172 -4.56758
      vertex 5.46435 -3.7839 -4.52001
    endloop
  endfacet
  facet normal 0.577413 0.577351 -0.577287
    outer loop
      vertex 4.85467 -3.22172 -4.56758
      vertex 4.81365 -3.14184 -4.52872
      vertex 5.46435 -3.7839 -4.52001
    endloop
  endfacet
  facet normal 0.577365 0.577303 -0.577383
    outer loop
      vertex 4.81365 -3.14184 -4.52872
      vertex 4.48626 -2.48698 -4.20133
      vertex 4.81597 -2.48698 -3.87163
    endloop
  endfacet
  facet normal 0.408252 -0.816493 -0.408252
    outer loop
      vertex 4.66754 -2.19009 -3.7232
      vertex 5.24523 -1.84367 -3.83834
      vertex 4.89881 -2.19009 -3.49193
    endloop
  endfacet
  facet normal 0.408247 -0.816489 -0.408265
    outer loop
      vertex 5.24523 -1.84367 -3.83834
      vertex 4.66754 -2.19009 -3.7232
      vertex 5.01395 -1.84367 -4.06961
    endloop
  endfacet
  facet normal -0.707099 -1.64024e-05 -0.707114
    outer loop
      vertex 4.89881 -2.19009 -3.49193
      vertex 5.25665 -1.86652 -3.84977
      vertex 5.04724 -2.48698 -3.64035
    endloop
  endfacet
  facet normal -0.707203 0.000213107 -0.70701
    outer loop
      vertex 5.25665 -1.86652 -3.84977
      vertex 4.89881 -2.19009 -3.49193
      vertex 5.24523 -1.84367 -3.83834
    endloop
  endfacet
  facet normal -0.707098 -1.72027e-05 -0.707115
    outer loop
      vertex 5.39367 -2.14055 -3.98678
      vertex 5.04724 -2.48698 -3.64035
      vertex 5.25665 -1.86652 -3.84977
    endloop
  endfacet
  facet normal -0.408257 0.816497 0.408239
    outer loop
      vertex 5.39367 -2.14055 -3.98678
      vertex 4.81597 -2.48698 -3.87163
      vertex 5.04724 -2.48698 -3.64035
    endloop
  endfacet
  facet normal -0.408257 0.816497 0.408239
    outer loop
      vertex 4.81597 -2.48698 -3.87163
      vertex 5.39367 -2.14055 -3.98678
      vertex 5.1624 -2.14055 -4.21806
    endloop
  endfacet
  facet normal -0.707107 -5.82456e-16 -0.707107
    outer loop
      vertex 5.81083 -3.43742 -4.86649
      vertex 4.81597 -2.48698 -3.87163
      vertex 5.1624 -2.14055 -4.21806
    endloop
  endfacet
  facet normal -0.707107 6.98846e-16 -0.707107
    outer loop
      vertex 4.81597 -2.48698 -3.87163
      vertex 5.81083 -3.43742 -4.86649
      vertex 5.46435 -3.7839 -4.52001
    endloop
  endfacet
  facet normal -0.408243 0.816497 0.408254
    outer loop
      vertex 5.81083 -3.43742 -4.86649
      vertex 5.07806 -3.7839 -4.90629
      vertex 5.46435 -3.7839 -4.52001
    endloop
  endfacet
  facet normal -0.408246 0.816504 0.408235
    outer loop
      vertex 5.07806 -3.7839 -4.90629
      vertex 5.81083 -3.43742 -4.86649
      vertex 5.42455 -3.43742 -5.25278
    endloop
  endfacet
  facet normal 0.368788 0.446484 0.815259
    outer loop
      vertex 5.31861 -3.33801 -5.2593
      vertex 5.07806 -3.7839 -4.90629
      vertex 5.42455 -3.43742 -5.25278
    endloop
  endfacet
  facet normal 0.368765 0.446498 0.815262
    outer loop
      vertex 5.07806 -3.7839 -4.90629
      vertex 5.31861 -3.33801 -5.2593
      vertex 3.69915 -2.48983 -4.9913
    endloop
  endfacet
  facet normal 0.368765 0.446497 0.815262
    outer loop
      vertex 4.04558 -2.1434 -5.33773
      vertex 3.69915 -2.48983 -4.9913
      vertex 5.31861 -3.33801 -5.2593
    endloop
  endfacet
  facet normal 0.707107 1.78574e-14 0.707107
    outer loop
      vertex 4.03404 -2.12034 -5.32619
      vertex 3.69915 -2.48983 -4.9913
      vertex 4.04558 -2.1434 -5.33773
    endloop
  endfacet
  facet normal 0.707107 9.76572e-16 0.707107
    outer loop
      vertex 3.69915 -2.48983 -4.9913
      vertex 4.03404 -2.12034 -5.32619
      vertex 3.54929 -2.19009 -4.84144
    endloop
  endfacet
  facet normal 0.707107 -1.058e-15 0.707107
    outer loop
      vertex 3.89571 -1.84367 -5.18786
      vertex 3.54929 -2.19009 -4.84144
      vertex 4.03404 -2.12034 -5.32619
    endloop
  endfacet
  facet normal 0.408252 -0.816493 -0.408252
    outer loop
      vertex 3.54929 -2.19009 -4.84144
      vertex 3.95641 -1.84367 -5.12715
      vertex 4.33783 -2.19009 -4.0529
    endloop
  endfacet
  facet normal 0.408282 -0.816497 -0.408215
    outer loop
      vertex 3.95641 -1.84367 -5.12715
      vertex 3.54929 -2.19009 -4.84144
      vertex 3.89571 -1.84367 -5.18786
    endloop
  endfacet
  facet normal 0.408245 -0.816497 -0.408251
    outer loop
      vertex 4.33783 -2.19009 -4.0529
      vertex 3.95641 -1.84367 -5.12715
      vertex 4.68425 -1.84367 -4.39932
    endloop
  endfacet
  facet normal 0.707107 -1.27481e-14 0.707107
    outer loop
      vertex 4.66856 -1.81228 -4.38363
      vertex 4.33783 -2.19009 -4.0529
      vertex 4.68425 -1.84367 -4.39932
    endloop
  endfacet
  facet normal 0.707107 0 0.707107
    outer loop
      vertex 4.33783 -2.19009 -4.0529
      vertex 4.66856 -1.81228 -4.38363
      vertex 4.13401 -1.7824 -3.84908
    endloop
  endfacet
  facet normal 0.707107 0 0.707107
    outer loop
      vertex 4.48041 -1.436 -4.19548
      vertex 4.13401 -1.7824 -3.84908
      vertex 4.66856 -1.81228 -4.38363
    endloop
  endfacet
  facet normal 0.408242 -0.816497 -0.408254
    outer loop
      vertex 4.13401 -1.7824 -3.84908
      vertex 4.81012 -1.436 -3.86578
      vertex 4.46372 -1.7824 -3.51938
    endloop
  endfacet
  facet normal 0.408242 -0.816497 -0.408254
    outer loop
      vertex 4.81012 -1.436 -3.86578
      vertex 4.13401 -1.7824 -3.84908
      vertex 4.48041 -1.436 -4.19548
    endloop
  endfacet
  facet normal -0.707107 0 -0.707107
    outer loop
      vertex 4.82582 -1.4674 -3.88148
      vertex 4.46372 -1.7824 -3.51938
      vertex 4.81012 -1.436 -3.86578
    endloop
  endfacet
  facet normal -0.707107 5.55909e-16 -0.707107
    outer loop
      vertex 4.46372 -1.7824 -3.51938
      vertex 4.82582 -1.4674 -3.88148
      vertex 4.66754 -2.19009 -3.7232
    endloop
  endfacet
  facet normal -0.707107 3.01144e-16 -0.707107
    outer loop
      vertex 5.01395 -1.84367 -4.06961
      vertex 4.66754 -2.19009 -3.7232
      vertex 4.82582 -1.4674 -3.88148
    endloop
  endfacet
  facet normal -0.36631 -0.448796 -0.815107
    outer loop
      vertex 4.73465 -3.19297 -4.65884
      vertex 4.32586 -2.14055 -5.05459
      vertex 5.08111 -2.84651 -5.0053
    endloop
  endfacet
  facet normal -0.36631 -0.448796 -0.815107
    outer loop
      vertex 4.32586 -2.14055 -5.05459
      vertex 4.73465 -3.19297 -4.65884
      vertex 3.97943 -2.48698 -4.70816
    endloop
  endfacet
  facet normal -0.388619 -0.42756 -0.816191
    outer loop
      vertex 4.87178 -3.32578 -4.65451
      vertex 5.20771 -2.96911 -5.0013
      vertex 5.21825 -2.97932 -5.00097
    endloop
  endfacet
  facet normal -0.388461 -0.427707 -0.816189
    outer loop
      vertex 5.20771 -2.96911 -5.0013
      vertex 4.87178 -3.32578 -4.65451
      vertex 4.73465 -3.19297 -4.65884
    endloop
  endfacet
  facet normal -0.388439 -0.427742 -0.816181
    outer loop
      vertex 5.20771 -2.96911 -5.0013
      vertex 4.73465 -3.19297 -4.65884
      vertex 5.08111 -2.84651 -5.0053
    endloop
  endfacet
  facet normal -0.432063 -0.383961 -0.816024
    outer loop
      vertex 4.87178 -3.32578 -4.65451
      vertex 5.31179 -3.07662 -5.00472
      vertex 4.96533 -3.42308 -4.65826
    endloop
  endfacet
  facet normal -0.432081 -0.383934 -0.816027
    outer loop
      vertex 5.31179 -3.07662 -5.00472
      vertex 4.87178 -3.32578 -4.65451
      vertex 5.21825 -2.97932 -5.00097
    endloop
  endfacet
  facet normal 0.671888 0.0658146 0.737722
    outer loop
      vertex 4.94164 -3.38153 -4.6404
      vertex 5.31179 -3.07662 -5.00472
      vertex 5.28811 -3.03507 -4.98686
    endloop
  endfacet
  facet normal 0.671834 0.0659281 0.737762
    outer loop
      vertex 5.31179 -3.07662 -5.00472
      vertex 4.94164 -3.38153 -4.6404
      vertex 4.96533 -3.42308 -4.65826
    endloop
  endfacet
  facet normal 0.681141 0.0493483 0.730488
    outer loop
      vertex 4.90103 -3.30801 -4.60749
      vertex 5.28811 -3.03507 -4.98686
      vertex 5.2475 -2.96155 -4.95396
    endloop
  endfacet
  facet normal 0.68117 0.0492752 0.730465
    outer loop
      vertex 5.28811 -3.03507 -4.98686
      vertex 4.90103 -3.30801 -4.60749
      vertex 4.94164 -3.38153 -4.6404
    endloop
  endfacet
  facet normal 0.688846 0.0352068 0.724052
    outer loop
      vertex 4.85467 -3.22172 -4.56758
      vertex 5.2475 -2.96155 -4.95396
      vertex 5.20113 -2.87527 -4.91404
    endloop
  endfacet
  facet normal 0.688846 0.0352068 0.724052
    outer loop
      vertex 5.2475 -2.96155 -4.95396
      vertex 4.85467 -3.22172 -4.56758
      vertex 4.90103 -3.30801 -4.60749
    endloop
  endfacet
  facet normal 0.700648 0.0127444 0.713393
    outer loop
      vertex 4.81365 -3.14184 -4.52872
      vertex 5.20113 -2.87527 -4.91404
      vertex 5.16011 -2.79538 -4.87518
    endloop
  endfacet
  facet normal 0.700648 0.0127456 0.713393
    outer loop
      vertex 5.20113 -2.87527 -4.91404
      vertex 4.81365 -3.14184 -4.52872
      vertex 4.85467 -3.22172 -4.56758
    endloop
  endfacet
  facet normal 0.707107 0 0.707107
    outer loop
      vertex 4.48626 -2.48698 -4.20133
      vertex 5.16011 -2.79538 -4.87518
      vertex 4.83269 -2.14055 -4.54776
    endloop
  endfacet
  facet normal 0.707107 0 0.707107
    outer loop
      vertex 5.16011 -2.79538 -4.87518
      vertex 4.48626 -2.48698 -4.20133
      vertex 4.81365 -3.14184 -4.52872
    endloop
  endfacet
  facet normal -0.408248 0.816497 0.408248
    outer loop
      vertex 4.36487 -2.14055 -5.01558
      vertex 3.97943 -2.48698 -4.70816
      vertex 4.48626 -2.48698 -4.20133
    endloop
  endfacet
  facet normal -0.408248 0.816497 0.408248
    outer loop
      vertex 3.97943 -2.48698 -4.70816
      vertex 4.36487 -2.14055 -5.01558
      vertex 4.32586 -2.14055 -5.05459
    endloop
  endfacet
  facet normal -0.408248 0.816497 0.408248
    outer loop
      vertex 4.83269 -2.14055 -4.54776
      vertex 4.36487 -2.14055 -5.01558
      vertex 4.48626 -2.48698 -4.20133
    endloop
  endfacet
  facet normal 0.577376 -0.577298 0.577376
    outer loop
      vertex 4.63839 1.7824 3.34471
      vertex 4.38947 2.07929 3.89048
      vertex 4.04379 2.07929 4.23616
    endloop
  endfacet
  facet normal 0.577362 -0.577311 0.577377
    outer loop
      vertex 4.38947 2.07929 3.89048
      vertex 4.63839 1.7824 3.34471
      vertex 4.78682 2.07929 3.49314
    endloop
  endfacet
  facet normal 0.57737 -0.577313 0.577368
    outer loop
      vertex 4.31757 3.4586 5.34153
      vertex 4.16062 3.14467 5.18458
      vertex 4.72627 3.44441 4.91864
    endloop
  endfacet
  facet normal 0.57738 -0.577294 0.577377
    outer loop
      vertex 4.91446 3.7839 5.06989
      vertex 4.31757 3.4586 5.34153
      vertex 4.72627 3.44441 4.91864
    endloop
  endfacet
  facet normal 0.577381 -0.577303 0.577367
    outer loop
      vertex 4.72627 3.44441 4.91864
      vertex 4.38947 2.07929 3.89048
      vertex 5.24167 3.7839 4.74268
    endloop
  endfacet
  facet normal 0.577379 -0.577294 0.577379
    outer loop
      vertex 4.91446 3.7839 5.06989
      vertex 4.72627 3.44441 4.91864
      vertex 5.24167 3.7839 4.74268
    endloop
  endfacet
  facet normal 0.577373 -0.577305 0.577373
    outer loop
      vertex 4.72627 3.44441 4.91864
      vertex 4.04379 2.07929 4.23616
      vertex 4.38947 2.07929 3.89048
    endloop
  endfacet
  facet normal 0.57737 -0.577311 0.57737
    outer loop
      vertex 3.61446 2.07929 4.66549
      vertex 3.46603 1.7824 4.51706
      vertex 4.04379 2.07929 4.23616
    endloop
  endfacet
  facet normal 0.57737 -0.577307 0.577375
    outer loop
      vertex 4.04379 2.07929 4.23616
      vertex 3.46603 1.7824 4.51706
      vertex 4.63839 1.7824 3.34471
    endloop
  endfacet
  facet normal -0.408243 -0.816497 -0.408253
    outer loop
      vertex 4.38947 2.07929 3.89048
      vertex 5.13323 1.73288 3.83955
      vertex 4.73588 1.73288 4.23689
    endloop
  endfacet
  facet normal -0.408243 -0.816497 -0.408253
    outer loop
      vertex 5.13323 1.73288 3.83955
      vertex 4.38947 2.07929 3.89048
      vertex 4.78682 2.07929 3.49314
    endloop
  endfacet
  facet normal -0.7071 -6.80214e-06 0.707114
    outer loop
      vertex 4.38947 2.07929 3.89048
      vertex 5.58816 3.43742 5.08916
      vertex 5.24167 3.7839 4.74268
    endloop
  endfacet
  facet normal -0.707105 2.76558e-06 0.707108
    outer loop
      vertex 5.58816 3.43742 5.08916
      vertex 4.38947 2.07929 3.89048
      vertex 4.73588 1.73288 4.23689
    endloop
  endfacet
  facet normal -0.408244 -0.816501 -0.408244
    outer loop
      vertex 4.91446 3.7839 5.06989
      vertex 5.58816 3.43742 5.08916
      vertex 5.26094 3.43742 5.41638
    endloop
  endfacet
  facet normal -0.408244 -0.816501 -0.408244
    outer loop
      vertex 5.58816 3.43742 5.08916
      vertex 4.91446 3.7839 5.06989
      vertex 5.24167 3.7839 4.74268
    endloop
  endfacet
  facet normal 0.0423354 -0.684999 -0.727313
    outer loop
      vertex 4.66403 3.11213 5.688
      vertex 4.91446 3.7839 5.06989
      vertex 5.26094 3.43742 5.41638
    endloop
  endfacet
  facet normal 0.0423212 -0.684996 -0.727316
    outer loop
      vertex 4.91446 3.7839 5.06989
      vertex 4.66403 3.11213 5.688
      vertex 4.31757 3.4586 5.34153
    endloop
  endfacet
  facet normal 0.707114 -6.8026e-06 -0.7071
    outer loop
      vertex 4.66403 3.11213 5.688
      vertex 4.16062 3.14467 5.18458
      vertex 4.31757 3.4586 5.34153
    endloop
  endfacet
  facet normal 0.707114 -6.80322e-06 -0.7071
    outer loop
      vertex 4.16062 3.14467 5.18458
      vertex 4.66403 3.11213 5.688
      vertex 4.50707 2.79821 5.53104
    endloop
  endfacet
  facet normal -0.0281515 0.692611 0.720762
    outer loop
      vertex 4.72627 3.44441 4.91864
      vertex 4.50707 2.79821 5.53104
      vertex 5.07273 3.09794 5.26511
    endloop
  endfacet
  facet normal -0.0281515 0.692611 0.720762
    outer loop
      vertex 4.50707 2.79821 5.53104
      vertex 4.72627 3.44441 4.91864
      vertex 4.16062 3.14467 5.18458
    endloop
  endfacet
  facet normal 0.707136 3.81309e-05 -0.707078
    outer loop
      vertex 5.02028 2.99303 5.21265
      vertex 4.72627 3.44441 4.91864
      vertex 5.07273 3.09794 5.26511
    endloop
  endfacet
  facet normal 0.707107 -6.08634e-16 -0.707107
    outer loop
      vertex 4.72627 3.44441 4.91864
      vertex 5.02028 2.99303 5.21265
      vertex 4.04379 2.07929 4.23616
    endloop
  endfacet
  facet normal 0.707112 -1.0545e-05 -0.707102
    outer loop
      vertex 4.3902 1.73288 4.58258
      vertex 4.04379 2.07929 4.23616
      vertex 5.02028 2.99303 5.21265
    endloop
  endfacet
  facet normal -0.408248 -0.816497 -0.408248
    outer loop
      vertex 4.04379 2.07929 4.23616
      vertex 4.35714 1.73288 4.61563
      vertex 3.61446 2.07929 4.66549
    endloop
  endfacet
  facet normal -0.408183 -0.816501 -0.408306
    outer loop
      vertex 4.35714 1.73288 4.61563
      vertex 4.04379 2.07929 4.23616
      vertex 4.3902 1.73288 4.58258
    endloop
  endfacet
  facet normal -0.40825 -0.816501 -0.408239
    outer loop
      vertex 3.96088 1.73288 5.0119
      vertex 3.61446 2.07929 4.66549
      vertex 4.35714 1.73288 4.61563
    endloop
  endfacet
  facet normal 0.7071 6.80427e-06 -0.707114
    outer loop
      vertex 3.46603 1.7824 4.51706
      vertex 3.96088 1.73288 5.0119
      vertex 3.81244 1.436 4.86346
    endloop
  endfacet
  facet normal 0.7071 6.80362e-06 -0.707114
    outer loop
      vertex 3.96088 1.73288 5.0119
      vertex 3.46603 1.7824 4.51706
      vertex 3.61446 2.07929 4.66549
    endloop
  endfacet
  facet normal 0.408244 0.816501 0.408244
    outer loop
      vertex 4.98479 1.436 3.69111
      vertex 3.46603 1.7824 4.51706
      vertex 3.81244 1.436 4.86346
    endloop
  endfacet
  facet normal 0.408247 0.816497 0.40825
    outer loop
      vertex 3.46603 1.7824 4.51706
      vertex 4.98479 1.436 3.69111
      vertex 4.63839 1.7824 3.34471
    endloop
  endfacet
  facet normal -0.707107 -1.0178e-15 0.707107
    outer loop
      vertex 4.63839 1.7824 3.34471
      vertex 5.13323 1.73288 3.83955
      vertex 4.78682 2.07929 3.49314
    endloop
  endfacet
  facet normal -0.707107 0 0.707107
    outer loop
      vertex 5.13323 1.73288 3.83955
      vertex 4.63839 1.7824 3.34471
      vertex 4.98479 1.436 3.69111
    endloop
  endfacet
  facet normal 0.577297 -0.577389 0.577364
    outer loop
      vertex -2.80789 -4.29287 4.7156
      vertex -2.97889 -4.52722 4.65222
      vertex -2.6211 -4.32681 4.49489
    endloop
  endfacet
  facet normal 0.577317 -0.577333 0.577401
    outer loop
      vertex -2.48119 -4.09017 4.59163
      vertex -2.75659 -4.09085 4.86631
      vertex -2.56782 -4.19623 4.5722
    endloop
  endfacet
  facet normal 0.577306 -0.577347 0.577399
    outer loop
      vertex -2.75659 -4.09085 4.86631
      vertex -2.80789 -4.29287 4.7156
      vertex -2.56782 -4.19623 4.5722
    endloop
  endfacet
  facet normal 0.577318 -0.577369 0.577364
    outer loop
      vertex -2.36329 -4.01032 4.55359
      vertex -2.5151 -3.75883 4.95688
      vertex -2.48119 -4.09017 4.59163
    endloop
  endfacet
  facet normal 0.577287 -0.577395 0.577369
    outer loop
      vertex -2.33914 -3.64396 4.89582
      vertex -2.5151 -3.75883 4.95688
      vertex -2.36329 -4.01032 4.55359
    endloop
  endfacet
  facet normal 0.577294 -0.577372 0.577385
    outer loop
      vertex -3.42867 -4.99012 4.63905
      vertex -3.77847 -5.21758 4.76134
      vertex -3.66872 -5.34571 4.52348
    endloop
  endfacet
  facet normal 0.577293 -0.577369 0.577388
    outer loop
      vertex -3.47981 -4.93956 4.74074
      vertex -3.77847 -5.21758 4.76134
      vertex -3.42867 -4.99012 4.63905
    endloop
  endfacet
  facet normal 0.577315 -0.577364 0.577373
    outer loop
      vertex -3.28235 -4.15978 5.32308
      vertex -3.3429 -4.55557 4.98784
      vertex -3.23264 -4.48552 4.94764
    endloop
  endfacet
  facet normal 0.577304 -0.577373 0.577374
    outer loop
      vertex -3.50519 -4.30948 5.3962
      vertex -3.67369 -4.5086 5.36556
      vertex -3.3429 -4.55557 4.98784
    endloop
  endfacet
  facet normal 0.57729 -0.577374 0.577387
    outer loop
      vertex -3.7797 -4.74442 5.23573
      vertex -3.81505 -5.0043 5.0112
      vertex -3.47927 -4.74185 4.93792
    endloop
  endfacet
  facet normal 0.577294 -0.577367 0.577389
    outer loop
      vertex -3.34628 -5.00074 4.54605
      vertex -3.66872 -5.34571 4.52348
      vertex -3.49437 -5.38432 4.31055
    endloop
  endfacet
  facet normal 0.577348 -0.57736 0.577343
    outer loop
      vertex -3.34628 -5.00074 4.54605
      vertex -3.49437 -5.38432 4.31055
      vertex -3.23547 -4.96917 4.46681
    endloop
  endfacet
  facet normal 0.577304 -0.577393 0.577354
    outer loop
      vertex -2.81357 -4.29571 4.71844
      vertex -3.03162 -4.46008 4.77209
      vertex -2.97889 -4.52722 4.65222
    endloop
  endfacet
  facet normal 0.577302 -0.577357 0.577392
    outer loop
      vertex -2.63886 -4.48023 4.35923
      vertex -2.97889 -4.52722 4.65222
      vertex -2.96132 -4.64883 4.51305
    endloop
  endfacet
  facet normal 0.577297 -0.577377 0.577377
    outer loop
      vertex -2.07493 -4.12819 4.1474
      vertex -2.14702 -4.36073 3.98694
      vertex -1.78814 -4.23422 3.75462
    endloop
  endfacet
  facet normal 0.577307 -0.577353 0.577391
    outer loop
      vertex -3.23547 -4.96917 4.46681
      vertex -3.49437 -5.38432 4.31055
      vertex -3.26388 -5.32907 4.13534
    endloop
  endfacet
  facet normal 0.577295 -0.577377 0.577379
    outer loop
      vertex -3.11153 -4.09823 5.21384
      vertex -3.11703 -4.44649 4.87108
      vertex -2.97409 -4.10103 5.07362
    endloop
  endfacet
  facet normal 0.577303 -0.577375 0.577373
    outer loop
      vertex -3.42867 -4.99012 4.63905
      vertex -3.66872 -5.34571 4.52348
      vertex -3.34628 -5.00074 4.54605
    endloop
  endfacet
  facet normal 0.577304 -0.577375 0.577372
    outer loop
      vertex -2.8736 -4.16719 4.90698
      vertex -3.11703 -4.44649 4.87108
      vertex -3.03162 -4.46008 4.77209
    endloop
  endfacet
  facet normal 0.577302 -0.57738 0.577369
    outer loop
      vertex -3.47981 -4.93956 4.74074
      vertex -3.81505 -5.0043 5.0112
      vertex -3.77847 -5.21758 4.76134
    endloop
  endfacet
  facet normal 0.577301 -0.577397 0.577352
    outer loop
      vertex -3.47927 -4.74185 4.93792
      vertex -3.81505 -5.0043 5.0112
      vertex -3.49685 -4.85136 4.84598
    endloop
  endfacet
  facet normal 0.577302 -0.577381 0.577368
    outer loop
      vertex -3.49685 -4.85136 4.84598
      vertex -3.81505 -5.0043 5.0112
      vertex -3.47981 -4.93956 4.74074
    endloop
  endfacet
  facet normal 0.577303 -0.577348 0.577399
    outer loop
      vertex -3.42652 -4.64212 4.9849
      vertex -3.7797 -4.74442 5.23573
      vertex -3.47927 -4.74185 4.93792
    endloop
  endfacet
  facet normal 0.577304 -0.577373 0.577374
    outer loop
      vertex -3.3429 -4.55557 4.98784
      vertex -3.67369 -4.5086 5.36556
      vertex -3.42652 -4.64212 4.9849
    endloop
  endfacet
  facet normal 0.577294 -0.577386 0.577371
    outer loop
      vertex -3.67369 -4.5086 5.36556
      vertex -3.7797 -4.74442 5.23573
      vertex -3.42652 -4.64212 4.9849
    endloop
  endfacet
  facet normal 0.577315 -0.577364 0.577372
    outer loop
      vertex -3.28235 -4.15978 5.32308
      vertex -3.50519 -4.30948 5.3962
      vertex -3.3429 -4.55557 4.98784
    endloop
  endfacet
  facet normal 0.577284 -0.577383 0.577384
    outer loop
      vertex -3.11153 -4.09823 5.21384
      vertex -3.23264 -4.48552 4.94764
      vertex -3.11703 -4.44649 4.87108
    endloop
  endfacet
  facet normal 0.577283 -0.577383 0.577385
    outer loop
      vertex -3.11153 -4.09823 5.21384
      vertex -3.28235 -4.15978 5.32308
      vertex -3.23264 -4.48552 4.94764
    endloop
  endfacet
  facet normal 0.577306 -0.577376 0.577369
    outer loop
      vertex -2.97409 -4.10103 5.07362
      vertex -3.11703 -4.44649 4.87108
      vertex -2.8736 -4.16719 4.90698
    endloop
  endfacet
  facet normal 0.577296 -0.577374 0.57738
    outer loop
      vertex -2.8736 -4.16719 4.90698
      vertex -3.03162 -4.46008 4.77209
      vertex -2.81357 -4.29571 4.71844
    endloop
  endfacet
  facet normal 0.57735 -0.577408 0.577292
    outer loop
      vertex -2.81357 -4.29571 4.71844
      vertex -2.97889 -4.52722 4.65222
      vertex -2.80789 -4.29287 4.7156
    endloop
  endfacet
  facet normal 0.577303 -0.577374 0.577374
    outer loop
      vertex -2.96132 -4.76201 4.39987
      vertex -2.63886 -4.48023 4.35923
      vertex -2.96132 -4.64883 4.51305
    endloop
  endfacet
  facet normal 0.577303 -0.577374 0.577374
    outer loop
      vertex -2.63886 -4.48023 4.35923
      vertex -2.96132 -4.76201 4.39987
      vertex -2.63886 -4.6008 4.23866
    endloop
  endfacet
  facet normal 0.577306 -0.577375 0.57737
    outer loop
      vertex -1.90446 -3.58657 4.51857
      vertex -2.2358 -3.96381 4.47263
      vertex -2.14594 -3.97056 4.37603
    endloop
  endfacet
  facet normal 0.577296 -0.577372 0.577382
    outer loop
      vertex -2.6211 -4.32681 4.49489
      vertex -2.97889 -4.52722 4.65222
      vertex -2.63886 -4.48023 4.35923
    endloop
  endfacet
  facet normal 0.577301 -0.577384 0.577366
    outer loop
      vertex -2.56782 -4.19623 4.5722
      vertex -2.80789 -4.29287 4.7156
      vertex -2.6211 -4.32681 4.49489
    endloop
  endfacet
  facet normal 0.577273 -0.577395 0.577383
    outer loop
      vertex -2.5151 -3.75883 4.95688
      vertex -2.65661 -3.91031 4.94688
      vertex -2.48119 -4.09017 4.59163
    endloop
  endfacet
  facet normal 0.577299 -0.577369 0.577383
    outer loop
      vertex -2.65661 -3.91031 4.94688
      vertex -2.75659 -4.09085 4.86631
      vertex -2.48119 -4.09017 4.59163
    endloop
  endfacet
  facet normal 0.577288 -0.577395 0.577369
    outer loop
      vertex -2.33914 -3.64396 4.89582
      vertex -2.36329 -4.01032 4.55359
      vertex -2.2358 -3.96381 4.47263
    endloop
  endfacet
  facet normal 0.577306 -0.577375 0.577369
    outer loop
      vertex -2.08983 -3.5593 4.73119
      vertex -2.2358 -3.96381 4.47263
      vertex -1.90446 -3.58657 4.51857
    endloop
  endfacet
  facet normal 0.577318 -0.577373 0.57736
    outer loop
      vertex -2.08983 -3.5593 4.73119
      vertex -2.33914 -3.64396 4.89582
      vertex -2.2358 -3.96381 4.47263
    endloop
  endfacet
  facet normal 0.577308 -0.577375 0.577367
    outer loop
      vertex -1.90446 -3.58657 4.51857
      vertex -2.14594 -3.97056 4.37603
      vertex -1.78939 -3.72279 4.26729
    endloop
  endfacet
  facet normal 0.577304 -0.577361 0.577386
    outer loop
      vertex -1.78939 -3.72279 4.26729
      vertex -2.14594 -3.97056 4.37603
      vertex -2.09268 -4.02666 4.26668
    endloop
  endfacet
  facet normal 0.577308 -0.577365 0.577378
    outer loop
      vertex -1.78939 -3.72279 4.26729
      vertex -2.09268 -4.02666 4.26668
      vertex -1.75103 -3.96503 3.9867
    endloop
  endfacet
  facet normal 0.577303 -0.57738 0.577368
    outer loop
      vertex -1.75103 -3.96503 3.9867
      vertex -2.09268 -4.02666 4.26668
      vertex -2.07493 -4.12819 4.1474
    endloop
  endfacet
  facet normal 0.577313 -0.577366 0.577372
    outer loop
      vertex -2.14702 -4.36073 3.98694
      vertex -2.36329 -4.55651 4.00741
      vertex -2.08077 -4.70467 3.57676
    endloop
  endfacet
  facet normal 0.577305 -0.577377 0.57737
    outer loop
      vertex -2.08077 -4.70467 3.57676
      vertex -2.36329 -4.55651 4.00741
      vertex -2.32777 -4.89059 3.63781
    endloop
  endfacet
  facet normal 0.577287 -0.577382 0.577381
    outer loop
      vertex -1.89947 -4.48332 3.61684
      vertex -2.14702 -4.36073 3.98694
      vertex -2.08077 -4.70467 3.57676
    endloop
  endfacet
  facet normal 0.577298 -0.577369 0.577384
    outer loop
      vertex -1.78814 -4.23422 3.75462
      vertex -2.14702 -4.36073 3.98694
      vertex -1.89947 -4.48332 3.61684
    endloop
  endfacet
  facet normal 0.577303 -0.577369 0.577379
    outer loop
      vertex -1.75103 -3.96503 3.9867
      vertex -2.07493 -4.12819 4.1474
      vertex -1.78814 -4.23422 3.75462
    endloop
  endfacet
  facet normal -0.726082 -0.686465 0.0396374
    outer loop
      vertex -1.44298 -4.06919 4.61369
      vertex -1.90446 -3.58657 4.51857
      vertex -1.78939 -3.72279 4.26729
    endloop
  endfacet
  facet normal -0.72608 -0.686468 0.0396126
    outer loop
      vertex -1.90446 -3.58657 4.51857
      vertex -1.44298 -4.06919 4.61369
      vertex -1.55805 -3.93298 4.86497
    endloop
  endfacet
  facet normal -0.488722 -0.810806 -0.322094
    outer loop
      vertex -1.90446 -3.58657 4.51857
      vertex -1.57233 -3.93088 4.88135
      vertex -2.08983 -3.5593 4.73119
    endloop
  endfacet
  facet normal -0.488711 -0.810808 -0.322106
    outer loop
      vertex -1.57233 -3.93088 4.88135
      vertex -1.90446 -3.58657 4.51857
      vertex -1.55805 -3.93298 4.86497
    endloop
  endfacet
  facet normal -0.488727 -0.810808 -0.322081
    outer loop
      vertex -1.74342 -3.90571 5.0776
      vertex -2.08983 -3.5593 4.73119
      vertex -1.57233 -3.93088 4.88135
    endloop
  endfacet
  facet normal -0.148684 -0.769629 -0.620939
    outer loop
      vertex -2.08983 -3.5593 4.73119
      vertex -1.76261 -3.91223 5.09028
      vertex -2.33914 -3.64396 4.89582
    endloop
  endfacet
  facet normal -0.148762 -0.769653 -0.62089
    outer loop
      vertex -1.76261 -3.91223 5.09028
      vertex -2.08983 -3.5593 4.73119
      vertex -1.74342 -3.90571 5.0776
    endloop
  endfacet
  facet normal -0.14868 -0.769624 -0.620945
    outer loop
      vertex -1.99272 -3.99038 5.24224
      vertex -2.33914 -3.64396 4.89582
      vertex -1.76261 -3.91223 5.09028
    endloop
  endfacet
  facet normal 0.141971 -0.62535 -0.767321
    outer loop
      vertex -2.16867 -4.10526 5.30331
      vertex -2.33914 -3.64396 4.89582
      vertex -1.99272 -3.99038 5.24224
    endloop
  endfacet
  facet normal 0.141971 -0.62535 -0.767321
    outer loop
      vertex -2.33914 -3.64396 4.89582
      vertex -2.16867 -4.10526 5.30331
      vertex -2.5151 -3.75883 4.95688
    endloop
  endfacet
  facet normal 0.449225 -0.365851 -0.815076
    outer loop
      vertex -2.65661 -3.91031 4.94688
      vertex -2.16867 -4.10526 5.30331
      vertex -2.31017 -4.25675 5.29332
    endloop
  endfacet
  facet normal 0.449225 -0.365851 -0.815076
    outer loop
      vertex -2.16867 -4.10526 5.30331
      vertex -2.65661 -3.91031 4.94688
      vertex -2.5151 -3.75883 4.95688
    endloop
  endfacet
  facet normal 0.680457 -0.0505828 -0.73104
    outer loop
      vertex -2.75659 -4.09085 4.86631
      vertex -2.31017 -4.25675 5.29332
      vertex -2.41015 -4.43729 5.21275
    endloop
  endfacet
  facet normal 0.680457 -0.0505828 -0.73104
    outer loop
      vertex -2.31017 -4.25675 5.29332
      vertex -2.75659 -4.09085 4.86631
      vertex -2.65661 -3.91031 4.94688
    endloop
  endfacet
  facet normal 0.791759 0.223142 -0.568617
    outer loop
      vertex -2.41015 -4.43729 5.21275
      vertex -2.80789 -4.29287 4.7156
      vertex -2.75659 -4.09085 4.86631
    endloop
  endfacet
  facet normal 0.791759 0.223142 -0.568617
    outer loop
      vertex -2.80789 -4.29287 4.7156
      vertex -2.41015 -4.43729 5.21275
      vertex -2.46145 -4.63931 5.06204
    endloop
  endfacet
  facet normal -9.52188e-13 -0.707107 -0.707107
    outer loop
      vertex -2.46189 -4.63953 5.06226
      vertex -2.80789 -4.29287 4.7156
      vertex -2.46145 -4.63931 5.06204
    endloop
  endfacet
  facet normal 0 -0.707107 -0.707107
    outer loop
      vertex -2.80789 -4.29287 4.7156
      vertex -2.46189 -4.63953 5.06226
      vertex -2.81357 -4.29571 4.71844
    endloop
  endfacet
  facet normal 7.92825e-14 -0.707107 -0.707107
    outer loop
      vertex -2.46713 -4.64215 5.06488
      vertex -2.81357 -4.29571 4.71844
      vertex -2.46189 -4.63953 5.06226
    endloop
  endfacet
  facet normal -0.775847 -0.608254 0.167597
    outer loop
      vertex -2.81357 -4.29571 4.71844
      vertex -2.47175 -4.63226 5.07938
      vertex -2.8736 -4.16719 4.90698
    endloop
  endfacet
  facet normal -0.775863 -0.608221 0.167642
    outer loop
      vertex -2.47175 -4.63226 5.07938
      vertex -2.81357 -4.29571 4.71844
      vertex -2.46713 -4.64215 5.06488
    endloop
  endfacet
  facet normal -0.775847 -0.608255 0.167592
    outer loop
      vertex -2.52716 -4.51363 5.25342
      vertex -2.8736 -4.16719 4.90698
      vertex -2.47175 -4.63226 5.07938
    endloop
  endfacet
  facet normal -0.654074 -0.750317 -0.0959703
    outer loop
      vertex -2.97409 -4.10103 5.07362
      vertex -2.52716 -4.51363 5.25342
      vertex -2.53488 -4.50854 5.26624
    endloop
  endfacet
  facet normal -0.653941 -0.750375 -0.0964338
    outer loop
      vertex -2.52716 -4.51363 5.25342
      vertex -2.97409 -4.10103 5.07362
      vertex -2.8736 -4.16719 4.90698
    endloop
  endfacet
  facet normal -0.653922 -0.750387 -0.0964648
    outer loop
      vertex -2.62764 -4.44748 5.42007
      vertex -2.97409 -4.10103 5.07362
      vertex -2.53488 -4.50854 5.26624
    endloop
  endfacet
  facet normal -0.420517 -0.816376 -0.395848
    outer loop
      vertex -3.11153 -4.09823 5.21384
      vertex -2.62764 -4.44748 5.42007
      vertex -2.76507 -4.44468 5.56029
    endloop
  endfacet
  facet normal -0.420506 -0.816373 -0.395867
    outer loop
      vertex -2.62764 -4.44748 5.42007
      vertex -3.11153 -4.09823 5.21384
      vertex -2.97409 -4.10103 5.07362
    endloop
  endfacet
  facet normal -0.129938 -0.763064 -0.633126
    outer loop
      vertex -3.11153 -4.09823 5.21384
      vertex -2.93589 -4.50624 5.66954
      vertex -3.28235 -4.15978 5.32308
    endloop
  endfacet
  facet normal -0.129932 -0.763064 -0.633128
    outer loop
      vertex -2.93589 -4.50624 5.66954
      vertex -3.11153 -4.09823 5.21384
      vertex -2.76507 -4.44468 5.56029
    endloop
  endfacet
  facet normal 0.158907 -0.614132 -0.77304
    outer loop
      vertex -3.15872 -4.65595 5.74267
      vertex -3.28235 -4.15978 5.32308
      vertex -2.93589 -4.50624 5.66954
    endloop
  endfacet
  facet normal 0.158907 -0.614132 -0.77304
    outer loop
      vertex -3.28235 -4.15978 5.32308
      vertex -3.15872 -4.65595 5.74267
      vertex -3.50519 -4.30948 5.3962
    endloop
  endfacet
  facet normal 0.505333 -0.302742 -0.808075
    outer loop
      vertex -3.17166 -4.67125 5.74031
      vertex -3.50519 -4.30948 5.3962
      vertex -3.15872 -4.65595 5.74267
    endloop
  endfacet
  facet normal 0.505063 -0.303044 -0.808131
    outer loop
      vertex -3.50519 -4.30948 5.3962
      vertex -3.17166 -4.67125 5.74031
      vertex -3.67369 -4.5086 5.36556
    endloop
  endfacet
  facet normal 0.505044 -0.30309 -0.808125
    outer loop
      vertex -3.32721 -4.85507 5.71204
      vertex -3.67369 -4.5086 5.36556
      vertex -3.17166 -4.67125 5.74031
    endloop
  endfacet
  facet normal 0.729674 0.0475346 -0.682141
    outer loop
      vertex -3.32721 -4.85507 5.71204
      vertex -3.7797 -4.74442 5.23573
      vertex -3.67369 -4.5086 5.36556
    endloop
  endfacet
  facet normal 0.729645 0.0471791 -0.682196
    outer loop
      vertex -3.7797 -4.74442 5.23573
      vertex -3.32721 -4.85507 5.71204
      vertex -3.33536 -4.87319 5.70207
    endloop
  endfacet
  facet normal 0.729681 0.0475254 -0.682134
    outer loop
      vertex -3.43322 -5.09091 5.58222
      vertex -3.7797 -4.74442 5.23573
      vertex -3.33536 -4.87319 5.70207
    endloop
  endfacet
  facet normal 0.810053 0.316304 -0.493726
    outer loop
      vertex -3.43594 -5.11087 5.56497
      vertex -3.7797 -4.74442 5.23573
      vertex -3.43322 -5.09091 5.58222
    endloop
  endfacet
  facet normal 0.810061 0.316346 -0.493687
    outer loop
      vertex -3.7797 -4.74442 5.23573
      vertex -3.43594 -5.11087 5.56497
      vertex -3.81505 -5.0043 5.0112
    endloop
  endfacet
  facet normal 0.810058 0.316361 -0.493682
    outer loop
      vertex -3.46857 -5.35078 5.35769
      vertex -3.81505 -5.0043 5.0112
      vertex -3.43594 -5.11087 5.56497
    endloop
  endfacet
  facet normal 0.808962 0.500337 -0.308616
    outer loop
      vertex -3.46576 -5.36716 5.3385
      vertex -3.81505 -5.0043 5.0112
      vertex -3.46857 -5.35078 5.35769
    endloop
  endfacet
  facet normal 0.808964 0.50032 -0.308638
    outer loop
      vertex -3.81505 -5.0043 5.0112
      vertex -3.46576 -5.36716 5.3385
      vertex -3.77847 -5.21758 4.76134
    endloop
  endfacet
  facet normal 0.808968 0.500311 -0.308642
    outer loop
      vertex -3.43199 -5.56407 5.10782
      vertex -3.77847 -5.21758 4.76134
      vertex -3.46576 -5.36716 5.3385
    endloop
  endfacet
  facet normal 0.724588 0.688224 -0.0363442
    outer loop
      vertex -3.32224 -5.69218 4.86996
      vertex -3.77847 -5.21758 4.76134
      vertex -3.43199 -5.56407 5.10782
    endloop
  endfacet
  facet normal 0.724592 0.688216 -0.0363959
    outer loop
      vertex -3.77847 -5.21758 4.76134
      vertex -3.32224 -5.69218 4.86996
      vertex -3.66872 -5.34571 4.52348
    endloop
  endfacet
  facet normal 0.522752 0.804565 0.28179
    outer loop
      vertex -3.30885 -5.69515 4.8536
      vertex -3.66872 -5.34571 4.52348
      vertex -3.32224 -5.69218 4.86996
    endloop
  endfacet
  facet normal 0.522586 0.804597 0.282005
    outer loop
      vertex -3.66872 -5.34571 4.52348
      vertex -3.30885 -5.69515 4.8536
      vertex -3.49437 -5.38432 4.31055
    endloop
  endfacet
  facet normal 0.522593 0.804594 0.282001
    outer loop
      vertex -3.1479 -5.73079 4.65702
      vertex -3.49437 -5.38432 4.31055
      vertex -3.30885 -5.69515 4.8536
    endloop
  endfacet
  facet normal 0.234976 0.794681 0.559704
    outer loop
      vertex -3.26388 -5.32907 4.13534
      vertex -3.1479 -5.73079 4.65702
      vertex -2.91742 -5.67553 4.4818
    endloop
  endfacet
  facet normal 0.234976 0.794681 0.559704
    outer loop
      vertex -3.1479 -5.73079 4.65702
      vertex -3.26388 -5.32907 4.13534
      vertex -3.49437 -5.38432 4.31055
    endloop
  endfacet
  facet normal -0.814437 -0.357004 0.457429
    outer loop
      vertex -3.26388 -5.32907 4.13534
      vertex -2.91524 -5.64786 4.50728
      vertex -3.23547 -4.96917 4.46681
    endloop
  endfacet
  facet normal -0.814438 -0.357035 0.457403
    outer loop
      vertex -2.91524 -5.64786 4.50728
      vertex -3.26388 -5.32907 4.13534
      vertex -2.91742 -5.67553 4.4818
    endloop
  endfacet
  facet normal -0.814435 -0.357003 0.457432
    outer loop
      vertex -2.88901 -5.31563 4.81327
      vertex -3.23547 -4.96917 4.46681
      vertex -2.91524 -5.64786 4.50728
    endloop
  endfacet
  facet normal -0.196812 -0.784668 -0.587844
    outer loop
      vertex -3.23547 -4.96917 4.46681
      vertex -2.89752 -5.31806 4.81937
      vertex -3.34628 -5.00074 4.54605
    endloop
  endfacet
  facet normal -0.197128 -0.784753 -0.587625
    outer loop
      vertex -2.89752 -5.31806 4.81937
      vertex -3.23547 -4.96917 4.46681
      vertex -2.88901 -5.31563 4.81327
    endloop
  endfacet
  facet normal -0.196801 -0.784662 -0.587856
    outer loop
      vertex -2.99981 -5.3472 4.89251
      vertex -3.34628 -5.00074 4.54605
      vertex -2.89752 -5.31806 4.81937
    endloop
  endfacet
  facet normal -0.479753 -0.812047 -0.332289
    outer loop
      vertex -3.34628 -5.00074 4.54605
      vertex -3.00614 -5.34639 4.89966
      vertex -3.42867 -4.99012 4.63905
    endloop
  endfacet
  facet normal -0.479529 -0.812079 -0.332536
    outer loop
      vertex -3.00614 -5.34639 4.89966
      vertex -3.34628 -5.00074 4.54605
      vertex -2.99981 -5.3472 4.89251
    endloop
  endfacet
  facet normal -0.479784 -0.812049 -0.332241
    outer loop
      vertex -3.0822 -5.33658 4.98552
      vertex -3.42867 -4.99012 4.63905
      vertex -3.00614 -5.34639 4.89966
    endloop
  endfacet
  facet normal -0.705634 -0.708569 -0.00305945
    outer loop
      vertex -3.47981 -4.93956 4.74074
      vertex -3.0822 -5.33658 4.98552
      vertex -3.08613 -5.3327 4.99333
    endloop
  endfacet
  facet normal -0.705752 -0.708454 -0.00268179
    outer loop
      vertex -3.0822 -5.33658 4.98552
      vertex -3.47981 -4.93956 4.74074
      vertex -3.42867 -4.99012 4.63905
    endloop
  endfacet
  facet normal -0.705747 -0.708459 -0.00271152
    outer loop
      vertex -3.13334 -5.28603 5.08721
      vertex -3.47981 -4.93956 4.74074
      vertex -3.08613 -5.3327 4.99333
    endloop
  endfacet
  facet normal -0.807158 -0.510228 0.296923
    outer loop
      vertex -3.47981 -4.93956 4.74074
      vertex -3.13465 -5.27926 5.09529
      vertex -3.49685 -4.85136 4.84598
    endloop
  endfacet
  facet normal -0.807129 -0.510367 0.296763
    outer loop
      vertex -3.13465 -5.27926 5.09529
      vertex -3.47981 -4.93956 4.74074
      vertex -3.13334 -5.28603 5.08721
    endloop
  endfacet
  facet normal -0.807158 -0.510219 0.296939
    outer loop
      vertex -3.15038 -5.19783 5.19245
      vertex -3.49685 -4.85136 4.84598
      vertex -3.13465 -5.27926 5.09529
    endloop
  endfacet
  facet normal -0.80733 -0.298005 0.509325
    outer loop
      vertex -3.49685 -4.85136 4.84598
      vertex -3.1328 -5.08832 5.28439
      vertex -3.47927 -4.74185 4.93792
    endloop
  endfacet
  facet normal -0.80733 -0.298005 0.509325
    outer loop
      vertex -3.1328 -5.08832 5.28439
      vertex -3.49685 -4.85136 4.84598
      vertex -3.15038 -5.19783 5.19245
    endloop
  endfacet
  facet normal -0.693083 0.0272585 0.720342
    outer loop
      vertex -3.47927 -4.74185 4.93792
      vertex -3.08005 -4.98859 5.33137
      vertex -3.42652 -4.64212 4.9849
    endloop
  endfacet
  facet normal -0.693083 0.0272585 0.720342
    outer loop
      vertex -3.08005 -4.98859 5.33137
      vertex -3.47927 -4.74185 4.93792
      vertex -3.1328 -5.08832 5.28439
    endloop
  endfacet
  facet normal -0.429188 0.386936 0.816136
    outer loop
      vertex -3.42652 -4.64212 4.9849
      vertex -2.99643 -4.90203 5.3343
      vertex -3.3429 -4.55557 4.98784
    endloop
  endfacet
  facet normal -0.429168 0.386965 0.816133
    outer loop
      vertex -2.99643 -4.90203 5.3343
      vertex -3.42652 -4.64212 4.9849
      vertex -3.08005 -4.98859 5.33137
    endloop
  endfacet
  facet normal -0.126101 0.635573 0.761673
    outer loop
      vertex -3.23264 -4.48552 4.94764
      vertex -2.99643 -4.90203 5.3343
      vertex -2.88618 -4.83198 5.2941
    endloop
  endfacet
  facet normal -0.126092 0.635576 0.761672
    outer loop
      vertex -2.99643 -4.90203 5.3343
      vertex -3.23264 -4.48552 4.94764
      vertex -3.3429 -4.55557 4.98784
    endloop
  endfacet
  facet normal 0.15047 0.770221 0.619773
    outer loop
      vertex -3.11703 -4.44649 4.87108
      vertex -2.88618 -4.83198 5.2941
      vertex -2.77058 -4.79295 5.21753
    endloop
  endfacet
  facet normal 0.15042 0.770214 0.619794
    outer loop
      vertex -2.88618 -4.83198 5.2941
      vertex -3.11703 -4.44649 4.87108
      vertex -3.23264 -4.48552 4.94764
    endloop
  endfacet
  facet normal 0.494421 0.80993 0.315533
    outer loop
      vertex -2.68516 -4.80653 5.11854
      vertex -3.11703 -4.44649 4.87108
      vertex -2.77058 -4.79295 5.21753
    endloop
  endfacet
  facet normal 0.494473 0.809933 0.315445
    outer loop
      vertex -3.11703 -4.44649 4.87108
      vertex -2.68516 -4.80653 5.11854
      vertex -3.03162 -4.46008 4.77209
    endloop
  endfacet
  facet normal 0.733687 0.677128 -0.0565809
    outer loop
      vertex -2.63244 -4.87367 4.99867
      vertex -3.03162 -4.46008 4.77209
      vertex -2.68516 -4.80653 5.11854
    endloop
  endfacet
  facet normal 0.733676 0.677143 -0.0565332
    outer loop
      vertex -3.03162 -4.46008 4.77209
      vertex -2.63244 -4.87367 4.99867
      vertex -2.97889 -4.52722 4.65222
    endloop
  endfacet
  facet normal 0.810995 0.487443 -0.323552
    outer loop
      vertex -2.61487 -4.99528 4.8595
      vertex -2.97889 -4.52722 4.65222
      vertex -2.63244 -4.87367 4.99867
    endloop
  endfacet
  facet normal 0.810995 0.487443 -0.323552
    outer loop
      vertex -2.97889 -4.52722 4.65222
      vertex -2.61487 -4.99528 4.8595
      vertex -2.96132 -4.64883 4.51305
    endloop
  endfacet
  facet normal 0.816497 0.408248 -0.408248
    outer loop
      vertex -2.61487 -4.99528 4.8595
      vertex -2.96132 -4.76201 4.39987
      vertex -2.96132 -4.64883 4.51305
    endloop
  endfacet
  facet normal 0.816497 0.408248 -0.408248
    outer loop
      vertex -2.96132 -4.76201 4.39987
      vertex -2.61487 -4.99528 4.8595
      vertex -2.61487 -5.10846 4.74632
    endloop
  endfacet
  facet normal -2.14237e-05 0.707106 0.707107
    outer loop
      vertex -2.63886 -4.6008 4.23866
      vertex -2.61487 -5.10846 4.74632
      vertex -2.29243 -4.94723 4.5851
    endloop
  endfacet
  facet normal -1.28836e-15 0.707107 0.707107
    outer loop
      vertex -2.61487 -5.10846 4.74632
      vertex -2.63886 -4.6008 4.23866
      vertex -2.96132 -4.76201 4.39987
    endloop
  endfacet
  facet normal -0.816501 -0.408244 0.408244
    outer loop
      vertex -2.63886 -4.6008 4.23866
      vertex -2.29243 -4.82666 4.70567
      vertex -2.63886 -4.48023 4.35923
    endloop
  endfacet
  facet normal -0.816501 -0.408244 0.408244
    outer loop
      vertex -2.29243 -4.82666 4.70567
      vertex -2.63886 -4.6008 4.23866
      vertex -2.29243 -4.94723 4.5851
    endloop
  endfacet
  facet normal -0.811905 -0.331143 0.480786
    outer loop
      vertex -2.63886 -4.48023 4.35923
      vertex -2.27466 -4.67324 4.84132
      vertex -2.6211 -4.32681 4.49489
    endloop
  endfacet
  facet normal -0.811912 -0.331083 0.480815
    outer loop
      vertex -2.27466 -4.67324 4.84132
      vertex -2.63886 -4.48023 4.35923
      vertex -2.29243 -4.82666 4.70567
    endloop
  endfacet
  facet normal -0.746281 -0.0862626 0.660018
    outer loop
      vertex -2.6211 -4.32681 4.49489
      vertex -2.22139 -4.54266 4.91863
      vertex -2.56782 -4.19623 4.5722
    endloop
  endfacet
  facet normal -0.746289 -0.0863074 0.660003
    outer loop
      vertex -2.22139 -4.54266 4.91863
      vertex -2.6211 -4.32681 4.49489
      vertex -2.27466 -4.67324 4.84132
    endloop
  endfacet
  facet normal -0.523817 0.280504 0.804321
    outer loop
      vertex -2.56782 -4.19623 4.5722
      vertex -2.13476 -4.4366 4.93806
      vertex -2.48119 -4.09017 4.59163
    endloop
  endfacet
  facet normal -0.523817 0.280504 0.804321
    outer loop
      vertex -2.13476 -4.4366 4.93806
      vertex -2.56782 -4.19623 4.5722
      vertex -2.22139 -4.54266 4.91863
    endloop
  endfacet
  facet normal -0.163778 0.610847 0.774624
    outer loop
      vertex -2.36329 -4.01032 4.55359
      vertex -2.13476 -4.4366 4.93806
      vertex -2.01686 -4.35675 4.90002
    endloop
  endfacet
  facet normal -0.163778 0.610847 0.774624
    outer loop
      vertex -2.13476 -4.4366 4.93806
      vertex -2.36329 -4.01032 4.55359
      vertex -2.48119 -4.09017 4.59163
    endloop
  endfacet
  facet normal 0.125904 0.761593 0.635707
    outer loop
      vertex -2.2358 -3.96381 4.47263
      vertex -2.01686 -4.35675 4.90002
      vertex -1.88938 -4.31023 4.81904
    endloop
  endfacet
  facet normal 0.125866 0.761588 0.635722
    outer loop
      vertex -2.01686 -4.35675 4.90002
      vertex -2.2358 -3.96381 4.47263
      vertex -2.36329 -4.01032 4.55359
    endloop
  endfacet
  facet normal 0.451685 0.814894 0.363219
    outer loop
      vertex -1.79953 -4.31698 4.72245
      vertex -2.2358 -3.96381 4.47263
      vertex -1.88938 -4.31023 4.81904
    endloop
  endfacet
  facet normal 0.451681 0.814894 0.363225
    outer loop
      vertex -2.2358 -3.96381 4.47263
      vertex -1.79953 -4.31698 4.72245
      vertex -2.14594 -3.97056 4.37603
    endloop
  endfacet
  facet normal 0.713134 0.700922 -0.0121918
    outer loop
      vertex -1.74627 -4.37307 4.6131
      vertex -2.14594 -3.97056 4.37603
      vertex -1.79953 -4.31698 4.72245
    endloop
  endfacet
  facet normal 0.713148 0.700906 -0.0122413
    outer loop
      vertex -2.14594 -3.97056 4.37603
      vertex -1.74627 -4.37307 4.6131
      vertex -2.09268 -4.02666 4.26668
    endloop
  endfacet
  facet normal 0.8087 0.501848 -0.306843
    outer loop
      vertex -1.72852 -4.47461 4.49381
      vertex -2.09268 -4.02666 4.26668
      vertex -1.74627 -4.37307 4.6131
    endloop
  endfacet
  facet normal 0.8087 0.501855 -0.306831
    outer loop
      vertex -2.09268 -4.02666 4.26668
      vertex -1.72852 -4.47461 4.49381
      vertex -2.07493 -4.12819 4.1474
    endloop
  endfacet
  facet normal 0.77817 0.174977 -0.603187
    outer loop
      vertex -1.72852 -4.47461 4.49381
      vertex -2.14702 -4.36073 3.98694
      vertex -2.07493 -4.12819 4.1474
    endloop
  endfacet
  facet normal 0.778169 0.175006 -0.60318
    outer loop
      vertex -2.14702 -4.36073 3.98694
      vertex -1.72852 -4.47461 4.49381
      vertex -1.8006 -4.70715 4.33335
    endloop
  endfacet
  facet normal 0.346086 -0.467386 -0.813495
    outer loop
      vertex -2.01686 -4.90293 4.35383
      vertex -2.14702 -4.36073 3.98694
      vertex -1.8006 -4.70715 4.33335
    endloop
  endfacet
  facet normal 0.346102 -0.46738 -0.813492
    outer loop
      vertex -2.14702 -4.36073 3.98694
      vertex -2.01686 -4.90293 4.35383
      vertex -2.36329 -4.55651 4.00741
    endloop
  endfacet
  facet normal 0.813388 0.468275 -0.345137
    outer loop
      vertex -1.98135 -5.23702 3.98423
      vertex -2.36329 -4.55651 4.00741
      vertex -2.01686 -4.90293 4.35383
    endloop
  endfacet
  facet normal 0.813398 0.468279 -0.345105
    outer loop
      vertex -2.36329 -4.55651 4.00741
      vertex -1.98135 -5.23702 3.98423
      vertex -2.32777 -4.89059 3.63781
    endloop
  endfacet
  facet normal -0.228774 0.564387 0.793177
    outer loop
      vertex -2.08077 -4.70467 3.57676
      vertex -1.98135 -5.23702 3.98423
      vertex -1.73436 -5.05109 3.92317
    endloop
  endfacet
  facet normal -0.228774 0.564387 0.793177
    outer loop
      vertex -1.98135 -5.23702 3.98423
      vertex -2.08077 -4.70467 3.57676
      vertex -2.32777 -4.89059 3.63781
    endloop
  endfacet
  facet normal -0.522426 0.282205 0.804631
    outer loop
      vertex -2.08077 -4.70467 3.57676
      vertex -1.55307 -4.82972 3.96324
      vertex -1.89947 -4.48332 3.61684
    endloop
  endfacet
  facet normal -0.522429 0.282195 0.804633
    outer loop
      vertex -1.55307 -4.82972 3.96324
      vertex -2.08077 -4.70467 3.57676
      vertex -1.73436 -5.05109 3.92317
    endloop
  endfacet
  facet normal -0.730762 -0.0499603 0.680802
    outer loop
      vertex -1.89947 -4.48332 3.61684
      vertex -1.44174 -4.58062 4.10102
      vertex -1.78814 -4.23422 3.75462
    endloop
  endfacet
  facet normal -0.730762 -0.0499603 0.680802
    outer loop
      vertex -1.44174 -4.58062 4.10102
      vertex -1.89947 -4.48332 3.61684
      vertex -1.55307 -4.82972 3.96324
    endloop
  endfacet
  facet normal -0.809866 -0.314999 0.494867
    outer loop
      vertex -1.78814 -4.23422 3.75462
      vertex -1.40463 -4.31143 4.3331
      vertex -1.75103 -3.96503 3.9867
    endloop
  endfacet
  facet normal -0.809866 -0.314999 0.494867
    outer loop
      vertex -1.40463 -4.31143 4.3331
      vertex -1.78814 -4.23422 3.75462
      vertex -1.44174 -4.58062 4.10102
    endloop
  endfacet
  facet normal -0.809984 -0.494127 0.315857
    outer loop
      vertex -1.40463 -4.31143 4.3331
      vertex -1.78939 -3.72279 4.26729
      vertex -1.75103 -3.96503 3.9867
    endloop
  endfacet
  facet normal -0.809978 -0.49412 0.315881
    outer loop
      vertex -1.78939 -3.72279 4.26729
      vertex -1.40463 -4.31143 4.3331
      vertex -1.44298 -4.06919 4.61369
    endloop
  endfacet
  facet normal 0.57737 -0.57737 0.577311
    outer loop
      vertex 4.0529 -4.33783 -2.19009
      vertex 4.70816 -3.97943 -2.48698
      vertex 4.84144 -3.54929 -2.19009
    endloop
  endfacet
  facet normal 0.57737 -0.57737 0.577311
    outer loop
      vertex 4.0529 -4.33783 -2.19009
      vertex 4.20133 -4.48626 -2.48698
      vertex 4.70816 -3.97943 -2.48698
    endloop
  endfacet
  facet normal 0.577378 -0.577361 0.577311
    outer loop
      vertex 3.7232 -4.66754 -2.19009
      vertex 4.20133 -4.48626 -2.48698
      vertex 4.0529 -4.33783 -2.19009
    endloop
  endfacet
  facet normal 0.577378 -0.577361 0.577311
    outer loop
      vertex 3.7232 -4.66754 -2.19009
      vertex 3.87163 -4.81597 -2.48698
      vertex 4.20133 -4.48626 -2.48698
    endloop
  endfacet
  facet normal 0.57737 -0.57737 0.577311
    outer loop
      vertex 3.49193 -4.89881 -2.19009
      vertex 3.87163 -4.81597 -2.48698
      vertex 3.7232 -4.66754 -2.19009
    endloop
  endfacet
  facet normal 0.577364 -0.577389 0.577298
    outer loop
      vertex 3.87163 -4.81597 -2.48698
      vertex 3.49193 -4.89881 -2.19009
      vertex 3.64035 -5.04724 -2.48698
    endloop
  endfacet
  facet normal 0.57736 -0.577381 0.577309
    outer loop
      vertex 4.70816 -3.97943 -2.48698
      vertex 4.65884 -4.73465 -3.19297
      vertex 4.9913 -3.69915 -2.48983
    endloop
  endfacet
  facet normal 0.577383 -0.577365 0.577303
    outer loop
      vertex 3.51938 -4.46372 -1.7824
      vertex 4.0529 -4.33783 -2.19009
      vertex 3.84908 -4.13401 -1.7824
    endloop
  endfacet
  facet normal 0.577383 -0.577365 0.577303
    outer loop
      vertex 4.0529 -4.33783 -2.19009
      vertex 3.51938 -4.46372 -1.7824
      vertex 3.7232 -4.66754 -2.19009
    endloop
  endfacet
  facet normal 0.577353 -0.577374 0.577325
    outer loop
      vertex 4.84144 -3.54929 -2.19009
      vertex 4.70816 -3.97943 -2.48698
      vertex 4.9913 -3.69915 -2.48983
    endloop
  endfacet
  facet normal 0.577299 -0.577397 0.577355
    outer loop
      vertex 4.6404 -4.94164 -3.38153
      vertex 4.52001 -5.46435 -3.7839
      vertex 4.65826 -4.96533 -3.42308
    endloop
  endfacet
  facet normal 0.577365 -0.57738 0.577306
    outer loop
      vertex 4.9913 -3.69915 -2.48983
      vertex 4.65884 -4.73465 -3.19297
      vertex 4.90629 -5.07806 -3.7839
    endloop
  endfacet
  facet normal 0.577382 -0.577366 0.577303
    outer loop
      vertex 4.52872 -4.81365 -3.14184
      vertex 3.87163 -4.81597 -2.48698
      vertex 4.52001 -5.46435 -3.7839
    endloop
  endfacet
  facet normal 0.577402 -0.577347 0.577302
    outer loop
      vertex 4.65884 -4.73465 -3.19297
      vertex 4.65451 -4.87178 -3.32578
      vertex 4.90629 -5.07806 -3.7839
    endloop
  endfacet
  facet normal 0.577389 -0.577374 0.577288
    outer loop
      vertex 4.65826 -4.96533 -3.42308
      vertex 4.52001 -5.46435 -3.7839
      vertex 4.90629 -5.07806 -3.7839
    endloop
  endfacet
  facet normal 0.577447 -0.577299 0.577305
    outer loop
      vertex 4.90629 -5.07806 -3.7839
      vertex 4.65451 -4.87178 -3.32578
      vertex 4.65826 -4.96533 -3.42308
    endloop
  endfacet
  facet normal 0.577301 -0.577397 0.577354
    outer loop
      vertex 4.60749 -4.90103 -3.30801
      vertex 4.52001 -5.46435 -3.7839
      vertex 4.6404 -4.94164 -3.38153
    endloop
  endfacet
  facet normal 0.577453 -0.57734 0.577258
    outer loop
      vertex 4.56758 -4.85467 -3.22172
      vertex 4.52001 -5.46435 -3.7839
      vertex 4.60749 -4.90103 -3.30801
    endloop
  endfacet
  facet normal 0.577287 -0.577413 0.577351
    outer loop
      vertex 4.52872 -4.81365 -3.14184
      vertex 4.52001 -5.46435 -3.7839
      vertex 4.56758 -4.85467 -3.22172
    endloop
  endfacet
  facet normal 0.577383 -0.577365 0.577303
    outer loop
      vertex 4.20133 -4.48626 -2.48698
      vertex 3.87163 -4.81597 -2.48698
      vertex 4.52872 -4.81365 -3.14184
    endloop
  endfacet
  facet normal 0.408265 -0.408247 -0.816489
    outer loop
      vertex 3.83834 -5.24523 -1.84367
      vertex 3.7232 -4.66754 -2.19009
      vertex 4.06961 -5.01395 -1.84367
    endloop
  endfacet
  facet normal 0.408252 -0.408252 -0.816493
    outer loop
      vertex 3.7232 -4.66754 -2.19009
      vertex 3.83834 -5.24523 -1.84367
      vertex 3.49193 -4.89881 -2.19009
    endloop
  endfacet
  facet normal 0.70701 0.707203 0.000213107
    outer loop
      vertex 3.84977 -5.25665 -1.86652
      vertex 3.49193 -4.89881 -2.19009
      vertex 3.83834 -5.24523 -1.84367
    endloop
  endfacet
  facet normal 0.707114 0.707099 -1.64024e-05
    outer loop
      vertex 3.49193 -4.89881 -2.19009
      vertex 3.84977 -5.25665 -1.86652
      vertex 3.64035 -5.04724 -2.48698
    endloop
  endfacet
  facet normal 0.707115 0.707098 -1.72027e-05
    outer loop
      vertex 3.98678 -5.39367 -2.14055
      vertex 3.64035 -5.04724 -2.48698
      vertex 3.84977 -5.25665 -1.86652
    endloop
  endfacet
  facet normal -0.408239 0.408257 0.816497
    outer loop
      vertex 3.87163 -4.81597 -2.48698
      vertex 3.98678 -5.39367 -2.14055
      vertex 4.21806 -5.1624 -2.14055
    endloop
  endfacet
  facet normal -0.408239 0.408257 0.816497
    outer loop
      vertex 3.98678 -5.39367 -2.14055
      vertex 3.87163 -4.81597 -2.48698
      vertex 3.64035 -5.04724 -2.48698
    endloop
  endfacet
  facet normal 0.707107 0.707107 -5.82456e-16
    outer loop
      vertex 4.86649 -5.81083 -3.43742
      vertex 3.87163 -4.81597 -2.48698
      vertex 4.21806 -5.1624 -2.14055
    endloop
  endfacet
  facet normal 0.707107 0.707107 6.98846e-16
    outer loop
      vertex 3.87163 -4.81597 -2.48698
      vertex 4.86649 -5.81083 -3.43742
      vertex 4.52001 -5.46435 -3.7839
    endloop
  endfacet
  facet normal -0.408235 0.408246 0.816504
    outer loop
      vertex 4.90629 -5.07806 -3.7839
      vertex 4.86649 -5.81083 -3.43742
      vertex 5.25278 -5.42455 -3.43742
    endloop
  endfacet
  facet normal -0.408254 0.408243 0.816497
    outer loop
      vertex 4.86649 -5.81083 -3.43742
      vertex 4.90629 -5.07806 -3.7839
      vertex 4.52001 -5.46435 -3.7839
    endloop
  endfacet
  facet normal -0.815262 -0.368765 0.446498
    outer loop
      vertex 4.90629 -5.07806 -3.7839
      vertex 5.2593 -5.31861 -3.33801
      vertex 4.9913 -3.69915 -2.48983
    endloop
  endfacet
  facet normal -0.815259 -0.368788 0.446484
    outer loop
      vertex 5.2593 -5.31861 -3.33801
      vertex 4.90629 -5.07806 -3.7839
      vertex 5.25278 -5.42455 -3.43742
    endloop
  endfacet
  facet normal -0.815262 -0.368765 0.446497
    outer loop
      vertex 5.33773 -4.04558 -2.1434
      vertex 4.9913 -3.69915 -2.48983
      vertex 5.2593 -5.31861 -3.33801
    endloop
  endfacet
  facet normal -0.707107 -0.707107 9.76572e-16
    outer loop
      vertex 4.9913 -3.69915 -2.48983
      vertex 5.32619 -4.03404 -2.12034
      vertex 4.84144 -3.54929 -2.19009
    endloop
  endfacet
  facet normal -0.707107 -0.707107 1.78574e-14
    outer loop
      vertex 5.32619 -4.03404 -2.12034
      vertex 4.9913 -3.69915 -2.48983
      vertex 5.33773 -4.04558 -2.1434
    endloop
  endfacet
  facet normal -0.707107 -0.707107 -1.058e-15
    outer loop
      vertex 5.18786 -3.89571 -1.84367
      vertex 4.84144 -3.54929 -2.19009
      vertex 5.32619 -4.03404 -2.12034
    endloop
  endfacet
  facet normal 0.408215 -0.408282 -0.816497
    outer loop
      vertex 5.12715 -3.95641 -1.84367
      vertex 4.84144 -3.54929 -2.19009
      vertex 5.18786 -3.89571 -1.84367
    endloop
  endfacet
  facet normal 0.408252 -0.408252 -0.816493
    outer loop
      vertex 4.84144 -3.54929 -2.19009
      vertex 5.12715 -3.95641 -1.84367
      vertex 4.0529 -4.33783 -2.19009
    endloop
  endfacet
  facet normal 0.408251 -0.408245 -0.816497
    outer loop
      vertex 4.39932 -4.68425 -1.84367
      vertex 4.0529 -4.33783 -2.19009
      vertex 5.12715 -3.95641 -1.84367
    endloop
  endfacet
  facet normal -0.707107 -0.707107 0
    outer loop
      vertex 4.0529 -4.33783 -2.19009
      vertex 4.38363 -4.66856 -1.81228
      vertex 3.84908 -4.13401 -1.7824
    endloop
  endfacet
  facet normal -0.707107 -0.707107 -1.27481e-14
    outer loop
      vertex 4.38363 -4.66856 -1.81228
      vertex 4.0529 -4.33783 -2.19009
      vertex 4.39932 -4.68425 -1.84367
    endloop
  endfacet
  facet normal -0.707107 -0.707107 0
    outer loop
      vertex 4.19548 -4.48041 -1.436
      vertex 3.84908 -4.13401 -1.7824
      vertex 4.38363 -4.66856 -1.81228
    endloop
  endfacet
  facet normal 0.408254 -0.408242 -0.816497
    outer loop
      vertex 3.86578 -4.81012 -1.436
      vertex 3.84908 -4.13401 -1.7824
      vertex 4.19548 -4.48041 -1.436
    endloop
  endfacet
  facet normal 0.408254 -0.408242 -0.816497
    outer loop
      vertex 3.84908 -4.13401 -1.7824
      vertex 3.86578 -4.81012 -1.436
      vertex 3.51938 -4.46372 -1.7824
    endloop
  endfacet
  facet normal 0.707107 0.707107 0
    outer loop
      vertex 3.88148 -4.82582 -1.4674
      vertex 3.51938 -4.46372 -1.7824
      vertex 3.86578 -4.81012 -1.436
    endloop
  endfacet
  facet normal 0.707107 0.707107 5.55909e-16
    outer loop
      vertex 3.51938 -4.46372 -1.7824
      vertex 3.88148 -4.82582 -1.4674
      vertex 3.7232 -4.66754 -2.19009
    endloop
  endfacet
  facet normal 0.707107 0.707107 3.01144e-16
    outer loop
      vertex 4.06961 -5.01395 -1.84367
      vertex 3.7232 -4.66754 -2.19009
      vertex 3.88148 -4.82582 -1.4674
    endloop
  endfacet
  facet normal 0.815107 0.36631 -0.448796
    outer loop
      vertex 5.05459 -4.32586 -2.14055
      vertex 4.65884 -4.73465 -3.19297
      vertex 4.70816 -3.97943 -2.48698
    endloop
  endfacet
  facet normal 0.815107 0.36631 -0.448796
    outer loop
      vertex 4.65884 -4.73465 -3.19297
      vertex 5.05459 -4.32586 -2.14055
      vertex 5.0053 -5.08111 -2.84651
    endloop
  endfacet
  facet normal 0.816189 0.388461 -0.427707
    outer loop
      vertex 5.0013 -5.20771 -2.96911
      vertex 4.65451 -4.87178 -3.32578
      vertex 4.65884 -4.73465 -3.19297
    endloop
  endfacet
  facet normal 0.816191 0.388619 -0.42756
    outer loop
      vertex 4.65451 -4.87178 -3.32578
      vertex 5.0013 -5.20771 -2.96911
      vertex 5.00097 -5.21825 -2.97932
    endloop
  endfacet
  facet normal 0.816181 0.388439 -0.427742
    outer loop
      vertex 5.0013 -5.20771 -2.96911
      vertex 4.65884 -4.73465 -3.19297
      vertex 5.0053 -5.08111 -2.84651
    endloop
  endfacet
  facet normal 0.816027 0.432081 -0.383934
    outer loop
      vertex 5.00472 -5.31179 -3.07662
      vertex 4.65451 -4.87178 -3.32578
      vertex 5.00097 -5.21825 -2.97932
    endloop
  endfacet
  facet normal 0.816024 0.432063 -0.383961
    outer loop
      vertex 4.65451 -4.87178 -3.32578
      vertex 5.00472 -5.31179 -3.07662
      vertex 4.65826 -4.96533 -3.42308
    endloop
  endfacet
  facet normal -0.737762 -0.671834 0.0659281
    outer loop
      vertex 5.00472 -5.31179 -3.07662
      vertex 4.6404 -4.94164 -3.38153
      vertex 4.65826 -4.96533 -3.42308
    endloop
  endfacet
  facet normal -0.737722 -0.671888 0.0658146
    outer loop
      vertex 4.6404 -4.94164 -3.38153
      vertex 5.00472 -5.31179 -3.07662
      vertex 4.98686 -5.28811 -3.03507
    endloop
  endfacet
  facet normal -0.730465 -0.68117 0.0492752
    outer loop
      vertex 4.98686 -5.28811 -3.03507
      vertex 4.60749 -4.90103 -3.30801
      vertex 4.6404 -4.94164 -3.38153
    endloop
  endfacet
  facet normal -0.730488 -0.681141 0.0493483
    outer loop
      vertex 4.60749 -4.90103 -3.30801
      vertex 4.98686 -5.28811 -3.03507
      vertex 4.95396 -5.2475 -2.96155
    endloop
  endfacet
  facet normal -0.724052 -0.688846 0.0352068
    outer loop
      vertex 4.95396 -5.2475 -2.96155
      vertex 4.56758 -4.85467 -3.22172
      vertex 4.60749 -4.90103 -3.30801
    endloop
  endfacet
  facet normal -0.724052 -0.688846 0.0352068
    outer loop
      vertex 4.56758 -4.85467 -3.22172
      vertex 4.95396 -5.2475 -2.96155
      vertex 4.91404 -5.20113 -2.87527
    endloop
  endfacet
  facet normal -0.713393 -0.700648 0.0127456
    outer loop
      vertex 4.91404 -5.20113 -2.87527
      vertex 4.52872 -4.81365 -3.14184
      vertex 4.56758 -4.85467 -3.22172
    endloop
  endfacet
  facet normal -0.713393 -0.700648 0.0127444
    outer loop
      vertex 4.52872 -4.81365 -3.14184
      vertex 4.91404 -5.20113 -2.87527
      vertex 4.87518 -5.16011 -2.79538
    endloop
  endfacet
  facet normal -0.707107 -0.707107 0
    outer loop
      vertex 4.87518 -5.16011 -2.79538
      vertex 4.20133 -4.48626 -2.48698
      vertex 4.52872 -4.81365 -3.14184
    endloop
  endfacet
  facet normal -0.707107 -0.707107 0
    outer loop
      vertex 4.20133 -4.48626 -2.48698
      vertex 4.87518 -5.16011 -2.79538
      vertex 4.54776 -4.83269 -2.14055
    endloop
  endfacet
  facet normal -0.408248 0.408248 0.816497
    outer loop
      vertex 4.70816 -3.97943 -2.48698
      vertex 5.01558 -4.36487 -2.14055
      vertex 5.05459 -4.32586 -2.14055
    endloop
  endfacet
  facet normal -0.408248 0.408248 0.816497
    outer loop
      vertex 5.01558 -4.36487 -2.14055
      vertex 4.70816 -3.97943 -2.48698
      vertex 4.20133 -4.48626 -2.48698
    endloop
  endfacet
  facet normal -0.408248 0.408248 0.816497
    outer loop
      vertex 5.01558 -4.36487 -2.14055
      vertex 4.20133 -4.48626 -2.48698
      vertex 4.54776 -4.83269 -2.14055
    endloop
  endfacet
  facet normal -0.577389 -0.577364 -0.577297
    outer loop
      vertex -4.29287 -4.7156 2.80789
      vertex -4.52722 -4.65222 2.97889
      vertex -4.32681 -4.49489 2.6211
    endloop
  endfacet
  facet normal -0.577333 -0.577401 -0.577317
    outer loop
      vertex -4.09085 -4.86631 2.75659
      vertex -4.19623 -4.5722 2.56782
      vertex -4.09017 -4.59163 2.48119
    endloop
  endfacet
  facet normal -0.577347 -0.577399 -0.577306
    outer loop
      vertex -4.09085 -4.86631 2.75659
      vertex -4.29287 -4.7156 2.80789
      vertex -4.19623 -4.5722 2.56782
    endloop
  endfacet
  facet normal -0.577369 -0.577364 -0.577318
    outer loop
      vertex -3.75883 -4.95688 2.5151
      vertex -4.09017 -4.59163 2.48119
      vertex -4.01032 -4.55359 2.36329
    endloop
  endfacet
  facet normal -0.577395 -0.577369 -0.577287
    outer loop
      vertex -3.75883 -4.95688 2.5151
      vertex -4.01032 -4.55359 2.36329
      vertex -3.64396 -4.89582 2.33914
    endloop
  endfacet
  facet normal -0.577372 -0.577385 -0.577294
    outer loop
      vertex -5.21758 -4.76134 3.77847
      vertex -5.34571 -4.52348 3.66872
      vertex -4.99012 -4.63905 3.42867
    endloop
  endfacet
  facet normal -0.577369 -0.577388 -0.577293
    outer loop
      vertex -4.93956 -4.74074 3.47981
      vertex -5.21758 -4.76134 3.77847
      vertex -4.99012 -4.63905 3.42867
    endloop
  endfacet
  facet normal -0.577364 -0.577373 -0.577315
    outer loop
      vertex -4.15978 -5.32308 3.28235
      vertex -4.55557 -4.98784 3.3429
      vertex -4.48552 -4.94764 3.23264
    endloop
  endfacet
  facet normal -0.577373 -0.577374 -0.577304
    outer loop
      vertex -4.5086 -5.36556 3.67369
      vertex -4.55557 -4.98784 3.3429
      vertex -4.30948 -5.3962 3.50519
    endloop
  endfacet
  facet normal -0.577374 -0.577387 -0.57729
    outer loop
      vertex -4.74442 -5.23573 3.7797
      vertex -5.0043 -5.0112 3.81505
      vertex -4.74185 -4.93792 3.47927
    endloop
  endfacet
  facet normal -0.577367 -0.577389 -0.577294
    outer loop
      vertex -5.34571 -4.52348 3.66872
      vertex -5.38432 -4.31055 3.49437
      vertex -5.00074 -4.54605 3.34628
    endloop
  endfacet
  facet normal -0.57736 -0.577343 -0.577348
    outer loop
      vertex -5.00074 -4.54605 3.34628
      vertex -5.38432 -4.31055 3.49437
      vertex -4.96917 -4.46681 3.23547
    endloop
  endfacet
  facet normal -0.577393 -0.577354 -0.577304
    outer loop
      vertex -4.46008 -4.77209 3.03162
      vertex -4.52722 -4.65222 2.97889
      vertex -4.29571 -4.71844 2.81357
    endloop
  endfacet
  facet normal -0.577357 -0.577392 -0.577302
    outer loop
      vertex -4.52722 -4.65222 2.97889
      vertex -4.64883 -4.51305 2.96132
      vertex -4.48023 -4.35923 2.63886
    endloop
  endfacet
  facet normal -0.577377 -0.577377 -0.577297
    outer loop
      vertex -4.12819 -4.1474 2.07493
      vertex -4.36073 -3.98694 2.14702
      vertex -4.23422 -3.75462 1.78814
    endloop
  endfacet
  facet normal -0.577353 -0.577391 -0.577307
    outer loop
      vertex -4.96917 -4.46681 3.23547
      vertex -5.38432 -4.31055 3.49437
      vertex -5.32907 -4.13534 3.26388
    endloop
  endfacet
  facet normal -0.577377 -0.577379 -0.577295
    outer loop
      vertex -4.09823 -5.21384 3.11153
      vertex -4.44649 -4.87108 3.11703
      vertex -4.10103 -5.07362 2.97409
    endloop
  endfacet
  facet normal -0.577375 -0.577373 -0.577303
    outer loop
      vertex -4.99012 -4.63905 3.42867
      vertex -5.34571 -4.52348 3.66872
      vertex -5.00074 -4.54605 3.34628
    endloop
  endfacet
  facet normal -0.577375 -0.577372 -0.577304
    outer loop
      vertex -4.44649 -4.87108 3.11703
      vertex -4.46008 -4.77209 3.03162
      vertex -4.16719 -4.90698 2.8736
    endloop
  endfacet
  facet normal -0.57738 -0.577369 -0.577302
    outer loop
      vertex -5.0043 -5.0112 3.81505
      vertex -5.21758 -4.76134 3.77847
      vertex -4.93956 -4.74074 3.47981
    endloop
  endfacet
  facet normal -0.577397 -0.577352 -0.577301
    outer loop
      vertex -4.74185 -4.93792 3.47927
      vertex -5.0043 -5.0112 3.81505
      vertex -4.85136 -4.84598 3.49685
    endloop
  endfacet
  facet normal -0.577381 -0.577368 -0.577302
    outer loop
      vertex -4.85136 -4.84598 3.49685
      vertex -5.0043 -5.0112 3.81505
      vertex -4.93956 -4.74074 3.47981
    endloop
  endfacet
  facet normal -0.577348 -0.577399 -0.577303
    outer loop
      vertex -4.64212 -4.9849 3.42652
      vertex -4.74442 -5.23573 3.7797
      vertex -4.74185 -4.93792 3.47927
    endloop
  endfacet
  facet normal -0.577373 -0.577374 -0.577304
    outer loop
      vertex -4.5086 -5.36556 3.67369
      vertex -4.64212 -4.9849 3.42652
      vertex -4.55557 -4.98784 3.3429
    endloop
  endfacet
  facet normal -0.577386 -0.577371 -0.577294
    outer loop
      vertex -4.5086 -5.36556 3.67369
      vertex -4.74442 -5.23573 3.7797
      vertex -4.64212 -4.9849 3.42652
    endloop
  endfacet
  facet normal -0.577364 -0.577372 -0.577315
    outer loop
      vertex -4.30948 -5.3962 3.50519
      vertex -4.55557 -4.98784 3.3429
      vertex -4.15978 -5.32308 3.28235
    endloop
  endfacet
  facet normal -0.577383 -0.577384 -0.577284
    outer loop
      vertex -4.09823 -5.21384 3.11153
      vertex -4.48552 -4.94764 3.23264
      vertex -4.44649 -4.87108 3.11703
    endloop
  endfacet
  facet normal -0.577383 -0.577385 -0.577283
    outer loop
      vertex -4.15978 -5.32308 3.28235
      vertex -4.48552 -4.94764 3.23264
      vertex -4.09823 -5.21384 3.11153
    endloop
  endfacet
  facet normal -0.577376 -0.577369 -0.577306
    outer loop
      vertex -4.10103 -5.07362 2.97409
      vertex -4.44649 -4.87108 3.11703
      vertex -4.16719 -4.90698 2.8736
    endloop
  endfacet
  facet normal -0.577374 -0.57738 -0.577296
    outer loop
      vertex -4.16719 -4.90698 2.8736
      vertex -4.46008 -4.77209 3.03162
      vertex -4.29571 -4.71844 2.81357
    endloop
  endfacet
  facet normal -0.577408 -0.577292 -0.57735
    outer loop
      vertex -4.29571 -4.71844 2.81357
      vertex -4.52722 -4.65222 2.97889
      vertex -4.29287 -4.7156 2.80789
    endloop
  endfacet
  facet normal -0.577374 -0.577374 -0.577303
    outer loop
      vertex -4.48023 -4.35923 2.63886
      vertex -4.76201 -4.39987 2.96132
      vertex -4.6008 -4.23866 2.63886
    endloop
  endfacet
  facet normal -0.577374 -0.577374 -0.577303
    outer loop
      vertex -4.76201 -4.39987 2.96132
      vertex -4.48023 -4.35923 2.63886
      vertex -4.64883 -4.51305 2.96132
    endloop
  endfacet
  facet normal -0.577375 -0.57737 -0.577306
    outer loop
      vertex -3.96381 -4.47263 2.2358
      vertex -3.97056 -4.37603 2.14594
      vertex -3.58657 -4.51857 1.90446
    endloop
  endfacet
  facet normal -0.577372 -0.577382 -0.577296
    outer loop
      vertex -4.32681 -4.49489 2.6211
      vertex -4.52722 -4.65222 2.97889
      vertex -4.48023 -4.35923 2.63886
    endloop
  endfacet
  facet normal -0.577384 -0.577366 -0.577301
    outer loop
      vertex -4.29287 -4.7156 2.80789
      vertex -4.32681 -4.49489 2.6211
      vertex -4.19623 -4.5722 2.56782
    endloop
  endfacet
  facet normal -0.577395 -0.577383 -0.577273
    outer loop
      vertex -3.91031 -4.94688 2.65661
      vertex -4.09017 -4.59163 2.48119
      vertex -3.75883 -4.95688 2.5151
    endloop
  endfacet
  facet normal -0.577369 -0.577383 -0.577299
    outer loop
      vertex -3.91031 -4.94688 2.65661
      vertex -4.09085 -4.86631 2.75659
      vertex -4.09017 -4.59163 2.48119
    endloop
  endfacet
  facet normal -0.577395 -0.577369 -0.577288
    outer loop
      vertex -3.64396 -4.89582 2.33914
      vertex -4.01032 -4.55359 2.36329
      vertex -3.96381 -4.47263 2.2358
    endloop
  endfacet
  facet normal -0.577375 -0.577369 -0.577306
    outer loop
      vertex -3.5593 -4.73119 2.08983
      vertex -3.96381 -4.47263 2.2358
      vertex -3.58657 -4.51857 1.90446
    endloop
  endfacet
  facet normal -0.577373 -0.57736 -0.577318
    outer loop
      vertex -3.64396 -4.89582 2.33914
      vertex -3.96381 -4.47263 2.2358
      vertex -3.5593 -4.73119 2.08983
    endloop
  endfacet
  facet normal -0.577375 -0.577367 -0.577308
    outer loop
      vertex -3.58657 -4.51857 1.90446
      vertex -3.97056 -4.37603 2.14594
      vertex -3.72279 -4.26729 1.78939
    endloop
  endfacet
  facet normal -0.577361 -0.577386 -0.577304
    outer loop
      vertex -3.97056 -4.37603 2.14594
      vertex -4.02666 -4.26668 2.09268
      vertex -3.72279 -4.26729 1.78939
    endloop
  endfacet
  facet normal -0.577365 -0.577378 -0.577308
    outer loop
      vertex -3.72279 -4.26729 1.78939
      vertex -4.02666 -4.26668 2.09268
      vertex -3.96503 -3.9867 1.75103
    endloop
  endfacet
  facet normal -0.57738 -0.577368 -0.577303
    outer loop
      vertex -4.02666 -4.26668 2.09268
      vertex -4.12819 -4.1474 2.07493
      vertex -3.96503 -3.9867 1.75103
    endloop
  endfacet
  facet normal -0.577366 -0.577372 -0.577313
    outer loop
      vertex -4.55651 -4.00741 2.36329
      vertex -4.70467 -3.57676 2.08077
      vertex -4.36073 -3.98694 2.14702
    endloop
  endfacet
  facet normal -0.577377 -0.57737 -0.577305
    outer loop
      vertex -4.55651 -4.00741 2.36329
      vertex -4.89059 -3.63781 2.32777
      vertex -4.70467 -3.57676 2.08077
    endloop
  endfacet
  facet normal -0.577382 -0.577381 -0.577287
    outer loop
      vertex -4.36073 -3.98694 2.14702
      vertex -4.70467 -3.57676 2.08077
      vertex -4.48332 -3.61684 1.89947
    endloop
  endfacet
  facet normal -0.577369 -0.577384 -0.577298
    outer loop
      vertex -4.36073 -3.98694 2.14702
      vertex -4.48332 -3.61684 1.89947
      vertex -4.23422 -3.75462 1.78814
    endloop
  endfacet
  facet normal -0.577369 -0.577379 -0.577303
    outer loop
      vertex -4.12819 -4.1474 2.07493
      vertex -4.23422 -3.75462 1.78814
      vertex -3.96503 -3.9867 1.75103
    endloop
  endfacet
  facet normal -0.686465 -0.0396374 0.726082
    outer loop
      vertex -4.06919 -4.61369 1.44298
      vertex -3.58657 -4.51857 1.90446
      vertex -3.72279 -4.26729 1.78939
    endloop
  endfacet
  facet normal -0.686468 -0.0396126 0.72608
    outer loop
      vertex -3.58657 -4.51857 1.90446
      vertex -4.06919 -4.61369 1.44298
      vertex -3.93298 -4.86497 1.55805
    endloop
  endfacet
  facet normal -0.810808 0.322106 0.488711
    outer loop
      vertex -3.93088 -4.88135 1.57233
      vertex -3.58657 -4.51857 1.90446
      vertex -3.93298 -4.86497 1.55805
    endloop
  endfacet
  facet normal -0.810806 0.322094 0.488722
    outer loop
      vertex -3.58657 -4.51857 1.90446
      vertex -3.93088 -4.88135 1.57233
      vertex -3.5593 -4.73119 2.08983
    endloop
  endfacet
  facet normal -0.810808 0.322081 0.488727
    outer loop
      vertex -3.5593 -4.73119 2.08983
      vertex -3.93088 -4.88135 1.57233
      vertex -3.90571 -5.0776 1.74342
    endloop
  endfacet
  facet normal -0.769653 0.62089 0.148762
    outer loop
      vertex -3.91223 -5.09028 1.76261
      vertex -3.5593 -4.73119 2.08983
      vertex -3.90571 -5.0776 1.74342
    endloop
  endfacet
  facet normal -0.769629 0.620939 0.148684
    outer loop
      vertex -3.5593 -4.73119 2.08983
      vertex -3.91223 -5.09028 1.76261
      vertex -3.64396 -4.89582 2.33914
    endloop
  endfacet
  facet normal -0.769624 0.620945 0.14868
    outer loop
      vertex -3.91223 -5.09028 1.76261
      vertex -3.99038 -5.24224 1.99272
      vertex -3.64396 -4.89582 2.33914
    endloop
  endfacet
  facet normal -0.62535 0.767321 -0.141971
    outer loop
      vertex -3.64396 -4.89582 2.33914
      vertex -4.10526 -5.30331 2.16867
      vertex -3.75883 -4.95688 2.5151
    endloop
  endfacet
  facet normal -0.62535 0.767321 -0.141971
    outer loop
      vertex -4.10526 -5.30331 2.16867
      vertex -3.64396 -4.89582 2.33914
      vertex -3.99038 -5.24224 1.99272
    endloop
  endfacet
  facet normal -0.365851 0.815076 -0.449225
    outer loop
      vertex -4.10526 -5.30331 2.16867
      vertex -3.91031 -4.94688 2.65661
      vertex -3.75883 -4.95688 2.5151
    endloop
  endfacet
  facet normal -0.365851 0.815076 -0.449225
    outer loop
      vertex -3.91031 -4.94688 2.65661
      vertex -4.10526 -5.30331 2.16867
      vertex -4.25675 -5.29332 2.31017
    endloop
  endfacet
  facet normal -0.0505828 0.73104 -0.680457
    outer loop
      vertex -4.25675 -5.29332 2.31017
      vertex -4.09085 -4.86631 2.75659
      vertex -3.91031 -4.94688 2.65661
    endloop
  endfacet
  facet normal -0.0505828 0.73104 -0.680457
    outer loop
      vertex -4.09085 -4.86631 2.75659
      vertex -4.25675 -5.29332 2.31017
      vertex -4.43729 -5.21275 2.41015
    endloop
  endfacet
  facet normal 0.223142 0.568617 -0.791759
    outer loop
      vertex -4.43729 -5.21275 2.41015
      vertex -4.29287 -4.7156 2.80789
      vertex -4.09085 -4.86631 2.75659
    endloop
  endfacet
  facet normal 0.223142 0.568617 -0.791759
    outer loop
      vertex -4.29287 -4.7156 2.80789
      vertex -4.43729 -5.21275 2.41015
      vertex -4.63931 -5.06204 2.46145
    endloop
  endfacet
  facet normal -0.707107 0.707107 0
    outer loop
      vertex -4.29287 -4.7156 2.80789
      vertex -4.63953 -5.06226 2.46189
      vertex -4.29571 -4.71844 2.81357
    endloop
  endfacet
  facet normal -0.707107 0.707107 9.52188e-13
    outer loop
      vertex -4.63953 -5.06226 2.46189
      vertex -4.29287 -4.7156 2.80789
      vertex -4.63931 -5.06204 2.46145
    endloop
  endfacet
  facet normal -0.707107 0.707107 -7.93107e-14
    outer loop
      vertex -4.63953 -5.06226 2.46189
      vertex -4.64215 -5.06488 2.46713
      vertex -4.29571 -4.71844 2.81357
    endloop
  endfacet
  facet normal -0.608254 -0.167597 0.775847
    outer loop
      vertex -4.29571 -4.71844 2.81357
      vertex -4.63226 -5.07938 2.47175
      vertex -4.16719 -4.90698 2.8736
    endloop
  endfacet
  facet normal -0.608221 -0.167642 0.775863
    outer loop
      vertex -4.63226 -5.07938 2.47175
      vertex -4.29571 -4.71844 2.81357
      vertex -4.64215 -5.06488 2.46713
    endloop
  endfacet
  facet normal -0.608255 -0.167592 0.775847
    outer loop
      vertex -4.16719 -4.90698 2.8736
      vertex -4.63226 -5.07938 2.47175
      vertex -4.51363 -5.25342 2.52716
    endloop
  endfacet
  facet normal -0.750375 0.0964338 0.653941
    outer loop
      vertex -4.51363 -5.25342 2.52716
      vertex -4.10103 -5.07362 2.97409
      vertex -4.16719 -4.90698 2.8736
    endloop
  endfacet
  facet normal -0.750317 0.0959703 0.654074
    outer loop
      vertex -4.10103 -5.07362 2.97409
      vertex -4.51363 -5.25342 2.52716
      vertex -4.50854 -5.26624 2.53488
    endloop
  endfacet
  facet normal -0.750387 0.0964648 0.653922
    outer loop
      vertex -4.10103 -5.07362 2.97409
      vertex -4.50854 -5.26624 2.53488
      vertex -4.44748 -5.42007 2.62764
    endloop
  endfacet
  facet normal -0.816373 0.395867 0.420506
    outer loop
      vertex -4.44748 -5.42007 2.62764
      vertex -4.09823 -5.21384 3.11153
      vertex -4.10103 -5.07362 2.97409
    endloop
  endfacet
  facet normal -0.816376 0.395848 0.420517
    outer loop
      vertex -4.09823 -5.21384 3.11153
      vertex -4.44748 -5.42007 2.62764
      vertex -4.44468 -5.56029 2.76507
    endloop
  endfacet
  facet normal -0.763064 0.633128 0.129932
    outer loop
      vertex -4.50624 -5.66954 2.93589
      vertex -4.09823 -5.21384 3.11153
      vertex -4.44468 -5.56029 2.76507
    endloop
  endfacet
  facet normal -0.763064 0.633126 0.129938
    outer loop
      vertex -4.09823 -5.21384 3.11153
      vertex -4.50624 -5.66954 2.93589
      vertex -4.15978 -5.32308 3.28235
    endloop
  endfacet
  facet normal -0.614132 0.77304 -0.158907
    outer loop
      vertex -4.15978 -5.32308 3.28235
      vertex -4.65595 -5.74267 3.15872
      vertex -4.30948 -5.3962 3.50519
    endloop
  endfacet
  facet normal -0.614132 0.77304 -0.158907
    outer loop
      vertex -4.65595 -5.74267 3.15872
      vertex -4.15978 -5.32308 3.28235
      vertex -4.50624 -5.66954 2.93589
    endloop
  endfacet
  facet normal -0.303044 0.808131 -0.505063
    outer loop
      vertex -4.30948 -5.3962 3.50519
      vertex -4.67125 -5.74031 3.17166
      vertex -4.5086 -5.36556 3.67369
    endloop
  endfacet
  facet normal -0.302742 0.808075 -0.505333
    outer loop
      vertex -4.67125 -5.74031 3.17166
      vertex -4.30948 -5.3962 3.50519
      vertex -4.65595 -5.74267 3.15872
    endloop
  endfacet
  facet normal -0.30309 0.808125 -0.505044
    outer loop
      vertex -4.67125 -5.74031 3.17166
      vertex -4.85507 -5.71204 3.32721
      vertex -4.5086 -5.36556 3.67369
    endloop
  endfacet
  facet normal 0.0475346 0.682141 -0.729674
    outer loop
      vertex -4.85507 -5.71204 3.32721
      vertex -4.74442 -5.23573 3.7797
      vertex -4.5086 -5.36556 3.67369
    endloop
  endfacet
  facet normal 0.0471791 0.682196 -0.729645
    outer loop
      vertex -4.74442 -5.23573 3.7797
      vertex -4.85507 -5.71204 3.32721
      vertex -4.87319 -5.70207 3.33536
    endloop
  endfacet
  facet normal 0.0475254 0.682134 -0.729681
    outer loop
      vertex -4.87319 -5.70207 3.33536
      vertex -5.09091 -5.58222 3.43322
      vertex -4.74442 -5.23573 3.7797
    endloop
  endfacet
  facet normal 0.316304 0.493726 -0.810053
    outer loop
      vertex -5.11087 -5.56497 3.43594
      vertex -4.74442 -5.23573 3.7797
      vertex -5.09091 -5.58222 3.43322
    endloop
  endfacet
  facet normal 0.316346 0.493687 -0.810061
    outer loop
      vertex -4.74442 -5.23573 3.7797
      vertex -5.11087 -5.56497 3.43594
      vertex -5.0043 -5.0112 3.81505
    endloop
  endfacet
  facet normal 0.316361 0.493682 -0.810058
    outer loop
      vertex -5.11087 -5.56497 3.43594
      vertex -5.35078 -5.35769 3.46857
      vertex -5.0043 -5.0112 3.81505
    endloop
  endfacet
  facet normal 0.500337 0.308616 -0.808962
    outer loop
      vertex -5.36716 -5.3385 3.46576
      vertex -5.0043 -5.0112 3.81505
      vertex -5.35078 -5.35769 3.46857
    endloop
  endfacet
  facet normal 0.50032 0.308638 -0.808964
    outer loop
      vertex -5.0043 -5.0112 3.81505
      vertex -5.36716 -5.3385 3.46576
      vertex -5.21758 -4.76134 3.77847
    endloop
  endfacet
  facet normal 0.500311 0.308642 -0.808968
    outer loop
      vertex -5.36716 -5.3385 3.46576
      vertex -5.56407 -5.10782 3.43199
      vertex -5.21758 -4.76134 3.77847
    endloop
  endfacet
  facet normal 0.688224 0.0363442 -0.724588
    outer loop
      vertex -5.69218 -4.86996 3.32224
      vertex -5.21758 -4.76134 3.77847
      vertex -5.56407 -5.10782 3.43199
    endloop
  endfacet
  facet normal 0.688216 0.0363959 -0.724592
    outer loop
      vertex -5.21758 -4.76134 3.77847
      vertex -5.69218 -4.86996 3.32224
      vertex -5.34571 -4.52348 3.66872
    endloop
  endfacet
  facet normal 0.804597 -0.282005 -0.522586
    outer loop
      vertex -5.34571 -4.52348 3.66872
      vertex -5.69515 -4.8536 3.30885
      vertex -5.38432 -4.31055 3.49437
    endloop
  endfacet
  facet normal 0.804565 -0.28179 -0.522752
    outer loop
      vertex -5.69515 -4.8536 3.30885
      vertex -5.34571 -4.52348 3.66872
      vertex -5.69218 -4.86996 3.32224
    endloop
  endfacet
  facet normal 0.804594 -0.282001 -0.522593
    outer loop
      vertex -5.69515 -4.8536 3.30885
      vertex -5.73079 -4.65702 3.1479
      vertex -5.38432 -4.31055 3.49437
    endloop
  endfacet
  facet normal 0.794681 -0.559704 -0.234976
    outer loop
      vertex -5.73079 -4.65702 3.1479
      vertex -5.32907 -4.13534 3.26388
      vertex -5.38432 -4.31055 3.49437
    endloop
  endfacet
  facet normal 0.794681 -0.559704 -0.234976
    outer loop
      vertex -5.32907 -4.13534 3.26388
      vertex -5.73079 -4.65702 3.1479
      vertex -5.67553 -4.4818 2.91742
    endloop
  endfacet
  facet normal -0.357004 -0.457429 0.814437
    outer loop
      vertex -5.32907 -4.13534 3.26388
      vertex -5.64786 -4.50728 2.91524
      vertex -4.96917 -4.46681 3.23547
    endloop
  endfacet
  facet normal -0.357035 -0.457403 0.814438
    outer loop
      vertex -5.64786 -4.50728 2.91524
      vertex -5.32907 -4.13534 3.26388
      vertex -5.67553 -4.4818 2.91742
    endloop
  endfacet
  facet normal -0.357003 -0.457432 0.814435
    outer loop
      vertex -4.96917 -4.46681 3.23547
      vertex -5.64786 -4.50728 2.91524
      vertex -5.31563 -4.81327 2.88901
    endloop
  endfacet
  facet normal -0.784753 0.587625 0.197128
    outer loop
      vertex -5.31806 -4.81937 2.89752
      vertex -4.96917 -4.46681 3.23547
      vertex -5.31563 -4.81327 2.88901
    endloop
  endfacet
  facet normal -0.784668 0.587844 0.196812
    outer loop
      vertex -4.96917 -4.46681 3.23547
      vertex -5.31806 -4.81937 2.89752
      vertex -5.00074 -4.54605 3.34628
    endloop
  endfacet
  facet normal -0.784662 0.587856 0.196801
    outer loop
      vertex -5.31806 -4.81937 2.89752
      vertex -5.3472 -4.89251 2.99981
      vertex -5.00074 -4.54605 3.34628
    endloop
  endfacet
  facet normal -0.812079 0.332536 0.479529
    outer loop
      vertex -5.34639 -4.89966 3.00614
      vertex -5.00074 -4.54605 3.34628
      vertex -5.3472 -4.89251 2.99981
    endloop
  endfacet
  facet normal -0.812047 0.332289 0.479753
    outer loop
      vertex -5.00074 -4.54605 3.34628
      vertex -5.34639 -4.89966 3.00614
      vertex -4.99012 -4.63905 3.42867
    endloop
  endfacet
  facet normal -0.812049 0.332241 0.479784
    outer loop
      vertex -4.99012 -4.63905 3.42867
      vertex -5.34639 -4.89966 3.00614
      vertex -5.33658 -4.98552 3.0822
    endloop
  endfacet
  facet normal -0.708454 0.00268179 0.705752
    outer loop
      vertex -5.33658 -4.98552 3.0822
      vertex -4.93956 -4.74074 3.47981
      vertex -4.99012 -4.63905 3.42867
    endloop
  endfacet
  facet normal -0.708569 0.00305945 0.705634
    outer loop
      vertex -4.93956 -4.74074 3.47981
      vertex -5.33658 -4.98552 3.0822
      vertex -5.3327 -4.99333 3.08613
    endloop
  endfacet
  facet normal -0.708459 0.00271152 0.705747
    outer loop
      vertex -4.93956 -4.74074 3.47981
      vertex -5.3327 -4.99333 3.08613
      vertex -5.28603 -5.08721 3.13334
    endloop
  endfacet
  facet normal -0.510228 -0.296923 0.807158
    outer loop
      vertex -4.93956 -4.74074 3.47981
      vertex -5.27926 -5.09529 3.13465
      vertex -4.85136 -4.84598 3.49685
    endloop
  endfacet
  facet normal -0.510367 -0.296763 0.807129
    outer loop
      vertex -5.27926 -5.09529 3.13465
      vertex -4.93956 -4.74074 3.47981
      vertex -5.28603 -5.08721 3.13334
    endloop
  endfacet
  facet normal -0.510219 -0.296939 0.807158
    outer loop
      vertex -4.85136 -4.84598 3.49685
      vertex -5.27926 -5.09529 3.13465
      vertex -5.19783 -5.19245 3.15038
    endloop
  endfacet
  facet normal -0.298005 -0.509325 0.80733
    outer loop
      vertex -4.85136 -4.84598 3.49685
      vertex -5.08832 -5.28439 3.1328
      vertex -4.74185 -4.93792 3.47927
    endloop
  endfacet
  facet normal -0.298005 -0.509325 0.80733
    outer loop
      vertex -5.08832 -5.28439 3.1328
      vertex -4.85136 -4.84598 3.49685
      vertex -5.19783 -5.19245 3.15038
    endloop
  endfacet
  facet normal 0.0272585 -0.720342 0.693083
    outer loop
      vertex -4.98859 -5.33137 3.08005
      vertex -4.74185 -4.93792 3.47927
      vertex -5.08832 -5.28439 3.1328
    endloop
  endfacet
  facet normal 0.0272585 -0.720342 0.693083
    outer loop
      vertex -4.74185 -4.93792 3.47927
      vertex -4.98859 -5.33137 3.08005
      vertex -4.64212 -4.9849 3.42652
    endloop
  endfacet
  facet normal 0.386965 -0.816133 0.429168
    outer loop
      vertex -4.90203 -5.3343 2.99643
      vertex -4.64212 -4.9849 3.42652
      vertex -4.98859 -5.33137 3.08005
    endloop
  endfacet
  facet normal 0.386936 -0.816136 0.429188
    outer loop
      vertex -4.64212 -4.9849 3.42652
      vertex -4.90203 -5.3343 2.99643
      vertex -4.55557 -4.98784 3.3429
    endloop
  endfacet
  facet normal 0.635576 -0.761672 0.126092
    outer loop
      vertex -4.90203 -5.3343 2.99643
      vertex -4.48552 -4.94764 3.23264
      vertex -4.55557 -4.98784 3.3429
    endloop
  endfacet
  facet normal 0.635573 -0.761673 0.126101
    outer loop
      vertex -4.48552 -4.94764 3.23264
      vertex -4.90203 -5.3343 2.99643
      vertex -4.83198 -5.2941 2.88618
    endloop
  endfacet
  facet normal 0.770214 -0.619794 -0.15042
    outer loop
      vertex -4.83198 -5.2941 2.88618
      vertex -4.44649 -4.87108 3.11703
      vertex -4.48552 -4.94764 3.23264
    endloop
  endfacet
  facet normal 0.770221 -0.619773 -0.15047
    outer loop
      vertex -4.44649 -4.87108 3.11703
      vertex -4.83198 -5.2941 2.88618
      vertex -4.79295 -5.21753 2.77058
    endloop
  endfacet
  facet normal 0.809933 -0.315445 -0.494473
    outer loop
      vertex -4.44649 -4.87108 3.11703
      vertex -4.80653 -5.11854 2.68516
      vertex -4.46008 -4.77209 3.03162
    endloop
  endfacet
  facet normal 0.80993 -0.315533 -0.494421
    outer loop
      vertex -4.80653 -5.11854 2.68516
      vertex -4.44649 -4.87108 3.11703
      vertex -4.79295 -5.21753 2.77058
    endloop
  endfacet
  facet normal 0.677128 0.0565809 -0.733687
    outer loop
      vertex -4.87367 -4.99867 2.63244
      vertex -4.46008 -4.77209 3.03162
      vertex -4.80653 -5.11854 2.68516
    endloop
  endfacet
  facet normal 0.677143 0.0565332 -0.733676
    outer loop
      vertex -4.46008 -4.77209 3.03162
      vertex -4.87367 -4.99867 2.63244
      vertex -4.52722 -4.65222 2.97889
    endloop
  endfacet
  facet normal 0.487443 0.323552 -0.810995
    outer loop
      vertex -4.99528 -4.8595 2.61487
      vertex -4.52722 -4.65222 2.97889
      vertex -4.87367 -4.99867 2.63244
    endloop
  endfacet
  facet normal 0.487443 0.323552 -0.810995
    outer loop
      vertex -4.52722 -4.65222 2.97889
      vertex -4.99528 -4.8595 2.61487
      vertex -4.64883 -4.51305 2.96132
    endloop
  endfacet
  facet normal 0.408248 0.408248 -0.816497
    outer loop
      vertex -4.99528 -4.8595 2.61487
      vertex -4.76201 -4.39987 2.96132
      vertex -4.64883 -4.51305 2.96132
    endloop
  endfacet
  facet normal 0.408248 0.408248 -0.816497
    outer loop
      vertex -4.76201 -4.39987 2.96132
      vertex -4.99528 -4.8595 2.61487
      vertex -5.10846 -4.74632 2.61487
    endloop
  endfacet
  facet normal 0.707107 -0.707107 1.28836e-15
    outer loop
      vertex -5.10846 -4.74632 2.61487
      vertex -4.6008 -4.23866 2.63886
      vertex -4.76201 -4.39987 2.96132
    endloop
  endfacet
  facet normal 0.707106 -0.707107 2.14237e-05
    outer loop
      vertex -4.6008 -4.23866 2.63886
      vertex -5.10846 -4.74632 2.61487
      vertex -4.94723 -4.5851 2.29243
    endloop
  endfacet
  facet normal -0.408244 -0.408244 0.816501
    outer loop
      vertex -4.6008 -4.23866 2.63886
      vertex -4.82666 -4.70567 2.29243
      vertex -4.48023 -4.35923 2.63886
    endloop
  endfacet
  facet normal -0.408244 -0.408244 0.816501
    outer loop
      vertex -4.82666 -4.70567 2.29243
      vertex -4.6008 -4.23866 2.63886
      vertex -4.94723 -4.5851 2.29243
    endloop
  endfacet
  facet normal -0.331143 -0.480786 0.811905
    outer loop
      vertex -4.48023 -4.35923 2.63886
      vertex -4.67324 -4.84132 2.27466
      vertex -4.32681 -4.49489 2.6211
    endloop
  endfacet
  facet normal -0.331083 -0.480815 0.811912
    outer loop
      vertex -4.67324 -4.84132 2.27466
      vertex -4.48023 -4.35923 2.63886
      vertex -4.82666 -4.70567 2.29243
    endloop
  endfacet
  facet normal -0.0862626 -0.660018 0.746281
    outer loop
      vertex -4.32681 -4.49489 2.6211
      vertex -4.54266 -4.91863 2.22139
      vertex -4.19623 -4.5722 2.56782
    endloop
  endfacet
  facet normal -0.0863074 -0.660003 0.746289
    outer loop
      vertex -4.54266 -4.91863 2.22139
      vertex -4.32681 -4.49489 2.6211
      vertex -4.67324 -4.84132 2.27466
    endloop
  endfacet
  facet normal 0.280504 -0.804321 0.523817
    outer loop
      vertex -4.4366 -4.93806 2.13476
      vertex -4.19623 -4.5722 2.56782
      vertex -4.54266 -4.91863 2.22139
    endloop
  endfacet
  facet normal 0.280504 -0.804321 0.523817
    outer loop
      vertex -4.19623 -4.5722 2.56782
      vertex -4.4366 -4.93806 2.13476
      vertex -4.09017 -4.59163 2.48119
    endloop
  endfacet
  facet normal 0.610847 -0.774624 0.163778
    outer loop
      vertex -4.4366 -4.93806 2.13476
      vertex -4.01032 -4.55359 2.36329
      vertex -4.09017 -4.59163 2.48119
    endloop
  endfacet
  facet normal 0.610847 -0.774624 0.163778
    outer loop
      vertex -4.01032 -4.55359 2.36329
      vertex -4.4366 -4.93806 2.13476
      vertex -4.35675 -4.90002 2.01686
    endloop
  endfacet
  facet normal 0.761588 -0.635722 -0.125866
    outer loop
      vertex -4.35675 -4.90002 2.01686
      vertex -3.96381 -4.47263 2.2358
      vertex -4.01032 -4.55359 2.36329
    endloop
  endfacet
  facet normal 0.761593 -0.635707 -0.125904
    outer loop
      vertex -3.96381 -4.47263 2.2358
      vertex -4.35675 -4.90002 2.01686
      vertex -4.31023 -4.81904 1.88938
    endloop
  endfacet
  facet normal 0.814894 -0.363225 -0.451681
    outer loop
      vertex -3.96381 -4.47263 2.2358
      vertex -4.31698 -4.72245 1.79953
      vertex -3.97056 -4.37603 2.14594
    endloop
  endfacet
  facet normal 0.814894 -0.363219 -0.451685
    outer loop
      vertex -4.31698 -4.72245 1.79953
      vertex -3.96381 -4.47263 2.2358
      vertex -4.31023 -4.81904 1.88938
    endloop
  endfacet
  facet normal 0.700922 0.0121918 -0.713134
    outer loop
      vertex -4.37307 -4.6131 1.74627
      vertex -3.97056 -4.37603 2.14594
      vertex -4.31698 -4.72245 1.79953
    endloop
  endfacet
  facet normal 0.700906 0.0122413 -0.713148
    outer loop
      vertex -3.97056 -4.37603 2.14594
      vertex -4.37307 -4.6131 1.74627
      vertex -4.02666 -4.26668 2.09268
    endloop
  endfacet
  facet normal 0.501848 0.306843 -0.8087
    outer loop
      vertex -4.47461 -4.49381 1.72852
      vertex -4.02666 -4.26668 2.09268
      vertex -4.37307 -4.6131 1.74627
    endloop
  endfacet
  facet normal 0.501855 0.306831 -0.8087
    outer loop
      vertex -4.02666 -4.26668 2.09268
      vertex -4.47461 -4.49381 1.72852
      vertex -4.12819 -4.1474 2.07493
    endloop
  endfacet
  facet normal 0.174977 0.603187 -0.77817
    outer loop
      vertex -4.47461 -4.49381 1.72852
      vertex -4.36073 -3.98694 2.14702
      vertex -4.12819 -4.1474 2.07493
    endloop
  endfacet
  facet normal 0.175006 0.60318 -0.778169
    outer loop
      vertex -4.36073 -3.98694 2.14702
      vertex -4.47461 -4.49381 1.72852
      vertex -4.70715 -4.33335 1.8006
    endloop
  endfacet
  facet normal -0.46738 0.813492 -0.346102
    outer loop
      vertex -4.36073 -3.98694 2.14702
      vertex -4.90293 -4.35383 2.01686
      vertex -4.55651 -4.00741 2.36329
    endloop
  endfacet
  facet normal -0.467386 0.813495 -0.346086
    outer loop
      vertex -4.90293 -4.35383 2.01686
      vertex -4.36073 -3.98694 2.14702
      vertex -4.70715 -4.33335 1.8006
    endloop
  endfacet
  facet normal 0.468275 0.345137 -0.813388
    outer loop
      vertex -5.23702 -3.98423 1.98135
      vertex -4.55651 -4.00741 2.36329
      vertex -4.90293 -4.35383 2.01686
    endloop
  endfacet
  facet normal 0.468279 0.345105 -0.813398
    outer loop
      vertex -4.55651 -4.00741 2.36329
      vertex -5.23702 -3.98423 1.98135
      vertex -4.89059 -3.63781 2.32777
    endloop
  endfacet
  facet normal 0.564387 -0.793177 0.228774
    outer loop
      vertex -5.23702 -3.98423 1.98135
      vertex -4.70467 -3.57676 2.08077
      vertex -4.89059 -3.63781 2.32777
    endloop
  endfacet
  facet normal 0.564387 -0.793177 0.228774
    outer loop
      vertex -4.70467 -3.57676 2.08077
      vertex -5.23702 -3.98423 1.98135
      vertex -5.05109 -3.92317 1.73436
    endloop
  endfacet
  facet normal 0.282195 -0.804633 0.522429
    outer loop
      vertex -4.82972 -3.96324 1.55307
      vertex -4.70467 -3.57676 2.08077
      vertex -5.05109 -3.92317 1.73436
    endloop
  endfacet
  facet normal 0.282205 -0.804631 0.522426
    outer loop
      vertex -4.70467 -3.57676 2.08077
      vertex -4.82972 -3.96324 1.55307
      vertex -4.48332 -3.61684 1.89947
    endloop
  endfacet
  facet normal -0.0499603 -0.680802 0.730762
    outer loop
      vertex -4.48332 -3.61684 1.89947
      vertex -4.58062 -4.10102 1.44174
      vertex -4.23422 -3.75462 1.78814
    endloop
  endfacet
  facet normal -0.0499603 -0.680802 0.730762
    outer loop
      vertex -4.58062 -4.10102 1.44174
      vertex -4.48332 -3.61684 1.89947
      vertex -4.82972 -3.96324 1.55307
    endloop
  endfacet
  facet normal -0.314999 -0.494867 0.809866
    outer loop
      vertex -4.23422 -3.75462 1.78814
      vertex -4.31143 -4.3331 1.40463
      vertex -3.96503 -3.9867 1.75103
    endloop
  endfacet
  facet normal -0.314999 -0.494867 0.809866
    outer loop
      vertex -4.31143 -4.3331 1.40463
      vertex -4.23422 -3.75462 1.78814
      vertex -4.58062 -4.10102 1.44174
    endloop
  endfacet
  facet normal -0.494127 -0.315857 0.809984
    outer loop
      vertex -4.31143 -4.3331 1.40463
      vertex -3.72279 -4.26729 1.78939
      vertex -3.96503 -3.9867 1.75103
    endloop
  endfacet
  facet normal -0.49412 -0.315881 0.809978
    outer loop
      vertex -3.72279 -4.26729 1.78939
      vertex -4.31143 -4.3331 1.40463
      vertex -4.06919 -4.61369 1.44298
    endloop
  endfacet
  facet normal -0.577346 -0.577344 -0.577361
    outer loop
      vertex -4.90449 2.77235 -4.06843
      vertex -5.02294 2.87268 -4.05031
      vertex -4.76638 3.00176 -4.43594
    endloop
  endfacet
  facet normal -0.57738 -0.577292 -0.57738
    outer loop
      vertex -4.60013 1.76735 -3.36792
      vertex -4.76417 2.09549 -3.53197
      vertex -3.95962 2.09549 -4.33652
    endloop
  endfacet
  facet normal -0.577392 -0.57729 -0.577368
    outer loop
      vertex -4.46874 3.20489 -4.93668
      vertex -4.55655 3.32547 -4.96943
      vertex -4.31448 3.47303 -5.35905
    endloop
  endfacet
  facet normal -0.57738 -0.577312 -0.577359
    outer loop
      vertex -3.52564 2.04434 -4.71937
      vertex -3.95962 2.09549 -4.33652
      vertex -3.69246 2.21409 -4.72228
    endloop
  endfacet
  facet normal -0.577387 -0.577279 -0.577385
    outer loop
      vertex -4.87613 3.11149 -4.4359
      vertex -5.22844 3.10227 -4.07437
      vertex -4.94823 3.2191 -4.47139
    endloop
  endfacet
  facet normal -0.577371 -0.577288 -0.577392
    outer loop
      vertex -5.30737 3.23615 -4.12931
      vertex -5.38844 3.47338 -4.28543
      vertex -4.94823 3.2191 -4.47139
    endloop
  endfacet
  facet normal -0.577371 -0.577279 -0.577401
    outer loop
      vertex -4.98934 3.41513 -4.6263
      vertex -5.36466 3.65094 -4.48676
      vertex -5.23736 3.76175 -4.72484
    endloop
  endfacet
  facet normal -0.577378 -0.577319 -0.577354
    outer loop
      vertex -4.98934 3.41513 -4.6263
      vertex -5.38844 3.47338 -4.28543
      vertex -5.36466 3.65094 -4.48676
    endloop
  endfacet
  facet normal -0.57738 -0.577302 -0.577369
    outer loop
      vertex -4.85132 3.48048 -4.82965
      vertex -5.23736 3.76175 -4.72484
      vertex -5.00794 3.79868 -4.99119
    endloop
  endfacet
  facet normal -0.577356 -0.57732 -0.577375
    outer loop
      vertex -5.22844 3.10227 -4.07437
      vertex -5.30737 3.23615 -4.12931
      vertex -4.94823 3.2191 -4.47139
    endloop
  endfacet
  facet normal -0.577349 -0.577312 -0.577391
    outer loop
      vertex -4.74508 3.46326 -4.91868
      vertex -4.75731 3.7621 -5.20525
      vertex -4.64774 3.41158 -4.96434
    endloop
  endfacet
  facet normal -0.577383 -0.577287 -0.577381
    outer loop
      vertex -5.13227 2.98188 -4.05017
      vertex -5.22844 3.10227 -4.07437
      vertex -4.87613 3.11149 -4.4359
    endloop
  endfacet
  facet normal -0.577388 -0.577295 -0.577368
    outer loop
      vertex -4.31448 3.47303 -5.35905
      vertex -4.55655 3.32547 -4.96943
      vertex -4.52454 3.65236 -5.32829
    endloop
  endfacet
  facet normal -0.57736 -0.577317 -0.577374
    outer loop
      vertex -4.13196 3.22762 -5.29618
      vertex -4.46874 3.20489 -4.93668
      vertex -4.31448 3.47303 -5.35905
    endloop
  endfacet
  facet normal -0.577364 -0.577317 -0.57737
    outer loop
      vertex -4.60312 2.87605 -4.4735
      vertex -4.77887 2.67949 -4.10121
      vertex -4.76638 3.00176 -4.43594
    endloop
  endfacet
  facet normal -0.577404 -0.577298 -0.577348
    outer loop
      vertex -4.51633 2.50992 -4.1942
      vertex -4.64796 2.59267 -4.1453
      vertex -4.60312 2.87605 -4.4735
    endloop
  endfacet
  facet normal -0.577373 -0.577299 -0.577378
    outer loop
      vertex -4.38853 2.42929 -4.24138
      vertex -4.51633 2.50992 -4.1942
      vertex -4.37051 2.72051 -4.55058
    endloop
  endfacet
  facet normal -0.577374 -0.577299 -0.577378
    outer loop
      vertex -4.26633 2.3494 -4.2837
      vertex -4.38853 2.42929 -4.24138
      vertex -4.37051 2.72051 -4.55058
    endloop
  endfacet
  facet normal -0.577375 -0.577306 -0.577369
    outer loop
      vertex -4.15145 2.26879 -4.31798
      vertex -4.26633 2.3494 -4.2837
      vertex -4.11022 2.54651 -4.6369
    endloop
  endfacet
  facet normal -0.577374 -0.577307 -0.57737
    outer loop
      vertex -4.0479 2.18499 -4.33774
      vertex -4.15145 2.26879 -4.31798
      vertex -3.88576 2.37958 -4.69445
    endloop
  endfacet
  facet normal -0.577372 -0.577304 -0.577375
    outer loop
      vertex -4.55655 3.32547 -4.96943
      vertex -4.64774 3.41158 -4.96434
      vertex -4.52454 3.65236 -5.32829
    endloop
  endfacet
  facet normal -0.577368 -0.577307 -0.577375
    outer loop
      vertex -4.64774 3.41158 -4.96434
      vertex -4.75731 3.7621 -5.20525
      vertex -4.52454 3.65236 -5.32829
    endloop
  endfacet
  facet normal -0.577384 -0.577295 -0.577372
    outer loop
      vertex -4.74508 3.46326 -4.91868
      vertex -5.00794 3.79868 -4.99119
      vertex -4.75731 3.7621 -5.20525
    endloop
  endfacet
  facet normal -0.577398 -0.577302 -0.577351
    outer loop
      vertex -4.85132 3.48048 -4.82965
      vertex -5.00794 3.79868 -4.99119
      vertex -4.74508 3.46326 -4.91868
    endloop
  endfacet
  facet normal -0.577372 -0.57728 -0.577399
    outer loop
      vertex -4.98934 3.41513 -4.6263
      vertex -5.23736 3.76175 -4.72484
      vertex -4.85132 3.48048 -4.82965
    endloop
  endfacet
  facet normal -0.577375 -0.577326 -0.57735
    outer loop
      vertex -4.94823 3.2191 -4.47139
      vertex -5.38844 3.47338 -4.28543
      vertex -4.98934 3.41513 -4.6263
    endloop
  endfacet
  facet normal -0.577392 -0.577287 -0.577372
    outer loop
      vertex -4.76638 3.00176 -4.43594
      vertex -5.02294 2.87268 -4.05031
      vertex -4.87613 3.11149 -4.4359
    endloop
  endfacet
  facet normal -0.577364 -0.577311 -0.577376
    outer loop
      vertex -5.02294 2.87268 -4.05031
      vertex -5.13227 2.98188 -4.05017
      vertex -4.87613 3.11149 -4.4359
    endloop
  endfacet
  facet normal -0.577403 -0.577296 -0.577352
    outer loop
      vertex -4.77887 2.67949 -4.10121
      vertex -4.90449 2.77235 -4.06843
      vertex -4.76638 3.00176 -4.43594
    endloop
  endfacet
  facet normal -0.577346 -0.577334 -0.577371
    outer loop
      vertex -4.64796 2.59267 -4.1453
      vertex -4.77887 2.67949 -4.10121
      vertex -4.60312 2.87605 -4.4735
    endloop
  endfacet
  facet normal -0.577359 -0.577312 -0.57738
    outer loop
      vertex -4.51633 2.50992 -4.1942
      vertex -4.60312 2.87605 -4.4735
      vertex -4.37051 2.72051 -4.55058
    endloop
  endfacet
  facet normal -0.577386 -0.577296 -0.577369
    outer loop
      vertex -4.26633 2.3494 -4.2837
      vertex -4.37051 2.72051 -4.55058
      vertex -4.11022 2.54651 -4.6369
    endloop
  endfacet
  facet normal -0.577374 -0.577307 -0.57737
    outer loop
      vertex -3.88576 2.37958 -4.69445
      vertex -4.15145 2.26879 -4.31798
      vertex -4.11022 2.54651 -4.6369
    endloop
  endfacet
  facet normal -0.577339 -0.57734 -0.577372
    outer loop
      vertex -3.95962 2.09549 -4.33652
      vertex -4.0479 2.18499 -4.33774
      vertex -3.88576 2.37958 -4.69445
    endloop
  endfacet
  facet normal -0.577379 -0.577313 -0.577359
    outer loop
      vertex -3.69246 2.21409 -4.72228
      vertex -3.95962 2.09549 -4.33652
      vertex -3.88576 2.37958 -4.69445
    endloop
  endfacet
  facet normal -0.577381 -0.577309 -0.577361
    outer loop
      vertex -3.38716 1.76735 -4.58089
      vertex -3.95962 2.09549 -4.33652
      vertex -3.52564 2.04434 -4.71937
    endloop
  endfacet
  facet normal -0.57738 -0.577292 -0.57738
    outer loop
      vertex -3.38716 1.76735 -4.58089
      vertex -4.60013 1.76735 -3.36792
      vertex -3.95962 2.09549 -4.33652
    endloop
  endfacet
  facet normal 0.408252 -0.816493 0.408252
    outer loop
      vertex -5.04864 1.74907 -3.94033
      vertex -4.76417 2.09549 -3.53197
      vertex -5.11059 1.74907 -3.87838
    endloop
  endfacet
  facet normal 0.408252 -0.816493 0.408252
    outer loop
      vertex -4.76417 2.09549 -3.53197
      vertex -5.04864 1.74907 -3.94033
      vertex -3.95962 2.09549 -4.33652
    endloop
  endfacet
  facet normal 0.408251 -0.816497 0.408246
    outer loop
      vertex -3.95962 2.09549 -4.33652
      vertex -5.04864 1.74907 -3.94033
      vertex -4.30604 1.74907 -4.68294
    endloop
  endfacet
  facet normal 0.416647 0.399792 -0.816439
    outer loop
      vertex -4.39431 1.83857 -4.68416
      vertex -3.95962 2.09549 -4.33652
      vertex -4.30604 1.74907 -4.68294
    endloop
  endfacet
  facet normal 0.416628 0.399819 -0.816435
    outer loop
      vertex -3.95962 2.09549 -4.33652
      vertex -4.39431 1.83857 -4.68416
      vertex -4.0479 2.18499 -4.33774
    endloop
  endfacet
  facet normal 0.274555 0.528658 -0.803206
    outer loop
      vertex -4.39431 1.83857 -4.68416
      vertex -4.15145 2.26879 -4.31798
      vertex -4.0479 2.18499 -4.33774
    endloop
  endfacet
  facet normal 0.274537 0.528668 -0.803206
    outer loop
      vertex -4.15145 2.26879 -4.31798
      vertex -4.39431 1.83857 -4.68416
      vertex -4.49787 1.92237 -4.6644
    endloop
  endfacet
  facet normal 0.185155 0.596108 -0.781263
    outer loop
      vertex -4.49787 1.92237 -4.6644
      vertex -4.26633 2.3494 -4.2837
      vertex -4.15145 2.26879 -4.31798
    endloop
  endfacet
  facet normal 0.185116 0.596126 -0.781259
    outer loop
      vertex -4.26633 2.3494 -4.2837
      vertex -4.49787 1.92237 -4.6644
      vertex -4.61275 2.00297 -4.63012
    endloop
  endfacet
  facet normal 0.142691 0.624869 -0.767579
    outer loop
      vertex -4.61275 2.00297 -4.63012
      vertex -4.38853 2.42929 -4.24138
      vertex -4.26633 2.3494 -4.2837
    endloop
  endfacet
  facet normal 0.142769 0.624838 -0.76759
    outer loop
      vertex -4.38853 2.42929 -4.24138
      vertex -4.61275 2.00297 -4.63012
      vertex -4.73496 2.08287 -4.58781
    endloop
  endfacet
  facet normal 0.122002 0.638178 -0.760161
    outer loop
      vertex -4.73496 2.08287 -4.58781
      vertex -4.51633 2.50992 -4.1942
      vertex -4.38853 2.42929 -4.24138
    endloop
  endfacet
  facet normal 0.121963 0.638192 -0.760155
    outer loop
      vertex -4.51633 2.50992 -4.1942
      vertex -4.73496 2.08287 -4.58781
      vertex -4.86276 2.16349 -4.54063
    endloop
  endfacet
  facet normal 0.119906 0.639487 -0.759393
    outer loop
      vertex -4.86276 2.16349 -4.54063
      vertex -4.64796 2.59267 -4.1453
      vertex -4.51633 2.50992 -4.1942
    endloop
  endfacet
  facet normal 0.119906 0.639487 -0.759393
    outer loop
      vertex -4.64796 2.59267 -4.1453
      vertex -4.86276 2.16349 -4.54063
      vertex -4.9944 2.24623 -4.49174
    endloop
  endfacet
  facet normal 0.151208 0.619271 -0.77048
    outer loop
      vertex -4.9944 2.24623 -4.49174
      vertex -4.77887 2.67949 -4.10121
      vertex -4.64796 2.59267 -4.1453
    endloop
  endfacet
  facet normal 0.151199 0.619275 -0.770479
    outer loop
      vertex -4.77887 2.67949 -4.10121
      vertex -4.9944 2.24623 -4.49174
      vertex -5.12531 2.33306 -4.44764
    endloop
  endfacet
  facet normal 0.217312 0.572943 -0.790261
    outer loop
      vertex -5.12531 2.33306 -4.44764
      vertex -4.90449 2.77235 -4.06843
      vertex -4.77887 2.67949 -4.10121
    endloop
  endfacet
  facet normal 0.217155 0.573014 -0.790252
    outer loop
      vertex -4.90449 2.77235 -4.06843
      vertex -5.12531 2.33306 -4.44764
      vertex -5.13498 2.3402 -4.44512
    endloop
  endfacet
  facet normal 0.217386 0.572905 -0.790268
    outer loop
      vertex -5.13498 2.3402 -4.44512
      vertex -5.25093 2.42591 -4.41488
      vertex -4.90449 2.77235 -4.06843
    endloop
  endfacet
  facet normal 0.303181 0.504976 -0.808134
    outer loop
      vertex -5.26004 2.43362 -4.41348
      vertex -4.90449 2.77235 -4.06843
      vertex -5.25093 2.42591 -4.41488
    endloop
  endfacet
  facet normal 0.303702 0.50452 -0.808223
    outer loop
      vertex -4.90449 2.77235 -4.06843
      vertex -5.26004 2.43362 -4.41348
      vertex -5.02294 2.87268 -4.05031
    endloop
  endfacet
  facet normal 0.303673 0.504537 -0.808224
    outer loop
      vertex -5.26004 2.43362 -4.41348
      vertex -5.36938 2.52623 -4.39675
      vertex -5.02294 2.87268 -4.05031
    endloop
  endfacet
  facet normal 0.407478 0.40901 -0.8165
    outer loop
      vertex -5.36938 2.52623 -4.39675
      vertex -5.13227 2.98188 -4.05017
      vertex -5.02294 2.87268 -4.05031
    endloop
  endfacet
  facet normal 0.407501 0.408995 -0.816496
    outer loop
      vertex -5.13227 2.98188 -4.05017
      vertex -5.36938 2.52623 -4.39675
      vertex -5.47872 2.63543 -4.39662
    endloop
  endfacet
  facet normal 0.535199 0.266415 -0.801614
    outer loop
      vertex -5.57489 2.75581 -4.42082
      vertex -5.13227 2.98188 -4.05017
      vertex -5.47872 2.63543 -4.39662
    endloop
  endfacet
  facet normal 0.535207 0.266399 -0.801614
    outer loop
      vertex -5.13227 2.98188 -4.05017
      vertex -5.57489 2.75581 -4.42082
      vertex -5.22844 3.10227 -4.07437
    endloop
  endfacet
  facet normal 0.661342 0.0840198 -0.745364
    outer loop
      vertex -5.65383 2.88969 -4.47577
      vertex -5.22844 3.10227 -4.07437
      vertex -5.57489 2.75581 -4.42082
    endloop
  endfacet
  facet normal 0.66134 0.0840247 -0.745365
    outer loop
      vertex -5.22844 3.10227 -4.07437
      vertex -5.65383 2.88969 -4.47577
      vertex -5.30737 3.23615 -4.12931
    endloop
  endfacet
  facet normal 0.768955 -0.146714 -0.62224
    outer loop
      vertex -5.30737 3.23615 -4.12931
      vertex -5.66006 2.90793 -4.48777
      vertex -5.38844 3.47338 -4.28543
    endloop
  endfacet
  facet normal 0.768958 -0.146722 -0.622235
    outer loop
      vertex -5.66006 2.90793 -4.48777
      vertex -5.30737 3.23615 -4.12931
      vertex -5.65383 2.88969 -4.47577
    endloop
  endfacet
  facet normal 0.768955 -0.146714 -0.622241
    outer loop
      vertex -5.66006 2.90793 -4.48777
      vertex -5.73491 3.12691 -4.6319
      vertex -5.38844 3.47338 -4.28543
    endloop
  endfacet
  facet normal 0.81172 -0.482261 -0.329447
    outer loop
      vertex -5.38844 3.47338 -4.28543
      vertex -5.73308 3.14055 -4.64737
      vertex -5.36466 3.65094 -4.48676
    endloop
  endfacet
  facet normal 0.811699 -0.482391 -0.329308
    outer loop
      vertex -5.73308 3.14055 -4.64737
      vertex -5.38844 3.47338 -4.28543
      vertex -5.73491 3.12691 -4.6319
    endloop
  endfacet
  facet normal 0.811717 -0.482254 -0.329463
    outer loop
      vertex -5.36466 3.65094 -4.48676
      vertex -5.73308 3.14055 -4.64737
      vertex -5.71113 3.30447 -4.83323
    endloop
  endfacet
  facet normal 0.690231 -0.722854 0.0326232
    outer loop
      vertex -5.71113 3.30447 -4.83323
      vertex -5.23736 3.76175 -4.72484
      vertex -5.36466 3.65094 -4.48676
    endloop
  endfacet
  facet normal 0.690234 -0.722851 0.0325972
    outer loop
      vertex -5.23736 3.76175 -4.72484
      vertex -5.71113 3.30447 -4.83323
      vertex -5.58385 3.41527 -5.07132
    endloop
  endfacet
  facet normal 0.495369 -0.809789 0.314406
    outer loop
      vertex -5.58385 3.41527 -5.07132
      vertex -5.00794 3.79868 -4.99119
      vertex -5.23736 3.76175 -4.72484
    endloop
  endfacet
  facet normal 0.495367 -0.809788 0.314412
    outer loop
      vertex -5.00794 3.79868 -4.99119
      vertex -5.58385 3.41527 -5.07132
      vertex -5.35442 3.4522 -5.33768
    endloop
  endfacet
  facet normal 0.308972 -0.809016 0.50003
    outer loop
      vertex -5.10379 3.41562 -5.55173
      vertex -5.00794 3.79868 -4.99119
      vertex -5.35442 3.4522 -5.33768
    endloop
  endfacet
  facet normal 0.308988 -0.809013 0.500025
    outer loop
      vertex -5.00794 3.79868 -4.99119
      vertex -5.10379 3.41562 -5.55173
      vertex -4.75731 3.7621 -5.20525
    endloop
  endfacet
  facet normal 0.0268776 -0.720162 0.693285
    outer loop
      vertex -5.08591 3.40719 -5.56118
      vertex -4.75731 3.7621 -5.20525
      vertex -5.10379 3.41562 -5.55173
    endloop
  endfacet
  facet normal 0.0269212 -0.720181 0.693263
    outer loop
      vertex -4.75731 3.7621 -5.20525
      vertex -5.08591 3.40719 -5.56118
      vertex -4.52454 3.65236 -5.32829
    endloop
  endfacet
  facet normal 0.026939 -0.720201 0.693242
    outer loop
      vertex -4.52454 3.65236 -5.32829
      vertex -5.08591 3.40719 -5.56118
      vertex -4.87102 3.30589 -5.67477
    endloop
  endfacet
  facet normal -0.308658 -0.500309 0.808963
    outer loop
      vertex -4.52454 3.65236 -5.32829
      vertex -4.85488 3.29211 -5.67713
      vertex -4.31448 3.47303 -5.35905
    endloop
  endfacet
  facet normal -0.308781 -0.500211 0.808977
    outer loop
      vertex -4.85488 3.29211 -5.67713
      vertex -4.52454 3.65236 -5.32829
      vertex -4.87102 3.30589 -5.67477
    endloop
  endfacet
  facet normal -0.308655 -0.500314 0.808961
    outer loop
      vertex -4.31448 3.47303 -5.35905
      vertex -4.85488 3.29211 -5.67713
      vertex -4.66094 3.12656 -5.70552
    endloop
  endfacet
  facet normal -0.570036 -0.221245 0.791271
    outer loop
      vertex -4.31448 3.47303 -5.35905
      vertex -4.64692 3.1077 -5.70069
      vertex -4.13196 3.22762 -5.29618
    endloop
  endfacet
  facet normal -0.570102 -0.221161 0.791247
    outer loop
      vertex -4.64692 3.1077 -5.70069
      vertex -4.31448 3.47303 -5.35905
      vertex -4.66094 3.12656 -5.70552
    endloop
  endfacet
  facet normal -0.570033 -0.221254 0.791271
    outer loop
      vertex -4.13196 3.22762 -5.29618
      vertex -4.64692 3.1077 -5.70069
      vertex -4.47841 2.88116 -5.64264
    endloop
  endfacet
  facet normal -0.44751 0.815195 -0.367685
    outer loop
      vertex -4.13196 3.22762 -5.29618
      vertex -4.8152 2.85843 -5.28314
      vertex -4.46874 3.20489 -4.93668
    endloop
  endfacet
  facet normal -0.447508 0.815191 -0.367696
    outer loop
      vertex -4.8152 2.85843 -5.28314
      vertex -4.13196 3.22762 -5.29618
      vertex -4.47841 2.88116 -5.64264
    endloop
  endfacet
  facet normal 0.579643 0.208185 -0.787828
    outer loop
      vertex -4.90302 2.97901 -5.31589
      vertex -4.46874 3.20489 -4.93668
      vertex -4.8152 2.85843 -5.28314
    endloop
  endfacet
  facet normal 0.57966 0.208149 -0.787825
    outer loop
      vertex -4.46874 3.20489 -4.93668
      vertex -4.90302 2.97901 -5.31589
      vertex -4.55655 3.32547 -4.96943
    endloop
  endfacet
  facet normal 0.372647 0.442836 -0.815494
    outer loop
      vertex -4.90302 2.97901 -5.31589
      vertex -4.64774 3.41158 -4.96434
      vertex -4.55655 3.32547 -4.96943
    endloop
  endfacet
  facet normal 0.372702 0.442799 -0.815489
    outer loop
      vertex -4.64774 3.41158 -4.96434
      vertex -4.90302 2.97901 -5.31589
      vertex -4.99421 3.06512 -5.31081
    endloop
  endfacet
  facet normal 0.0291421 0.692095 -0.721218
    outer loop
      vertex -4.99421 3.06512 -5.31081
      vertex -4.74508 3.46326 -4.91868
      vertex -4.64774 3.41158 -4.96434
    endloop
  endfacet
  facet normal 0.0289555 0.692159 -0.721164
    outer loop
      vertex -4.74508 3.46326 -4.91868
      vertex -4.99421 3.06512 -5.31081
      vertex -5.00169 3.06909 -5.3073
    endloop
  endfacet
  facet normal 0.0290978 0.692109 -0.721207
    outer loop
      vertex -5.00169 3.06909 -5.3073
      vertex -5.09155 3.11679 -5.26515
      vertex -4.74508 3.46326 -4.91868
    endloop
  endfacet
  facet normal -0.296818 0.807144 -0.510311
    outer loop
      vertex -4.74508 3.46326 -4.91868
      vertex -5.09971 3.11812 -5.25831
      vertex -4.85132 3.48048 -4.82965
    endloop
  endfacet
  facet normal -0.296468 0.807082 -0.510614
    outer loop
      vertex -5.09971 3.11812 -5.25831
      vertex -4.74508 3.46326 -4.91868
      vertex -5.09155 3.11679 -5.26515
    endloop
  endfacet
  facet normal -0.296853 0.807144 -0.510291
    outer loop
      vertex -5.09971 3.11812 -5.25831
      vertex -5.19779 3.13401 -5.17612
      vertex -4.85132 3.48048 -4.82965
    endloop
  endfacet
  facet normal -0.610024 0.775018 -0.164977
    outer loop
      vertex -4.85132 3.48048 -4.82965
      vertex -5.33581 3.06867 -4.97276
      vertex -4.98934 3.41513 -4.6263
    endloop
  endfacet
  facet normal -0.610017 0.775019 -0.165002
    outer loop
      vertex -5.33581 3.06867 -4.97276
      vertex -4.85132 3.48048 -4.82965
      vertex -5.19779 3.13401 -5.17612
    endloop
  endfacet
  facet normal -0.800144 0.259308 0.540859
    outer loop
      vertex -5.33265 3.0536 -4.96086
      vertex -4.98934 3.41513 -4.6263
      vertex -5.33581 3.06867 -4.97276
    endloop
  endfacet
  facet normal -0.800186 0.259482 0.540714
    outer loop
      vertex -4.98934 3.41513 -4.6263
      vertex -5.33265 3.0536 -4.96086
      vertex -4.94823 3.2191 -4.47139
    endloop
  endfacet
  facet normal -0.800189 0.259433 0.540733
    outer loop
      vertex -4.94823 3.2191 -4.47139
      vertex -5.33265 3.0536 -4.96086
      vertex -5.29468 2.87264 -4.81785
    endloop
  endfacet
  facet normal -0.615164 -0.157385 0.772531
    outer loop
      vertex -5.29468 2.87264 -4.81785
      vertex -4.87613 3.11149 -4.4359
      vertex -4.94823 3.2191 -4.47139
    endloop
  endfacet
  facet normal -0.615327 -0.157011 0.772476
    outer loop
      vertex -4.87613 3.11149 -4.4359
      vertex -5.29468 2.87264 -4.81785
      vertex -5.28914 2.86436 -4.81512
    endloop
  endfacet
  facet normal -0.615172 -0.157354 0.772531
    outer loop
      vertex -4.87613 3.11149 -4.4359
      vertex -5.28914 2.86436 -4.81512
      vertex -5.22258 2.76503 -4.78235
    endloop
  endfacet
  facet normal -0.408055 -0.408427 0.816503
    outer loop
      vertex -4.87613 3.11149 -4.4359
      vertex -5.21415 2.7566 -4.78235
      vertex -4.76638 3.00176 -4.43594
    endloop
  endfacet
  facet normal -0.408244 -0.408244 0.816501
    outer loop
      vertex -5.21415 2.7566 -4.78235
      vertex -4.87613 3.11149 -4.4359
      vertex -5.22258 2.76503 -4.78235
    endloop
  endfacet
  facet normal -0.408027 -0.40847 0.816497
    outer loop
      vertex -4.76638 3.00176 -4.43594
      vertex -5.21415 2.7566 -4.78235
      vertex -5.11283 2.65531 -4.78239
    endloop
  endfacet
  facet normal -0.242988 -0.55357 0.796566
    outer loop
      vertex -4.76638 3.00176 -4.43594
      vertex -4.94957 2.52961 -4.81994
      vertex -4.60312 2.87605 -4.4735
    endloop
  endfacet
  facet normal -0.243 -0.553565 0.796565
    outer loop
      vertex -4.94957 2.52961 -4.81994
      vertex -4.76638 3.00176 -4.43594
      vertex -5.11283 2.65531 -4.78239
    endloop
  endfacet
  facet normal -0.156072 -0.616033 0.772105
    outer loop
      vertex -4.60312 2.87605 -4.4735
      vertex -4.71695 2.37407 -4.89702
      vertex -4.37051 2.72051 -4.55058
    endloop
  endfacet
  facet normal -0.156066 -0.616034 0.772105
    outer loop
      vertex -4.71695 2.37407 -4.89702
      vertex -4.60312 2.87605 -4.4735
      vertex -4.94957 2.52961 -4.81994
    endloop
  endfacet
  facet normal -0.155869 -0.616168 0.772037
    outer loop
      vertex -4.37051 2.72051 -4.55058
      vertex -4.45665 2.20008 -4.98333
      vertex -4.11022 2.54651 -4.6369
    endloop
  endfacet
  facet normal -0.155869 -0.616168 0.772037
    outer loop
      vertex -4.45665 2.20008 -4.98333
      vertex -4.37051 2.72051 -4.55058
      vertex -4.71695 2.37407 -4.89702
    endloop
  endfacet
  facet normal -0.221133 -0.570127 0.791237
    outer loop
      vertex -4.11022 2.54651 -4.6369
      vertex -4.23218 2.03316 -5.04088
      vertex -3.88576 2.37958 -4.69445
    endloop
  endfacet
  facet normal -0.221104 -0.570135 0.791239
    outer loop
      vertex -4.23218 2.03316 -5.04088
      vertex -4.11022 2.54651 -4.6369
      vertex -4.45665 2.20008 -4.98333
    endloop
  endfacet
  facet normal -0.310489 -0.49875 0.809225
    outer loop
      vertex -3.88576 2.37958 -4.69445
      vertex -4.03888 1.86768 -5.0687
      vertex -3.69246 2.21409 -4.72228
    endloop
  endfacet
  facet normal -0.310501 -0.498746 0.809223
    outer loop
      vertex -4.03888 1.86768 -5.0687
      vertex -3.88576 2.37958 -4.69445
      vertex -4.23218 2.03316 -5.04088
    endloop
  endfacet
  facet normal -0.418818 -0.397594 0.816401
    outer loop
      vertex -4.03888 1.86768 -5.0687
      vertex -3.52564 2.04434 -4.71937
      vertex -3.69246 2.21409 -4.72228
    endloop
  endfacet
  facet normal -0.418826 -0.397578 0.816404
    outer loop
      vertex -3.52564 2.04434 -4.71937
      vertex -4.03888 1.86768 -5.0687
      vertex -3.87205 1.69793 -5.06578
    endloop
  endfacet
  facet normal -0.707107 -9.5456e-16 0.707107
    outer loop
      vertex -3.87205 1.69793 -5.06578
      vertex -3.38716 1.76735 -4.58089
      vertex -3.52564 2.04434 -4.71937
    endloop
  endfacet
  facet normal -0.707107 0 0.707107
    outer loop
      vertex -3.38716 1.76735 -4.58089
      vertex -3.87205 1.69793 -5.06578
      vertex -3.73356 1.42095 -4.92729
    endloop
  endfacet
  facet normal -0.408248 0.816497 -0.408248
    outer loop
      vertex -3.38716 1.76735 -4.58089
      vertex -4.94653 1.42095 -3.71432
      vertex -4.60013 1.76735 -3.36792
    endloop
  endfacet
  facet normal -0.408248 0.816497 -0.408248
    outer loop
      vertex -4.94653 1.42095 -3.71432
      vertex -3.38716 1.76735 -4.58089
      vertex -3.73356 1.42095 -4.92729
    endloop
  endfacet
  facet normal 0.70712 -8.08704e-06 -0.707093
    outer loop
      vertex -4.60013 1.76735 -3.36792
      vertex -4.95916 1.44622 -3.72696
      vertex -4.76417 2.09549 -3.53197
    endloop
  endfacet
  facet normal 0.7072 -0.000186547 -0.707013
    outer loop
      vertex -4.95916 1.44622 -3.72696
      vertex -4.60013 1.76735 -3.36792
      vertex -4.94653 1.42095 -3.71432
    endloop
  endfacet
  facet normal 0.707092 8.76153e-06 -0.707121
    outer loop
      vertex -4.95916 1.44622 -3.72696
      vertex -5.11059 1.74907 -3.87838
      vertex -4.76417 2.09549 -3.53197
    endloop
  endfacet
  facet normal -0.577309 -0.57736 -0.577381
    outer loop
      vertex 2.48983 -4.9913 -3.69915
      vertex 2.48698 -4.70816 -3.97943
      vertex 3.19297 -4.65884 -4.73465
    endloop
  endfacet
  facet normal -0.577303 -0.577383 -0.577365
    outer loop
      vertex 1.7824 -3.51938 -4.46372
      vertex 2.19009 -4.0529 -4.33783
      vertex 1.7824 -3.84908 -4.13401
    endloop
  endfacet
  facet normal -0.577303 -0.577383 -0.577365
    outer loop
      vertex 2.19009 -4.0529 -4.33783
      vertex 1.7824 -3.51938 -4.46372
      vertex 2.19009 -3.7232 -4.66754
    endloop
  endfacet
  facet normal -0.577325 -0.577353 -0.577374
    outer loop
      vertex 2.48983 -4.9913 -3.69915
      vertex 2.19009 -4.84144 -3.54929
      vertex 2.48698 -4.70816 -3.97943
    endloop
  endfacet
  facet normal -0.577355 -0.577299 -0.577397
    outer loop
      vertex 3.42308 -4.65826 -4.96533
      vertex 3.38153 -4.6404 -4.94164
      vertex 3.7839 -4.52001 -5.46435
    endloop
  endfacet
  facet normal -0.577311 -0.57737 -0.57737
    outer loop
      vertex 2.19009 -4.0529 -4.33783
      vertex 2.48698 -4.70816 -3.97943
      vertex 2.19009 -4.84144 -3.54929
    endloop
  endfacet
  facet normal -0.577311 -0.57737 -0.57737
    outer loop
      vertex 2.19009 -4.0529 -4.33783
      vertex 2.48698 -4.20133 -4.48626
      vertex 2.48698 -4.70816 -3.97943
    endloop
  endfacet
  facet normal -0.577311 -0.577378 -0.577361
    outer loop
      vertex 2.19009 -3.7232 -4.66754
      vertex 2.48698 -4.20133 -4.48626
      vertex 2.19009 -4.0529 -4.33783
    endloop
  endfacet
  facet normal -0.577311 -0.577378 -0.577361
    outer loop
      vertex 2.19009 -3.7232 -4.66754
      vertex 2.48698 -3.87163 -4.81597
      vertex 2.48698 -4.20133 -4.48626
    endloop
  endfacet
  facet normal -0.577311 -0.57737 -0.57737
    outer loop
      vertex 2.19009 -3.49193 -4.89881
      vertex 2.48698 -3.87163 -4.81597
      vertex 2.19009 -3.7232 -4.66754
    endloop
  endfacet
  facet normal -0.577298 -0.577364 -0.577389
    outer loop
      vertex 2.48698 -3.87163 -4.81597
      vertex 2.19009 -3.49193 -4.89881
      vertex 2.48698 -3.64035 -5.04724
    endloop
  endfacet
  facet normal -0.577306 -0.577365 -0.57738
    outer loop
      vertex 3.7839 -4.90629 -5.07806
      vertex 2.48983 -4.9913 -3.69915
      vertex 3.19297 -4.65884 -4.73465
    endloop
  endfacet
  facet normal -0.577303 -0.577382 -0.577366
    outer loop
      vertex 3.14184 -4.52872 -4.81365
      vertex 2.48698 -3.87163 -4.81597
      vertex 3.7839 -4.52001 -5.46435
    endloop
  endfacet
  facet normal -0.577302 -0.577402 -0.577347
    outer loop
      vertex 3.7839 -4.90629 -5.07806
      vertex 3.19297 -4.65884 -4.73465
      vertex 3.32578 -4.65451 -4.87178
    endloop
  endfacet
  facet normal -0.577288 -0.577389 -0.577374
    outer loop
      vertex 3.7839 -4.90629 -5.07806
      vertex 3.42308 -4.65826 -4.96533
      vertex 3.7839 -4.52001 -5.46435
    endloop
  endfacet
  facet normal -0.577305 -0.577447 -0.577299
    outer loop
      vertex 3.7839 -4.90629 -5.07806
      vertex 3.32578 -4.65451 -4.87178
      vertex 3.42308 -4.65826 -4.96533
    endloop
  endfacet
  facet normal -0.577354 -0.577301 -0.577397
    outer loop
      vertex 3.38153 -4.6404 -4.94164
      vertex 3.30801 -4.60749 -4.90103
      vertex 3.7839 -4.52001 -5.46435
    endloop
  endfacet
  facet normal -0.577258 -0.577453 -0.57734
    outer loop
      vertex 3.30801 -4.60749 -4.90103
      vertex 3.22172 -4.56758 -4.85467
      vertex 3.7839 -4.52001 -5.46435
    endloop
  endfacet
  facet normal -0.577351 -0.577287 -0.577413
    outer loop
      vertex 3.22172 -4.56758 -4.85467
      vertex 3.14184 -4.52872 -4.81365
      vertex 3.7839 -4.52001 -5.46435
    endloop
  endfacet
  facet normal -0.577303 -0.577383 -0.577365
    outer loop
      vertex 3.14184 -4.52872 -4.81365
      vertex 2.48698 -4.20133 -4.48626
      vertex 2.48698 -3.87163 -4.81597
    endloop
  endfacet
  facet normal 0.816493 -0.408252 -0.408252
    outer loop
      vertex 2.19009 -3.7232 -4.66754
      vertex 1.84367 -3.83834 -5.24523
      vertex 2.19009 -3.49193 -4.89881
    endloop
  endfacet
  facet normal 0.816489 -0.408265 -0.408247
    outer loop
      vertex 1.84367 -3.83834 -5.24523
      vertex 2.19009 -3.7232 -4.66754
      vertex 1.84367 -4.06961 -5.01395
    endloop
  endfacet
  facet normal -0.000213107 -0.70701 0.707203
    outer loop
      vertex 1.86652 -3.84977 -5.25665
      vertex 2.19009 -3.49193 -4.89881
      vertex 1.84367 -3.83834 -5.24523
    endloop
  endfacet
  facet normal 1.64024e-05 -0.707114 0.707099
    outer loop
      vertex 2.19009 -3.49193 -4.89881
      vertex 1.86652 -3.84977 -5.25665
      vertex 2.48698 -3.64035 -5.04724
    endloop
  endfacet
  facet normal 1.72027e-05 -0.707115 0.707098
    outer loop
      vertex 2.48698 -3.64035 -5.04724
      vertex 1.86652 -3.84977 -5.25665
      vertex 2.14055 -3.98678 -5.39367
    endloop
  endfacet
  facet normal -0.816497 0.408239 0.408257
    outer loop
      vertex 2.14055 -3.98678 -5.39367
      vertex 2.48698 -3.87163 -4.81597
      vertex 2.48698 -3.64035 -5.04724
    endloop
  endfacet
  facet normal -0.816497 0.408239 0.408257
    outer loop
      vertex 2.48698 -3.87163 -4.81597
      vertex 2.14055 -3.98678 -5.39367
      vertex 2.14055 -4.21806 -5.1624
    endloop
  endfacet
  facet normal -6.98846e-16 -0.707107 0.707107
    outer loop
      vertex 2.48698 -3.87163 -4.81597
      vertex 3.43742 -4.86649 -5.81083
      vertex 3.7839 -4.52001 -5.46435
    endloop
  endfacet
  facet normal 5.82456e-16 -0.707107 0.707107
    outer loop
      vertex 3.43742 -4.86649 -5.81083
      vertex 2.48698 -3.87163 -4.81597
      vertex 2.14055 -4.21806 -5.1624
    endloop
  endfacet
  facet normal -0.816497 0.408254 0.408243
    outer loop
      vertex 3.43742 -4.86649 -5.81083
      vertex 3.7839 -4.90629 -5.07806
      vertex 3.7839 -4.52001 -5.46435
    endloop
  endfacet
  facet normal -0.816504 0.408235 0.408246
    outer loop
      vertex 3.7839 -4.90629 -5.07806
      vertex 3.43742 -4.86649 -5.81083
      vertex 3.43742 -5.25278 -5.42455
    endloop
  endfacet
  facet normal -0.446498 0.815262 -0.368765
    outer loop
      vertex 3.7839 -4.90629 -5.07806
      vertex 3.33801 -5.2593 -5.31861
      vertex 2.48983 -4.9913 -3.69915
    endloop
  endfacet
  facet normal -0.446484 0.815259 -0.368788
    outer loop
      vertex 3.33801 -5.2593 -5.31861
      vertex 3.7839 -4.90629 -5.07806
      vertex 3.43742 -5.25278 -5.42455
    endloop
  endfacet
  facet normal -0.446497 0.815262 -0.368765
    outer loop
      vertex 3.33801 -5.2593 -5.31861
      vertex 2.1434 -5.33773 -4.04558
      vertex 2.48983 -4.9913 -3.69915
    endloop
  endfacet
  facet normal -9.76572e-16 0.707107 -0.707107
    outer loop
      vertex 2.48983 -4.9913 -3.69915
      vertex 2.12034 -5.32619 -4.03404
      vertex 2.19009 -4.84144 -3.54929
    endloop
  endfacet
  facet normal -1.78574e-14 0.707107 -0.707107
    outer loop
      vertex 2.12034 -5.32619 -4.03404
      vertex 2.48983 -4.9913 -3.69915
      vertex 2.1434 -5.33773 -4.04558
    endloop
  endfacet
  facet normal 1.02387e-15 0.707107 -0.707107
    outer loop
      vertex 2.12034 -5.32619 -4.03404
      vertex 1.84367 -5.18786 -3.89571
      vertex 2.19009 -4.84144 -3.54929
    endloop
  endfacet
  facet normal 0.816493 -0.408252 -0.408252
    outer loop
      vertex 2.19009 -4.84144 -3.54929
      vertex 1.84367 -5.12715 -3.95641
      vertex 2.19009 -4.0529 -4.33783
    endloop
  endfacet
  facet normal 0.816497 -0.408215 -0.408282
    outer loop
      vertex 1.84367 -5.12715 -3.95641
      vertex 2.19009 -4.84144 -3.54929
      vertex 1.84367 -5.18786 -3.89571
    endloop
  endfacet
  facet normal 0.816497 -0.408251 -0.408245
    outer loop
      vertex 2.19009 -4.0529 -4.33783
      vertex 1.84367 -5.12715 -3.95641
      vertex 1.84367 -4.39932 -4.68425
    endloop
  endfacet
  facet normal 0 0.707107 -0.707107
    outer loop
      vertex 2.19009 -4.0529 -4.33783
      vertex 1.81228 -4.38363 -4.66856
      vertex 1.7824 -3.84908 -4.13401
    endloop
  endfacet
  facet normal 1.27481e-14 0.707107 -0.707107
    outer loop
      vertex 1.81228 -4.38363 -4.66856
      vertex 2.19009 -4.0529 -4.33783
      vertex 1.84367 -4.39932 -4.68425
    endloop
  endfacet
  facet normal 0 0.707107 -0.707107
    outer loop
      vertex 1.81228 -4.38363 -4.66856
      vertex 1.436 -4.19548 -4.48041
      vertex 1.7824 -3.84908 -4.13401
    endloop
  endfacet
  facet normal 0.816497 -0.408254 -0.408242
    outer loop
      vertex 1.7824 -3.84908 -4.13401
      vertex 1.436 -3.86578 -4.81012
      vertex 1.7824 -3.51938 -4.46372
    endloop
  endfacet
  facet normal 0.816497 -0.408254 -0.408242
    outer loop
      vertex 1.436 -3.86578 -4.81012
      vertex 1.7824 -3.84908 -4.13401
      vertex 1.436 -4.19548 -4.48041
    endloop
  endfacet
  facet normal -5.55909e-16 -0.707107 0.707107
    outer loop
      vertex 1.7824 -3.51938 -4.46372
      vertex 1.4674 -3.88148 -4.82582
      vertex 2.19009 -3.7232 -4.66754
    endloop
  endfacet
  facet normal 0 -0.707107 0.707107
    outer loop
      vertex 1.4674 -3.88148 -4.82582
      vertex 1.7824 -3.51938 -4.46372
      vertex 1.436 -3.86578 -4.81012
    endloop
  endfacet
  facet normal -3.01144e-16 -0.707107 0.707107
    outer loop
      vertex 2.19009 -3.7232 -4.66754
      vertex 1.4674 -3.88148 -4.82582
      vertex 1.84367 -4.06961 -5.01395
    endloop
  endfacet
  facet normal 0.448796 -0.815107 0.36631
    outer loop
      vertex 2.14055 -5.05459 -4.32586
      vertex 3.19297 -4.65884 -4.73465
      vertex 2.48698 -4.70816 -3.97943
    endloop
  endfacet
  facet normal 0.448796 -0.815107 0.36631
    outer loop
      vertex 3.19297 -4.65884 -4.73465
      vertex 2.14055 -5.05459 -4.32586
      vertex 2.84651 -5.0053 -5.08111
    endloop
  endfacet
  facet normal 0.427707 -0.816189 0.388461
    outer loop
      vertex 2.96911 -5.0013 -5.20771
      vertex 3.32578 -4.65451 -4.87178
      vertex 3.19297 -4.65884 -4.73465
    endloop
  endfacet
  facet normal 0.42756 -0.816191 0.388619
    outer loop
      vertex 3.32578 -4.65451 -4.87178
      vertex 2.96911 -5.0013 -5.20771
      vertex 2.97932 -5.00097 -5.21825
    endloop
  endfacet
  facet normal 0.427742 -0.816181 0.388439
    outer loop
      vertex 3.19297 -4.65884 -4.73465
      vertex 2.84651 -5.0053 -5.08111
      vertex 2.96911 -5.0013 -5.20771
    endloop
  endfacet
  facet normal 0.383934 -0.816027 0.432081
    outer loop
      vertex 3.07662 -5.00472 -5.31179
      vertex 3.32578 -4.65451 -4.87178
      vertex 2.97932 -5.00097 -5.21825
    endloop
  endfacet
  facet normal 0.383961 -0.816024 0.432063
    outer loop
      vertex 3.32578 -4.65451 -4.87178
      vertex 3.07662 -5.00472 -5.31179
      vertex 3.42308 -4.65826 -4.96533
    endloop
  endfacet
  facet normal -0.0659281 0.737762 -0.671834
    outer loop
      vertex 3.07662 -5.00472 -5.31179
      vertex 3.38153 -4.6404 -4.94164
      vertex 3.42308 -4.65826 -4.96533
    endloop
  endfacet
  facet normal -0.0658146 0.737722 -0.671888
    outer loop
      vertex 3.38153 -4.6404 -4.94164
      vertex 3.07662 -5.00472 -5.31179
      vertex 3.03507 -4.98686 -5.28811
    endloop
  endfacet
  facet normal -0.0492752 0.730465 -0.68117
    outer loop
      vertex 3.03507 -4.98686 -5.28811
      vertex 3.30801 -4.60749 -4.90103
      vertex 3.38153 -4.6404 -4.94164
    endloop
  endfacet
  facet normal -0.0493483 0.730488 -0.681141
    outer loop
      vertex 3.30801 -4.60749 -4.90103
      vertex 3.03507 -4.98686 -5.28811
      vertex 2.96155 -4.95396 -5.2475
    endloop
  endfacet
  facet normal -0.0352068 0.724052 -0.688846
    outer loop
      vertex 2.96155 -4.95396 -5.2475
      vertex 3.22172 -4.56758 -4.85467
      vertex 3.30801 -4.60749 -4.90103
    endloop
  endfacet
  facet normal -0.0352068 0.724052 -0.688846
    outer loop
      vertex 3.22172 -4.56758 -4.85467
      vertex 2.96155 -4.95396 -5.2475
      vertex 2.87527 -4.91404 -5.20113
    endloop
  endfacet
  facet normal -0.0127456 0.713393 -0.700648
    outer loop
      vertex 2.87527 -4.91404 -5.20113
      vertex 3.14184 -4.52872 -4.81365
      vertex 3.22172 -4.56758 -4.85467
    endloop
  endfacet
  facet normal -0.0127444 0.713393 -0.700648
    outer loop
      vertex 3.14184 -4.52872 -4.81365
      vertex 2.87527 -4.91404 -5.20113
      vertex 2.79538 -4.87518 -5.16011
    endloop
  endfacet
  facet normal 0 0.707107 -0.707107
    outer loop
      vertex 2.79538 -4.87518 -5.16011
      vertex 2.48698 -4.20133 -4.48626
      vertex 3.14184 -4.52872 -4.81365
    endloop
  endfacet
  facet normal 0 0.707107 -0.707107
    outer loop
      vertex 2.48698 -4.20133 -4.48626
      vertex 2.79538 -4.87518 -5.16011
      vertex 2.14055 -4.54776 -4.83269
    endloop
  endfacet
  facet normal -0.816497 0.408248 0.408248
    outer loop
      vertex 2.14055 -5.01558 -4.36487
      vertex 2.48698 -4.70816 -3.97943
      vertex 2.48698 -4.20133 -4.48626
    endloop
  endfacet
  facet normal -0.816497 0.408248 0.408248
    outer loop
      vertex 2.48698 -4.70816 -3.97943
      vertex 2.14055 -5.01558 -4.36487
      vertex 2.14055 -5.05459 -4.32586
    endloop
  endfacet
  facet normal -0.816497 0.408248 0.408248
    outer loop
      vertex 2.48698 -4.20133 -4.48626
      vertex 2.14055 -4.54776 -4.83269
      vertex 2.14055 -5.01558 -4.36487
    endloop
  endfacet
  facet normal -0.57735 0.57735 -0.57735
    outer loop
      vertex -6.6125 6.9262 -6.9262
      vertex -6.9262 6.6125 -6.9262
      vertex -6.9262 6.9262 -6.6125
    endloop
  endfacet
  facet normal 0.57735 0.57735 0.57735
    outer loop
      vertex 6.9262 6.9262 6.6125
      vertex 6.6125 6.9262 6.9262
      vertex 6.9262 6.6125 6.9262
    endloop
  endfacet
  facet normal 0 -1 0
    outer loop
      vertex -6.9262 -6.9262 6.6125
      vertex 6.9262 -6.9262 -6.6125
      vertex -6.6125 -6.9262 6.9262
    endloop
  endfacet
  facet normal -0 -1 0
    outer loop
      vertex 6.9262 -6.9262 -6.6125
      vertex -6.9262 -6.9262 6.6125
      vertex 6.6125 -6.9262 -6.9262
    endloop
  endfacet
  facet normal 0.57735 -0.57735 -0.57735
    outer loop
      vertex 6.9262 -6.9262 -6.6125
      vertex 6.6125 -6.9262 -6.9262
      vertex 6.9262 -6.6125 -6.9262
    endloop
  endfacet
  facet normal 0 0 1
    outer loop
      vertex 6.6125 6.9262 6.9262
      vertex -6.6125 -6.9262 6.9262
      vertex 6.9262 6.6125 6.9262
    endloop
  endfacet
  facet normal 0 -0 1
    outer loop
      vertex -6.6125 -6.9262 6.9262
      vertex 6.6125 6.9262 6.9262
      vertex -6.9262 -6.6125 6.9262
    endloop
  endfacet
  facet normal -0.577352 0.577326 0.577373
    outer loop
      vertex -4.74632 -2.61487 5.10846
      vertex -5.3343 -2.99643 4.90203
      vertex -4.81327 -2.88901 5.31563
    endloop
  endfacet
  facet normal -0.577329 0.577395 0.577326
    outer loop
      vertex -5.33137 -3.08005 4.98859
      vertex -4.81327 -2.88901 5.31563
      vertex -5.3343 -2.99643 4.90203
    endloop
  endfacet
  facet normal -0.577334 0.577366 0.577351
    outer loop
      vertex -5.28439 -3.1328 5.08832
      vertex -4.81327 -2.88901 5.31563
      vertex -5.33137 -3.08005 4.98859
    endloop
  endfacet
  facet normal -0.577358 0.578408 0.576283
    outer loop
      vertex -4.81327 -2.88901 5.31563
      vertex -5.28439 -3.1328 5.08832
      vertex -4.81937 -2.89752 5.31806
    endloop
  endfacet
  facet normal -0.57735 0.577305 0.577395
    outer loop
      vertex -5.19245 -3.15038 5.19783
      vertex -4.81937 -2.89752 5.31806
      vertex -5.28439 -3.1328 5.08832
    endloop
  endfacet
  facet normal -0.577363 0.577355 0.577332
    outer loop
      vertex -4.89966 -3.00614 5.34639
      vertex -4.81937 -2.89752 5.31806
      vertex -5.19245 -3.15038 5.19783
    endloop
  endfacet
  facet normal -0.576365 0.576976 0.578707
    outer loop
      vertex -4.81937 -2.89752 5.31806
      vertex -4.89966 -3.00614 5.34639
      vertex -4.89251 -2.99981 5.3472
    endloop
  endfacet
  facet normal -0.57735 0.577263 0.577438
    outer loop
      vertex -4.89966 -3.00614 5.34639
      vertex -4.99333 -3.08613 5.3327
      vertex -4.98552 -3.0822 5.33658
    endloop
  endfacet
  facet normal -0.577364 0.577314 0.577373
    outer loop
      vertex -5.09529 -3.13465 5.27926
      vertex -4.89966 -3.00614 5.34639
      vertex -5.19245 -3.15038 5.19783
    endloop
  endfacet
  facet normal -0.57735 0.57735 0.57735
    outer loop
      vertex -4.99333 -3.08613 5.3327
      vertex -5.09529 -3.13465 5.27926
      vertex -5.08721 -3.13334 5.28603
    endloop
  endfacet
  facet normal -0.577353 0.577267 0.57743
    outer loop
      vertex -4.89966 -3.00614 5.34639
      vertex -5.09529 -3.13465 5.27926
      vertex -4.99333 -3.08613 5.3327
    endloop
  endfacet
  facet normal -0.577357 0.577388 0.577306
    outer loop
      vertex -5.21753 -2.77058 4.79295
      vertex -4.8595 -2.61487 4.99528
      vertex -4.99867 -2.63244 4.87367
    endloop
  endfacet
  facet normal -0.577351 0.577282 0.577417
    outer loop
      vertex -4.81904 -1.88938 4.31023
      vertex -4.6131 -1.74627 4.37307
      vertex -4.72245 -1.79953 4.31698
    endloop
  endfacet
  facet normal -0.577362 0.577319 0.57737
    outer loop
      vertex -4.6131 -1.74627 4.37307
      vertex -4.81904 -1.88938 4.31023
      vertex -4.49381 -1.72852 4.47461
    endloop
  endfacet
  facet normal -0.577362 0.577419 0.57727
    outer loop
      vertex -4.90002 -2.01686 4.35675
      vertex -4.49381 -1.72852 4.47461
      vertex -4.81904 -1.88938 4.31023
    endloop
  endfacet
  facet normal -0.577343 0.57736 0.577348
    outer loop
      vertex -4.49381 -1.72852 4.47461
      vertex -4.90002 -2.01686 4.35675
      vertex -4.33335 -1.8006 4.70715
    endloop
  endfacet
  facet normal -0.577348 0.577322 0.577381
    outer loop
      vertex -4.93806 -2.13476 4.4366
      vertex -4.33335 -1.8006 4.70715
      vertex -4.90002 -2.01686 4.35675
    endloop
  endfacet
  facet normal -0.57735 0.57735 0.57735
    outer loop
      vertex -4.91863 -2.22139 4.54266
      vertex -4.33335 -1.8006 4.70715
      vertex -4.93806 -2.13476 4.4366
    endloop
  endfacet
  facet normal -0.57735 0.57735 0.57735
    outer loop
      vertex 3.11213 5.688 4.66403
      vertex -3.71432 4.94653 -1.42095
      vertex 2.79821 5.53104 4.50707
    endloop
  endfacet
  facet normal -0.57735 0.57735 0.57735
    outer loop
      vertex 2.79821 5.53104 4.50707
      vertex -3.71432 4.94653 -1.42095
      vertex 1.73288 5.0119 3.96088
    endloop
  endfacet
  facet normal -0.57735 0.57735 0.57735
    outer loop
      vertex -3.71432 4.94653 -1.42095
      vertex 1.436 4.86346 3.81244
      vertex 1.73288 5.0119 3.96088
    endloop
  endfacet
  facet normal -0.57735 0.57735 0.57735
    outer loop
      vertex -4.92729 3.73356 -1.42095
      vertex 1.436 4.86346 3.81244
      vertex -3.71432 4.94653 -1.42095
    endloop
  endfacet
  facet normal -0.57735 0.57735 0.57735
    outer loop
      vertex 1.436 4.86346 3.81244
      vertex -4.92729 3.73356 -1.42095
      vertex 1.436 3.69111 4.98479
    endloop
  endfacet
  facet normal -0.577325 0.577408 0.577317
    outer loop
      vertex -4.49174 4.9944 -2.24623
      vertex -3.87838 5.11059 -1.74907
      vertex -4.44764 5.12531 -2.33306
    endloop
  endfacet
  facet normal -0.577346 0.577346 0.577358
    outer loop
      vertex -3.87838 5.11059 -1.74907
      vertex -4.49174 4.9944 -2.24623
      vertex -3.94033 5.04864 -1.74907
    endloop
  endfacet
  facet normal -0.577357 0.577322 0.577372
    outer loop
      vertex -4.54063 4.86276 -2.16349
      vertex -3.94033 5.04864 -1.74907
      vertex -4.49174 4.9944 -2.24623
    endloop
  endfacet
  facet normal -0.57735 0.57735 0.57735
    outer loop
      vertex -4.58781 4.73496 -2.08287
      vertex -3.94033 5.04864 -1.74907
      vertex -4.54063 4.86276 -2.16349
    endloop
  endfacet
  facet normal -0.57735 0.57735 0.57735
    outer loop
      vertex -4.63012 4.61275 -2.00297
      vertex -3.94033 5.04864 -1.74907
      vertex -4.58781 4.73496 -2.08287
    endloop
  endfacet
  facet normal -0.57735 0.57735 0.57735
    outer loop
      vertex -4.6644 4.49787 -1.92237
      vertex -3.94033 5.04864 -1.74907
      vertex -4.63012 4.61275 -2.00297
    endloop
  endfacet
  facet normal -0.57735 0.57735 0.57735
    outer loop
      vertex -4.68416 4.39431 -1.83857
      vertex -3.94033 5.04864 -1.74907
      vertex -4.6644 4.49787 -1.92237
    endloop
  endfacet
  facet normal -0.577367 0.577374 0.57731
    outer loop
      vertex -3.94033 5.04864 -1.74907
      vertex -4.68416 4.39431 -1.83857
      vertex -4.68294 4.30604 -1.74907
    endloop
  endfacet
  facet normal -0.577155 0.577828 0.577068
    outer loop
      vertex -4.47577 5.65383 -2.88969
      vertex 6.6125 6.9262 6.9262
      vertex -4.48777 5.66006 -2.90793
    endloop
  endfacet
  facet normal -0.57735 0.577349 0.577351
    outer loop
      vertex 6.6125 6.9262 6.9262
      vertex -4.47577 5.65383 -2.88969
      vertex 3.11213 5.688 4.66403
    endloop
  endfacet
  facet normal -0.577514 0.577178 0.577359
    outer loop
      vertex -3.87838 5.11059 -1.74907
      vertex -4.47577 5.65383 -2.88969
      vertex -4.42082 5.57489 -2.75581
    endloop
  endfacet
  facet normal -0.577353 0.577344 0.577354
    outer loop
      vertex -4.47577 5.65383 -2.88969
      vertex -3.87838 5.11059 -1.74907
      vertex 3.11213 5.688 4.66403
    endloop
  endfacet
  facet normal -0.577281 0.577423 0.577347
    outer loop
      vertex -3.87838 5.11059 -1.74907
      vertex -4.42082 5.57489 -2.75581
      vertex -4.39662 5.47872 -2.63543
    endloop
  endfacet
  facet normal -0.577385 0.577306 0.577359
    outer loop
      vertex -3.87838 5.11059 -1.74907
      vertex -4.39662 5.47872 -2.63543
      vertex -4.39675 5.36938 -2.52623
    endloop
  endfacet
  facet normal -0.57735 0.57735 0.57735
    outer loop
      vertex -3.72696 4.95916 -1.44622
      vertex 3.11213 5.688 4.66403
      vertex -3.87838 5.11059 -1.74907
    endloop
  endfacet
  facet normal -0.57735 0.57735 0.57735
    outer loop
      vertex -3.87838 5.11059 -1.74907
      vertex -4.39675 5.36938 -2.52623
      vertex -4.41348 5.26004 -2.43362
    endloop
  endfacet
  facet normal -0.57735 0.57735 0.57735
    outer loop
      vertex -3.87838 5.11059 -1.74907
      vertex -4.41348 5.26004 -2.43362
      vertex -4.41488 5.25093 -2.42591
    endloop
  endfacet
  facet normal -0.57735 0.57735 0.57735
    outer loop
      vertex -3.71432 4.94653 -1.42095
      vertex 3.11213 5.688 4.66403
      vertex -3.72696 4.95916 -1.44622
    endloop
  endfacet
  facet normal -0.57735 0.57735 0.57735
    outer loop
      vertex -3.87838 5.11059 -1.74907
      vertex -4.41488 5.25093 -2.42591
      vertex -4.44512 5.13498 -2.3402
    endloop
  endfacet
  facet normal -0.577564 0.576948 0.577539
    outer loop
      vertex -3.87838 5.11059 -1.74907
      vertex -4.44512 5.13498 -2.3402
      vertex -4.44764 5.12531 -2.33306
    endloop
  endfacet
  facet normal -0.57735 0.577343 0.577357
    outer loop
      vertex 1.73288 4.61563 4.35714
      vertex 2.79821 5.53104 4.50707
      vertex 1.73288 5.0119 3.96088
    endloop
  endfacet
  facet normal -0.57735 0.57735 0.57735
    outer loop
      vertex 2.79821 5.53104 4.50707
      vertex 2.99303 5.21265 5.02028
      vertex 3.09794 5.26511 5.07273
    endloop
  endfacet
  facet normal -0.577353 0.577348 0.57735
    outer loop
      vertex 2.79821 5.53104 4.50707
      vertex 1.73288 4.61563 4.35714
      vertex 2.99303 5.21265 5.02028
    endloop
  endfacet
  facet normal -0.57735 0.577438 0.577263
    outer loop
      vertex 2.99303 5.21265 5.02028
      vertex 1.73288 4.61563 4.35714
      vertex 1.73288 4.58258 4.3902
    endloop
  endfacet
  facet normal -0.57735 0.57735 0.57735
    outer loop
      vertex -6.9262 6.9262 -6.6125
      vertex -4.6319 5.73491 -3.12691
      vertex 6.6125 6.9262 6.9262
    endloop
  endfacet
  facet normal -0.57735 0.57735 0.57735
    outer loop
      vertex -6.9262 6.9262 -6.6125
      vertex -4.64737 5.73308 -3.14055
      vertex -4.6319 5.73491 -3.12691
    endloop
  endfacet
  facet normal -0.577383 0.57731 0.577358
    outer loop
      vertex -6.9262 6.9262 -6.6125
      vertex -4.83323 5.71113 -3.30447
      vertex -4.64737 5.73308 -3.14055
    endloop
  endfacet
  facet normal -0.577335 0.577368 0.577348
    outer loop
      vertex -6.9262 6.9262 -6.6125
      vertex -5.07132 5.58385 -3.41527
      vertex -4.83323 5.71113 -3.30447
    endloop
  endfacet
  facet normal -0.57735 0.57735 0.57735
    outer loop
      vertex -6.9262 6.9262 -6.6125
      vertex -5.33768 5.35442 -3.4522
      vertex -5.07132 5.58385 -3.41527
    endloop
  endfacet
  facet normal -0.57735 0.57735 0.57735
    outer loop
      vertex -6.9262 6.9262 -6.6125
      vertex -5.55173 5.10379 -3.41562
      vertex -5.33768 5.35442 -3.4522
    endloop
  endfacet
  facet normal -0.57735 0.57735 0.57735
    outer loop
      vertex -6.9262 6.9262 -6.6125
      vertex -5.56118 5.08591 -3.40719
      vertex -5.55173 5.10379 -3.41562
    endloop
  endfacet
  facet normal -0.57735 0.57735 0.57735
    outer loop
      vertex -6.9262 6.9262 -6.6125
      vertex -5.67477 4.87102 -3.30589
      vertex -5.56118 5.08591 -3.40719
    endloop
  endfacet
  facet normal -0.57735 0.57735 0.57735
    outer loop
      vertex -6.9262 6.9262 -6.6125
      vertex -5.67713 4.85488 -3.29211
      vertex -5.67477 4.87102 -3.30589
    endloop
  endfacet
  facet normal -0.57735 0.57735 0.57735
    outer loop
      vertex -6.9262 6.9262 -6.6125
      vertex -5.70552 4.66094 -3.12656
      vertex -5.67713 4.85488 -3.29211
    endloop
  endfacet
  facet normal -0.575555 0.578817 0.577675
    outer loop
      vertex -6.9262 6.9262 -6.6125
      vertex -5.70069 4.64692 -3.1077
      vertex -5.70552 4.66094 -3.12656
    endloop
  endfacet
  facet normal -0.57766 0.577097 0.577293
    outer loop
      vertex -6.9262 6.9262 -6.6125
      vertex -5.64264 4.47841 -2.88116
      vertex -5.70069 4.64692 -3.1077
    endloop
  endfacet
  facet normal -0.577355 0.577349 0.577347
    outer loop
      vertex -5.64264 4.47841 -2.88116
      vertex -5.04088 4.23218 -2.03316
      vertex -4.98333 4.45665 -2.20008
    endloop
  endfacet
  facet normal -0.577356 0.577348 0.577347
    outer loop
      vertex -5.64264 4.47841 -2.88116
      vertex -5.0687 4.03888 -1.86768
      vertex -5.04088 4.23218 -2.03316
    endloop
  endfacet
  facet normal -0.577357 0.577347 0.577347
    outer loop
      vertex -5.64264 4.47841 -2.88116
      vertex -5.06578 3.87205 -1.69793
      vertex -5.0687 4.03888 -1.86768
    endloop
  endfacet
  facet normal -0.57735 0.57735 0.57735
    outer loop
      vertex -4.61369 -1.44298 4.06919
      vertex 1.436 3.69111 4.98479
      vertex -4.92729 3.73356 -1.42095
    endloop
  endfacet
  facet normal -0.57735 0.57735 0.57735
    outer loop
      vertex -5.24224 -1.99272 3.99038
      vertex -4.92729 3.73356 -1.42095
      vertex -5.06578 3.87205 -1.69793
    endloop
  endfacet
  facet normal -0.577357 0.577347 0.577347
    outer loop
      vertex -5.24224 -1.99272 3.99038
      vertex -5.06578 3.87205 -1.69793
      vertex -5.64264 4.47841 -2.88116
    endloop
  endfacet
  facet normal -0.577346 0.577353 0.577352
    outer loop
      vertex -5.74267 -3.15872 4.65595
      vertex -5.64264 4.47841 -2.88116
      vertex -6.9262 6.9262 -6.6125
    endloop
  endfacet
  facet normal -0.57735 0.57735 0.57735
    outer loop
      vertex 1.436 3.69111 4.98479
      vertex -4.61369 -1.44298 4.06919
      vertex -4.3331 -1.40463 4.31143
    endloop
  endfacet
  facet normal -0.57735 0.57735 0.57735
    outer loop
      vertex -4.92729 3.73356 -1.42095
      vertex -4.86497 -1.55805 3.93298
      vertex -4.61369 -1.44298 4.06919
    endloop
  endfacet
  facet normal -0.57735 0.57735 0.57735
    outer loop
      vertex -4.92729 3.73356 -1.42095
      vertex -4.88135 -1.57233 3.93088
      vertex -4.86497 -1.55805 3.93298
    endloop
  endfacet
  facet normal -0.57737 0.57734 0.577341
    outer loop
      vertex -4.92729 3.73356 -1.42095
      vertex -5.0776 -1.74342 3.90571
      vertex -4.88135 -1.57233 3.93088
    endloop
  endfacet
  facet normal -0.577037 0.5775 0.577514
    outer loop
      vertex -4.92729 3.73356 -1.42095
      vertex -5.09028 -1.76261 3.91223
      vertex -5.0776 -1.74342 3.90571
    endloop
  endfacet
  facet normal -0.57735 0.57735 0.57735
    outer loop
      vertex -4.92729 3.73356 -1.42095
      vertex -5.24224 -1.99272 3.99038
      vertex -5.09028 -1.76261 3.91223
    endloop
  endfacet
  facet normal -0.577359 0.577346 0.577346
    outer loop
      vertex -5.64264 4.47841 -2.88116
      vertex -5.66954 -2.93589 4.50624
      vertex -5.24224 -1.99272 3.99038
    endloop
  endfacet
  facet normal -0.577382 0.577344 0.577324
    outer loop
      vertex -5.24224 -1.99272 3.99038
      vertex -5.66954 -2.93589 4.50624
      vertex -5.30331 -2.16867 4.10526
    endloop
  endfacet
  facet normal -0.577552 0.577091 0.577407
    outer loop
      vertex -5.07938 -2.47175 4.63226
      vertex -5.06204 -2.46145 4.63931
      vertex -5.21275 -2.41015 4.43729
    endloop
  endfacet
  facet normal -0.577587 0.57735 0.577114
    outer loop
      vertex -5.06204 -2.46145 4.63931
      vertex -5.07938 -2.47175 4.63226
      vertex -5.06226 -2.46189 4.63953
    endloop
  endfacet
  facet normal -0.577587 0.57735 0.577114
    outer loop
      vertex -5.06226 -2.46189 4.63953
      vertex -5.07938 -2.47175 4.63226
      vertex -5.06488 -2.46713 4.64215
    endloop
  endfacet
  facet normal -0.57735 0.57735 0.57735
    outer loop
      vertex -5.21275 -2.41015 4.43729
      vertex -5.25342 -2.52716 4.51363
      vertex -5.07938 -2.47175 4.63226
    endloop
  endfacet
  facet normal -0.577311 0.577367 0.577374
    outer loop
      vertex -5.42007 -2.62764 4.44748
      vertex -5.21275 -2.41015 4.43729
      vertex -5.29332 -2.31017 4.25675
    endloop
  endfacet
  facet normal -0.577036 0.577408 0.577606
    outer loop
      vertex -5.21275 -2.41015 4.43729
      vertex -5.26624 -2.53488 4.50854
      vertex -5.25342 -2.52716 4.51363
    endloop
  endfacet
  facet normal -0.577435 0.577343 0.577273
    outer loop
      vertex -5.56029 -2.76507 4.44468
      vertex -5.30331 -2.16867 4.10526
      vertex -5.66954 -2.93589 4.50624
    endloop
  endfacet
  facet normal -0.577328 0.577382 0.577341
    outer loop
      vertex -5.21275 -2.41015 4.43729
      vertex -5.42007 -2.62764 4.44748
      vertex -5.26624 -2.53488 4.50854
    endloop
  endfacet
  facet normal -0.577396 0.577356 0.577299
    outer loop
      vertex -5.29332 -2.31017 4.25675
      vertex -5.56029 -2.76507 4.44468
      vertex -5.42007 -2.62764 4.44748
    endloop
  endfacet
  facet normal -0.57735 0.57735 0.57735
    outer loop
      vertex -5.30331 -2.16867 4.10526
      vertex -5.56029 -2.76507 4.44468
      vertex -5.29332 -2.31017 4.25675
    endloop
  endfacet
  facet normal -0.577297 0.577377 0.577377
    outer loop
      vertex -5.64264 4.47841 -2.88116
      vertex -5.74267 -3.15872 4.65595
      vertex -5.66954 -2.93589 4.50624
    endloop
  endfacet
  facet normal -0.57735 0.57735 0.57735
    outer loop
      vertex -6.9262 -6.6125 6.9262
      vertex -5.74031 -3.17166 4.67125
      vertex -5.74267 -3.15872 4.65595
    endloop
  endfacet
  facet normal -0.57735 0.57735 0.57735
    outer loop
      vertex -6.9262 -6.6125 6.9262
      vertex -5.70207 -3.33536 4.87319
      vertex -5.71204 -3.32721 4.85507
    endloop
  endfacet
  facet normal -0.57735 0.57735 0.57735
    outer loop
      vertex -5.56497 -3.43594 5.11087
      vertex -6.9262 -6.6125 6.9262
      vertex -5.35769 -3.46857 5.35078
    endloop
  endfacet
  facet normal -0.577186 0.577365 0.5775
    outer loop
      vertex -5.58222 -3.43322 5.09091
      vertex -6.9262 -6.6125 6.9262
      vertex -5.56497 -3.43594 5.11087
    endloop
  endfacet
  facet normal -0.57737 0.577347 0.577333
    outer loop
      vertex -5.70207 -3.33536 4.87319
      vertex -6.9262 -6.6125 6.9262
      vertex -5.58222 -3.43322 5.09091
    endloop
  endfacet
  facet normal -0.57735 0.57735 0.57735
    outer loop
      vertex -5.74031 -3.17166 4.67125
      vertex -6.9262 -6.6125 6.9262
      vertex -5.71204 -3.32721 4.85507
    endloop
  endfacet
  facet normal -0.57735 0.57735 0.57735
    outer loop
      vertex -6.9262 -6.6125 6.9262
      vertex -5.74267 -3.15872 4.65595
      vertex -6.9262 6.9262 -6.6125
    endloop
  endfacet
  facet normal -0.57735 0.57735 0.57735
    outer loop
      vertex -4.48777 5.66006 -2.90793
      vertex 6.6125 6.9262 6.9262
      vertex -4.6319 5.73491 -3.12691
    endloop
  endfacet
  facet normal -0.57735 0.57735 0.57735
    outer loop
      vertex 3.43742 5.41638 5.26094
      vertex 6.6125 6.9262 6.9262
      vertex 3.11213 5.688 4.66403
    endloop
  endfacet
  facet normal -0.57735 0.57735 0.57735
    outer loop
      vertex 3.43742 5.08916 5.58816
      vertex 6.6125 6.9262 6.9262
      vertex 3.43742 5.41638 5.26094
    endloop
  endfacet
  facet normal -0.577353 0.577356 0.577342
    outer loop
      vertex 1.73288 3.83955 5.13323
      vertex 3.43742 5.08916 5.58816
      vertex 1.73288 4.23689 4.73588
    endloop
  endfacet
  facet normal -0.57735 0.57735 0.57735
    outer loop
      vertex 1.73288 3.83955 5.13323
      vertex 6.6125 6.9262 6.9262
      vertex 3.43742 5.08916 5.58816
    endloop
  endfacet
  facet normal -0.57735 0.57735 0.57735
    outer loop
      vertex -4.10102 -1.44174 4.58062
      vertex 1.436 3.69111 4.98479
      vertex -4.3331 -1.40463 4.31143
    endloop
  endfacet
  facet normal -0.577343 0.577342 0.577366
    outer loop
      vertex -3.96324 -1.55307 4.82972
      vertex 1.436 3.69111 4.98479
      vertex -4.10102 -1.44174 4.58062
    endloop
  endfacet
  facet normal -0.577359 0.577359 0.577333
    outer loop
      vertex -3.92317 -1.73436 5.05109
      vertex 1.436 3.69111 4.98479
      vertex -3.96324 -1.55307 4.82972
    endloop
  endfacet
  facet normal -0.57735 0.57735 0.57735
    outer loop
      vertex 1.436 3.69111 4.98479
      vertex -3.92317 -1.73436 5.05109
      vertex 1.73288 3.83955 5.13323
    endloop
  endfacet
  facet normal -0.57735 0.57735 0.57735
    outer loop
      vertex -3.98423 -1.98135 5.23702
      vertex 1.73288 3.83955 5.13323
      vertex -3.92317 -1.73436 5.05109
    endloop
  endfacet
  facet normal -0.577355 0.577355 0.577341
    outer loop
      vertex -4.4818 -2.91742 5.67553
      vertex 1.73288 3.83955 5.13323
      vertex -3.98423 -1.98135 5.23702
    endloop
  endfacet
  facet normal -0.57735 0.57735 0.57735
    outer loop
      vertex -4.33335 -1.8006 4.70715
      vertex -4.91863 -2.22139 4.54266
      vertex -4.35383 -2.01686 4.90293
    endloop
  endfacet
  facet normal -0.57735 0.57735 0.57735
    outer loop
      vertex -4.84132 -2.27466 4.67324
      vertex -4.35383 -2.01686 4.90293
      vertex -4.91863 -2.22139 4.54266
    endloop
  endfacet
  facet normal -0.57735 0.57735 0.57735
    outer loop
      vertex -4.70567 -2.29243 4.82666
      vertex -4.35383 -2.01686 4.90293
      vertex -4.84132 -2.27466 4.67324
    endloop
  endfacet
  facet normal -0.57735 0.57735 0.57735
    outer loop
      vertex -4.5851 -2.29243 4.94723
      vertex -4.35383 -2.01686 4.90293
      vertex -4.70567 -2.29243 4.82666
    endloop
  endfacet
  facet normal -0.57735 0.57735 0.57735
    outer loop
      vertex -4.35383 -2.01686 4.90293
      vertex -4.5851 -2.29243 4.94723
      vertex -3.98423 -1.98135 5.23702
    endloop
  endfacet
  facet normal -0.577351 0.577362 0.577338
    outer loop
      vertex -4.74632 -2.61487 5.10846
      vertex -3.98423 -1.98135 5.23702
      vertex -4.5851 -2.29243 4.94723
    endloop
  endfacet
  facet normal -0.577328 0.577235 0.577487
    outer loop
      vertex -5.21753 -2.77058 4.79295
      vertex -4.99867 -2.63244 4.87367
      vertex -5.11854 -2.68516 4.80653
    endloop
  endfacet
  facet normal -0.57736 0.577353 0.577338
    outer loop
      vertex -4.8595 -2.61487 4.99528
      vertex -5.21753 -2.77058 4.79295
      vertex -5.2941 -2.88618 4.83198
    endloop
  endfacet
  facet normal -0.57736 0.577349 0.577342
    outer loop
      vertex -5.3343 -2.99643 4.90203
      vertex -4.8595 -2.61487 4.99528
      vertex -5.2941 -2.88618 4.83198
    endloop
  endfacet
  facet normal -0.577355 0.57734 0.577355
    outer loop
      vertex -4.8595 -2.61487 4.99528
      vertex -5.3343 -2.99643 4.90203
      vertex -4.74632 -2.61487 5.10846
    endloop
  endfacet
  facet normal -0.577377 0.577318 0.577355
    outer loop
      vertex -4.50728 -2.91524 5.64786
      vertex -4.74632 -2.61487 5.10846
      vertex -4.81327 -2.88901 5.31563
    endloop
  endfacet
  facet normal -0.577343 0.57735 0.577358
    outer loop
      vertex -4.74632 -2.61487 5.10846
      vertex -4.50728 -2.91524 5.64786
      vertex -3.98423 -1.98135 5.23702
    endloop
  endfacet
  facet normal -0.577454 0.577359 0.577238
    outer loop
      vertex -4.4818 -2.91742 5.67553
      vertex -3.98423 -1.98135 5.23702
      vertex -4.50728 -2.91524 5.64786
    endloop
  endfacet
  facet normal -0.57735 0.577351 0.577349
    outer loop
      vertex 1.73288 3.83955 5.13323
      vertex -4.4818 -2.91742 5.67553
      vertex 6.6125 6.9262 6.9262
    endloop
  endfacet
  facet normal -0.57735 0.57735 0.577351
    outer loop
      vertex -4.65702 -3.1479 5.73079
      vertex 6.6125 6.9262 6.9262
      vertex -4.4818 -2.91742 5.67553
    endloop
  endfacet
  facet normal -0.57735 0.57735 0.57735
    outer loop
      vertex -6.9262 -6.6125 6.9262
      vertex -5.3385 -3.46576 5.36716
      vertex -5.35769 -3.46857 5.35078
    endloop
  endfacet
  facet normal -0.577349 0.577349 0.577353
    outer loop
      vertex -4.65702 -3.1479 5.73079
      vertex -6.9262 -6.6125 6.9262
      vertex 6.6125 6.9262 6.9262
    endloop
  endfacet
  facet normal -0.577378 0.577355 0.577318
    outer loop
      vertex -4.8536 -3.30885 5.69515
      vertex -6.9262 -6.6125 6.9262
      vertex -4.65702 -3.1479 5.73079
    endloop
  endfacet
  facet normal -0.57735 0.57735 0.57735
    outer loop
      vertex -4.86996 -3.32224 5.69218
      vertex -6.9262 -6.6125 6.9262
      vertex -4.8536 -3.30885 5.69515
    endloop
  endfacet
  facet normal -0.57735 0.57735 0.57735
    outer loop
      vertex -5.10782 -3.43199 5.56407
      vertex -6.9262 -6.6125 6.9262
      vertex -4.86996 -3.32224 5.69218
    endloop
  endfacet
  facet normal -0.57735 0.57735 0.57735
    outer loop
      vertex -5.3385 -3.46576 5.36716
      vertex -6.9262 -6.6125 6.9262
      vertex -5.10782 -3.43199 5.56407
    endloop
  endfacet
  facet normal -0.577358 0.577286 0.577407
    outer loop
      vertex -5.17612 5.19779 -3.13401
      vertex -4.81785 5.29468 -2.87264
      vertex -4.96086 5.33265 -3.0536
    endloop
  endfacet
  facet normal -0.577411 0.577576 0.577063
    outer loop
      vertex -5.17612 5.19779 -3.13401
      vertex -4.96086 5.33265 -3.0536
      vertex -4.97276 5.33581 -3.06867
    endloop
  endfacet
  facet normal -0.577342 0.577346 0.577363
    outer loop
      vertex -5.25831 5.09971 -3.11812
      vertex -4.81785 5.29468 -2.87264
      vertex -5.17612 5.19779 -3.13401
    endloop
  endfacet
  facet normal -0.577309 0.577801 0.576941
    outer loop
      vertex -4.81785 5.29468 -2.87264
      vertex -5.25831 5.09971 -3.11812
      vertex -4.81512 5.28914 -2.86436
    endloop
  endfacet
  facet normal -0.57735 0.57735 0.57735
    outer loop
      vertex -5.3073 5.00169 -3.06909
      vertex -4.81512 5.28914 -2.86436
      vertex -5.25831 5.09971 -3.11812
    endloop
  endfacet
  facet normal -0.57735 0.57735 0.57735
    outer loop
      vertex -4.81512 5.28914 -2.86436
      vertex -5.3073 5.00169 -3.06909
      vertex -4.78235 5.22258 -2.76503
    endloop
  endfacet
  facet normal -0.57735 0.57735 0.57735
    outer loop
      vertex -5.31081 4.99421 -3.06512
      vertex -4.78235 5.22258 -2.76503
      vertex -5.3073 5.00169 -3.06909
    endloop
  endfacet
  facet normal -0.576302 0.57735 0.578397
    outer loop
      vertex -5.3073 5.00169 -3.06909
      vertex -5.25831 5.09971 -3.11812
      vertex -5.26515 5.09155 -3.11679
    endloop
  endfacet
  facet normal -0.57735 0.57735 0.57735
    outer loop
      vertex -4.78235 5.22258 -2.76503
      vertex -5.31081 4.99421 -3.06512
      vertex -4.78235 5.21415 -2.7566
    endloop
  endfacet
  facet normal -0.57735 0.57735 0.57735
    outer loop
      vertex -5.31589 4.90302 -2.97901
      vertex -4.78235 5.21415 -2.7566
      vertex -5.31081 4.99421 -3.06512
    endloop
  endfacet
  facet normal -0.577353 0.577377 0.57732
    outer loop
      vertex -4.78235 5.21415 -2.7566
      vertex -5.31589 4.90302 -2.97901
      vertex -4.78239 5.11283 -2.65531
    endloop
  endfacet
  facet normal -0.577354 0.577375 0.577322
    outer loop
      vertex -5.28314 4.8152 -2.85843
      vertex -4.78239 5.11283 -2.65531
      vertex -5.31589 4.90302 -2.97901
    endloop
  endfacet
  facet normal -0.577348 0.577331 0.577372
    outer loop
      vertex -4.78239 5.11283 -2.65531
      vertex -5.28314 4.8152 -2.85843
      vertex -4.81994 4.94957 -2.52961
    endloop
  endfacet
  facet normal -0.577343 0.577352 0.577356
    outer loop
      vertex -5.28314 4.8152 -2.85843
      vertex -4.89702 4.71695 -2.37407
      vertex -4.81994 4.94957 -2.52961
    endloop
  endfacet
  facet normal -0.57736 0.577326 0.577365
    outer loop
      vertex -5.64264 4.47841 -2.88116
      vertex -4.89702 4.71695 -2.37407
      vertex -5.28314 4.8152 -2.85843
    endloop
  endfacet
  facet normal -0.577355 0.577349 0.577346
    outer loop
      vertex -4.89702 4.71695 -2.37407
      vertex -5.64264 4.47841 -2.88116
      vertex -4.98333 4.45665 -2.20008
    endloop
  endfacet
  facet normal 1 0 0
    outer loop
      vertex 6.9262 6.6125 6.9262
      vertex 6.9262 -6.6125 -6.9262
      vertex 6.9262 6.9262 6.6125
    endloop
  endfacet
  facet normal 1 0 -0
    outer loop
      vertex 6.9262 -6.6125 -6.9262
      vertex 6.9262 6.6125 6.9262
      vertex 6.9262 -6.9262 -6.6125
    endloop
  endfacet
  facet normal 0.57735 -0.57735 0.57735
    outer loop
      vertex -2.99643 -4.90203 5.3343
      vertex -2.77058 -4.79295 5.21753
      vertex -2.88618 -4.83198 5.2941
    endloop
  endfacet
  facet normal 0.577353 -0.577294 0.577403
    outer loop
      vertex -2.77058 -4.79295 5.21753
      vertex -3.08005 -4.98859 5.33137
      vertex -2.68516 -4.80653 5.11854
    endloop
  endfacet
  facet normal 0.577352 -0.577287 0.577412
    outer loop
      vertex -2.77058 -4.79295 5.21753
      vertex -2.99643 -4.90203 5.3343
      vertex -3.08005 -4.98859 5.33137
    endloop
  endfacet
  facet normal 0.57735 -0.57735 0.57735
    outer loop
      vertex -3.1328 -5.08832 5.28439
      vertex -2.68516 -4.80653 5.11854
      vertex -3.08005 -4.98859 5.33137
    endloop
  endfacet
  facet normal 0.577355 -0.577377 0.577319
    outer loop
      vertex -2.68516 -4.80653 5.11854
      vertex -3.1328 -5.08832 5.28439
      vertex -2.63244 -4.87367 4.99867
    endloop
  endfacet
  facet normal 0.577355 -0.577377 0.577319
    outer loop
      vertex -3.15038 -5.19783 5.19245
      vertex -2.63244 -4.87367 4.99867
      vertex -3.1328 -5.08832 5.28439
    endloop
  endfacet
  facet normal 0.577347 -0.57733 0.577374
    outer loop
      vertex -2.63244 -4.87367 4.99867
      vertex -3.15038 -5.19783 5.19245
      vertex -2.61487 -4.99528 4.8595
    endloop
  endfacet
  facet normal 0.577343 -0.577355 0.577353
    outer loop
      vertex -3.13465 -5.27926 5.09529
      vertex -2.61487 -4.99528 4.8595
      vertex -3.15038 -5.19783 5.19245
    endloop
  endfacet
  facet normal 0.57737 -0.577563 0.577117
    outer loop
      vertex -2.13476 -4.4366 4.93806
      vertex -1.88938 -4.31023 4.81904
      vertex -2.01686 -4.35675 4.90002
    endloop
  endfacet
  facet normal 0.577348 -0.577299 0.577404
    outer loop
      vertex -1.88938 -4.31023 4.81904
      vertex -2.22139 -4.54266 4.91863
      vertex -1.79953 -4.31698 4.72245
    endloop
  endfacet
  facet normal 0.577366 -0.577359 0.577326
    outer loop
      vertex -1.88938 -4.31023 4.81904
      vertex -2.13476 -4.4366 4.93806
      vertex -2.22139 -4.54266 4.91863
    endloop
  endfacet
  facet normal 0.57735 -0.57735 0.57735
    outer loop
      vertex -1.79953 -4.31698 4.72245
      vertex -2.22139 -4.54266 4.91863
      vertex -1.74627 -4.37307 4.6131
    endloop
  endfacet
  facet normal 0.57735 -0.57735 0.57735
    outer loop
      vertex -2.27466 -4.67324 4.84132
      vertex -1.74627 -4.37307 4.6131
      vertex -2.22139 -4.54266 4.91863
    endloop
  endfacet
  facet normal 0.57735 -0.57735 0.57735
    outer loop
      vertex -1.74627 -4.37307 4.6131
      vertex -2.27466 -4.67324 4.84132
      vertex -1.72852 -4.47461 4.49381
    endloop
  endfacet
  facet normal 0.57735 -0.57735 0.57735
    outer loop
      vertex -2.29243 -4.82666 4.70567
      vertex -1.72852 -4.47461 4.49381
      vertex -2.27466 -4.67324 4.84132
    endloop
  endfacet
  facet normal 0.57735 -0.57735 0.57735
    outer loop
      vertex -1.72852 -4.47461 4.49381
      vertex -2.29243 -4.82666 4.70567
      vertex -1.8006 -4.70715 4.33335
    endloop
  endfacet
  facet normal 0.57735 -0.57735 0.57735
    outer loop
      vertex -2.29243 -4.94723 4.5851
      vertex -1.8006 -4.70715 4.33335
      vertex -2.29243 -4.82666 4.70567
    endloop
  endfacet
  facet normal 0.57735 -0.57735 0.57735
    outer loop
      vertex -1.8006 -4.70715 4.33335
      vertex -2.29243 -4.94723 4.5851
      vertex -2.01686 -4.90293 4.35383
    endloop
  endfacet
  facet normal 0.577362 -0.577359 0.57733
    outer loop
      vertex -2.91524 -5.64786 4.50728
      vertex -2.29243 -4.94723 4.5851
      vertex -2.61487 -5.10846 4.74632
    endloop
  endfacet
  facet normal 0.57735 -0.57735 0.57735
    outer loop
      vertex -2.29243 -4.94723 4.5851
      vertex -2.91524 -5.64786 4.50728
      vertex -2.01686 -4.90293 4.35383
    endloop
  endfacet
  facet normal 0.577343 -0.577355 0.577353
    outer loop
      vertex -3.13334 -5.28603 5.08721
      vertex -2.61487 -4.99528 4.8595
      vertex -3.13465 -5.27926 5.09529
    endloop
  endfacet
  facet normal 0.577355 -0.577342 0.577355
    outer loop
      vertex -2.91742 -5.67553 4.4818
      vertex 3.83834 -5.24523 -1.84367
      vertex -1.98135 -5.23702 3.98423
    endloop
  endfacet
  facet normal 0.577343 -0.577357 0.57735
    outer loop
      vertex -3.08613 -5.3327 4.99333
      vertex -2.61487 -4.99528 4.8595
      vertex -3.13334 -5.28603 5.08721
    endloop
  endfacet
  facet normal 0.577318 -0.577355 0.577377
    outer loop
      vertex -2.91524 -5.64786 4.50728
      vertex -2.61487 -5.10846 4.74632
      vertex -2.88901 -5.31563 4.81327
    endloop
  endfacet
  facet normal 0.577332 -0.577325 0.577393
    outer loop
      vertex -3.00614 -5.34639 4.89966
      vertex -2.61487 -4.99528 4.8595
      vertex -3.08613 -5.3327 4.99333
    endloop
  endfacet
  facet normal 0.57735 -0.57735 0.57735
    outer loop
      vertex -2.01686 -4.90293 4.35383
      vertex -2.91524 -5.64786 4.50728
      vertex -1.98135 -5.23702 3.98423
    endloop
  endfacet
  facet normal 0.577359 -0.577238 0.577454
    outer loop
      vertex -2.91742 -5.67553 4.4818
      vertex -1.98135 -5.23702 3.98423
      vertex -2.91524 -5.64786 4.50728
    endloop
  endfacet
  facet normal 0.577351 -0.577349 0.57735
    outer loop
      vertex 3.83834 -5.24523 -1.84367
      vertex -2.91742 -5.67553 4.4818
      vertex 3.84977 -5.25665 -1.86652
    endloop
  endfacet
  facet normal 0.577827 -0.578593 0.575627
    outer loop
      vertex -2.61487 -5.10846 4.74632
      vertex -2.89752 -5.31806 4.81937
      vertex -2.88901 -5.31563 4.81327
    endloop
  endfacet
  facet normal 0.57735 -0.57735 0.57735
    outer loop
      vertex -2.61487 -4.99528 4.8595
      vertex -3.00614 -5.34639 4.89966
      vertex -2.61487 -5.10846 4.74632
    endloop
  endfacet
  facet normal 0.577263 -0.577438 0.57735
    outer loop
      vertex -3.00614 -5.34639 4.89966
      vertex -3.08613 -5.3327 4.99333
      vertex -3.0822 -5.33658 4.98552
    endloop
  endfacet
  facet normal 0.57735 -0.57735 0.57735
    outer loop
      vertex -2.61487 -5.10846 4.74632
      vertex -3.00614 -5.34639 4.89966
      vertex -2.89752 -5.31806 4.81937
    endloop
  endfacet
  facet normal 0.576976 -0.578707 0.576365
    outer loop
      vertex -2.89752 -5.31806 4.81937
      vertex -3.00614 -5.34639 4.89966
      vertex -2.99981 -5.3472 4.89251
    endloop
  endfacet
  facet normal 0.577347 -0.577358 0.577346
    outer loop
      vertex 5.18786 -3.89571 -1.84367
      vertex -1.44174 -4.58062 4.10102
      vertex 4.19548 -4.48041 -1.436
    endloop
  endfacet
  facet normal 0.577343 -0.577366 0.577342
    outer loop
      vertex -1.55307 -4.82972 3.96324
      vertex 4.19548 -4.48041 -1.436
      vertex -1.44174 -4.58062 4.10102
    endloop
  endfacet
  facet normal 0.577358 -0.577333 0.57736
    outer loop
      vertex -1.73436 -5.05109 3.92317
      vertex 4.19548 -4.48041 -1.436
      vertex -1.55307 -4.82972 3.96324
    endloop
  endfacet
  facet normal 0.577356 -0.577338 0.577357
    outer loop
      vertex 4.19548 -4.48041 -1.436
      vertex -1.73436 -5.05109 3.92317
      vertex 3.86578 -4.81012 -1.436
    endloop
  endfacet
  facet normal 0.57735 -0.57735 0.57735
    outer loop
      vertex -1.98135 -5.23702 3.98423
      vertex 3.86578 -4.81012 -1.436
      vertex -1.73436 -5.05109 3.92317
    endloop
  endfacet
  facet normal 0.57735 -0.57735 0.57735
    outer loop
      vertex 3.83834 -5.24523 -1.84367
      vertex 3.86578 -4.81012 -1.436
      vertex -1.98135 -5.23702 3.98423
    endloop
  endfacet
  facet normal 0.57735 -0.57735 0.57735
    outer loop
      vertex 3.86578 -4.81012 -1.436
      vertex 3.83834 -5.24523 -1.84367
      vertex 3.88148 -4.82582 -1.4674
    endloop
  endfacet
  facet normal 0.577368 -0.577343 0.57734
    outer loop
      vertex 3.88148 -4.82582 -1.4674
      vertex 3.83834 -5.24523 -1.84367
      vertex 4.06961 -5.01395 -1.84367
    endloop
  endfacet
  facet normal 0.57735 -0.57735 0.57735
    outer loop
      vertex 6.9262 6.6125 6.9262
      vertex 4.66403 3.11213 5.688
      vertex 5.26094 3.43742 5.41638
    endloop
  endfacet
  facet normal 0.57735 -0.57735 0.577351
    outer loop
      vertex -2.93589 -4.50624 5.66954
      vertex 4.50707 2.79821 5.53104
      vertex 4.66403 3.11213 5.688
    endloop
  endfacet
  facet normal 0.57735 -0.57735 0.57735
    outer loop
      vertex -1.55805 -3.93298 4.86497
      vertex 3.81244 1.436 4.86346
      vertex -1.57233 -3.93088 4.88135
    endloop
  endfacet
  facet normal 0.57735 -0.57735 0.577351
    outer loop
      vertex -2.93589 -4.50624 5.66954
      vertex 3.81244 1.436 4.86346
      vertex 3.96088 1.73288 5.0119
    endloop
  endfacet
  facet normal 0.577349 -0.57735 0.577351
    outer loop
      vertex 4.50707 2.79821 5.53104
      vertex -2.93589 -4.50624 5.66954
      vertex 3.96088 1.73288 5.0119
    endloop
  endfacet
  facet normal 0.57735 -0.57735 0.57735
    outer loop
      vertex -6.6125 -6.9262 6.9262
      vertex 4.66403 3.11213 5.688
      vertex 6.9262 6.6125 6.9262
    endloop
  endfacet
  facet normal 0.577499 -0.577519 0.577033
    outer loop
      vertex 3.81244 1.436 4.86346
      vertex -1.76261 -3.91223 5.09028
      vertex -1.74342 -3.90571 5.0776
    endloop
  endfacet
  facet normal 0.57735 -0.57735 0.57735
    outer loop
      vertex 3.81244 1.436 4.86346
      vertex -1.99272 -3.99038 5.24224
      vertex -1.76261 -3.91223 5.09028
    endloop
  endfacet
  facet normal 0.577346 -0.577345 0.57736
    outer loop
      vertex 3.81244 1.436 4.86346
      vertex -2.93589 -4.50624 5.66954
      vertex -1.99272 -3.99038 5.24224
    endloop
  endfacet
  facet normal 0.577344 -0.577324 0.577382
    outer loop
      vertex -1.99272 -3.99038 5.24224
      vertex -2.93589 -4.50624 5.66954
      vertex -2.16867 -4.10526 5.30331
    endloop
  endfacet
  facet normal 0.577356 -0.577299 0.577396
    outer loop
      vertex -2.62764 -4.44748 5.42007
      vertex -2.31017 -4.25675 5.29332
      vertex -2.76507 -4.44468 5.56029
    endloop
  endfacet
  facet normal 0.577343 -0.577273 0.577435
    outer loop
      vertex -2.76507 -4.44468 5.56029
      vertex -2.16867 -4.10526 5.30331
      vertex -2.93589 -4.50624 5.66954
    endloop
  endfacet
  facet normal 0.57735 -0.57735 0.57735
    outer loop
      vertex -2.16867 -4.10526 5.30331
      vertex -2.76507 -4.44468 5.56029
      vertex -2.31017 -4.25675 5.29332
    endloop
  endfacet
  facet normal 0.577377 -0.577377 0.577297
    outer loop
      vertex 4.66403 3.11213 5.688
      vertex -3.15872 -4.65595 5.74267
      vertex -2.93589 -4.50624 5.66954
    endloop
  endfacet
  facet normal 0.577365 -0.5775 0.577186
    outer loop
      vertex -6.6125 -6.9262 6.9262
      vertex -3.43594 -5.11087 5.56497
      vertex -3.43322 -5.09091 5.58222
    endloop
  endfacet
  facet normal 0.57735 -0.57735 0.57735
    outer loop
      vertex -6.6125 -6.9262 6.9262
      vertex -3.46576 -5.36716 5.3385
      vertex -3.46857 -5.35078 5.35769
    endloop
  endfacet
  facet normal 0.57735 -0.57735 0.57735
    outer loop
      vertex 3.98678 -5.39367 -2.14055
      vertex -6.6125 -6.9262 6.9262
      vertex 4.86649 -5.81083 -3.43742
    endloop
  endfacet
  facet normal 0.577355 -0.577318 0.577378
    outer loop
      vertex -3.30885 -5.69515 4.8536
      vertex -6.6125 -6.9262 6.9262
      vertex -3.1479 -5.73079 4.65702
    endloop
  endfacet
  facet normal 0.57735 -0.57735 0.57735
    outer loop
      vertex -3.32224 -5.69218 4.86996
      vertex -6.6125 -6.9262 6.9262
      vertex -3.30885 -5.69515 4.8536
    endloop
  endfacet
  facet normal 0.57735 -0.57735 0.57735
    outer loop
      vertex -3.43199 -5.56407 5.10782
      vertex -6.6125 -6.9262 6.9262
      vertex -3.32224 -5.69218 4.86996
    endloop
  endfacet
  facet normal 0.57735 -0.57735 0.57735
    outer loop
      vertex -3.46576 -5.36716 5.3385
      vertex -6.6125 -6.9262 6.9262
      vertex -3.43199 -5.56407 5.10782
    endloop
  endfacet
  facet normal 0.57735 -0.57735 0.57735
    outer loop
      vertex -3.43594 -5.11087 5.56497
      vertex -6.6125 -6.9262 6.9262
      vertex -3.46857 -5.35078 5.35769
    endloop
  endfacet
  facet normal 0.577347 -0.577333 0.57737
    outer loop
      vertex -3.33536 -4.87319 5.70207
      vertex -6.6125 -6.9262 6.9262
      vertex -3.43322 -5.09091 5.58222
    endloop
  endfacet
  facet normal 0.57735 -0.57735 0.57735
    outer loop
      vertex -3.32721 -4.85507 5.71204
      vertex -6.6125 -6.9262 6.9262
      vertex -3.33536 -4.87319 5.70207
    endloop
  endfacet
  facet normal 0.57735 -0.57735 0.57735
    outer loop
      vertex -3.17166 -4.67125 5.74031
      vertex -6.6125 -6.9262 6.9262
      vertex -3.32721 -4.85507 5.71204
    endloop
  endfacet
  facet normal 0.57735 -0.57735 0.57735
    outer loop
      vertex -3.15872 -4.65595 5.74267
      vertex -6.6125 -6.9262 6.9262
      vertex -3.17166 -4.67125 5.74031
    endloop
  endfacet
  facet normal 0.57735 -0.57735 0.57735
    outer loop
      vertex 4.66403 3.11213 5.688
      vertex -6.6125 -6.9262 6.9262
      vertex -3.15872 -4.65595 5.74267
    endloop
  endfacet
  facet normal 0.57735 -0.57735 0.57735
    outer loop
      vertex 5.58816 3.43742 5.08916
      vertex 6.9262 6.6125 6.9262
      vertex 5.26094 3.43742 5.41638
    endloop
  endfacet
  facet normal 0.577342 -0.577353 0.577356
    outer loop
      vertex 5.13323 1.73288 3.83955
      vertex 5.58816 3.43742 5.08916
      vertex 4.73588 1.73288 4.23689
    endloop
  endfacet
  facet normal 0.57735 -0.57735 0.57735
    outer loop
      vertex 5.13323 1.73288 3.83955
      vertex 6.9262 6.6125 6.9262
      vertex 5.58816 3.43742 5.08916
    endloop
  endfacet
  facet normal 0.57734 -0.57734 0.57737
    outer loop
      vertex -1.57233 -3.93088 4.88135
      vertex 3.81244 1.436 4.86346
      vertex -1.74342 -3.90571 5.0776
    endloop
  endfacet
  facet normal 0.57735 -0.57735 0.57735
    outer loop
      vertex 5.18786 -3.89571 -1.84367
      vertex 5.13323 1.73288 3.83955
      vertex 4.98479 1.436 3.69111
    endloop
  endfacet
  facet normal 0.577379 -0.577336 0.577336
    outer loop
      vertex 5.32619 -4.03404 -2.12034
      vertex 5.13323 1.73288 3.83955
      vertex 5.18786 -3.89571 -1.84367
    endloop
  endfacet
  facet normal 0.576647 -0.577719 0.577684
    outer loop
      vertex 5.33773 -4.04558 -2.1434
      vertex 5.13323 1.73288 3.83955
      vertex 5.32619 -4.03404 -2.12034
    endloop
  endfacet
  facet normal 0.577349 -0.57735 0.577351
    outer loop
      vertex 5.13323 1.73288 3.83955
      vertex 5.33773 -4.04558 -2.1434
      vertex 6.9262 6.6125 6.9262
    endloop
  endfacet
  facet normal 0.577346 -0.577354 0.57735
    outer loop
      vertex 6.9262 -6.9262 -6.6125
      vertex 5.33773 -4.04558 -2.1434
      vertex 5.2593 -5.31861 -3.33801
    endloop
  endfacet
  facet normal 0.5774 -0.577299 0.577351
    outer loop
      vertex 6.9262 -6.9262 -6.6125
      vertex 5.2593 -5.31861 -3.33801
      vertex 5.25278 -5.42455 -3.43742
    endloop
  endfacet
  facet normal 0.577353 -0.577349 0.577349
    outer loop
      vertex 5.33773 -4.04558 -2.1434
      vertex 6.9262 -6.9262 -6.6125
      vertex 6.9262 6.6125 6.9262
    endloop
  endfacet
  facet normal 0.577344 -0.577358 0.577349
    outer loop
      vertex 4.86649 -5.81083 -3.43742
      vertex 6.9262 -6.9262 -6.6125
      vertex 5.25278 -5.42455 -3.43742
    endloop
  endfacet
  facet normal 0.57735 -0.57735 0.57735
    outer loop
      vertex 6.9262 -6.9262 -6.6125
      vertex 4.86649 -5.81083 -3.43742
      vertex -6.6125 -6.9262 6.9262
    endloop
  endfacet
  facet normal 0.57735 -0.57735 0.57735
    outer loop
      vertex 4.50707 2.79821 5.53104
      vertex 5.02028 2.99303 5.21265
      vertex 5.07273 3.09794 5.26511
    endloop
  endfacet
  facet normal 0.57735 -0.57735 0.57735
    outer loop
      vertex 3.96088 1.73288 5.0119
      vertex 5.02028 2.99303 5.21265
      vertex 4.50707 2.79821 5.53104
    endloop
  endfacet
  facet normal 0.577356 -0.577354 0.577341
    outer loop
      vertex 4.35714 1.73288 4.61563
      vertex 5.02028 2.99303 5.21265
      vertex 3.96088 1.73288 5.0119
    endloop
  endfacet
  facet normal 0.577263 -0.57735 0.577438
    outer loop
      vertex 5.02028 2.99303 5.21265
      vertex 4.35714 1.73288 4.61563
      vertex 4.3902 1.73288 4.58258
    endloop
  endfacet
  facet normal 0.57735 -0.57735 0.57735
    outer loop
      vertex 3.81244 1.436 4.86346
      vertex -1.55805 -3.93298 4.86497
      vertex 4.98479 1.436 3.69111
    endloop
  endfacet
  facet normal 0.57735 -0.57735 0.57735
    outer loop
      vertex -1.44298 -4.06919 4.61369
      vertex 4.98479 1.436 3.69111
      vertex -1.55805 -3.93298 4.86497
    endloop
  endfacet
  facet normal 0.57735 -0.57735 0.57735
    outer loop
      vertex -1.40463 -4.31143 4.3331
      vertex 4.98479 1.436 3.69111
      vertex -1.44298 -4.06919 4.61369
    endloop
  endfacet
  facet normal 0.57735 -0.57735 0.57735
    outer loop
      vertex 4.98479 1.436 3.69111
      vertex -1.40463 -4.31143 4.3331
      vertex 5.18786 -3.89571 -1.84367
    endloop
  endfacet
  facet normal 0.57735 -0.57735 0.57735
    outer loop
      vertex -1.44174 -4.58062 4.10102
      vertex 5.18786 -3.89571 -1.84367
      vertex -1.40463 -4.31143 4.3331
    endloop
  endfacet
  facet normal 0.577359 -0.577454 0.577237
    outer loop
      vertex 5.18786 -3.89571 -1.84367
      vertex 4.19548 -4.48041 -1.436
      vertex 5.12715 -3.95641 -1.84367
    endloop
  endfacet
  facet normal 0.577349 -0.577331 0.577371
    outer loop
      vertex 4.38363 -4.66856 -1.81228
      vertex 5.12715 -3.95641 -1.84367
      vertex 4.19548 -4.48041 -1.436
    endloop
  endfacet
  facet normal 0.577416 -0.577408 0.577228
    outer loop
      vertex 5.12715 -3.95641 -1.84367
      vertex 4.38363 -4.66856 -1.81228
      vertex 4.39932 -4.68425 -1.84367
    endloop
  endfacet
  facet normal 0.577367 -0.577374 0.577311
    outer loop
      vertex -2.31017 -4.25675 5.29332
      vertex -2.62764 -4.44748 5.42007
      vertex -2.41015 -4.43729 5.21275
    endloop
  endfacet
  facet normal 0.577382 -0.577341 0.577328
    outer loop
      vertex -2.53488 -4.50854 5.26624
      vertex -2.41015 -4.43729 5.21275
      vertex -2.62764 -4.44748 5.42007
    endloop
  endfacet
  facet normal 0.577408 -0.577606 0.577036
    outer loop
      vertex -2.52716 -4.51363 5.25342
      vertex -2.41015 -4.43729 5.21275
      vertex -2.53488 -4.50854 5.26624
    endloop
  endfacet
  facet normal 0.57735 -0.57735 0.57735
    outer loop
      vertex -2.47175 -4.63226 5.07938
      vertex -2.41015 -4.43729 5.21275
      vertex -2.52716 -4.51363 5.25342
    endloop
  endfacet
  facet normal 0.577091 -0.577407 0.577552
    outer loop
      vertex -2.47175 -4.63226 5.07938
      vertex -2.46145 -4.63931 5.06204
      vertex -2.41015 -4.43729 5.21275
    endloop
  endfacet
  facet normal 0.57735 -0.577114 0.577587
    outer loop
      vertex -2.47175 -4.63226 5.07938
      vertex -2.46189 -4.63953 5.06226
      vertex -2.46145 -4.63931 5.06204
    endloop
  endfacet
  facet normal 0.57735 -0.577114 0.577587
    outer loop
      vertex -2.46189 -4.63953 5.06226
      vertex -2.47175 -4.63226 5.07938
      vertex -2.46713 -4.64215 5.06488
    endloop
  endfacet
  facet normal 0.577351 -0.577349 0.57735
    outer loop
      vertex 3.84977 -5.25665 -1.86652
      vertex -2.91742 -5.67553 4.4818
      vertex 3.98678 -5.39367 -2.14055
    endloop
  endfacet
  facet normal 0.577348 -0.57736 0.577344
    outer loop
      vertex -6.6125 -6.9262 6.9262
      vertex -2.91742 -5.67553 4.4818
      vertex -3.1479 -5.73079 4.65702
    endloop
  endfacet
  facet normal 0.577339 -0.577364 0.577347
    outer loop
      vertex 3.98678 -5.39367 -2.14055
      vertex 4.86649 -5.81083 -3.43742
      vertex 4.21806 -5.1624 -2.14055
    endloop
  endfacet
  facet normal 0.577348 -0.577355 0.577347
    outer loop
      vertex -6.6125 -6.9262 6.9262
      vertex 3.98678 -5.39367 -2.14055
      vertex -2.91742 -5.67553 4.4818
    endloop
  endfacet
  facet normal 0.57735 -0.57735 0.57735
    outer loop
      vertex 5.01558 -4.36487 -2.14055
      vertex 5.0053 -5.08111 -2.84651
      vertex 5.05459 -4.32586 -2.14055
    endloop
  endfacet
  facet normal 0.57735 -0.57735 0.57735
    outer loop
      vertex 4.54776 -4.83269 -2.14055
      vertex 5.0053 -5.08111 -2.84651
      vertex 5.01558 -4.36487 -2.14055
    endloop
  endfacet
  facet normal 0.577377 -0.577318 0.577356
    outer loop
      vertex 4.87518 -5.16011 -2.79538
      vertex 5.0053 -5.08111 -2.84651
      vertex 4.54776 -4.83269 -2.14055
    endloop
  endfacet
  facet normal 0.577384 -0.577365 0.577302
    outer loop
      vertex 4.91404 -5.20113 -2.87527
      vertex 5.0053 -5.08111 -2.84651
      vertex 4.87518 -5.16011 -2.79538
    endloop
  endfacet
  facet normal 0.57735 -0.57735 0.57735
    outer loop
      vertex 4.91404 -5.20113 -2.87527
      vertex 5.0013 -5.20771 -2.96911
      vertex 5.0053 -5.08111 -2.84651
    endloop
  endfacet
  facet normal 0.577401 -0.577258 0.577391
    outer loop
      vertex 4.95396 -5.2475 -2.96155
      vertex 5.0013 -5.20771 -2.96911
      vertex 4.91404 -5.20113 -2.87527
    endloop
  endfacet
  facet normal 0.577432 -0.577311 0.577307
    outer loop
      vertex 5.0013 -5.20771 -2.96911
      vertex 4.95396 -5.2475 -2.96155
      vertex 5.00097 -5.21825 -2.97932
    endloop
  endfacet
  facet normal 0.577434 -0.577322 0.577294
    outer loop
      vertex 4.98686 -5.28811 -3.03507
      vertex 5.00097 -5.21825 -2.97932
      vertex 4.95396 -5.2475 -2.96155
    endloop
  endfacet
  facet normal 0.577503 -0.5773 0.577248
    outer loop
      vertex 5.00097 -5.21825 -2.97932
      vertex 4.98686 -5.28811 -3.03507
      vertex 5.00472 -5.31179 -3.07662
    endloop
  endfacet
  facet normal 0 0 -1
    outer loop
      vertex 6.6125 -6.9262 -6.9262
      vertex -6.6125 6.9262 -6.9262
      vertex 6.9262 -6.6125 -6.9262
    endloop
  endfacet
  facet normal 0 -0 -1
    outer loop
      vertex -6.6125 6.9262 -6.9262
      vertex 6.6125 -6.9262 -6.9262
      vertex -6.9262 6.6125 -6.9262
    endloop
  endfacet
  facet normal 0 1 0
    outer loop
      vertex 6.9262 6.9262 6.6125
      vertex -6.9262 6.9262 -6.6125
      vertex 6.6125 6.9262 6.9262
    endloop
  endfacet
  facet normal -0 1 0
    outer loop
      vertex -6.9262 6.9262 -6.6125
      vertex 6.9262 6.9262 6.6125
      vertex -6.6125 6.9262 -6.9262
    endloop
  endfacet
  facet normal -0.57735 -0.57735 0.57735
    outer loop
      vertex -6.9262 -6.6125 6.9262
      vertex -6.9262 -6.9262 6.6125
      vertex -6.6125 -6.9262 6.9262
    endloop
  endfacet
  facet normal -1 0 0
    outer loop
      vertex -6.9262 6.6125 -6.9262
      vertex -6.9262 -6.6125 6.9262
      vertex -6.9262 6.9262 -6.6125
    endloop
  endfacet
  facet normal -1 0 -0
    outer loop
      vertex -6.9262 -6.6125 6.9262
      vertex -6.9262 6.6125 -6.9262
      vertex -6.9262 -6.9262 6.6125
    endloop
  endfacet
  facet normal -0.57735 -0.57735 -0.57735
    outer loop
      vertex -4.47461 -4.49381 1.72852
      vertex -4.90293 -4.35383 2.01686
      vertex -4.70715 -4.33335 1.8006
    endloop
  endfacet
  facet normal -0.57735 -0.57735 -0.57735
    outer loop
      vertex -4.90293 -4.35383 2.01686
      vertex -4.47461 -4.49381 1.72852
      vertex -4.37307 -4.6131 1.74627
    endloop
  endfacet
  facet normal -0.577345 -0.577354 -0.577352
    outer loop
      vertex -4.90293 -4.35383 2.01686
      vertex -4.94723 -4.5851 2.29243
      vertex -5.67553 -4.4818 2.91742
    endloop
  endfacet
  facet normal -0.577351 -0.577338 -0.577362
    outer loop
      vertex -5.10846 -4.74632 2.61487
      vertex -5.67553 -4.4818 2.91742
      vertex -4.94723 -4.5851 2.29243
    endloop
  endfacet
  facet normal -0.57735 -0.57735 -0.57735
    outer loop
      vertex -4.31698 -4.72245 1.79953
      vertex -4.90293 -4.35383 2.01686
      vertex -4.37307 -4.6131 1.74627
    endloop
  endfacet
  facet normal -0.577356 -0.577379 -0.577316
    outer loop
      vertex -4.31023 -4.81904 1.88938
      vertex -4.90293 -4.35383 2.01686
      vertex -4.31698 -4.72245 1.79953
    endloop
  endfacet
  facet normal -0.577344 -0.577354 -0.577353
    outer loop
      vertex -4.90293 -4.35383 2.01686
      vertex -4.31023 -4.81904 1.88938
      vertex -4.94723 -4.5851 2.29243
    endloop
  endfacet
  facet normal -0.577345 -0.577345 -0.57736
    outer loop
      vertex -4.94723 -4.5851 2.29243
      vertex -4.31023 -4.81904 1.88938
      vertex -4.82666 -4.70567 2.29243
    endloop
  endfacet
  facet normal -0.577365 -0.577282 -0.577403
    outer loop
      vertex -4.35675 -4.90002 2.01686
      vertex -4.82666 -4.70567 2.29243
      vertex -4.31023 -4.81904 1.88938
    endloop
  endfacet
  facet normal -0.577357 -0.57736 -0.577334
    outer loop
      vertex -4.82666 -4.70567 2.29243
      vertex -4.35675 -4.90002 2.01686
      vertex -4.67324 -4.84132 2.27466
    endloop
  endfacet
  facet normal -0.577345 -0.577394 -0.577312
    outer loop
      vertex -4.4366 -4.93806 2.13476
      vertex -4.67324 -4.84132 2.27466
      vertex -4.35675 -4.90002 2.01686
    endloop
  endfacet
  facet normal -0.57735 -0.57735 -0.57735
    outer loop
      vertex -4.67324 -4.84132 2.27466
      vertex -4.4366 -4.93806 2.13476
      vertex -4.54266 -4.91863 2.22139
    endloop
  endfacet
  facet normal -0.577333 -0.577359 -0.577359
    outer loop
      vertex -4.94653 1.42095 -3.71432
      vertex -4.82972 -3.96324 1.55307
      vertex -5.05109 -3.92317 1.73436
    endloop
  endfacet
  facet normal -0.57735 -0.577351 -0.577351
    outer loop
      vertex -4.58062 -4.10102 1.44174
      vertex -4.94653 1.42095 -3.71432
      vertex 1.436 -4.19548 -4.48041
    endloop
  endfacet
  facet normal -0.577366 -0.577343 -0.577342
    outer loop
      vertex -4.94653 1.42095 -3.71432
      vertex -4.58062 -4.10102 1.44174
      vertex -4.82972 -3.96324 1.55307
    endloop
  endfacet
  facet normal -0.577352 -0.577346 -0.577353
    outer loop
      vertex 1.84367 -5.18786 -3.89571
      vertex -4.58062 -4.10102 1.44174
      vertex 1.436 -4.19548 -4.48041
    endloop
  endfacet
  facet normal -0.577371 -0.577349 -0.577331
    outer loop
      vertex 1.84367 -5.12715 -3.95641
      vertex 1.436 -4.19548 -4.48041
      vertex 1.81228 -4.38363 -4.66856
    endloop
  endfacet
  facet normal -0.577228 -0.577416 -0.577408
    outer loop
      vertex 1.84367 -5.12715 -3.95641
      vertex 1.81228 -4.38363 -4.66856
      vertex 1.84367 -4.39932 -4.68425
    endloop
  endfacet
  facet normal -0.577237 -0.577359 -0.577454
    outer loop
      vertex 1.84367 -5.18786 -3.89571
      vertex 1.436 -4.19548 -4.48041
      vertex 1.84367 -5.12715 -3.95641
    endloop
  endfacet
  facet normal -0.57735 -0.57735 -0.57735
    outer loop
      vertex -4.58062 -4.10102 1.44174
      vertex 1.84367 -5.18786 -3.89571
      vertex -4.31143 -4.3331 1.40463
    endloop
  endfacet
  facet normal -0.57735 -0.57735 -0.57735
    outer loop
      vertex -4.31143 -4.3331 1.40463
      vertex 1.84367 -5.18786 -3.89571
      vertex -4.06919 -4.61369 1.44298
    endloop
  endfacet
  facet normal -0.57735 -0.57735 -0.57735
    outer loop
      vertex -4.06919 -4.61369 1.44298
      vertex 1.84367 -5.18786 -3.89571
      vertex -3.93298 -4.86497 1.55805
    endloop
  endfacet
  facet normal -0.57735 -0.57735 -0.57735
    outer loop
      vertex -3.93298 -4.86497 1.55805
      vertex 1.84367 -5.18786 -3.89571
      vertex -3.93088 -4.88135 1.57233
    endloop
  endfacet
  facet normal -0.577341 -0.577369 -0.57734
    outer loop
      vertex -3.93088 -4.88135 1.57233
      vertex 1.84367 -5.18786 -3.89571
      vertex -3.90571 -5.0776 1.74342
    endloop
  endfacet
  facet normal -0.577336 -0.57738 -0.577334
    outer loop
      vertex 2.12034 -5.32619 -4.03404
      vertex -3.90571 -5.0776 1.74342
      vertex 1.84367 -5.18786 -3.89571
    endloop
  endfacet
  facet normal -0.577684 -0.576638 -0.577729
    outer loop
      vertex 2.1434 -5.33773 -4.04558
      vertex -3.90571 -5.0776 1.74342
      vertex 2.12034 -5.32619 -4.03404
    endloop
  endfacet
  facet normal -0.577488 -0.577058 -0.577505
    outer loop
      vertex -3.90571 -5.0776 1.74342
      vertex 2.1434 -5.33773 -4.04558
      vertex -3.91223 -5.09028 1.76261
    endloop
  endfacet
  facet normal -0.577351 -0.57735 -0.57735
    outer loop
      vertex -3.91223 -5.09028 1.76261
      vertex 2.1434 -5.33773 -4.04558
      vertex -3.99038 -5.24224 1.99272
    endloop
  endfacet
  facet normal -0.57735 -0.57735 -0.57735
    outer loop
      vertex 1.84367 -3.83834 -5.24523
      vertex 1.4674 -3.88148 -4.82582
      vertex 1.436 -3.86578 -4.81012
    endloop
  endfacet
  facet normal -0.57734 -0.577368 -0.577343
    outer loop
      vertex 1.4674 -3.88148 -4.82582
      vertex 1.84367 -3.83834 -5.24523
      vertex 1.84367 -4.06961 -5.01395
    endloop
  endfacet
  facet normal -0.57735 -0.57735 -0.57735
    outer loop
      vertex -6.9262 6.6125 -6.9262
      vertex -5.10379 3.41562 -5.55173
      vertex -5.35442 3.4522 -5.33768
    endloop
  endfacet
  facet normal -0.57735 -0.57735 -0.57735
    outer loop
      vertex -6.9262 6.6125 -6.9262
      vertex -5.08591 3.40719 -5.56118
      vertex -5.10379 3.41562 -5.55173
    endloop
  endfacet
  facet normal -0.57735 -0.57735 -0.57735
    outer loop
      vertex -6.9262 6.6125 -6.9262
      vertex -4.87102 3.30589 -5.67477
      vertex -5.08591 3.40719 -5.56118
    endloop
  endfacet
  facet normal -0.57735 -0.57735 -0.57735
    outer loop
      vertex -6.9262 6.6125 -6.9262
      vertex -4.85488 3.29211 -5.67713
      vertex -4.87102 3.30589 -5.67477
    endloop
  endfacet
  facet normal -0.57735 -0.57735 -0.57735
    outer loop
      vertex -6.9262 6.6125 -6.9262
      vertex -4.66094 3.12656 -5.70552
      vertex -4.85488 3.29211 -5.67713
    endloop
  endfacet
  facet normal -0.57735 -0.57735 -0.57735
    outer loop
      vertex 6.6125 -6.9262 -6.9262
      vertex -4.66094 3.12656 -5.70552
      vertex -6.9262 6.6125 -6.9262
    endloop
  endfacet
  facet normal -0.577113 -0.577014 -0.577923
    outer loop
      vertex -4.66094 3.12656 -5.70552
      vertex 6.6125 -6.9262 -6.9262
      vertex -4.64692 3.1077 -5.70069
    endloop
  endfacet
  facet normal -0.577331 -0.577355 -0.577365
    outer loop
      vertex -4.45665 2.20008 -4.98333
      vertex -4.8152 2.85843 -5.28314
      vertex -4.47841 2.88116 -5.64264
    endloop
  endfacet
  facet normal -0.577354 -0.577354 -0.577343
    outer loop
      vertex -4.8152 2.85843 -5.28314
      vertex -5.21415 2.7566 -4.78235
      vertex -5.22258 2.76503 -4.78235
    endloop
  endfacet
  facet normal -0.577331 -0.577372 -0.577348
    outer loop
      vertex -5.11283 2.65531 -4.78239
      vertex -4.8152 2.85843 -5.28314
      vertex -4.94957 2.52961 -4.81994
    endloop
  endfacet
  facet normal -0.577377 -0.57732 -0.577354
    outer loop
      vertex -4.8152 2.85843 -5.28314
      vertex -5.11283 2.65531 -4.78239
      vertex -5.21415 2.7566 -4.78235
    endloop
  endfacet
  facet normal -0.577352 -0.577356 -0.577343
    outer loop
      vertex -4.8152 2.85843 -5.28314
      vertex -4.71695 2.37407 -4.89702
      vertex -4.94957 2.52961 -4.81994
    endloop
  endfacet
  facet normal -0.577352 -0.577356 -0.577343
    outer loop
      vertex -4.8152 2.85843 -5.28314
      vertex -4.45665 2.20008 -4.98333
      vertex -4.71695 2.37407 -4.89702
    endloop
  endfacet
  facet normal -0.577349 -0.577347 -0.577355
    outer loop
      vertex -4.47841 2.88116 -5.64264
      vertex -4.23218 2.03316 -5.04088
      vertex -4.45665 2.20008 -4.98333
    endloop
  endfacet
  facet normal -0.577348 -0.577347 -0.577356
    outer loop
      vertex -4.47841 2.88116 -5.64264
      vertex -4.03888 1.86768 -5.0687
      vertex -4.23218 2.03316 -5.04088
    endloop
  endfacet
  facet normal -0.577347 -0.577347 -0.577357
    outer loop
      vertex -4.47841 2.88116 -5.64264
      vertex -3.87205 1.69793 -5.06578
      vertex -4.03888 1.86768 -5.0687
    endloop
  endfacet
  facet normal -0.57735 -0.57735 -0.57735
    outer loop
      vertex 1.436 -3.86578 -4.81012
      vertex -3.73356 1.42095 -4.92729
      vertex 1.84367 -3.83834 -5.24523
    endloop
  endfacet
  facet normal -0.57735 -0.57735 -0.57735
    outer loop
      vertex 2.14055 -3.98678 -5.39367
      vertex -3.73356 1.42095 -4.92729
      vertex -3.87205 1.69793 -5.06578
    endloop
  endfacet
  facet normal -0.577347 -0.577347 -0.577356
    outer loop
      vertex 2.14055 -3.98678 -5.39367
      vertex -3.87205 1.69793 -5.06578
      vertex -4.47841 2.88116 -5.64264
    endloop
  endfacet
  facet normal -0.577389 -0.577406 -0.577256
    outer loop
      vertex -4.64692 3.1077 -5.70069
      vertex 6.6125 -6.9262 -6.9262
      vertex -4.47841 2.88116 -5.64264
    endloop
  endfacet
  facet normal -0.57735 -0.57735 -0.57735
    outer loop
      vertex -3.73356 1.42095 -4.92729
      vertex 1.86652 -3.84977 -5.25665
      vertex 1.84367 -3.83834 -5.24523
    endloop
  endfacet
  facet normal -0.57735 -0.57735 -0.57735
    outer loop
      vertex -3.73356 1.42095 -4.92729
      vertex 2.14055 -3.98678 -5.39367
      vertex 1.86652 -3.84977 -5.25665
    endloop
  endfacet
  facet normal -0.577347 -0.577339 -0.577364
    outer loop
      vertex 2.14055 -3.98678 -5.39367
      vertex 3.43742 -4.86649 -5.81083
      vertex 2.14055 -4.21806 -5.1624
    endloop
  endfacet
  facet normal -0.57735 -0.577349 -0.577352
    outer loop
      vertex -4.47841 2.88116 -5.64264
      vertex 3.43742 -4.86649 -5.81083
      vertex 2.14055 -3.98678 -5.39367
    endloop
  endfacet
  facet normal -0.577316 -0.577388 -0.577347
    outer loop
      vertex -4.10526 -5.30331 2.16867
      vertex -4.44468 -5.56029 2.76507
      vertex -4.44748 -5.42007 2.62764
    endloop
  endfacet
  facet normal -0.577273 -0.577435 -0.577343
    outer loop
      vertex -4.10526 -5.30331 2.16867
      vertex -4.50624 -5.66954 2.93589
      vertex -4.44468 -5.56029 2.76507
    endloop
  endfacet
  facet normal -0.577349 -0.577355 -0.577347
    outer loop
      vertex 6.6125 -6.9262 -6.9262
      vertex -4.50624 -5.66954 2.93589
      vertex 2.1434 -5.33773 -4.04558
    endloop
  endfacet
  facet normal -0.577367 -0.577309 -0.577374
    outer loop
      vertex -4.50624 -5.66954 2.93589
      vertex 6.6125 -6.9262 -6.9262
      vertex -4.65595 -5.74267 3.15872
    endloop
  endfacet
  facet normal -0.57735 -0.577346 -0.577354
    outer loop
      vertex 3.33801 -5.2593 -5.31861
      vertex 6.6125 -6.9262 -6.9262
      vertex 2.1434 -5.33773 -4.04558
    endloop
  endfacet
  facet normal -0.577351 -0.5774 -0.577299
    outer loop
      vertex 3.43742 -5.25278 -5.42455
      vertex 6.6125 -6.9262 -6.9262
      vertex 3.33801 -5.2593 -5.31861
    endloop
  endfacet
  facet normal -0.577349 -0.577344 -0.577358
    outer loop
      vertex 3.43742 -4.86649 -5.81083
      vertex 6.6125 -6.9262 -6.9262
      vertex 3.43742 -5.25278 -5.42455
    endloop
  endfacet
  facet normal -0.57735 -0.577349 -0.577351
    outer loop
      vertex -4.47841 2.88116 -5.64264
      vertex 6.6125 -6.9262 -6.9262
      vertex 3.43742 -4.86649 -5.81083
    endloop
  endfacet
  facet normal -0.57735 -0.57735 -0.57735
    outer loop
      vertex -5.58385 3.41527 -5.07132
      vertex -6.9262 6.6125 -6.9262
      vertex -5.35442 3.4522 -5.33768
    endloop
  endfacet
  facet normal -0.577368 -0.577348 -0.577335
    outer loop
      vertex -5.71113 3.30447 -4.83323
      vertex -6.9262 6.6125 -6.9262
      vertex -5.58385 3.41527 -5.07132
    endloop
  endfacet
  facet normal -0.57731 -0.577358 -0.577383
    outer loop
      vertex -5.73308 3.14055 -4.64737
      vertex -6.9262 6.6125 -6.9262
      vertex -5.71113 3.30447 -4.83323
    endloop
  endfacet
  facet normal -0.57735 -0.57735 -0.57735
    outer loop
      vertex -5.73491 3.12691 -4.6319
      vertex -6.9262 6.6125 -6.9262
      vertex -5.73308 3.14055 -4.64737
    endloop
  endfacet
  facet normal -0.57735 -0.57735 -0.57735
    outer loop
      vertex -5.04864 1.74907 -3.94033
      vertex -4.86276 2.16349 -4.54063
      vertex -4.73496 2.08287 -4.58781
    endloop
  endfacet
  facet normal -0.57735 -0.57735 -0.57735
    outer loop
      vertex -5.04864 1.74907 -3.94033
      vertex -4.73496 2.08287 -4.58781
      vertex -4.61275 2.00297 -4.63012
    endloop
  endfacet
  facet normal -0.57735 -0.57735 -0.57735
    outer loop
      vertex -5.04864 1.74907 -3.94033
      vertex -4.61275 2.00297 -4.63012
      vertex -4.49787 1.92237 -4.6644
    endloop
  endfacet
  facet normal -0.577284 -0.577223 -0.577543
    outer loop
      vertex -4.30604 1.74907 -4.68294
      vertex -4.49787 1.92237 -4.6644
      vertex -4.39431 1.83857 -4.68416
    endloop
  endfacet
  facet normal -0.577322 -0.577372 -0.577357
    outer loop
      vertex -4.86276 2.16349 -4.54063
      vertex -5.04864 1.74907 -3.94033
      vertex -4.9944 2.24623 -4.49174
    endloop
  endfacet
  facet normal -0.577364 -0.577331 -0.577356
    outer loop
      vertex -4.49787 1.92237 -4.6644
      vertex -4.30604 1.74907 -4.68294
      vertex -5.04864 1.74907 -3.94033
    endloop
  endfacet
  facet normal -0.577409 -0.577322 -0.57732
    outer loop
      vertex -4.9944 2.24623 -4.49174
      vertex -5.04864 1.74907 -3.94033
      vertex -5.12531 2.33306 -4.44764
    endloop
  endfacet
  facet normal -0.576936 -0.577508 -0.577606
    outer loop
      vertex -5.04864 1.74907 -3.94033
      vertex -5.13498 2.3402 -4.44512
      vertex -5.12531 2.33306 -4.44764
    endloop
  endfacet
  facet normal -0.57735 -0.57735 -0.57735
    outer loop
      vertex -5.04864 1.74907 -3.94033
      vertex -5.25093 2.42591 -4.41488
      vertex -5.13498 2.3402 -4.44512
    endloop
  endfacet
  facet normal -0.57735 -0.57735 -0.57735
    outer loop
      vertex -5.11059 1.74907 -3.87838
      vertex -5.25093 2.42591 -4.41488
      vertex -5.04864 1.74907 -3.94033
    endloop
  endfacet
  facet normal -0.57735 -0.57735 -0.57735
    outer loop
      vertex -5.25093 2.42591 -4.41488
      vertex -5.11059 1.74907 -3.87838
      vertex -5.26004 2.43362 -4.41348
    endloop
  endfacet
  facet normal -0.57735 -0.57735 -0.57735
    outer loop
      vertex -5.26004 2.43362 -4.41348
      vertex -5.11059 1.74907 -3.87838
      vertex -5.36938 2.52623 -4.39675
    endloop
  endfacet
  facet normal -0.577306 -0.577359 -0.577385
    outer loop
      vertex -5.36938 2.52623 -4.39675
      vertex -5.11059 1.74907 -3.87838
      vertex -5.47872 2.63543 -4.39662
    endloop
  endfacet
  facet normal -0.577423 -0.577347 -0.577281
    outer loop
      vertex -5.47872 2.63543 -4.39662
      vertex -5.11059 1.74907 -3.87838
      vertex -5.57489 2.75581 -4.42082
    endloop
  endfacet
  facet normal -0.577178 -0.577359 -0.577514
    outer loop
      vertex -5.57489 2.75581 -4.42082
      vertex -5.11059 1.74907 -3.87838
      vertex -5.65383 2.88969 -4.47577
    endloop
  endfacet
  facet normal -0.57735 -0.57735 -0.57735
    outer loop
      vertex -3.73356 1.42095 -4.92729
      vertex 1.436 -3.86578 -4.81012
      vertex -4.94653 1.42095 -3.71432
    endloop
  endfacet
  facet normal -0.577354 -0.577357 -0.57734
    outer loop
      vertex 1.436 -4.19548 -4.48041
      vertex -4.94653 1.42095 -3.71432
      vertex 1.436 -3.86578 -4.81012
    endloop
  endfacet
  facet normal -0.57735 -0.57735 -0.57735
    outer loop
      vertex -5.23702 -3.98423 1.98135
      vertex -4.94653 1.42095 -3.71432
      vertex -5.05109 -3.92317 1.73436
    endloop
  endfacet
  facet normal -0.57735 -0.57735 -0.57735
    outer loop
      vertex -4.94653 1.42095 -3.71432
      vertex -5.23702 -3.98423 1.98135
      vertex -4.95916 1.44622 -3.72696
    endloop
  endfacet
  facet normal -0.57735 -0.57735 -0.57735
    outer loop
      vertex -4.95916 1.44622 -3.72696
      vertex -5.23702 -3.98423 1.98135
      vertex -5.11059 1.74907 -3.87838
    endloop
  endfacet
  facet normal -0.577343 -0.577354 -0.577354
    outer loop
      vertex -5.11059 1.74907 -3.87838
      vertex -5.23702 -3.98423 1.98135
      vertex -5.65383 2.88969 -4.47577
    endloop
  endfacet
  facet normal -0.577341 -0.577355 -0.577355
    outer loop
      vertex -5.67553 -4.4818 2.91742
      vertex -5.65383 2.88969 -4.47577
      vertex -5.23702 -3.98423 1.98135
    endloop
  endfacet
  facet normal -0.577963 -0.577042 -0.577045
    outer loop
      vertex -5.65383 2.88969 -4.47577
      vertex -5.67553 -4.4818 2.91742
      vertex -5.66006 2.90793 -4.48777
    endloop
  endfacet
  facet normal -0.577349 -0.577351 -0.577351
    outer loop
      vertex -5.66006 2.90793 -4.48777
      vertex -5.67553 -4.4818 2.91742
      vertex -5.73491 3.12691 -4.6319
    endloop
  endfacet
  facet normal -0.577348 -0.577349 -0.577354
    outer loop
      vertex -5.67553 -4.4818 2.91742
      vertex -5.23702 -3.98423 1.98135
      vertex -4.90293 -4.35383 2.01686
    endloop
  endfacet
  facet normal -0.577349 -0.577351 -0.577351
    outer loop
      vertex -5.73491 3.12691 -4.6319
      vertex -5.67553 -4.4818 2.91742
      vertex -6.9262 6.6125 -6.9262
    endloop
  endfacet
  facet normal -0.57736 -0.577344 -0.577348
    outer loop
      vertex -6.9262 -6.9262 6.6125
      vertex -5.67553 -4.4818 2.91742
      vertex -5.73079 -4.65702 3.1479
    endloop
  endfacet
  facet normal -0.57735 -0.57735 -0.57735
    outer loop
      vertex -6.9262 -6.9262 6.6125
      vertex -5.69515 -4.8536 3.30885
      vertex -5.69218 -4.86996 3.32224
    endloop
  endfacet
  facet normal -0.57735 -0.57735 -0.57735
    outer loop
      vertex -6.9262 -6.9262 6.6125
      vertex -5.36716 -5.3385 3.46576
      vertex -5.35078 -5.35769 3.46857
    endloop
  endfacet
  facet normal -0.577353 -0.577349 -0.577349
    outer loop
      vertex -5.67553 -4.4818 2.91742
      vertex -6.9262 -6.9262 6.6125
      vertex -6.9262 6.6125 -6.9262
    endloop
  endfacet
  facet normal -0.577318 -0.577378 -0.577355
    outer loop
      vertex -5.69515 -4.8536 3.30885
      vertex -6.9262 -6.9262 6.6125
      vertex -5.73079 -4.65702 3.1479
    endloop
  endfacet
  facet normal -0.57735 -0.57735 -0.57735
    outer loop
      vertex -5.56407 -5.10782 3.43199
      vertex -6.9262 -6.9262 6.6125
      vertex -5.69218 -4.86996 3.32224
    endloop
  endfacet
  facet normal -0.57735 -0.57735 -0.57735
    outer loop
      vertex -5.36716 -5.3385 3.46576
      vertex -6.9262 -6.9262 6.6125
      vertex -5.56407 -5.10782 3.43199
    endloop
  endfacet
  facet normal -0.57735 -0.57735 -0.57735
    outer loop
      vertex -5.11087 -5.56497 3.43594
      vertex -6.9262 -6.9262 6.6125
      vertex -5.35078 -5.35769 3.46857
    endloop
  endfacet
  facet normal -0.5775 -0.577186 -0.577365
    outer loop
      vertex -5.09091 -5.58222 3.43322
      vertex -6.9262 -6.9262 6.6125
      vertex -5.11087 -5.56497 3.43594
    endloop
  endfacet
  facet normal -0.577333 -0.57737 -0.577347
    outer loop
      vertex -4.87319 -5.70207 3.33536
      vertex -6.9262 -6.9262 6.6125
      vertex -5.09091 -5.58222 3.43322
    endloop
  endfacet
  facet normal -0.57735 -0.57735 -0.57735
    outer loop
      vertex -4.85507 -5.71204 3.32721
      vertex -6.9262 -6.9262 6.6125
      vertex -4.87319 -5.70207 3.33536
    endloop
  endfacet
  facet normal -0.57735 -0.57735 -0.57735
    outer loop
      vertex -4.67125 -5.74031 3.17166
      vertex -6.9262 -6.9262 6.6125
      vertex -4.85507 -5.71204 3.32721
    endloop
  endfacet
  facet normal -0.57735 -0.57735 -0.57735
    outer loop
      vertex -4.65595 -5.74267 3.15872
      vertex -6.9262 -6.9262 6.6125
      vertex -4.67125 -5.74031 3.17166
    endloop
  endfacet
  facet normal -0.57735 -0.57735 -0.57735
    outer loop
      vertex -6.9262 -6.9262 6.6125
      vertex -4.65595 -5.74267 3.15872
      vertex 6.6125 -6.9262 -6.9262
    endloop
  endfacet
  facet normal -0.57735 -0.578397 -0.576302
    outer loop
      vertex -5.00169 3.06909 -5.3073
      vertex -5.09971 3.11812 -5.25831
      vertex -5.09155 3.11679 -5.26515
    endloop
  endfacet
  facet normal -0.57735 -0.57735 -0.57735
    outer loop
      vertex -4.90302 2.97901 -5.31589
      vertex -5.09971 3.11812 -5.25831
      vertex -5.00169 3.06909 -5.3073
    endloop
  endfacet
  facet normal -0.57735 -0.57735 -0.57735
    outer loop
      vertex -5.09971 3.11812 -5.25831
      vertex -4.90302 2.97901 -5.31589
      vertex -5.19779 3.13401 -5.17612
    endloop
  endfacet
  facet normal -0.57735 -0.57735 -0.57735
    outer loop
      vertex -4.90302 2.97901 -5.31589
      vertex -5.00169 3.06909 -5.3073
      vertex -4.99421 3.06512 -5.31081
    endloop
  endfacet
  facet normal -0.577349 -0.577312 -0.57739
    outer loop
      vertex -4.8152 2.85843 -5.28314
      vertex -5.19779 3.13401 -5.17612
      vertex -4.90302 2.97901 -5.31589
    endloop
  endfacet
  facet normal -0.577358 -0.57734 -0.577352
    outer loop
      vertex -5.19779 3.13401 -5.17612
      vertex -4.8152 2.85843 -5.28314
      vertex -5.33581 3.06867 -4.97276
    endloop
  endfacet
  facet normal -0.577384 -0.577125 -0.577541
    outer loop
      vertex -5.33581 3.06867 -4.97276
      vertex -4.8152 2.85843 -5.28314
      vertex -5.33265 3.0536 -4.96086
    endloop
  endfacet
  facet normal -0.577345 -0.577388 -0.577318
    outer loop
      vertex -5.33265 3.0536 -4.96086
      vertex -4.8152 2.85843 -5.28314
      vertex -5.29468 2.87264 -4.81785
    endloop
  endfacet
  facet normal -0.577584 -0.576886 -0.577581
    outer loop
      vertex -5.29468 2.87264 -4.81785
      vertex -4.8152 2.85843 -5.28314
      vertex -5.28914 2.86436 -4.81512
    endloop
  endfacet
  facet normal -0.577356 -0.577352 -0.577343
    outer loop
      vertex -5.28914 2.86436 -4.81512
      vertex -4.8152 2.85843 -5.28314
      vertex -5.22258 2.76503 -4.78235
    endloop
  endfacet
  facet normal -0.57734 -0.577585 -0.577126
    outer loop
      vertex -5.67553 -4.4818 2.91742
      vertex -5.10846 -4.74632 2.61487
      vertex -5.64786 -4.50728 2.91524
    endloop
  endfacet
  facet normal -0.577355 -0.577377 -0.577318
    outer loop
      vertex -5.10846 -4.74632 2.61487
      vertex -5.31563 -4.81327 2.88901
      vertex -5.64786 -4.50728 2.91524
    endloop
  endfacet
  facet normal -0.577364 -0.577364 -0.577322
    outer loop
      vertex -4.99528 -4.8595 2.61487
      vertex -5.31563 -4.81327 2.88901
      vertex -5.10846 -4.74632 2.61487
    endloop
  endfacet
  facet normal -0.577354 -0.57739 -0.577306
    outer loop
      vertex -4.87367 -4.99867 2.63244
      vertex -5.31563 -4.81327 2.88901
      vertex -4.99528 -4.8595 2.61487
    endloop
  endfacet
  facet normal -0.577446 -0.576488 -0.578116
    outer loop
      vertex -5.31563 -4.81327 2.88901
      vertex -4.87367 -4.99867 2.63244
      vertex -5.31806 -4.81937 2.89752
    endloop
  endfacet
  facet normal -0.577346 -0.577316 -0.577388
    outer loop
      vertex -4.80653 -5.11854 2.68516
      vertex -5.31806 -4.81937 2.89752
      vertex -4.87367 -4.99867 2.63244
    endloop
  endfacet
  facet normal -0.577354 -0.57738 -0.577316
    outer loop
      vertex -5.31806 -4.81937 2.89752
      vertex -4.80653 -5.11854 2.68516
      vertex -5.3472 -4.89251 2.99981
    endloop
  endfacet
  facet normal -0.577404 -0.5769 -0.577747
    outer loop
      vertex -5.3472 -4.89251 2.99981
      vertex -4.80653 -5.11854 2.68516
      vertex -5.34639 -4.89966 3.00614
    endloop
  endfacet
  facet normal -0.577346 -0.577383 -0.577321
    outer loop
      vertex -4.79295 -5.21753 2.77058
      vertex -5.34639 -4.89966 3.00614
      vertex -4.80653 -5.11854 2.68516
    endloop
  endfacet
  facet normal -0.577347 -0.577387 -0.577317
    outer loop
      vertex -5.34639 -4.89966 3.00614
      vertex -4.79295 -5.21753 2.77058
      vertex -5.33658 -4.98552 3.0822
    endloop
  endfacet
  facet normal -0.57735 -0.57735 -0.57735
    outer loop
      vertex -5.33658 -4.98552 3.0822
      vertex -4.79295 -5.21753 2.77058
      vertex -5.3327 -4.99333 3.08613
    endloop
  endfacet
  facet normal -0.57735 -0.57735 -0.57735
    outer loop
      vertex -4.83198 -5.2941 2.88618
      vertex -5.3327 -4.99333 3.08613
      vertex -4.79295 -5.21753 2.77058
    endloop
  endfacet
  facet normal -0.57735 -0.57735 -0.57735
    outer loop
      vertex -5.3327 -4.99333 3.08613
      vertex -4.83198 -5.2941 2.88618
      vertex -5.28603 -5.08721 3.13334
    endloop
  endfacet
  facet normal -0.57735 -0.57735 -0.57735
    outer loop
      vertex -5.28603 -5.08721 3.13334
      vertex -4.83198 -5.2941 2.88618
      vertex -5.27926 -5.09529 3.13465
    endloop
  endfacet
  facet normal -0.57735 -0.57735 -0.57735
    outer loop
      vertex -5.27926 -5.09529 3.13465
      vertex -4.83198 -5.2941 2.88618
      vertex -5.19783 -5.19245 3.15038
    endloop
  endfacet
  facet normal -0.57735 -0.57735 -0.57735
    outer loop
      vertex -4.90203 -5.3343 2.99643
      vertex -5.19783 -5.19245 3.15038
      vertex -4.83198 -5.2941 2.88618
    endloop
  endfacet
  facet normal -0.577352 -0.577276 -0.577422
    outer loop
      vertex -5.19783 -5.19245 3.15038
      vertex -4.90203 -5.3343 2.99643
      vertex -5.08832 -5.28439 3.1328
    endloop
  endfacet
  facet normal -0.577353 -0.577273 -0.577425
    outer loop
      vertex -5.08832 -5.28439 3.1328
      vertex -4.90203 -5.3343 2.99643
      vertex -4.98859 -5.33137 3.08005
    endloop
  endfacet
  facet normal -0.577114 -0.577587 -0.57735
    outer loop
      vertex -4.63953 -5.06226 2.46189
      vertex -4.63226 -5.07938 2.47175
      vertex -4.64215 -5.06488 2.46713
    endloop
  endfacet
  facet normal -0.577114 -0.577587 -0.57735
    outer loop
      vertex -4.63931 -5.06204 2.46145
      vertex -4.63226 -5.07938 2.47175
      vertex -4.63953 -5.06226 2.46189
    endloop
  endfacet
  facet normal -0.577407 -0.577552 -0.577091
    outer loop
      vertex -4.43729 -5.21275 2.41015
      vertex -4.63226 -5.07938 2.47175
      vertex -4.63931 -5.06204 2.46145
    endloop
  endfacet
  facet normal -0.57735 -0.57735 -0.57735
    outer loop
      vertex -4.43729 -5.21275 2.41015
      vertex -4.51363 -5.25342 2.52716
      vertex -4.63226 -5.07938 2.47175
    endloop
  endfacet
  facet normal -0.577606 -0.577036 -0.577408
    outer loop
      vertex -4.43729 -5.21275 2.41015
      vertex -4.50854 -5.26624 2.53488
      vertex -4.51363 -5.25342 2.52716
    endloop
  endfacet
  facet normal -0.577375 -0.577291 -0.577385
    outer loop
      vertex -4.25675 -5.29332 2.31017
      vertex -4.50854 -5.26624 2.53488
      vertex -4.43729 -5.21275 2.41015
    endloop
  endfacet
  facet normal -0.577347 -0.577358 -0.577346
    outer loop
      vertex -4.50624 -5.66954 2.93589
      vertex -3.99038 -5.24224 1.99272
      vertex 2.1434 -5.33773 -4.04558
    endloop
  endfacet
  facet normal -0.577361 -0.577326 -0.577365
    outer loop
      vertex -4.25675 -5.29332 2.31017
      vertex -4.44748 -5.42007 2.62764
      vertex -4.50854 -5.26624 2.53488
    endloop
  endfacet
  facet normal -0.577362 -0.577324 -0.577365
    outer loop
      vertex -4.10526 -5.30331 2.16867
      vertex -4.44748 -5.42007 2.62764
      vertex -4.25675 -5.29332 2.31017
    endloop
  endfacet
  facet normal -0.577324 -0.577382 -0.577344
    outer loop
      vertex -3.99038 -5.24224 1.99272
      vertex -4.50624 -5.66954 2.93589
      vertex -4.10526 -5.30331 2.16867
    endloop
  endfacet
  facet normal -0.57735 -0.57735 -0.57735
    outer loop
      vertex 2.14055 -5.01558 -4.36487
      vertex 2.84651 -5.0053 -5.08111
      vertex 2.14055 -5.05459 -4.32586
    endloop
  endfacet
  facet normal -0.57735 -0.57735 -0.57735
    outer loop
      vertex 2.14055 -4.54776 -4.83269
      vertex 2.84651 -5.0053 -5.08111
      vertex 2.14055 -5.01558 -4.36487
    endloop
  endfacet
  facet normal -0.577356 -0.577377 -0.577318
    outer loop
      vertex 2.79538 -4.87518 -5.16011
      vertex 2.84651 -5.0053 -5.08111
      vertex 2.14055 -4.54776 -4.83269
    endloop
  endfacet
  facet normal -0.577302 -0.577384 -0.577365
    outer loop
      vertex 2.87527 -4.91404 -5.20113
      vertex 2.84651 -5.0053 -5.08111
      vertex 2.79538 -4.87518 -5.16011
    endloop
  endfacet
  facet normal -0.57735 -0.57735 -0.57735
    outer loop
      vertex 2.87527 -4.91404 -5.20113
      vertex 2.96911 -5.0013 -5.20771
      vertex 2.84651 -5.0053 -5.08111
    endloop
  endfacet
  facet normal -0.577391 -0.577401 -0.577258
    outer loop
      vertex 2.96155 -4.95396 -5.2475
      vertex 2.96911 -5.0013 -5.20771
      vertex 2.87527 -4.91404 -5.20113
    endloop
  endfacet
  facet normal -0.577307 -0.577432 -0.577311
    outer loop
      vertex 2.96911 -5.0013 -5.20771
      vertex 2.96155 -4.95396 -5.2475
      vertex 2.97932 -5.00097 -5.21825
    endloop
  endfacet
  facet normal -0.577294 -0.577434 -0.577322
    outer loop
      vertex 3.03507 -4.98686 -5.28811
      vertex 2.97932 -5.00097 -5.21825
      vertex 2.96155 -4.95396 -5.2475
    endloop
  endfacet
  facet normal -0.577248 -0.577503 -0.5773
    outer loop
      vertex 2.97932 -5.00097 -5.21825
      vertex 3.03507 -4.98686 -5.28811
      vertex 3.07662 -5.00472 -5.31179
    endloop
  endfacet
  facet normal 0.577223 0.577543 -0.577284
    outer loop
      vertex -1.74907 4.68294 -4.30604
      vertex -1.92237 4.6644 -4.49787
      vertex -1.83857 4.68416 -4.39431
    endloop
  endfacet
  facet normal 0.577331 0.577356 -0.577364
    outer loop
      vertex -1.74907 3.94033 -5.04864
      vertex -1.92237 4.6644 -4.49787
      vertex -1.74907 4.68294 -4.30604
    endloop
  endfacet
  facet normal 0.57735 0.57735 -0.57735
    outer loop
      vertex -1.92237 4.6644 -4.49787
      vertex -1.74907 3.94033 -5.04864
      vertex -2.00297 4.63012 -4.61275
    endloop
  endfacet
  facet normal 0.57735 0.57735 -0.57735
    outer loop
      vertex -2.00297 4.63012 -4.61275
      vertex -1.74907 3.94033 -5.04864
      vertex -2.08287 4.58781 -4.73496
    endloop
  endfacet
  facet normal 0.57735 0.57735 -0.57735
    outer loop
      vertex -2.08287 4.58781 -4.73496
      vertex -1.74907 3.94033 -5.04864
      vertex -2.16349 4.54063 -4.86276
    endloop
  endfacet
  facet normal 0.577372 0.577357 -0.577322
    outer loop
      vertex -2.16349 4.54063 -4.86276
      vertex -1.74907 3.94033 -5.04864
      vertex -2.24623 4.49174 -4.9944
    endloop
  endfacet
  facet normal 0.57735 0.57735 -0.57735
    outer loop
      vertex -1.74907 3.87838 -5.11059
      vertex -2.52623 4.39675 -5.36938
      vertex -1.74907 3.94033 -5.04864
    endloop
  endfacet
  facet normal 0.57735 0.57735 -0.57735
    outer loop
      vertex -2.43362 4.41348 -5.26004
      vertex -1.74907 3.94033 -5.04864
      vertex -2.52623 4.39675 -5.36938
    endloop
  endfacet
  facet normal 0.57735 0.57735 -0.57735
    outer loop
      vertex -2.42591 4.41488 -5.25093
      vertex -1.74907 3.94033 -5.04864
      vertex -2.43362 4.41348 -5.26004
    endloop
  endfacet
  facet normal 0.57735 0.57735 -0.57735
    outer loop
      vertex -2.3402 4.44512 -5.13498
      vertex -1.74907 3.94033 -5.04864
      vertex -2.42591 4.41488 -5.25093
    endloop
  endfacet
  facet normal 0.577508 0.577606 -0.576936
    outer loop
      vertex -2.33306 4.44764 -5.12531
      vertex -1.74907 3.94033 -5.04864
      vertex -2.3402 4.44512 -5.13498
    endloop
  endfacet
  facet normal 0.577322 0.57732 -0.577409
    outer loop
      vertex -2.24623 4.49174 -4.9944
      vertex -1.74907 3.94033 -5.04864
      vertex -2.33306 4.44764 -5.12531
    endloop
  endfacet
  facet normal 0.577347 0.577357 -0.577347
    outer loop
      vertex -2.88116 5.64264 -4.47841
      vertex -1.69793 5.06578 -3.87205
      vertex -1.86768 5.0687 -4.03888
    endloop
  endfacet
  facet normal 0.577347 0.577357 -0.577347
    outer loop
      vertex -2.88116 5.64264 -4.47841
      vertex 3.69111 4.98479 1.436
      vertex -1.69793 5.06578 -3.87205
    endloop
  endfacet
  facet normal 0.57735 0.57735 -0.57735
    outer loop
      vertex 3.69111 4.98479 1.436
      vertex -1.42095 4.92729 -3.73356
      vertex -1.69793 5.06578 -3.87205
    endloop
  endfacet
  facet normal 0.57735 0.57735 -0.57735
    outer loop
      vertex 4.86346 3.81244 1.436
      vertex -1.42095 4.92729 -3.73356
      vertex 3.69111 4.98479 1.436
    endloop
  endfacet
  facet normal 0.57735 0.57735 -0.57735
    outer loop
      vertex -1.42095 4.92729 -3.73356
      vertex 4.86346 3.81244 1.436
      vertex -1.42095 3.71432 -4.94653
    endloop
  endfacet
  facet normal 0.57735 0.57735 -0.57735
    outer loop
      vertex 5.08916 5.58816 3.43742
      vertex -6.6125 6.9262 -6.9262
      vertex 6.9262 6.9262 6.6125
    endloop
  endfacet
  facet normal 0.57735 0.57735 -0.57735
    outer loop
      vertex 3.83955 5.13323 1.73288
      vertex -6.6125 6.9262 -6.9262
      vertex 5.08916 5.58816 3.43742
    endloop
  endfacet
  facet normal 0.577675 0.575555 -0.578817
    outer loop
      vertex -6.6125 6.9262 -6.9262
      vertex -3.1077 5.70069 -4.64692
      vertex -3.12656 5.70552 -4.66094
    endloop
  endfacet
  facet normal 0.577293 0.57766 -0.577097
    outer loop
      vertex -6.6125 6.9262 -6.9262
      vertex -2.88116 5.64264 -4.47841
      vertex -3.1077 5.70069 -4.64692
    endloop
  endfacet
  facet normal 0.57735 0.57735 -0.57735
    outer loop
      vertex 6.9262 6.9262 6.6125
      vertex 5.41638 5.26094 3.43742
      vertex 5.08916 5.58816 3.43742
    endloop
  endfacet
  facet normal 0.57735 0.57735 -0.57735
    outer loop
      vertex 6.9262 6.9262 6.6125
      vertex 5.688 4.66403 3.11213
      vertex 5.41638 5.26094 3.43742
    endloop
  endfacet
  facet normal 0.577415 0.57724 -0.577396
    outer loop
      vertex 5.53104 4.50707 2.79821
      vertex 4.61563 4.35714 1.73288
      vertex 4.58258 4.3902 1.73288
    endloop
  endfacet
  facet normal 0.577343 0.577357 -0.57735
    outer loop
      vertex 5.53104 4.50707 2.79821
      vertex 5.0119 3.96088 1.73288
      vertex 4.61563 4.35714 1.73288
    endloop
  endfacet
  facet normal 0.57735 0.57735 -0.57735
    outer loop
      vertex 5.39367 -2.14055 -3.98678
      vertex 5.53104 4.50707 2.79821
      vertex 5.688 4.66403 3.11213
    endloop
  endfacet
  facet normal 0.57735 0.57735 -0.57735
    outer loop
      vertex 4.86346 3.81244 1.436
      vertex 4.81012 -1.436 -3.86578
      vertex -1.42095 3.71432 -4.94653
    endloop
  endfacet
  facet normal 0.57735 0.57735 -0.57735
    outer loop
      vertex 5.24523 -1.84367 -3.83834
      vertex 4.86346 3.81244 1.436
      vertex 5.0119 3.96088 1.73288
    endloop
  endfacet
  facet normal 0.57735 0.57735 -0.57735
    outer loop
      vertex 5.53104 4.50707 2.79821
      vertex 5.25665 -1.86652 -3.84977
      vertex 5.0119 3.96088 1.73288
    endloop
  endfacet
  facet normal 0.57735 0.57735 -0.57735
    outer loop
      vertex 5.81083 -3.43742 -4.86649
      vertex 5.688 4.66403 3.11213
      vertex 6.9262 6.9262 6.6125
    endloop
  endfacet
  facet normal 0.57735 0.57735 -0.57735
    outer loop
      vertex 4.86346 3.81244 1.436
      vertex 5.24523 -1.84367 -3.83834
      vertex 4.81012 -1.436 -3.86578
    endloop
  endfacet
  facet normal 0.57735 0.57735 -0.57735
    outer loop
      vertex 4.81012 -1.436 -3.86578
      vertex 5.24523 -1.84367 -3.83834
      vertex 4.82582 -1.4674 -3.88148
    endloop
  endfacet
  facet normal 0.57735 0.57735 -0.57735
    outer loop
      vertex 5.0119 3.96088 1.73288
      vertex 5.25665 -1.86652 -3.84977
      vertex 5.24523 -1.84367 -3.83834
    endloop
  endfacet
  facet normal 0.57735 0.57735 -0.57735
    outer loop
      vertex 5.53104 4.50707 2.79821
      vertex 5.39367 -2.14055 -3.98678
      vertex 5.25665 -1.86652 -3.84977
    endloop
  endfacet
  facet normal 0.577364 0.577347 -0.577339
    outer loop
      vertex 5.39367 -2.14055 -3.98678
      vertex 5.81083 -3.43742 -4.86649
      vertex 5.1624 -2.14055 -4.21806
    endloop
  endfacet
  facet normal 0.57735 0.57735 -0.57735
    outer loop
      vertex 5.688 4.66403 3.11213
      vertex 5.81083 -3.43742 -4.86649
      vertex 5.39367 -2.14055 -3.98678
    endloop
  endfacet
  facet normal 0.577358 0.577349 -0.577344
    outer loop
      vertex 5.81083 -3.43742 -4.86649
      vertex 6.9262 -6.6125 -6.9262
      vertex 5.42455 -3.43742 -5.25278
    endloop
  endfacet
  facet normal 0.57735 0.57735 -0.57735
    outer loop
      vertex 6.9262 -6.6125 -6.9262
      vertex 5.81083 -3.43742 -4.86649
      vertex 6.9262 6.9262 6.6125
    endloop
  endfacet
  facet normal 0.57735 0.57735 -0.57735
    outer loop
      vertex -3.29211 5.67713 -4.85488
      vertex -6.6125 6.9262 -6.9262
      vertex -3.12656 5.70552 -4.66094
    endloop
  endfacet
  facet normal 0.57735 0.57735 -0.57735
    outer loop
      vertex -3.30589 5.67477 -4.87102
      vertex -6.6125 6.9262 -6.9262
      vertex -3.29211 5.67713 -4.85488
    endloop
  endfacet
  facet normal 0.57735 0.57735 -0.57735
    outer loop
      vertex -3.40719 5.56118 -5.08591
      vertex -6.6125 6.9262 -6.9262
      vertex -3.30589 5.67477 -4.87102
    endloop
  endfacet
  facet normal 0.57735 0.57735 -0.57735
    outer loop
      vertex -3.41562 5.55173 -5.10379
      vertex -6.6125 6.9262 -6.9262
      vertex -3.40719 5.56118 -5.08591
    endloop
  endfacet
  facet normal 0.57735 0.57735 -0.57735
    outer loop
      vertex -3.4522 5.33768 -5.35442
      vertex -6.6125 6.9262 -6.9262
      vertex -3.41562 5.55173 -5.10379
    endloop
  endfacet
  facet normal 0.57735 0.57735 -0.57735
    outer loop
      vertex -3.41527 5.07132 -5.58385
      vertex -6.6125 6.9262 -6.9262
      vertex -3.4522 5.33768 -5.35442
    endloop
  endfacet
  facet normal 0.577348 0.577335 -0.577368
    outer loop
      vertex -3.30447 4.83323 -5.71113
      vertex -6.6125 6.9262 -6.9262
      vertex -3.41527 5.07132 -5.58385
    endloop
  endfacet
  facet normal 0.577358 0.577383 -0.57731
    outer loop
      vertex -3.14055 4.64737 -5.73308
      vertex -6.6125 6.9262 -6.9262
      vertex -3.30447 4.83323 -5.71113
    endloop
  endfacet
  facet normal 0.57735 0.57735 -0.57735
    outer loop
      vertex -3.12691 4.6319 -5.73491
      vertex -6.6125 6.9262 -6.9262
      vertex -3.14055 4.64737 -5.73308
    endloop
  endfacet
  facet normal 0.577359 0.577385 -0.577306
    outer loop
      vertex -2.52623 4.39675 -5.36938
      vertex -1.74907 3.87838 -5.11059
      vertex -2.63543 4.39662 -5.47872
    endloop
  endfacet
  facet normal 0.577347 0.577281 -0.577423
    outer loop
      vertex -2.63543 4.39662 -5.47872
      vertex -1.74907 3.87838 -5.11059
      vertex -2.75581 4.42082 -5.57489
    endloop
  endfacet
  facet normal 0.577359 0.577514 -0.577178
    outer loop
      vertex -2.75581 4.42082 -5.57489
      vertex -1.74907 3.87838 -5.11059
      vertex -2.88969 4.47577 -5.65383
    endloop
  endfacet
  facet normal 0.577346 0.577342 -0.577363
    outer loop
      vertex 4.48041 -1.436 -4.19548
      vertex -1.42095 3.71432 -4.94653
      vertex 4.81012 -1.436 -3.86578
    endloop
  endfacet
  facet normal 0.577352 0.577352 -0.577346
    outer loop
      vertex 3.89571 -1.84367 -5.18786
      vertex -1.42095 3.71432 -4.94653
      vertex 4.48041 -1.436 -4.19548
    endloop
  endfacet
  facet normal 0.57735 0.57735 -0.57735
    outer loop
      vertex -1.42095 3.71432 -4.94653
      vertex 3.89571 -1.84367 -5.18786
      vertex -1.44622 3.72696 -4.95916
    endloop
  endfacet
  facet normal 0.57735 0.57735 -0.57735
    outer loop
      vertex -1.44622 3.72696 -4.95916
      vertex 3.89571 -1.84367 -5.18786
      vertex -1.74907 3.87838 -5.11059
    endloop
  endfacet
  facet normal 0.577354 0.577354 -0.577343
    outer loop
      vertex -1.74907 3.87838 -5.11059
      vertex 3.89571 -1.84367 -5.18786
      vertex -2.88969 4.47577 -5.65383
    endloop
  endfacet
  facet normal 0.57734 0.577336 -0.577375
    outer loop
      vertex 4.03404 -2.12034 -5.32619
      vertex -2.88969 4.47577 -5.65383
      vertex 3.89571 -1.84367 -5.18786
    endloop
  endfacet
  facet normal 0.57764 0.577684 -0.576726
    outer loop
      vertex 4.04558 -2.1434 -5.33773
      vertex -2.88969 4.47577 -5.65383
      vertex 4.03404 -2.12034 -5.32619
    endloop
  endfacet
  facet normal 0.577331 0.577371 -0.577349
    outer loop
      vertex 3.95641 -1.84367 -5.12715
      vertex 4.48041 -1.436 -4.19548
      vertex 4.66856 -1.81228 -4.38363
    endloop
  endfacet
  facet normal 0.577454 0.577237 -0.577359
    outer loop
      vertex 3.89571 -1.84367 -5.18786
      vertex 4.48041 -1.436 -4.19548
      vertex 3.95641 -1.84367 -5.12715
    endloop
  endfacet
  facet normal 0.577026 0.576978 -0.578046
    outer loop
      vertex -2.88969 4.47577 -5.65383
      vertex 4.04558 -2.1434 -5.33773
      vertex -2.90793 4.48777 -5.66006
    endloop
  endfacet
  facet normal 0.577351 0.577352 -0.577349
    outer loop
      vertex -2.90793 4.48777 -5.66006
      vertex 4.04558 -2.1434 -5.33773
      vertex -3.12691 4.6319 -5.73491
    endloop
  endfacet
  facet normal 0.577351 0.577352 -0.577349
    outer loop
      vertex -3.12691 4.6319 -5.73491
      vertex 4.04558 -2.1434 -5.33773
      vertex -6.6125 6.9262 -6.9262
    endloop
  endfacet
  facet normal 0.577354 0.57735 -0.577346
    outer loop
      vertex 6.9262 -6.6125 -6.9262
      vertex 4.04558 -2.1434 -5.33773
      vertex 5.31861 -3.33801 -5.2593
    endloop
  endfacet
  facet normal 0.577299 0.577351 -0.5774
    outer loop
      vertex 6.9262 -6.6125 -6.9262
      vertex 5.31861 -3.33801 -5.2593
      vertex 5.42455 -3.43742 -5.25278
    endloop
  endfacet
  facet normal 0.577349 0.577349 -0.577353
    outer loop
      vertex 4.04558 -2.1434 -5.33773
      vertex 6.9262 -6.6125 -6.9262
      vertex -6.6125 6.9262 -6.9262
    endloop
  endfacet
  facet normal 0.577352 0.577345 -0.577354
    outer loop
      vertex -6.6125 6.9262 -6.9262
      vertex 3.83955 5.13323 1.73288
      vertex -2.88116 5.64264 -4.47841
    endloop
  endfacet
  facet normal 0.577349 0.577351 -0.57735
    outer loop
      vertex 3.69111 4.98479 1.436
      vertex -2.88116 5.64264 -4.47841
      vertex 3.83955 5.13323 1.73288
    endloop
  endfacet
  facet normal 0.577347 0.577355 -0.577349
    outer loop
      vertex -2.20008 4.98333 -4.45665
      vertex -2.88116 5.64264 -4.47841
      vertex -2.03316 5.04088 -4.23218
    endloop
  endfacet
  facet normal 0.577355 0.577365 -0.577331
    outer loop
      vertex -2.88116 5.64264 -4.47841
      vertex -2.20008 4.98333 -4.45665
      vertex -2.85843 5.28314 -4.8152
    endloop
  endfacet
  facet normal 0.577347 0.577356 -0.577348
    outer loop
      vertex -2.03316 5.04088 -4.23218
      vertex -2.88116 5.64264 -4.47841
      vertex -1.86768 5.0687 -4.03888
    endloop
  endfacet
  facet normal 0.577356 0.577342 -0.577353
    outer loop
      vertex 3.83955 5.13323 1.73288
      vertex 5.08916 5.58816 3.43742
      vertex 4.23689 4.73588 1.73288
    endloop
  endfacet
  facet normal 0.57735 0.57735 -0.57735
    outer loop
      vertex -2.97901 5.31589 -4.90302
      vertex -3.06909 5.3073 -5.00169
      vertex -3.06512 5.31081 -4.99421
    endloop
  endfacet
  facet normal 0.577298 0.577441 -0.577311
    outer loop
      vertex -2.85843 5.28314 -4.8152
      vertex -3.06909 5.3073 -5.00169
      vertex -2.97901 5.31589 -4.90302
    endloop
  endfacet
  facet normal 0.577294 0.577453 -0.577304
    outer loop
      vertex -3.06909 5.3073 -5.00169
      vertex -2.85843 5.28314 -4.8152
      vertex -3.11679 5.26515 -5.09155
    endloop
  endfacet
  facet normal 0.577356 0.577343 -0.577352
    outer loop
      vertex -2.37407 4.89702 -4.71695
      vertex -2.85843 5.28314 -4.8152
      vertex -2.20008 4.98333 -4.45665
    endloop
  endfacet
  facet normal 0.577356 0.577343 -0.577352
    outer loop
      vertex -2.52961 4.81994 -4.94957
      vertex -2.85843 5.28314 -4.8152
      vertex -2.37407 4.89702 -4.71695
    endloop
  endfacet
  facet normal 0.577346 0.577339 -0.577366
    outer loop
      vertex -3.11812 5.25831 -5.09971
      vertex -2.85843 5.28314 -4.8152
      vertex -2.52961 4.81994 -4.94957
    endloop
  endfacet
  facet normal 0.577675 0.57676 -0.577616
    outer loop
      vertex -2.85843 5.28314 -4.8152
      vertex -3.11812 5.25831 -5.09971
      vertex -3.11679 5.26515 -5.09155
    endloop
  endfacet
  facet normal 0.57735 0.57735 -0.57735
    outer loop
      vertex -3.11812 5.25831 -5.09971
      vertex -2.52961 4.81994 -4.94957
      vertex -3.13401 5.17612 -5.19779
    endloop
  endfacet
  facet normal 0.577353 0.577375 -0.577323
    outer loop
      vertex -2.65531 4.78239 -5.11283
      vertex -3.13401 5.17612 -5.19779
      vertex -2.52961 4.81994 -4.94957
    endloop
  endfacet
  facet normal 0.577349 0.577367 -0.577335
    outer loop
      vertex -3.0536 4.96086 -5.33265
      vertex -3.13401 5.17612 -5.19779
      vertex -2.65531 4.78239 -5.11283
    endloop
  endfacet
  facet normal 0.577063 0.577411 -0.577576
    outer loop
      vertex -3.13401 5.17612 -5.19779
      vertex -3.0536 4.96086 -5.33265
      vertex -3.06867 4.97276 -5.33581
    endloop
  endfacet
  facet normal 0.577355 0.577285 -0.577412
    outer loop
      vertex -2.7566 4.78235 -5.21415
      vertex -3.0536 4.96086 -5.33265
      vertex -2.65531 4.78239 -5.11283
    endloop
  endfacet
  facet normal 0.577072 0.576661 -0.578316
    outer loop
      vertex -3.0536 4.96086 -5.33265
      vertex -2.86436 4.81512 -5.28914
      vertex -2.87264 4.81785 -5.29468
    endloop
  endfacet
  facet normal 0.577359 0.577313 -0.577379
    outer loop
      vertex -3.0536 4.96086 -5.33265
      vertex -2.7566 4.78235 -5.21415
      vertex -2.86436 4.81512 -5.28914
    endloop
  endfacet
  facet normal 0.57735 0.57735 -0.57735
    outer loop
      vertex -2.86436 4.81512 -5.28914
      vertex -2.7566 4.78235 -5.21415
      vertex -2.76503 4.78235 -5.22258
    endloop
  endfacet
  facet normal 0.57735 0.57735 -0.57735
    outer loop
      vertex 5.53104 4.50707 2.79821
      vertex 5.21265 5.02028 2.99303
      vertex 5.26511 5.07273 3.09794
    endloop
  endfacet
  facet normal 0.57735 0.57735 -0.57735
    outer loop
      vertex 5.21265 5.02028 2.99303
      vertex 5.53104 4.50707 2.79821
      vertex 4.58258 4.3902 1.73288
    endloop
  endfacet
  facet normal 0.577408 0.577228 -0.577416
    outer loop
      vertex 4.66856 -1.81228 -4.38363
      vertex 4.68425 -1.84367 -4.39932
      vertex 3.95641 -1.84367 -5.12715
    endloop
  endfacet
  facet normal 0.577343 0.57734 -0.577368
    outer loop
      vertex 4.82582 -1.4674 -3.88148
      vertex 5.24523 -1.84367 -3.83834
      vertex 5.01395 -1.84367 -4.06961
    endloop
  endfacet
  facet normal 0.5773 0.577248 -0.577503
    outer loop
      vertex 5.21825 -2.97932 -5.00097
      vertex 5.28811 -3.03507 -4.98686
      vertex 5.31179 -3.07662 -5.00472
    endloop
  endfacet
  facet normal 0.577322 0.577294 -0.577434
    outer loop
      vertex 5.21825 -2.97932 -5.00097
      vertex 5.2475 -2.96155 -4.95396
      vertex 5.28811 -3.03507 -4.98686
    endloop
  endfacet
  facet normal 0.577311 0.577307 -0.577432
    outer loop
      vertex 5.20771 -2.96911 -5.0013
      vertex 5.2475 -2.96155 -4.95396
      vertex 5.21825 -2.97932 -5.00097
    endloop
  endfacet
  facet normal 0.577258 0.577391 -0.577401
    outer loop
      vertex 5.20771 -2.96911 -5.0013
      vertex 5.20113 -2.87527 -4.91404
      vertex 5.2475 -2.96155 -4.95396
    endloop
  endfacet
  facet normal 0.57735 0.57735 -0.57735
    outer loop
      vertex 5.08111 -2.84651 -5.0053
      vertex 5.20113 -2.87527 -4.91404
      vertex 5.20771 -2.96911 -5.0013
    endloop
  endfacet
  facet normal 0.577365 0.577302 -0.577384
    outer loop
      vertex 5.20113 -2.87527 -4.91404
      vertex 5.08111 -2.84651 -5.0053
      vertex 5.16011 -2.79538 -4.87518
    endloop
  endfacet
  facet normal 0.577318 0.577356 -0.577377
    outer loop
      vertex 5.08111 -2.84651 -5.0053
      vertex 4.83269 -2.14055 -4.54776
      vertex 5.16011 -2.79538 -4.87518
    endloop
  endfacet
  facet normal 0.57735 0.57735 -0.57735
    outer loop
      vertex 5.08111 -2.84651 -5.0053
      vertex 4.36487 -2.14055 -5.01558
      vertex 4.83269 -2.14055 -4.54776
    endloop
  endfacet
  facet normal 0.57735 0.57735 -0.57735
    outer loop
      vertex 4.36487 -2.14055 -5.01558
      vertex 5.08111 -2.84651 -5.0053
      vertex 4.32586 -2.14055 -5.05459
    endloop
  endfacet
endsolid OpenSCAD_Model
