solid OpenSCAD_Model
  facet normal 1 0 0
    outer loop
      vertex 7.57 1.89221 0.801178
      vertex 7.57 -1.90395 -0.308868
      vertex 7.57 1.89221 -0.308868
    endloop
  endfacet
  facet normal 1 -0 0
    outer loop
      vertex 7.57 -2.84804 0.801178
      vertex 7.57 -1.90395 -0.308868
      vertex 7.57 1.89221 0.801178
    endloop
  endfacet
  facet normal 1 -0 0
    outer loop
      vertex 7.57 -2.84804 -0.249557
      vertex 7.57 -1.90395 -0.308868
      vertex 7.57 -2.84804 0.801178
    endloop
  endfacet
  facet normal 1 0 0
    outer loop
      vertex 7.57 -1.90395 -0.308868
      vertex 7.57 -2.84804 -0.249557
      vertex 7.57 -1.94344 -1.644
    endloop
  endfacet
  facet normal 1 0 0
    outer loop
      vertex 7.57 1.89221 0.801178
      vertex 7.57 2.71782 2.07707
      vertex 7.57 1.89221 2.07707
    endloop
  endfacet
  facet normal 1 0 0
    outer loop
      vertex 7.57 1.89221 -0.308868
      vertex 7.57 2.71782 2.07707
      vertex 7.57 1.89221 0.801178
    endloop
  endfacet
  facet normal 1 0 0
    outer loop
      vertex 7.57 2.71782 2.07707
      vertex 7.57 1.89221 -0.308868
      vertex 7.57 2.71782 -1.68745
    endloop
  endfacet
  facet normal 1 0 0
    outer loop
      vertex 7.57 2.71782 -1.68745
      vertex 7.57 1.89221 -0.308868
      vertex 7.57 1.89221 -1.68745
    endloop
  endfacet
  facet normal 1 0 0
    outer loop
      vertex 7.57 -1.07042 -1.644
      vertex 7.57 -1.90395 -0.308868
      vertex 7.57 -1.94344 -1.644
    endloop
  endfacet
  facet normal 0 1 -0
    outer loop
      vertex 8.17 1.89221 0.801178
      vertex 7.57 1.89221 2.07707
      vertex 8.17 1.89221 2.07707
    endloop
  endfacet
  facet normal 0 1 0
    outer loop
      vertex 7.57 1.89221 2.07707
      vertex 8.17 1.89221 0.801178
      vertex 7.57 1.89221 0.801178
    endloop
  endfacet
  facet normal 0 0 -1
    outer loop
      vertex 7.57 -2.84804 0.801178
      vertex 8.17 1.89221 0.801178
      vertex 8.17 -2.84804 0.801178
    endloop
  endfacet
  facet normal -0 0 -1
    outer loop
      vertex 8.17 1.89221 0.801178
      vertex 7.57 -2.84804 0.801178
      vertex 7.57 1.89221 0.801178
    endloop
  endfacet
  facet normal 0 1 -0
    outer loop
      vertex 8.17 -2.84804 -0.249557
      vertex 7.57 -2.84804 0.801178
      vertex 8.17 -2.84804 0.801178
    endloop
  endfacet
  facet normal 0 1 0
    outer loop
      vertex 7.57 -2.84804 0.801178
      vertex 8.17 -2.84804 -0.249557
      vertex 7.57 -2.84804 -0.249557
    endloop
  endfacet
  facet normal 0 0.838935 0.544232
    outer loop
      vertex 8.17 -1.94344 -1.644
      vertex 7.57 -2.84804 -0.249557
      vertex 8.17 -2.84804 -0.249557
    endloop
  endfacet
  facet normal 0 0.838935 0.544232
    outer loop
      vertex 7.57 -2.84804 -0.249557
      vertex 8.17 -1.94344 -1.644
      vertex 7.57 -1.94344 -1.644
    endloop
  endfacet
  facet normal -0 0 1
    outer loop
      vertex 7.57 -1.07042 -1.644
      vertex 8.17 -1.94344 -1.644
      vertex 8.17 -1.07042 -1.644
    endloop
  endfacet
  facet normal 0 0 1
    outer loop
      vertex 8.17 -1.94344 -1.644
      vertex 7.57 -1.07042 -1.644
      vertex 7.57 -1.94344 -1.644
    endloop
  endfacet
  facet normal 0 -0.848263 -0.529575
    outer loop
      vertex 7.57 -1.07042 -1.644
      vertex 8.17 -1.90395 -0.308868
      vertex 7.57 -1.90395 -0.308868
    endloop
  endfacet
  facet normal 0 -0.848263 -0.529575
    outer loop
      vertex 8.17 -1.90395 -0.308868
      vertex 7.57 -1.07042 -1.644
      vertex 8.17 -1.07042 -1.644
    endloop
  endfacet
  facet normal -0 0 1
    outer loop
      vertex 7.57 1.89221 -0.308868
      vertex 8.17 -1.90395 -0.308868
      vertex 8.17 1.89221 -0.308868
    endloop
  endfacet
  facet normal 0 0 1
    outer loop
      vertex 8.17 -1.90395 -0.308868
      vertex 7.57 1.89221 -0.308868
      vertex 7.57 -1.90395 -0.308868
    endloop
  endfacet
  facet normal 0 1 -0
    outer loop
      vertex 8.17 1.89221 -1.68745
      vertex 7.57 1.89221 -0.308868
      vertex 8.17 1.89221 -0.308868
    endloop
  endfacet
  facet normal 0 1 0
    outer loop
      vertex 7.57 1.89221 -0.308868
      vertex 8.17 1.89221 -1.68745
      vertex 7.57 1.89221 -1.68745
    endloop
  endfacet
  facet normal -0 0 1
    outer loop
      vertex 7.57 2.71782 -1.68745
      vertex 8.17 1.89221 -1.68745
      vertex 8.17 2.71782 -1.68745
    endloop
  endfacet
  facet normal 0 0 1
    outer loop
      vertex 8.17 1.89221 -1.68745
      vertex 7.57 2.71782 -1.68745
      vertex 7.57 1.89221 -1.68745
    endloop
  endfacet
  facet normal 0 -1 0
    outer loop
      vertex 7.57 2.71782 -1.68745
      vertex 8.17 2.71782 2.07707
      vertex 7.57 2.71782 2.07707
    endloop
  endfacet
  facet normal 0 -1 -0
    outer loop
      vertex 8.17 2.71782 2.07707
      vertex 7.57 2.71782 -1.68745
      vertex 8.17 2.71782 -1.68745
    endloop
  endfacet
  facet normal 0 0 -1
    outer loop
      vertex 7.57 1.89221 2.07707
      vertex 8.17 2.71782 2.07707
      vertex 8.17 1.89221 2.07707
    endloop
  endfacet
  facet normal -0 0 -1
    outer loop
      vertex 8.17 2.71782 2.07707
      vertex 7.57 1.89221 2.07707
      vertex 7.57 2.71782 2.07707
    endloop
  endfacet
  facet normal -1 0 0
    outer loop
      vertex -7.57 -2.04829 -1.72002
      vertex -7.57 -1.50316 -0.813004
      vertex -7.57 -1.64931 -1.85979
    endloop
  endfacet
  facet normal -1 -0 0
    outer loop
      vertex -7.57 -1.50316 -0.813004
      vertex -7.57 -2.04829 -1.72002
      vertex -7.57 -1.80821 -0.671661
    endloop
  endfacet
  facet normal -1 0 0
    outer loop
      vertex -7.57 -2.3709 -1.52713
      vertex -7.57 -1.80821 -0.671661
      vertex -7.57 -2.04829 -1.72002
    endloop
  endfacet
  facet normal -1 0 0
    outer loop
      vertex -7.57 -2.61711 -1.28111
      vertex -7.57 -1.80821 -0.671661
      vertex -7.57 -2.3709 -1.52713
    endloop
  endfacet
  facet normal -1 0 0
    outer loop
      vertex -7.57 -2.79048 -0.975403
      vertex -7.57 -1.80821 -0.671661
      vertex -7.57 -2.61711 -1.28111
    endloop
  endfacet
  facet normal -1 -0 0
    outer loop
      vertex -7.57 -1.80821 -0.671661
      vertex -7.57 -2.79048 -0.975403
      vertex -7.57 -1.99123 -0.44783
    endloop
  endfacet
  facet normal -1 0 -0
    outer loop
      vertex -7.57 -2.84555 0.447327
      vertex -7.57 -2.05225 -0.141464
      vertex -7.57 -2.92917 -0.165176
    endloop
  endfacet
  facet normal -1 0 0
    outer loop
      vertex -7.57 -2.8945 -0.603424
      vertex -7.57 -1.99123 -0.44783
      vertex -7.57 -2.79048 -0.975403
    endloop
  endfacet
  facet normal -1 -0 0
    outer loop
      vertex -7.57 -1.99123 -0.44783
      vertex -7.57 -2.8945 -0.603424
      vertex -7.57 -2.05225 -0.141464
    endloop
  endfacet
  facet normal -1 0 -0
    outer loop
      vertex -7.57 -2.5947 0.957565
      vertex -7.57 -2.05225 -0.141464
      vertex -7.57 -2.84555 0.447327
    endloop
  endfacet
  facet normal -1 0 0
    outer loop
      vertex -7.57 -2.05225 -0.141464
      vertex -7.57 -2.8945 -0.603424
      vertex -7.57 -2.92917 -0.165176
    endloop
  endfacet
  facet normal -1 0 0
    outer loop
      vertex -7.57 -2.05225 -0.141464
      vertex -7.57 -2.5947 0.957565
      vertex -7.57 -2.17661 1.36555
    endloop
  endfacet
  facet normal -1 0 0
    outer loop
      vertex -7.57 1.9039 -0.33371
      vertex -7.57 2.79863 -0.137512
      vertex -7.57 2.74245 -0.680023
    endloop
  endfacet
  facet normal -1 0 0
    outer loop
      vertex -7.57 1.81503 -0.52858
      vertex -7.57 2.74245 -0.680023
      vertex -7.57 2.5739 -1.13826
    endloop
  endfacet
  facet normal -1 -0 0
    outer loop
      vertex -7.57 2.79863 -0.137512
      vertex -7.57 1.9039 -0.33371
      vertex -7.57 1.93353 -0.101974
    endloop
  endfacet
  facet normal -1 0 0
    outer loop
      vertex -7.57 1.6669 -0.686584
      vertex -7.57 2.5739 -1.13826
      vertex -7.57 2.293 -1.51219
    endloop
  endfacet
  facet normal -1 0 0
    outer loop
      vertex -7.57 2.79863 -0.137512
      vertex -7.57 1.89819 0.132172
      vertex -7.57 2.72205 0.467514
    endloop
  endfacet
  facet normal -1 0 0
    outer loop
      vertex -7.57 1.79219 0.334274
      vertex -7.57 2.72205 0.467514
      vertex -7.57 1.89819 0.132172
    endloop
  endfacet
  facet normal -1 0 0
    outer loop
      vertex -7.57 1.46655 -0.802902
      vertex -7.57 2.293 -1.51219
      vertex -7.57 1.91333 -1.7887
    endloop
  endfacet
  facet normal -1 0 0
    outer loop
      vertex -7.57 1.89819 0.132172
      vertex -7.57 2.79863 -0.137512
      vertex -7.57 1.93353 -0.101974
    endloop
  endfacet
  facet normal -1 0 0
    outer loop
      vertex -7.57 2.74245 -0.680023
      vertex -7.57 1.81503 -0.52858
      vertex -7.57 1.9039 -0.33371
    endloop
  endfacet
  facet normal -1 0 0
    outer loop
      vertex -7.57 2.5739 -1.13826
      vertex -7.57 1.6669 -0.686584
      vertex -7.57 1.81503 -0.52858
    endloop
  endfacet
  facet normal -1 0 0
    outer loop
      vertex -7.57 2.293 -1.51219
      vertex -7.57 1.46655 -0.802902
      vertex -7.57 1.6669 -0.686584
    endloop
  endfacet
  facet normal -1 0 0
    outer loop
      vertex -7.57 1.44853 -1.95461
      vertex -7.57 1.46655 -0.802902
      vertex -7.57 1.91333 -1.7887
    endloop
  endfacet
  facet normal -1 0 0
    outer loop
      vertex -7.57 1.44853 -1.95461
      vertex -7.57 1.22098 -0.872681
      vertex -7.57 1.46655 -0.802902
    endloop
  endfacet
  facet normal -1 0 0
    outer loop
      vertex -7.57 1.44853 -1.95461
      vertex -7.57 0.930191 -0.89595
      vertex -7.57 1.22098 -0.872681
    endloop
  endfacet
  facet normal -1 0 0
    outer loop
      vertex -7.57 0.89856 -2.0099
      vertex -7.57 0.930191 -0.89595
      vertex -7.57 1.44853 -1.95461
    endloop
  endfacet
  facet normal -1 0 0
    outer loop
      vertex -7.57 0.89856 -2.0099
      vertex -7.57 0.638962 -0.871582
      vertex -7.57 0.930191 -0.89595
    endloop
  endfacet
  facet normal -1 0 0
    outer loop
      vertex -7.57 0.393829 -1.96162
      vertex -7.57 0.638962 -0.871582
      vertex -7.57 0.89856 -2.0099
    endloop
  endfacet
  facet normal -1 -0 0
    outer loop
      vertex -7.57 0.638962 -0.871582
      vertex -7.57 0.393829 -1.96162
      vertex -7.57 0.397324 -0.798508
    endloop
  endfacet
  facet normal -1 0 0
    outer loop
      vertex -7.57 -0.0354004 -1.81679
      vertex -7.57 0.397324 -0.798508
      vertex -7.57 0.393829 -1.96162
    endloop
  endfacet
  facet normal -1 0 0
    outer loop
      vertex -7.57 -0.389145 -1.57541
      vertex -7.57 0.397324 -0.798508
      vertex -7.57 -0.0354004 -1.81679
    endloop
  endfacet
  facet normal -1 -0 0
    outer loop
      vertex -7.57 0.397324 -0.798508
      vertex -7.57 -0.389145 -1.57541
      vertex -7.57 0.205307 -0.676682
    endloop
  endfacet
  facet normal -1 0 0
    outer loop
      vertex -7.57 -0.652512 -1.25105
      vertex -7.57 0.205307 -0.676682
      vertex -7.57 -0.389145 -1.57541
    endloop
  endfacet
  facet normal -1 -0 0
    outer loop
      vertex -7.57 0.205307 -0.676682
      vertex -7.57 -0.652512 -1.25105
      vertex -7.57 0.0659485 -0.512329
    endloop
  endfacet
  facet normal -1 0 0
    outer loop
      vertex -7.57 -0.810532 -0.857346
      vertex -7.57 0.0659485 -0.512329
      vertex -7.57 -0.652512 -1.25105
    endloop
  endfacet
  facet normal -1 -0 0
    outer loop
      vertex -7.57 0.0659485 -0.512329
      vertex -7.57 -0.810532 -0.857346
      vertex -7.57 -0.0176392 -0.311539
    endloop
  endfacet
  facet normal -1 0 0
    outer loop
      vertex -7.57 -0.0176392 -0.311539
      vertex -7.57 -0.845642 -0.137527
      vertex -7.57 -0.045517 -0.0743103
    endloop
  endfacet
  facet normal -1 0 -0
    outer loop
      vertex -7.57 -0.792969 0.1008
      vertex -7.57 -0.045517 -0.0743103
      vertex -7.57 -0.845642 -0.137527
    endloop
  endfacet
  facet normal -1 0 0
    outer loop
      vertex -7.57 -0.863205 -0.394287
      vertex -7.57 -0.0176392 -0.311539
      vertex -7.57 -0.810532 -0.857346
    endloop
  endfacet
  facet normal -1 0 -0
    outer loop
      vertex -7.57 -0.70517 0.320694
      vertex -7.57 -0.045517 -0.0743103
      vertex -7.57 -0.792969 0.1008
    endloop
  endfacet
  facet normal -1 0 -0
    outer loop
      vertex -7.57 -0.584473 0.516006
      vertex -7.57 -0.045517 -0.0743103
      vertex -7.57 -0.70517 0.320694
    endloop
  endfacet
  facet normal -1 0 -0
    outer loop
      vertex -7.57 -0.845642 -0.137527
      vertex -7.57 -0.0176392 -0.311539
      vertex -7.57 -0.863205 -0.394287
    endloop
  endfacet
  facet normal -1 0 0
    outer loop
      vertex -7.57 -0.045517 -0.0743103
      vertex -7.57 -0.43306 0.680603
      vertex -7.57 -0.250916 0.814484
    endloop
  endfacet
  facet normal -1 0 0
    outer loop
      vertex -7.57 -0.045517 -0.0743103
      vertex -7.57 -0.584473 0.516006
      vertex -7.57 -0.43306 0.680603
    endloop
  endfacet
  facet normal -1 -0 0
    outer loop
      vertex -7.57 2.72205 0.467514
      vertex -7.57 1.79219 0.334274
      vertex -7.57 2.49228 0.971161
    endloop
  endfacet
  facet normal -1 0 0
    outer loop
      vertex -7.57 1.61552 0.504364
      vertex -7.57 2.49228 0.971161
      vertex -7.57 1.79219 0.334274
    endloop
  endfacet
  facet normal -1 -0 0
    outer loop
      vertex -7.57 2.49228 0.971161
      vertex -7.57 1.61552 0.504364
      vertex -7.57 2.10933 1.37341
    endloop
  endfacet
  facet normal -1 0 0
    outer loop
      vertex -7.57 1.38489 0.632736
      vertex -7.57 2.10933 1.37341
      vertex -7.57 1.61552 0.504364
    endloop
  endfacet
  facet normal -1 -0 0
    outer loop
      vertex -7.57 2.10933 1.37341
      vertex -7.57 1.38489 0.632736
      vertex -7.57 1.57584 1.6664
    endloop
  endfacet
  facet normal -1 0 0
    outer loop
      vertex -7.57 1.11694 0.709763
      vertex -7.57 1.57584 1.6664
      vertex -7.57 1.38489 0.632736
    endloop
  endfacet
  facet normal -1 0 0
    outer loop
      vertex -7.57 1.11694 0.709763
      vertex -7.57 0.894424 1.84218
      vertex -7.57 1.57584 1.6664
    endloop
  endfacet
  facet normal -1 0 0
    outer loop
      vertex -7.57 0.811707 0.735443
      vertex -7.57 0.894424 1.84218
      vertex -7.57 1.11694 0.709763
    endloop
  endfacet
  facet normal -1 0 0
    outer loop
      vertex -7.57 0.570511 0.710861
      vertex -7.57 0.894424 1.84218
      vertex -7.57 0.811707 0.735443
    endloop
  endfacet
  facet normal -1 0 0
    outer loop
      vertex -7.57 0.065094 1.90077
      vertex -7.57 0.570511 0.710861
      vertex -7.57 0.363113 0.637146
    endloop
  endfacet
  facet normal -1 0 0
    outer loop
      vertex -7.57 -0.250916 0.814484
      vertex -7.57 0.363113 0.637146
      vertex -7.57 0.189514 0.514267
    endloop
  endfacet
  facet normal -1 0 0
    outer loop
      vertex -7.57 0.570511 0.710861
      vertex -7.57 0.065094 1.90077
      vertex -7.57 0.894424 1.84218
    endloop
  endfacet
  facet normal -1 0 0
    outer loop
      vertex -7.57 -0.250916 0.814484
      vertex -7.57 0.189514 0.514267
      vertex -7.57 0.0589294 0.35054
    endloop
  endfacet
  facet normal -1 0 0
    outer loop
      vertex -7.57 -0.250916 0.814484
      vertex -7.57 0.0589294 0.35054
      vertex -7.57 -0.0193939 0.154343
    endloop
  endfacet
  facet normal -1 0 0
    outer loop
      vertex -7.57 -0.250916 0.814484
      vertex -7.57 -0.0193939 0.154343
      vertex -7.57 -0.045517 -0.0743103
    endloop
  endfacet
  facet normal -1 0 0
    outer loop
      vertex -7.57 0.363113 0.637146
      vertex -7.57 -0.250916 0.814484
      vertex -7.57 0.065094 1.90077
    endloop
  endfacet
  facet normal -1 0 0
    outer loop
      vertex -7.57 -0.845856 1.84131
      vertex -7.57 -0.250916 0.814484
      vertex -7.57 -0.805267 0.786179
    endloop
  endfacet
  facet normal -1 0 0
    outer loop
      vertex -7.57 -0.250916 0.814484
      vertex -7.57 -0.845856 1.84131
      vertex -7.57 0.065094 1.90077
    endloop
  endfacet
  facet normal -1 0 0
    outer loop
      vertex -7.57 -1.59309 1.6629
      vertex -7.57 -0.805267 0.786179
      vertex -7.57 -1.25691 0.701248
    endloop
  endfacet
  facet normal -1 0 0
    outer loop
      vertex -7.57 -0.805267 0.786179
      vertex -7.57 -1.59309 1.6629
      vertex -7.57 -0.845856 1.84131
    endloop
  endfacet
  facet normal -1 0 0
    outer loop
      vertex -7.57 -1.60585 0.559692
      vertex -7.57 -1.59309 1.6629
      vertex -7.57 -1.25691 0.701248
    endloop
  endfacet
  facet normal -1 0 0
    outer loop
      vertex -7.57 -2.17661 1.36555
      vertex -7.57 -1.60585 0.559692
      vertex -7.57 -1.85385 0.368546
    endloop
  endfacet
  facet normal -1 0 0
    outer loop
      vertex -7.57 -2.17661 1.36555
      vertex -7.57 -1.85385 0.368546
      vertex -7.57 -2.00264 0.134811
    endloop
  endfacet
  facet normal -1 0 0
    outer loop
      vertex -7.57 -1.60585 0.559692
      vertex -7.57 -2.17661 1.36555
      vertex -7.57 -1.59309 1.6629
    endloop
  endfacet
  facet normal -1 0 0
    outer loop
      vertex -7.57 -2.17661 1.36555
      vertex -7.57 -2.00264 0.134811
      vertex -7.57 -2.05225 -0.141464
    endloop
  endfacet
  facet normal 0 -0.938525 0.345211
    outer loop
      vertex -8.17 2.5739 -1.13826
      vertex -7.57 2.74245 -0.680023
      vertex -8.17 2.74245 -0.680023
    endloop
  endfacet
  facet normal 0 -0.938525 0.345211
    outer loop
      vertex -7.57 2.74245 -0.680023
      vertex -8.17 2.5739 -1.13826
      vertex -7.57 2.5739 -1.13826
    endloop
  endfacet
  facet normal 0 -0.799535 0.600619
    outer loop
      vertex -8.17 2.293 -1.51219
      vertex -7.57 2.5739 -1.13826
      vertex -8.17 2.5739 -1.13826
    endloop
  endfacet
  facet normal 0 -0.799535 0.600619
    outer loop
      vertex -7.57 2.5739 -1.13826
      vertex -8.17 2.293 -1.51219
      vertex -7.57 2.293 -1.51219
    endloop
  endfacet
  facet normal 0 -0.58871 0.808345
    outer loop
      vertex -8.17 2.293 -1.51219
      vertex -7.57 1.91333 -1.7887
      vertex -7.57 2.293 -1.51219
    endloop
  endfacet
  facet normal 0 -0.58871 0.808345
    outer loop
      vertex -7.57 1.91333 -1.7887
      vertex -8.17 2.293 -1.51219
      vertex -8.17 1.91333 -1.7887
    endloop
  endfacet
  facet normal 0 -0.336175 0.9418
    outer loop
      vertex -8.17 1.91333 -1.7887
      vertex -7.57 1.44853 -1.95461
      vertex -7.57 1.91333 -1.7887
    endloop
  endfacet
  facet normal 0 -0.336175 0.9418
    outer loop
      vertex -7.57 1.44853 -1.95461
      vertex -8.17 1.91333 -1.7887
      vertex -8.17 1.44853 -1.95461
    endloop
  endfacet
  facet normal 0 -0.100029 0.994985
    outer loop
      vertex -8.17 1.44853 -1.95461
      vertex -7.57 0.89856 -2.0099
      vertex -7.57 1.44853 -1.95461
    endloop
  endfacet
  facet normal 0 -0.100029 0.994985
    outer loop
      vertex -7.57 0.89856 -2.0099
      vertex -8.17 1.44853 -1.95461
      vertex -8.17 0.89856 -2.0099
    endloop
  endfacet
  facet normal -0 0.0952203 0.995456
    outer loop
      vertex -8.17 0.89856 -2.0099
      vertex -7.57 0.393829 -1.96162
      vertex -7.57 0.89856 -2.0099
    endloop
  endfacet
  facet normal 0 0.0952203 0.995456
    outer loop
      vertex -7.57 0.393829 -1.96162
      vertex -8.17 0.89856 -2.0099
      vertex -8.17 0.393829 -1.96162
    endloop
  endfacet
  facet normal -0 0.319709 0.947516
    outer loop
      vertex -8.17 0.393829 -1.96162
      vertex -7.57 -0.0354004 -1.81679
      vertex -7.57 0.393829 -1.96162
    endloop
  endfacet
  facet normal 0 0.319709 0.947516
    outer loop
      vertex -7.57 -0.0354004 -1.81679
      vertex -8.17 0.393829 -1.96162
      vertex -8.17 -0.0354004 -1.81679
    endloop
  endfacet
  facet normal -0 0.56364 0.82602
    outer loop
      vertex -8.17 -0.0354004 -1.81679
      vertex -7.57 -0.389145 -1.57541
      vertex -7.57 -0.0354004 -1.81679
    endloop
  endfacet
  facet normal 0 0.56364 0.82602
    outer loop
      vertex -7.57 -0.389145 -1.57541
      vertex -8.17 -0.0354004 -1.81679
      vertex -8.17 -0.389145 -1.57541
    endloop
  endfacet
  facet normal 0 0.77632 0.63034
    outer loop
      vertex -7.57 -0.389145 -1.57541
      vertex -8.17 -0.652512 -1.25105
      vertex -7.57 -0.652512 -1.25105
    endloop
  endfacet
  facet normal 0 0.77632 0.63034
    outer loop
      vertex -8.17 -0.652512 -1.25105
      vertex -7.57 -0.389145 -1.57541
      vertex -8.17 -0.389145 -1.57541
    endloop
  endfacet
  facet normal 0 0.928038 0.372484
    outer loop
      vertex -7.57 -0.652512 -1.25105
      vertex -8.17 -0.810532 -0.857346
      vertex -7.57 -0.810532 -0.857346
    endloop
  endfacet
  facet normal 0 0.928038 0.372484
    outer loop
      vertex -8.17 -0.810532 -0.857346
      vertex -7.57 -0.652512 -1.25105
      vertex -8.17 -0.652512 -1.25105
    endloop
  endfacet
  facet normal 0 0.993593 0.113021
    outer loop
      vertex -7.57 -0.810532 -0.857346
      vertex -8.17 -0.863205 -0.394287
      vertex -7.57 -0.863205 -0.394287
    endloop
  endfacet
  facet normal 0 0.993593 0.113021
    outer loop
      vertex -8.17 -0.863205 -0.394287
      vertex -7.57 -0.810532 -0.857346
      vertex -8.17 -0.810532 -0.857346
    endloop
  endfacet
  facet normal 0 0.997669 -0.0682429
    outer loop
      vertex -7.57 -0.863205 -0.394287
      vertex -8.17 -0.845642 -0.137527
      vertex -7.57 -0.845642 -0.137527
    endloop
  endfacet
  facet normal 0 0.997669 -0.0682429
    outer loop
      vertex -8.17 -0.845642 -0.137527
      vertex -7.57 -0.863205 -0.394287
      vertex -8.17 -0.863205 -0.394287
    endloop
  endfacet
  facet normal 0 0.976437 -0.215804
    outer loop
      vertex -7.57 -0.845642 -0.137527
      vertex -8.17 -0.792969 0.1008
      vertex -7.57 -0.792969 0.1008
    endloop
  endfacet
  facet normal 0 0.976437 -0.215804
    outer loop
      vertex -8.17 -0.792969 0.1008
      vertex -7.57 -0.845642 -0.137527
      vertex -8.17 -0.845642 -0.137527
    endloop
  endfacet
  facet normal 0 0.928707 -0.370813
    outer loop
      vertex -7.57 -0.792969 0.1008
      vertex -8.17 -0.70517 0.320694
      vertex -7.57 -0.70517 0.320694
    endloop
  endfacet
  facet normal 0 0.928707 -0.370813
    outer loop
      vertex -8.17 -0.70517 0.320694
      vertex -7.57 -0.792969 0.1008
      vertex -8.17 -0.792969 0.1008
    endloop
  endfacet
  facet normal 0 0.850675 -0.525692
    outer loop
      vertex -7.57 -0.70517 0.320694
      vertex -8.17 -0.584473 0.516006
      vertex -7.57 -0.584473 0.516006
    endloop
  endfacet
  facet normal 0 0.850675 -0.525692
    outer loop
      vertex -8.17 -0.584473 0.516006
      vertex -7.57 -0.70517 0.320694
      vertex -8.17 -0.70517 0.320694
    endloop
  endfacet
  facet normal 0 0.735967 -0.677017
    outer loop
      vertex -7.57 -0.584473 0.516006
      vertex -8.17 -0.43306 0.680603
      vertex -7.57 -0.43306 0.680603
    endloop
  endfacet
  facet normal 0 0.735967 -0.677017
    outer loop
      vertex -8.17 -0.43306 0.680603
      vertex -7.57 -0.584473 0.516006
      vertex -8.17 -0.584473 0.516006
    endloop
  endfacet
  facet normal 0 0.592251 -0.805753
    outer loop
      vertex -8.17 -0.43306 0.680603
      vertex -7.57 -0.250916 0.814484
      vertex -7.57 -0.43306 0.680603
    endloop
  endfacet
  facet normal 0 0.592251 -0.805753
    outer loop
      vertex -7.57 -0.250916 0.814484
      vertex -8.17 -0.43306 0.680603
      vertex -8.17 -0.250916 0.814484
    endloop
  endfacet
  facet normal 0 -0.0509933 0.998699
    outer loop
      vertex -8.17 -0.250916 0.814484
      vertex -7.57 -0.805267 0.786179
      vertex -7.57 -0.250916 0.814484
    endloop
  endfacet
  facet normal 0 -0.0509933 0.998699
    outer loop
      vertex -7.57 -0.805267 0.786179
      vertex -8.17 -0.250916 0.814484
      vertex -8.17 -0.805267 0.786179
    endloop
  endfacet
  facet normal 0 -0.18481 0.982774
    outer loop
      vertex -8.17 -0.805267 0.786179
      vertex -7.57 -1.25691 0.701248
      vertex -7.57 -0.805267 0.786179
    endloop
  endfacet
  facet normal 0 -0.18481 0.982774
    outer loop
      vertex -7.57 -1.25691 0.701248
      vertex -8.17 -0.805267 0.786179
      vertex -8.17 -1.25691 0.701248
    endloop
  endfacet
  facet normal 0 -0.375919 0.926652
    outer loop
      vertex -8.17 -1.25691 0.701248
      vertex -7.57 -1.60585 0.559692
      vertex -7.57 -1.25691 0.701248
    endloop
  endfacet
  facet normal 0 -0.375919 0.926652
    outer loop
      vertex -7.57 -1.60585 0.559692
      vertex -8.17 -1.25691 0.701248
      vertex -8.17 -1.60585 0.559692
    endloop
  endfacet
  facet normal 0 -0.610466 0.792042
    outer loop
      vertex -8.17 -1.60585 0.559692
      vertex -7.57 -1.85385 0.368546
      vertex -7.57 -1.60585 0.559692
    endloop
  endfacet
  facet normal 0 -0.610466 0.792042
    outer loop
      vertex -7.57 -1.85385 0.368546
      vertex -8.17 -1.60585 0.559692
      vertex -8.17 -1.85385 0.368546
    endloop
  endfacet
  facet normal 0 -0.84358 0.537003
    outer loop
      vertex -8.17 -2.00264 0.134811
      vertex -7.57 -1.85385 0.368546
      vertex -8.17 -1.85385 0.368546
    endloop
  endfacet
  facet normal 0 -0.84358 0.537003
    outer loop
      vertex -7.57 -1.85385 0.368546
      vertex -8.17 -2.00264 0.134811
      vertex -7.57 -2.00264 0.134811
    endloop
  endfacet
  facet normal 0 -0.984257 0.176741
    outer loop
      vertex -8.17 -2.05225 -0.141464
      vertex -7.57 -2.00264 0.134811
      vertex -8.17 -2.00264 0.134811
    endloop
  endfacet
  facet normal 0 -0.984257 0.176741
    outer loop
      vertex -7.57 -2.00264 0.134811
      vertex -8.17 -2.05225 -0.141464
      vertex -7.57 -2.05225 -0.141464
    endloop
  endfacet
  facet normal 0 -0.980736 -0.195337
    outer loop
      vertex -8.17 -1.99123 -0.44783
      vertex -7.57 -2.05225 -0.141464
      vertex -8.17 -2.05225 -0.141464
    endloop
  endfacet
  facet normal 0 -0.980736 -0.195337
    outer loop
      vertex -7.57 -2.05225 -0.141464
      vertex -8.17 -1.99123 -0.44783
      vertex -7.57 -1.99123 -0.44783
    endloop
  endfacet
  facet normal 0 -0.774151 -0.633001
    outer loop
      vertex -8.17 -1.80821 -0.671661
      vertex -7.57 -1.99123 -0.44783
      vertex -8.17 -1.99123 -0.44783
    endloop
  endfacet
  facet normal 0 -0.774151 -0.633001
    outer loop
      vertex -7.57 -1.99123 -0.44783
      vertex -8.17 -1.80821 -0.671661
      vertex -7.57 -1.80821 -0.671661
    endloop
  endfacet
  facet normal 0 -0.420408 -0.907335
    outer loop
      vertex -8.17 -1.80821 -0.671661
      vertex -7.57 -1.50316 -0.813004
      vertex -7.57 -1.80821 -0.671661
    endloop
  endfacet
  facet normal -0 -0.420408 -0.907335
    outer loop
      vertex -7.57 -1.50316 -0.813004
      vertex -8.17 -1.80821 -0.671661
      vertex -8.17 -1.50316 -0.813004
    endloop
  endfacet
  facet normal 0 -0.990394 0.138277
    outer loop
      vertex -8.17 -1.64931 -1.85979
      vertex -7.57 -1.50316 -0.813004
      vertex -8.17 -1.50316 -0.813004
    endloop
  endfacet
  facet normal 0 -0.990394 0.138277
    outer loop
      vertex -7.57 -1.50316 -0.813004
      vertex -8.17 -1.64931 -1.85979
      vertex -7.57 -1.64931 -1.85979
    endloop
  endfacet
  facet normal -0 0.330618 0.943765
    outer loop
      vertex -8.17 -1.64931 -1.85979
      vertex -7.57 -2.04829 -1.72002
      vertex -7.57 -1.64931 -1.85979
    endloop
  endfacet
  facet normal 0 0.330618 0.943765
    outer loop
      vertex -7.57 -2.04829 -1.72002
      vertex -8.17 -1.64931 -1.85979
      vertex -8.17 -2.04829 -1.72002
    endloop
  endfacet
  facet normal -0 0.513173 0.858285
    outer loop
      vertex -8.17 -2.04829 -1.72002
      vertex -7.57 -2.3709 -1.52713
      vertex -7.57 -2.04829 -1.72002
    endloop
  endfacet
  facet normal 0 0.513173 0.858285
    outer loop
      vertex -7.57 -2.3709 -1.52713
      vertex -8.17 -2.04829 -1.72002
      vertex -8.17 -2.3709 -1.52713
    endloop
  endfacet
  facet normal -0 0.706834 0.70738
    outer loop
      vertex -8.17 -2.3709 -1.52713
      vertex -7.57 -2.61711 -1.28111
      vertex -7.57 -2.3709 -1.52713
    endloop
  endfacet
  facet normal 0 0.706834 0.70738
    outer loop
      vertex -7.57 -2.61711 -1.28111
      vertex -8.17 -2.3709 -1.52713
      vertex -8.17 -2.61711 -1.28111
    endloop
  endfacet
  facet normal 0 0.869856 0.493306
    outer loop
      vertex -7.57 -2.61711 -1.28111
      vertex -8.17 -2.79048 -0.975403
      vertex -7.57 -2.79048 -0.975403
    endloop
  endfacet
  facet normal 0 0.869856 0.493306
    outer loop
      vertex -8.17 -2.79048 -0.975403
      vertex -7.57 -2.61711 -1.28111
      vertex -8.17 -2.61711 -1.28111
    endloop
  endfacet
  facet normal 0 0.963054 0.269308
    outer loop
      vertex -7.57 -2.79048 -0.975403
      vertex -8.17 -2.8945 -0.603424
      vertex -7.57 -2.8945 -0.603424
    endloop
  endfacet
  facet normal 0 0.963054 0.269308
    outer loop
      vertex -8.17 -2.8945 -0.603424
      vertex -7.57 -2.79048 -0.975403
      vertex -8.17 -2.79048 -0.975403
    endloop
  endfacet
  facet normal 0 0.996885 0.0788641
    outer loop
      vertex -7.57 -2.8945 -0.603424
      vertex -8.17 -2.92917 -0.165176
      vertex -7.57 -2.92917 -0.165176
    endloop
  endfacet
  facet normal 0 0.996885 0.0788641
    outer loop
      vertex -8.17 -2.92917 -0.165176
      vertex -7.57 -2.8945 -0.603424
      vertex -8.17 -2.8945 -0.603424
    endloop
  endfacet
  facet normal 0 0.990809 -0.135267
    outer loop
      vertex -7.57 -2.92917 -0.165176
      vertex -8.17 -2.84555 0.447327
      vertex -7.57 -2.84555 0.447327
    endloop
  endfacet
  facet normal 0 0.990809 -0.135267
    outer loop
      vertex -8.17 -2.84555 0.447327
      vertex -7.57 -2.92917 -0.165176
      vertex -8.17 -2.92917 -0.165176
    endloop
  endfacet
  facet normal 0 0.89741 -0.441197
    outer loop
      vertex -7.57 -2.84555 0.447327
      vertex -8.17 -2.5947 0.957565
      vertex -7.57 -2.5947 0.957565
    endloop
  endfacet
  facet normal 0 0.89741 -0.441197
    outer loop
      vertex -8.17 -2.5947 0.957565
      vertex -7.57 -2.84555 0.447327
      vertex -8.17 -2.84555 0.447327
    endloop
  endfacet
  facet normal 0 0.698405 -0.715703
    outer loop
      vertex -8.17 -2.5947 0.957565
      vertex -7.57 -2.17661 1.36555
      vertex -7.57 -2.5947 0.957565
    endloop
  endfacet
  facet normal 0 0.698405 -0.715703
    outer loop
      vertex -7.57 -2.17661 1.36555
      vertex -8.17 -2.5947 0.957565
      vertex -8.17 -2.17661 1.36555
    endloop
  endfacet
  facet normal 0 0.454029 -0.890987
    outer loop
      vertex -8.17 -2.17661 1.36555
      vertex -7.57 -1.59309 1.6629
      vertex -7.57 -2.17661 1.36555
    endloop
  endfacet
  facet normal 0 0.454029 -0.890987
    outer loop
      vertex -7.57 -1.59309 1.6629
      vertex -8.17 -2.17661 1.36555
      vertex -8.17 -1.59309 1.6629
    endloop
  endfacet
  facet normal 0 0.232233 -0.97266
    outer loop
      vertex -8.17 -1.59309 1.6629
      vertex -7.57 -0.845856 1.84131
      vertex -7.57 -1.59309 1.6629
    endloop
  endfacet
  facet normal 0 0.232233 -0.97266
    outer loop
      vertex -7.57 -0.845856 1.84131
      vertex -8.17 -1.59309 1.6629
      vertex -8.17 -0.845856 1.84131
    endloop
  endfacet
  facet normal 0 0.0651339 -0.997877
    outer loop
      vertex -8.17 -0.845856 1.84131
      vertex -7.57 0.065094 1.90077
      vertex -7.57 -0.845856 1.84131
    endloop
  endfacet
  facet normal 0 0.0651339 -0.997877
    outer loop
      vertex -7.57 0.065094 1.90077
      vertex -8.17 -0.845856 1.84131
      vertex -8.17 0.065094 1.90077
    endloop
  endfacet
  facet normal 0 -0.0704717 -0.997514
    outer loop
      vertex -8.17 0.065094 1.90077
      vertex -7.57 0.894424 1.84218
      vertex -7.57 0.065094 1.90077
    endloop
  endfacet
  facet normal -0 -0.0704717 -0.997514
    outer loop
      vertex -7.57 0.894424 1.84218
      vertex -8.17 0.065094 1.90077
      vertex -8.17 0.894424 1.84218
    endloop
  endfacet
  facet normal 0 -0.249786 -0.968301
    outer loop
      vertex -8.17 0.894424 1.84218
      vertex -7.57 1.57584 1.6664
      vertex -7.57 0.894424 1.84218
    endloop
  endfacet
  facet normal -0 -0.249786 -0.968301
    outer loop
      vertex -7.57 1.57584 1.6664
      vertex -8.17 0.894424 1.84218
      vertex -8.17 1.57584 1.6664
    endloop
  endfacet
  facet normal 0 -0.481377 -0.876514
    outer loop
      vertex -8.17 1.57584 1.6664
      vertex -7.57 2.10933 1.37341
      vertex -7.57 1.57584 1.6664
    endloop
  endfacet
  facet normal -0 -0.481377 -0.876514
    outer loop
      vertex -7.57 2.10933 1.37341
      vertex -8.17 1.57584 1.6664
      vertex -8.17 2.10933 1.37341
    endloop
  endfacet
  facet normal 0 -0.724268 -0.689519
    outer loop
      vertex -8.17 2.49228 0.971161
      vertex -7.57 2.10933 1.37341
      vertex -8.17 2.10933 1.37341
    endloop
  endfacet
  facet normal 0 -0.724268 -0.689519
    outer loop
      vertex -7.57 2.10933 1.37341
      vertex -8.17 2.49228 0.971161
      vertex -7.57 2.49228 0.971161
    endloop
  endfacet
  facet normal 0 -0.909794 -0.415059
    outer loop
      vertex -8.17 2.72205 0.467514
      vertex -7.57 2.49228 0.971161
      vertex -8.17 2.49228 0.971161
    endloop
  endfacet
  facet normal 0 -0.909794 -0.415059
    outer loop
      vertex -7.57 2.49228 0.971161
      vertex -8.17 2.72205 0.467514
      vertex -7.57 2.72205 0.467514
    endloop
  endfacet
  facet normal 0 -0.992085 -0.125571
    outer loop
      vertex -8.17 2.79863 -0.137512
      vertex -7.57 2.72205 0.467514
      vertex -8.17 2.72205 0.467514
    endloop
  endfacet
  facet normal 0 -0.992085 -0.125571
    outer loop
      vertex -7.57 2.72205 0.467514
      vertex -8.17 2.79863 -0.137512
      vertex -7.57 2.79863 -0.137512
    endloop
  endfacet
  facet normal 0 -0.994681 0.103005
    outer loop
      vertex -8.17 2.74245 -0.680023
      vertex -7.57 2.79863 -0.137512
      vertex -8.17 2.79863 -0.137512
    endloop
  endfacet
  facet normal 0 -0.994681 0.103005
    outer loop
      vertex -7.57 2.79863 -0.137512
      vertex -8.17 2.74245 -0.680023
      vertex -7.57 2.74245 -0.680023
    endloop
  endfacet
  facet normal 0 0.885585 0.464478
    outer loop
      vertex -7.57 1.89819 0.132172
      vertex -8.17 1.79219 0.334274
      vertex -7.57 1.79219 0.334274
    endloop
  endfacet
  facet normal 0 0.885585 0.464478
    outer loop
      vertex -8.17 1.79219 0.334274
      vertex -7.57 1.89819 0.132172
      vertex -8.17 1.89819 0.132172
    endloop
  endfacet
  facet normal -0 0.693564 0.720395
    outer loop
      vertex -8.17 1.79219 0.334274
      vertex -7.57 1.61552 0.504364
      vertex -7.57 1.79219 0.334274
    endloop
  endfacet
  facet normal 0 0.693564 0.720395
    outer loop
      vertex -7.57 1.61552 0.504364
      vertex -8.17 1.79219 0.334274
      vertex -8.17 1.61552 0.504364
    endloop
  endfacet
  facet normal -0 0.48635 0.873764
    outer loop
      vertex -8.17 1.61552 0.504364
      vertex -7.57 1.38489 0.632736
      vertex -7.57 1.61552 0.504364
    endloop
  endfacet
  facet normal 0 0.48635 0.873764
    outer loop
      vertex -7.57 1.38489 0.632736
      vertex -8.17 1.61552 0.504364
      vertex -8.17 1.38489 0.632736
    endloop
  endfacet
  facet normal -0 0.276279 0.961078
    outer loop
      vertex -8.17 1.38489 0.632736
      vertex -7.57 1.11694 0.709763
      vertex -7.57 1.38489 0.632736
    endloop
  endfacet
  facet normal 0 0.276279 0.961078
    outer loop
      vertex -7.57 1.11694 0.709763
      vertex -8.17 1.38489 0.632736
      vertex -8.17 1.11694 0.709763
    endloop
  endfacet
  facet normal -0 0.0838363 0.99648
    outer loop
      vertex -8.17 1.11694 0.709763
      vertex -7.57 0.811707 0.735443
      vertex -7.57 1.11694 0.709763
    endloop
  endfacet
  facet normal 0 0.0838363 0.99648
    outer loop
      vertex -7.57 0.811707 0.735443
      vertex -8.17 1.11694 0.709763
      vertex -8.17 0.811707 0.735443
    endloop
  endfacet
  facet normal 0 -0.101392 0.994847
    outer loop
      vertex -8.17 0.811707 0.735443
      vertex -7.57 0.570511 0.710861
      vertex -7.57 0.811707 0.735443
    endloop
  endfacet
  facet normal 0 -0.101392 0.994847
    outer loop
      vertex -7.57 0.570511 0.710861
      vertex -8.17 0.811707 0.735443
      vertex -8.17 0.570511 0.710861
    endloop
  endfacet
  facet normal 0 -0.334903 0.942253
    outer loop
      vertex -8.17 0.570511 0.710861
      vertex -7.57 0.363113 0.637146
      vertex -7.57 0.570511 0.710861
    endloop
  endfacet
  facet normal 0 -0.334903 0.942253
    outer loop
      vertex -7.57 0.363113 0.637146
      vertex -8.17 0.570511 0.710861
      vertex -8.17 0.363113 0.637146
    endloop
  endfacet
  facet normal 0 -0.577745 0.816217
    outer loop
      vertex -8.17 0.363113 0.637146
      vertex -7.57 0.189514 0.514267
      vertex -7.57 0.363113 0.637146
    endloop
  endfacet
  facet normal 0 -0.577745 0.816217
    outer loop
      vertex -7.57 0.189514 0.514267
      vertex -8.17 0.363113 0.637146
      vertex -8.17 0.189514 0.514267
    endloop
  endfacet
  facet normal 0 -0.781793 0.623538
    outer loop
      vertex -8.17 0.0589294 0.35054
      vertex -7.57 0.189514 0.514267
      vertex -8.17 0.189514 0.514267
    endloop
  endfacet
  facet normal 0 -0.781793 0.623538
    outer loop
      vertex -7.57 0.189514 0.514267
      vertex -8.17 0.0589294 0.35054
      vertex -7.57 0.0589294 0.35054
    endloop
  endfacet
  facet normal 0 -0.92873 0.370756
    outer loop
      vertex -8.17 -0.0193939 0.154343
      vertex -7.57 0.0589294 0.35054
      vertex -8.17 0.0589294 0.35054
    endloop
  endfacet
  facet normal 0 -0.92873 0.370756
    outer loop
      vertex -7.57 0.0589294 0.35054
      vertex -8.17 -0.0193939 0.154343
      vertex -7.57 -0.0193939 0.154343
    endloop
  endfacet
  facet normal 0 -0.993537 0.113509
    outer loop
      vertex -8.17 -0.045517 -0.0743103
      vertex -7.57 -0.0193939 0.154343
      vertex -8.17 -0.0193939 0.154343
    endloop
  endfacet
  facet normal 0 -0.993537 0.113509
    outer loop
      vertex -7.57 -0.0193939 0.154343
      vertex -8.17 -0.045517 -0.0743103
      vertex -7.57 -0.045517 -0.0743103
    endloop
  endfacet
  facet normal 0 -0.993166 -0.116711
    outer loop
      vertex -8.17 -0.0176392 -0.311539
      vertex -7.57 -0.045517 -0.0743103
      vertex -8.17 -0.045517 -0.0743103
    endloop
  endfacet
  facet normal 0 -0.993166 -0.116711
    outer loop
      vertex -7.57 -0.045517 -0.0743103
      vertex -8.17 -0.0176392 -0.311539
      vertex -7.57 -0.0176392 -0.311539
    endloop
  endfacet
  facet normal 0 -0.923199 -0.384322
    outer loop
      vertex -8.17 0.0659485 -0.512329
      vertex -7.57 -0.0176392 -0.311539
      vertex -8.17 -0.0176392 -0.311539
    endloop
  endfacet
  facet normal 0 -0.923199 -0.384322
    outer loop
      vertex -7.57 -0.0176392 -0.311539
      vertex -8.17 0.0659485 -0.512329
      vertex -7.57 0.0659485 -0.512329
    endloop
  endfacet
  facet normal 0 -0.762721 -0.646728
    outer loop
      vertex -8.17 0.205307 -0.676682
      vertex -7.57 0.0659485 -0.512329
      vertex -8.17 0.0659485 -0.512329
    endloop
  endfacet
  facet normal 0 -0.762721 -0.646728
    outer loop
      vertex -7.57 0.0659485 -0.512329
      vertex -8.17 0.205307 -0.676682
      vertex -7.57 0.205307 -0.676682
    endloop
  endfacet
  facet normal 0 -0.535727 -0.844391
    outer loop
      vertex -8.17 0.205307 -0.676682
      vertex -7.57 0.397324 -0.798508
      vertex -7.57 0.205307 -0.676682
    endloop
  endfacet
  facet normal -0 -0.535727 -0.844391
    outer loop
      vertex -7.57 0.397324 -0.798508
      vertex -8.17 0.205307 -0.676682
      vertex -8.17 0.397324 -0.798508
    endloop
  endfacet
  facet normal 0 -0.289464 -0.957189
    outer loop
      vertex -8.17 0.397324 -0.798508
      vertex -7.57 0.638962 -0.871582
      vertex -7.57 0.397324 -0.798508
    endloop
  endfacet
  facet normal -0 -0.289464 -0.957189
    outer loop
      vertex -7.57 0.638962 -0.871582
      vertex -8.17 0.397324 -0.798508
      vertex -8.17 0.638962 -0.871582
    endloop
  endfacet
  facet normal 0 -0.0833816 -0.996518
    outer loop
      vertex -8.17 0.638962 -0.871582
      vertex -7.57 0.930191 -0.89595
      vertex -7.57 0.638962 -0.871582
    endloop
  endfacet
  facet normal -0 -0.0833816 -0.996518
    outer loop
      vertex -7.57 0.930191 -0.89595
      vertex -8.17 0.638962 -0.871582
      vertex -8.17 0.930191 -0.89595
    endloop
  endfacet
  facet normal 0 0.0797653 -0.996814
    outer loop
      vertex -8.17 0.930191 -0.89595
      vertex -7.57 1.22098 -0.872681
      vertex -7.57 0.930191 -0.89595
    endloop
  endfacet
  facet normal 0 0.0797653 -0.996814
    outer loop
      vertex -7.57 1.22098 -0.872681
      vertex -8.17 0.930191 -0.89595
      vertex -8.17 1.22098 -0.872681
    endloop
  endfacet
  facet normal 0 0.273331 -0.96192
    outer loop
      vertex -8.17 1.22098 -0.872681
      vertex -7.57 1.46655 -0.802902
      vertex -7.57 1.22098 -0.872681
    endloop
  endfacet
  facet normal 0 0.273331 -0.96192
    outer loop
      vertex -7.57 1.46655 -0.802902
      vertex -8.17 1.22098 -0.872681
      vertex -8.17 1.46655 -0.802902
    endloop
  endfacet
  facet normal 0 0.502089 -0.864816
    outer loop
      vertex -8.17 1.46655 -0.802902
      vertex -7.57 1.6669 -0.686584
      vertex -7.57 1.46655 -0.802902
    endloop
  endfacet
  facet normal 0 0.502089 -0.864816
    outer loop
      vertex -7.57 1.6669 -0.686584
      vertex -8.17 1.46655 -0.802902
      vertex -8.17 1.6669 -0.686584
    endloop
  endfacet
  facet normal 0 0.729534 -0.683944
    outer loop
      vertex -7.57 1.6669 -0.686584
      vertex -8.17 1.81503 -0.52858
      vertex -7.57 1.81503 -0.52858
    endloop
  endfacet
  facet normal 0 0.729534 -0.683944
    outer loop
      vertex -8.17 1.81503 -0.52858
      vertex -7.57 1.6669 -0.686584
      vertex -8.17 1.6669 -0.686584
    endloop
  endfacet
  facet normal 0 0.909851 -0.414935
    outer loop
      vertex -7.57 1.81503 -0.52858
      vertex -8.17 1.9039 -0.33371
      vertex -7.57 1.9039 -0.33371
    endloop
  endfacet
  facet normal 0 0.909851 -0.414935
    outer loop
      vertex -8.17 1.9039 -0.33371
      vertex -7.57 1.81503 -0.52858
      vertex -8.17 1.81503 -0.52858
    endloop
  endfacet
  facet normal 0 0.991925 -0.126828
    outer loop
      vertex -7.57 1.9039 -0.33371
      vertex -8.17 1.93353 -0.101974
      vertex -7.57 1.93353 -0.101974
    endloop
  endfacet
  facet normal 0 0.991925 -0.126828
    outer loop
      vertex -8.17 1.93353 -0.101974
      vertex -7.57 1.9039 -0.33371
      vertex -8.17 1.9039 -0.33371
    endloop
  endfacet
  facet normal 0 0.988801 0.149241
    outer loop
      vertex -7.57 1.93353 -0.101974
      vertex -8.17 1.89819 0.132172
      vertex -7.57 1.89819 0.132172
    endloop
  endfacet
  facet normal 0 0.988801 0.149241
    outer loop
      vertex -8.17 1.89819 0.132172
      vertex -7.57 1.93353 -0.101974
      vertex -8.17 1.93353 -0.101974
    endloop
  endfacet
  facet normal 0 1 -0
    outer loop
      vertex 0.183533 7.57 1.98299
      vertex -0.026886 7.57 2.88911
      vertex 0.489899 7.57 2.84392
    endloop
  endfacet
  facet normal 0 1 0
    outer loop
      vertex 0.364578 7.57 1.91911
      vertex 0.489899 7.57 2.84392
      vertex 0.929031 7.57 2.70828
    endloop
  endfacet
  facet normal 0 1 0
    outer loop
      vertex -0.026886 7.57 2.88911
      vertex 0.183533 7.57 1.98299
      vertex -0.0348053 7.57 2.00427
    endloop
  endfacet
  facet normal 0 1 0
    outer loop
      vertex 0.508316 7.57 1.81268
      vertex 0.929031 7.57 2.70828
      vertex 1.29047 7.57 2.48222
    endloop
  endfacet
  facet normal 0 1 -0
    outer loop
      vertex -0.440796 7.57 1.92351
      vertex -0.580826 7.57 2.84348
      vertex -0.0348053 7.57 2.00427
    endloop
  endfacet
  facet normal 0 1 0
    outer loop
      vertex 0.618713 7.57 1.66367
      vertex 1.29047 7.57 2.48222
      vertex 1.56984 7.57 2.17018
    endloop
  endfacet
  facet normal 0 1 0
    outer loop
      vertex -0.580826 7.57 2.84348
      vertex -0.440796 7.57 1.92351
      vertex -1.04169 7.57 2.70653
    endloop
  endfacet
  facet normal 0 1 -0
    outer loop
      vertex -0.684387 7.57 1.68121
      vertex -1.04169 7.57 2.70653
      vertex -0.440796 7.57 1.92351
    endloop
  endfacet
  facet normal 0 1 0
    outer loop
      vertex -0.026886 7.57 2.88911
      vertex -0.0348053 7.57 2.00427
      vertex -0.580826 7.57 2.84348
    endloop
  endfacet
  facet normal 0 1 0
    outer loop
      vertex 0.489899 7.57 2.84392
      vertex 0.364578 7.57 1.91911
      vertex 0.183533 7.57 1.98299
    endloop
  endfacet
  facet normal 0 1 0
    outer loop
      vertex 0.929031 7.57 2.70828
      vertex 0.508316 7.57 1.81268
      vertex 0.364578 7.57 1.91911
    endloop
  endfacet
  facet normal 0 1 0
    outer loop
      vertex 0.699692 7.57 1.47208
      vertex 1.56984 7.57 2.17018
      vertex 1.76276 7.57 1.77647
    endloop
  endfacet
  facet normal 0 1 0
    outer loop
      vertex 1.29047 7.57 2.48222
      vertex 0.618713 7.57 1.66367
      vertex 0.508316 7.57 1.81268
    endloop
  endfacet
  facet normal 0 1 0
    outer loop
      vertex 1.56984 7.57 2.17018
      vertex 0.699692 7.57 1.47208
      vertex 0.618713 7.57 1.66367
    endloop
  endfacet
  facet normal 0 1 0
    outer loop
      vertex 0.751282 7.57 1.23792
      vertex 1.76276 7.57 1.77647
      vertex 1.8692 7.57 1.30112
    endloop
  endfacet
  facet normal 0 1 0
    outer loop
      vertex 1.76276 7.57 1.77647
      vertex 0.751282 7.57 1.23792
      vertex 0.699692 7.57 1.47208
    endloop
  endfacet
  facet normal 0 1 0
    outer loop
      vertex -1.04169 7.57 2.70653
      vertex -0.684387 7.57 1.68121
      vertex -1.4095 7.57 2.47827
    endloop
  endfacet
  facet normal 0 1 0
    outer loop
      vertex -1.4095 7.57 2.47827
      vertex -0.684387 7.57 1.68121
      vertex -1.67723 7.57 2.16753
    endloop
  endfacet
  facet normal 0 1 0
    outer loop
      vertex -1.67723 7.57 2.16753
      vertex -0.684387 7.57 1.68121
      vertex -1.83788 7.57 1.78305
    endloop
  endfacet
  facet normal 0 1 -0
    outer loop
      vertex -0.765579 7.57 1.2774
      vertex -1.83788 7.57 1.78305
      vertex -0.684387 7.57 1.68121
    endloop
  endfacet
  facet normal 0 1 0
    outer loop
      vertex -1.83788 7.57 1.78305
      vertex -0.765579 7.57 1.2774
      vertex -1.89142 7.57 1.32481
    endloop
  endfacet
  facet normal 0 1 0
    outer loop
      vertex -1.8743 7.57 1.07246
      vertex -0.765579 7.57 1.2774
      vertex -0.739471 7.57 1.07858
    endloop
  endfacet
  facet normal 0 1 0
    outer loop
      vertex -0.765579 7.57 1.2774
      vertex -1.8743 7.57 1.07246
      vertex -1.89142 7.57 1.32481
    endloop
  endfacet
  facet normal 0 1 0
    outer loop
      vertex -1.73735 7.57 0.617752
      vertex -0.739471 7.57 1.07858
      vertex -0.661118 7.57 0.877121
    endloop
  endfacet
  facet normal 0 1 0
    outer loop
      vertex -0.739471 7.57 1.07858
      vertex -1.82294 7.57 0.836777
      vertex -1.8743 7.57 1.07246
    endloop
  endfacet
  facet normal 0 1 0
    outer loop
      vertex -1.49333 7.57 0.218323
      vertex -0.661118 7.57 0.877121
      vertex -0.530533 7.57 0.673035
    endloop
  endfacet
  facet normal 0 1 0
    outer loop
      vertex -0.739471 7.57 1.07858
      vertex -1.73735 7.57 0.617752
      vertex -1.82294 7.57 0.836777
    endloop
  endfacet
  facet normal 0 1 0
    outer loop
      vertex -1.17575 7.57 -0.138947
      vertex -0.530533 7.57 0.673035
      vertex -0.335022 7.57 0.449203
    endloop
  endfacet
  facet normal 0 1 0
    outer loop
      vertex -0.661118 7.57 0.877121
      vertex -1.625 7.57 0.412567
      vertex -1.73735 7.57 0.617752
    endloop
  endfacet
  facet normal 0 1 0
    outer loop
      vertex -0.661118 7.57 0.877121
      vertex -1.49333 7.57 0.218323
      vertex -1.625 7.57 0.412567
    endloop
  endfacet
  facet normal 0 1 0
    outer loop
      vertex -0.807053 7.57 -0.464615
      vertex -0.335022 7.57 0.449203
      vertex -0.0617981 7.57 0.188477
    endloop
  endfacet
  facet normal 0 1 0
    outer loop
      vertex -0.530533 7.57 0.673035
      vertex -1.34233 7.57 0.0350647
      vertex -1.49333 7.57 0.218323
    endloop
  endfacet
  facet normal 0 1 0
    outer loop
      vertex -0.422562 7.57 -0.770111
      vertex -0.0617981 7.57 0.188477
      vertex 0.289108 7.57 -0.1091
    endloop
  endfacet
  facet normal 0 1 0
    outer loop
      vertex -0.530533 7.57 0.673035
      vertex -1.17575 7.57 -0.138947
      vertex -1.34233 7.57 0.0350647
    endloop
  endfacet
  facet normal 0 1 0
    outer loop
      vertex -0.335022 7.57 0.449203
      vertex -0.99733 7.57 -0.305511
      vertex -1.17575 7.57 -0.138947
    endloop
  endfacet
  facet normal 0 1 0
    outer loop
      vertex -0.0574036 7.57 -1.06682
      vertex 0.289108 7.57 -0.1091
      vertex 0.671631 7.57 -0.433884
    endloop
  endfacet
  facet normal 0 1 0
    outer loop
      vertex -0.335022 7.57 0.449203
      vertex -0.807053 7.57 -0.464615
      vertex -0.99733 7.57 -0.305511
    endloop
  endfacet
  facet normal 0 1 0
    outer loop
      vertex -0.0617981 7.57 0.188477
      vertex -0.612839 7.57 -0.618668
      vertex -0.807053 7.57 -0.464615
    endloop
  endfacet
  facet normal 0 1 0
    outer loop
      vertex 0.110458 7.57 -1.21559
      vertex 0.671631 7.57 -0.433884
      vertex 1.00806 7.57 -0.749893
    endloop
  endfacet
  facet normal 0 1 0
    outer loop
      vertex -0.0617981 7.57 0.188477
      vertex -0.422562 7.57 -0.770111
      vertex -0.612839 7.57 -0.618668
    endloop
  endfacet
  facet normal 0 1 0
    outer loop
      vertex 0.289108 7.57 -0.1091
      vertex -0.236252 7.57 -0.918915
      vertex -0.422562 7.57 -0.770111
    endloop
  endfacet
  facet normal 0 1 0
    outer loop
      vertex 0.405853 7.57 -1.51886
      vertex 1.00806 7.57 -0.749893
      vertex 1.29839 7.57 -1.05714
    endloop
  endfacet
  facet normal 0 1 0
    outer loop
      vertex 0.289108 7.57 -0.1091
      vertex -0.0574036 7.57 -1.06682
      vertex -0.236252 7.57 -0.918915
    endloop
  endfacet
  facet normal 0 1 0
    outer loop
      vertex 0.671631 7.57 -0.433884
      vertex 0.110458 7.57 -1.21559
      vertex -0.0574036 7.57 -1.06682
    endloop
  endfacet
  facet normal 0 1 0
    outer loop
      vertex 0.518448 7.57 -1.6795
      vertex 1.29839 7.57 -1.05714
      vertex 1.54527 7.57 -1.36263
    endloop
  endfacet
  facet normal 0 1 0
    outer loop
      vertex 1.00806 7.57 -0.749893
      vertex 0.267395 7.57 -1.36525
      vertex 0.110458 7.57 -1.21559
    endloop
  endfacet
  facet normal 0 1 0
    outer loop
      vertex 1.00806 7.57 -0.749893
      vertex 0.405853 7.57 -1.51886
      vertex 0.267395 7.57 -1.36525
    endloop
  endfacet
  facet normal 0 1 0
    outer loop
      vertex 0.605133 7.57 -1.84717
      vertex 1.54527 7.57 -1.36263
      vertex 1.75133 7.57 -1.67339
    endloop
  endfacet
  facet normal 0 1 0
    outer loop
      vertex 1.29839 7.57 -1.05714
      vertex 0.518448 7.57 -1.6795
      vertex 0.405853 7.57 -1.51886
    endloop
  endfacet
  facet normal 0 1 0
    outer loop
      vertex 1.54527 7.57 -1.36263
      vertex 0.605133 7.57 -1.84717
      vertex 0.518448 7.57 -1.6795
    endloop
  endfacet
  facet normal 0 1 0
    outer loop
      vertex 1.91656 7.57 -1.98943
      vertex 0.605133 7.57 -1.84717
      vertex 1.75133 7.57 -1.67339
    endloop
  endfacet
  facet normal 0 1 -0
    outer loop
      vertex 1.91656 7.57 -2.75969
      vertex 0.605133 7.57 -1.84717
      vertex 1.91656 7.57 -1.98943
    endloop
  endfacet
  facet normal 0 1 0
    outer loop
      vertex 0.605133 7.57 -1.84717
      vertex 1.91656 7.57 -2.75969
      vertex -1.97833 7.57 -2.75969
    endloop
  endfacet
  facet normal 0 1 0
    outer loop
      vertex 0.605133 7.57 -1.84717
      vertex -1.97833 7.57 -2.75969
      vertex -1.97833 7.57 -1.84717
    endloop
  endfacet
  facet normal 0 0 -1
    outer loop
      vertex -1.97833 7.57 -1.84717
      vertex 0.605133 8.17 -1.84717
      vertex 0.605133 7.57 -1.84717
    endloop
  endfacet
  facet normal -0 0 -1
    outer loop
      vertex 0.605133 8.17 -1.84717
      vertex -1.97833 7.57 -1.84717
      vertex -1.97833 8.17 -1.84717
    endloop
  endfacet
  facet normal 0.888306 -0 0.459252
    outer loop
      vertex 0.518448 7.57 -1.6795
      vertex 0.605133 8.17 -1.84717
      vertex 0.518448 8.17 -1.6795
    endloop
  endfacet
  facet normal 0.888306 0 0.459252
    outer loop
      vertex 0.605133 8.17 -1.84717
      vertex 0.518448 7.57 -1.6795
      vertex 0.605133 7.57 -1.84717
    endloop
  endfacet
  facet normal 0.81888 -0 0.573965
    outer loop
      vertex 0.405853 7.57 -1.51886
      vertex 0.518448 8.17 -1.6795
      vertex 0.405853 8.17 -1.51886
    endloop
  endfacet
  facet normal 0.81888 0 0.573965
    outer loop
      vertex 0.518448 8.17 -1.6795
      vertex 0.405853 7.57 -1.51886
      vertex 0.518448 7.57 -1.6795
    endloop
  endfacet
  facet normal 0.742791 -0 0.669523
    outer loop
      vertex 0.267395 7.57 -1.36525
      vertex 0.405853 8.17 -1.51886
      vertex 0.267395 8.17 -1.36525
    endloop
  endfacet
  facet normal 0.742791 0 0.669523
    outer loop
      vertex 0.405853 8.17 -1.51886
      vertex 0.267395 7.57 -1.36525
      vertex 0.405853 7.57 -1.51886
    endloop
  endfacet
  facet normal 0.690129 0 0.723686
    outer loop
      vertex 0.110458 8.17 -1.21559
      vertex 0.267395 7.57 -1.36525
      vertex 0.267395 8.17 -1.36525
    endloop
  endfacet
  facet normal 0.690129 0 0.723686
    outer loop
      vertex 0.267395 7.57 -1.36525
      vertex 0.110458 8.17 -1.21559
      vertex 0.110458 7.57 -1.21559
    endloop
  endfacet
  facet normal 0.663267 0 0.748383
    outer loop
      vertex -0.0574036 8.17 -1.06682
      vertex 0.110458 7.57 -1.21559
      vertex 0.110458 8.17 -1.21559
    endloop
  endfacet
  facet normal 0.663267 0 0.748383
    outer loop
      vertex 0.110458 7.57 -1.21559
      vertex -0.0574036 8.17 -1.06682
      vertex -0.0574036 7.57 -1.06682
    endloop
  endfacet
  facet normal 0.637293 0 0.770622
    outer loop
      vertex -0.236252 8.17 -0.918915
      vertex -0.0574036 7.57 -1.06682
      vertex -0.0574036 8.17 -1.06682
    endloop
  endfacet
  facet normal 0.637293 0 0.770622
    outer loop
      vertex -0.0574036 7.57 -1.06682
      vertex -0.236252 8.17 -0.918915
      vertex -0.236252 7.57 -0.918915
    endloop
  endfacet
  facet normal 0.624071 0 0.781368
    outer loop
      vertex -0.422562 8.17 -0.770111
      vertex -0.236252 7.57 -0.918915
      vertex -0.236252 8.17 -0.918915
    endloop
  endfacet
  facet normal 0.624071 0 0.781368
    outer loop
      vertex -0.236252 7.57 -0.918915
      vertex -0.422562 8.17 -0.770111
      vertex -0.422562 7.57 -0.770111
    endloop
  endfacet
  facet normal 0.622741 0 0.782428
    outer loop
      vertex -0.612839 8.17 -0.618668
      vertex -0.422562 7.57 -0.770111
      vertex -0.422562 8.17 -0.770111
    endloop
  endfacet
  facet normal 0.622741 0 0.782428
    outer loop
      vertex -0.422562 7.57 -0.770111
      vertex -0.612839 8.17 -0.618668
      vertex -0.612839 7.57 -0.618668
    endloop
  endfacet
  facet normal 0.621447 0 0.783456
    outer loop
      vertex -0.807053 8.17 -0.464615
      vertex -0.612839 7.57 -0.618668
      vertex -0.612839 8.17 -0.618668
    endloop
  endfacet
  facet normal 0.621447 0 0.783456
    outer loop
      vertex -0.612839 7.57 -0.618668
      vertex -0.807053 8.17 -0.464615
      vertex -0.807053 7.57 -0.464615
    endloop
  endfacet
  facet normal 0.641468 0 0.76715
    outer loop
      vertex -0.99733 8.17 -0.305511
      vertex -0.807053 7.57 -0.464615
      vertex -0.807053 8.17 -0.464615
    endloop
  endfacet
  facet normal 0.641468 0 0.76715
    outer loop
      vertex -0.807053 7.57 -0.464615
      vertex -0.99733 8.17 -0.305511
      vertex -0.99733 7.57 -0.305511
    endloop
  endfacet
  facet normal 0.682403 0 0.730976
    outer loop
      vertex -1.17575 8.17 -0.138947
      vertex -0.99733 7.57 -0.305511
      vertex -0.99733 8.17 -0.305511
    endloop
  endfacet
  facet normal 0.682403 0 0.730976
    outer loop
      vertex -0.99733 7.57 -0.305511
      vertex -1.17575 8.17 -0.138947
      vertex -1.17575 7.57 -0.138947
    endloop
  endfacet
  facet normal 0.722364 -0 0.691513
    outer loop
      vertex -1.34233 7.57 0.0350647
      vertex -1.17575 8.17 -0.138947
      vertex -1.34233 8.17 0.0350647
    endloop
  endfacet
  facet normal 0.722364 0 0.691513
    outer loop
      vertex -1.17575 8.17 -0.138947
      vertex -1.34233 7.57 0.0350647
      vertex -1.17575 7.57 -0.138947
    endloop
  endfacet
  facet normal 0.771762 -0 0.635911
    outer loop
      vertex -1.49333 7.57 0.218323
      vertex -1.34233 8.17 0.0350647
      vertex -1.49333 8.17 0.218323
    endloop
  endfacet
  facet normal 0.771762 0 0.635911
    outer loop
      vertex -1.34233 8.17 0.0350647
      vertex -1.49333 7.57 0.218323
      vertex -1.34233 7.57 0.0350647
    endloop
  endfacet
  facet normal 0.82775 -0 0.561097
    outer loop
      vertex -1.625 7.57 0.412567
      vertex -1.49333 8.17 0.218323
      vertex -1.625 8.17 0.412567
    endloop
  endfacet
  facet normal 0.82775 0 0.561097
    outer loop
      vertex -1.49333 8.17 0.218323
      vertex -1.625 7.57 0.412567
      vertex -1.49333 7.57 0.218323
    endloop
  endfacet
  facet normal 0.87712 -0 0.480271
    outer loop
      vertex -1.73735 7.57 0.617752
      vertex -1.625 8.17 0.412567
      vertex -1.73735 8.17 0.617752
    endloop
  endfacet
  facet normal 0.87712 0 0.480271
    outer loop
      vertex -1.625 8.17 0.412567
      vertex -1.73735 7.57 0.617752
      vertex -1.625 7.57 0.412567
    endloop
  endfacet
  facet normal 0.931409 -0 0.363974
    outer loop
      vertex -1.82294 7.57 0.836777
      vertex -1.73735 8.17 0.617752
      vertex -1.82294 8.17 0.836777
    endloop
  endfacet
  facet normal 0.931409 0 0.363974
    outer loop
      vertex -1.73735 8.17 0.617752
      vertex -1.82294 7.57 0.836777
      vertex -1.73735 7.57 0.617752
    endloop
  endfacet
  facet normal 0.977069 -0 0.212923
    outer loop
      vertex -1.8743 7.57 1.07246
      vertex -1.82294 8.17 0.836777
      vertex -1.8743 8.17 1.07246
    endloop
  endfacet
  facet normal 0.977069 0 0.212923
    outer loop
      vertex -1.82294 8.17 0.836777
      vertex -1.8743 7.57 1.07246
      vertex -1.82294 7.57 0.836777
    endloop
  endfacet
  facet normal 0.997707 -0 0.0676867
    outer loop
      vertex -1.89142 7.57 1.32481
      vertex -1.8743 8.17 1.07246
      vertex -1.89142 8.17 1.32481
    endloop
  endfacet
  facet normal 0.997707 0 0.0676867
    outer loop
      vertex -1.8743 8.17 1.07246
      vertex -1.89142 7.57 1.32481
      vertex -1.8743 7.57 1.07246
    endloop
  endfacet
  facet normal 0.993243 0 -0.116049
    outer loop
      vertex -1.83788 7.57 1.78305
      vertex -1.89142 8.17 1.32481
      vertex -1.83788 8.17 1.78305
    endloop
  endfacet
  facet normal 0.993243 0 -0.116049
    outer loop
      vertex -1.89142 8.17 1.32481
      vertex -1.83788 7.57 1.78305
      vertex -1.89142 7.57 1.32481
    endloop
  endfacet
  facet normal 0.922693 0 -0.385535
    outer loop
      vertex -1.67723 7.57 2.16753
      vertex -1.83788 8.17 1.78305
      vertex -1.67723 8.17 2.16753
    endloop
  endfacet
  facet normal 0.922693 0 -0.385535
    outer loop
      vertex -1.83788 8.17 1.78305
      vertex -1.67723 7.57 2.16753
      vertex -1.83788 7.57 1.78305
    endloop
  endfacet
  facet normal 0.75759 0 -0.652731
    outer loop
      vertex -1.4095 7.57 2.47827
      vertex -1.67723 8.17 2.16753
      vertex -1.4095 8.17 2.47827
    endloop
  endfacet
  facet normal 0.75759 0 -0.652731
    outer loop
      vertex -1.67723 8.17 2.16753
      vertex -1.4095 7.57 2.47827
      vertex -1.67723 7.57 2.16753
    endloop
  endfacet
  facet normal 0.527303 0 -0.849677
    outer loop
      vertex -1.4095 7.57 2.47827
      vertex -1.04169 8.17 2.70653
      vertex -1.04169 7.57 2.70653
    endloop
  endfacet
  facet normal 0.527303 0 -0.849677
    outer loop
      vertex -1.04169 8.17 2.70653
      vertex -1.4095 7.57 2.47827
      vertex -1.4095 8.17 2.47827
    endloop
  endfacet
  facet normal 0.284849 0 -0.958572
    outer loop
      vertex -1.04169 7.57 2.70653
      vertex -0.580826 8.17 2.84348
      vertex -0.580826 7.57 2.84348
    endloop
  endfacet
  facet normal 0.284849 0 -0.958572
    outer loop
      vertex -0.580826 8.17 2.84348
      vertex -1.04169 7.57 2.70653
      vertex -1.04169 8.17 2.70653
    endloop
  endfacet
  facet normal 0.0820955 0 -0.996624
    outer loop
      vertex -0.580826 7.57 2.84348
      vertex -0.026886 8.17 2.88911
      vertex -0.026886 7.57 2.88911
    endloop
  endfacet
  facet normal 0.0820955 0 -0.996624
    outer loop
      vertex -0.026886 8.17 2.88911
      vertex -0.580826 7.57 2.84348
      vertex -0.580826 8.17 2.84348
    endloop
  endfacet
  facet normal -0.0871121 0 -0.996199
    outer loop
      vertex -0.026886 7.57 2.88911
      vertex 0.489899 8.17 2.84392
      vertex 0.489899 7.57 2.84392
    endloop
  endfacet
  facet normal -0.0871121 0 -0.996199
    outer loop
      vertex 0.489899 8.17 2.84392
      vertex -0.026886 7.57 2.88911
      vertex -0.026886 8.17 2.88911
    endloop
  endfacet
  facet normal -0.295124 0 -0.955459
    outer loop
      vertex 0.489899 7.57 2.84392
      vertex 0.929031 8.17 2.70828
      vertex 0.929031 7.57 2.70828
    endloop
  endfacet
  facet normal -0.295124 0 -0.955459
    outer loop
      vertex 0.929031 8.17 2.70828
      vertex 0.489899 7.57 2.84392
      vertex 0.489899 8.17 2.84392
    endloop
  endfacet
  facet normal -0.53027 0 -0.847829
    outer loop
      vertex 0.929031 7.57 2.70828
      vertex 1.29047 8.17 2.48222
      vertex 1.29047 7.57 2.48222
    endloop
  endfacet
  facet normal -0.53027 0 -0.847829
    outer loop
      vertex 1.29047 8.17 2.48222
      vertex 0.929031 7.57 2.70828
      vertex 0.929031 8.17 2.70828
    endloop
  endfacet
  facet normal -0.745032 0 -0.667029
    outer loop
      vertex 1.56984 7.57 2.17018
      vertex 1.29047 8.17 2.48222
      vertex 1.56984 8.17 2.17018
    endloop
  endfacet
  facet normal -0.745032 -0 -0.667029
    outer loop
      vertex 1.29047 8.17 2.48222
      vertex 1.56984 7.57 2.17018
      vertex 1.29047 7.57 2.48222
    endloop
  endfacet
  facet normal -0.897988 0 -0.440019
    outer loop
      vertex 1.76276 7.57 1.77647
      vertex 1.56984 8.17 2.17018
      vertex 1.76276 8.17 1.77647
    endloop
  endfacet
  facet normal -0.897988 -0 -0.440019
    outer loop
      vertex 1.56984 8.17 2.17018
      vertex 1.76276 7.57 1.77647
      vertex 1.56984 7.57 2.17018
    endloop
  endfacet
  facet normal -0.975835 0 -0.218508
    outer loop
      vertex 1.8692 7.57 1.30112
      vertex 1.76276 8.17 1.77647
      vertex 1.8692 8.17 1.30112
    endloop
  endfacet
  facet normal -0.975835 -0 -0.218508
    outer loop
      vertex 1.76276 8.17 1.77647
      vertex 1.8692 7.57 1.30112
      vertex 1.76276 7.57 1.77647
    endloop
  endfacet
  facet normal -0.0564435 0 0.998406
    outer loop
      vertex 0.751282 8.17 1.23792
      vertex 1.8692 7.57 1.30112
      vertex 1.8692 8.17 1.30112
    endloop
  endfacet
  facet normal -0.0564435 0 0.998406
    outer loop
      vertex 1.8692 7.57 1.30112
      vertex 0.751282 8.17 1.23792
      vertex 0.751282 7.57 1.23792
    endloop
  endfacet
  facet normal 0.976579 -0 0.215159
    outer loop
      vertex 0.699692 7.57 1.47208
      vertex 0.751282 8.17 1.23792
      vertex 0.699692 8.17 1.47208
    endloop
  endfacet
  facet normal 0.976579 0 0.215159
    outer loop
      vertex 0.751282 8.17 1.23792
      vertex 0.699692 7.57 1.47208
      vertex 0.751282 7.57 1.23792
    endloop
  endfacet
  facet normal 0.921102 -0 0.389321
    outer loop
      vertex 0.618713 7.57 1.66367
      vertex 0.699692 8.17 1.47208
      vertex 0.618713 8.17 1.66367
    endloop
  endfacet
  facet normal 0.921102 0 0.389321
    outer loop
      vertex 0.699692 8.17 1.47208
      vertex 0.618713 7.57 1.66367
      vertex 0.699692 7.57 1.47208
    endloop
  endfacet
  facet normal 0.803508 -0 0.595294
    outer loop
      vertex 0.508316 7.57 1.81268
      vertex 0.618713 8.17 1.66367
      vertex 0.508316 8.17 1.81268
    endloop
  endfacet
  facet normal 0.803508 0 0.595294
    outer loop
      vertex 0.618713 8.17 1.66367
      vertex 0.508316 7.57 1.81268
      vertex 0.618713 7.57 1.66367
    endloop
  endfacet
  facet normal 0.595074 0 0.803671
    outer loop
      vertex 0.364578 8.17 1.91911
      vertex 0.508316 7.57 1.81268
      vertex 0.508316 8.17 1.81268
    endloop
  endfacet
  facet normal 0.595074 0 0.803671
    outer loop
      vertex 0.508316 7.57 1.81268
      vertex 0.364578 8.17 1.91911
      vertex 0.364578 7.57 1.91911
    endloop
  endfacet
  facet normal 0.332736 0 0.94302
    outer loop
      vertex 0.183533 8.17 1.98299
      vertex 0.364578 7.57 1.91911
      vertex 0.364578 8.17 1.91911
    endloop
  endfacet
  facet normal 0.332736 0 0.94302
    outer loop
      vertex 0.364578 7.57 1.91911
      vertex 0.183533 8.17 1.98299
      vertex 0.183533 7.57 1.98299
    endloop
  endfacet
  facet normal 0.0970038 0 0.995284
    outer loop
      vertex -0.0348053 8.17 2.00427
      vertex 0.183533 7.57 1.98299
      vertex 0.183533 8.17 1.98299
    endloop
  endfacet
  facet normal 0.0970038 0 0.995284
    outer loop
      vertex 0.183533 7.57 1.98299
      vertex -0.0348053 8.17 2.00427
      vertex -0.0348053 7.57 2.00427
    endloop
  endfacet
  facet normal -0.195098 0 0.980784
    outer loop
      vertex -0.440796 8.17 1.92351
      vertex -0.0348053 7.57 2.00427
      vertex -0.0348053 8.17 2.00427
    endloop
  endfacet
  facet normal -0.195098 0 0.980784
    outer loop
      vertex -0.0348053 7.57 2.00427
      vertex -0.440796 8.17 1.92351
      vertex -0.440796 7.57 1.92351
    endloop
  endfacet
  facet normal -0.705226 0 0.708983
    outer loop
      vertex -0.684387 8.17 1.68121
      vertex -0.440796 7.57 1.92351
      vertex -0.440796 8.17 1.92351
    endloop
  endfacet
  facet normal -0.705226 0 0.708983
    outer loop
      vertex -0.440796 7.57 1.92351
      vertex -0.684387 8.17 1.68121
      vertex -0.684387 7.57 1.68121
    endloop
  endfacet
  facet normal -0.980379 0 0.19712
    outer loop
      vertex -0.765579 7.57 1.2774
      vertex -0.684387 8.17 1.68121
      vertex -0.765579 8.17 1.2774
    endloop
  endfacet
  facet normal -0.980379 0 0.19712
    outer loop
      vertex -0.684387 8.17 1.68121
      vertex -0.765579 7.57 1.2774
      vertex -0.684387 7.57 1.68121
    endloop
  endfacet
  facet normal -0.991488 0 -0.130197
    outer loop
      vertex -0.739471 7.57 1.07858
      vertex -0.765579 8.17 1.2774
      vertex -0.739471 8.17 1.07858
    endloop
  endfacet
  facet normal -0.991488 -0 -0.130197
    outer loop
      vertex -0.765579 8.17 1.2774
      vertex -0.739471 7.57 1.07858
      vertex -0.765579 7.57 1.2774
    endloop
  endfacet
  facet normal -0.931992 0 -0.362478
    outer loop
      vertex -0.661118 7.57 0.877121
      vertex -0.739471 8.17 1.07858
      vertex -0.661118 8.17 0.877121
    endloop
  endfacet
  facet normal -0.931992 -0 -0.362478
    outer loop
      vertex -0.739471 8.17 1.07858
      vertex -0.661118 7.57 0.877121
      vertex -0.739471 7.57 1.07858
    endloop
  endfacet
  facet normal -0.842328 0 -0.538966
    outer loop
      vertex -0.530533 7.57 0.673035
      vertex -0.661118 8.17 0.877121
      vertex -0.530533 8.17 0.673035
    endloop
  endfacet
  facet normal -0.842328 -0 -0.538966
    outer loop
      vertex -0.661118 8.17 0.877121
      vertex -0.530533 7.57 0.673035
      vertex -0.661118 7.57 0.877121
    endloop
  endfacet
  facet normal -0.753147 0 -0.657853
    outer loop
      vertex -0.335022 7.57 0.449203
      vertex -0.530533 8.17 0.673035
      vertex -0.335022 8.17 0.449203
    endloop
  endfacet
  facet normal -0.753147 -0 -0.657853
    outer loop
      vertex -0.530533 8.17 0.673035
      vertex -0.335022 7.57 0.449203
      vertex -0.530533 7.57 0.673035
    endloop
  endfacet
  facet normal -0.690367 0 -0.72346
    outer loop
      vertex -0.335022 7.57 0.449203
      vertex -0.0617981 8.17 0.188477
      vertex -0.0617981 7.57 0.188477
    endloop
  endfacet
  facet normal -0.690367 0 -0.72346
    outer loop
      vertex -0.0617981 8.17 0.188477
      vertex -0.335022 7.57 0.449203
      vertex -0.335022 8.17 0.449203
    endloop
  endfacet
  facet normal -0.646773 0 -0.762682
    outer loop
      vertex -0.0617981 7.57 0.188477
      vertex 0.289108 8.17 -0.1091
      vertex 0.289108 7.57 -0.1091
    endloop
  endfacet
  facet normal -0.646773 0 -0.762682
    outer loop
      vertex 0.289108 8.17 -0.1091
      vertex -0.0617981 7.57 0.188477
      vertex -0.0617981 8.17 0.188477
    endloop
  endfacet
  facet normal -0.647231 0 -0.762294
    outer loop
      vertex 0.289108 7.57 -0.1091
      vertex 0.671631 8.17 -0.433884
      vertex 0.671631 7.57 -0.433884
    endloop
  endfacet
  facet normal -0.647231 0 -0.762294
    outer loop
      vertex 0.671631 8.17 -0.433884
      vertex 0.289108 7.57 -0.1091
      vertex 0.289108 8.17 -0.1091
    endloop
  endfacet
  facet normal -0.684641 0 -0.728881
    outer loop
      vertex 0.671631 7.57 -0.433884
      vertex 1.00806 8.17 -0.749893
      vertex 1.00806 7.57 -0.749893
    endloop
  endfacet
  facet normal -0.684641 0 -0.728881
    outer loop
      vertex 1.00806 8.17 -0.749893
      vertex 0.671631 7.57 -0.433884
      vertex 0.671631 8.17 -0.433884
    endloop
  endfacet
  facet normal -0.726833 0 -0.686814
    outer loop
      vertex 1.29839 7.57 -1.05714
      vertex 1.00806 8.17 -0.749893
      vertex 1.29839 8.17 -1.05714
    endloop
  endfacet
  facet normal -0.726833 -0 -0.686814
    outer loop
      vertex 1.00806 8.17 -0.749893
      vertex 1.29839 7.57 -1.05714
      vertex 1.00806 7.57 -0.749893
    endloop
  endfacet
  facet normal -0.777769 0 -0.62855
    outer loop
      vertex 1.54527 7.57 -1.36263
      vertex 1.29839 8.17 -1.05714
      vertex 1.54527 8.17 -1.36263
    endloop
  endfacet
  facet normal -0.777769 -0 -0.62855
    outer loop
      vertex 1.29839 8.17 -1.05714
      vertex 1.54527 7.57 -1.36263
      vertex 1.29839 7.57 -1.05714
    endloop
  endfacet
  facet normal -0.833426 0 -0.552631
    outer loop
      vertex 1.75133 7.57 -1.67339
      vertex 1.54527 8.17 -1.36263
      vertex 1.75133 8.17 -1.67339
    endloop
  endfacet
  facet normal -0.833426 -0 -0.552631
    outer loop
      vertex 1.54527 8.17 -1.36263
      vertex 1.75133 7.57 -1.67339
      vertex 1.54527 7.57 -1.36263
    endloop
  endfacet
  facet normal -0.886194 0 -0.463314
    outer loop
      vertex 1.91656 7.57 -1.98943
      vertex 1.75133 8.17 -1.67339
      vertex 1.91656 8.17 -1.98943
    endloop
  endfacet
  facet normal -0.886194 -0 -0.463314
    outer loop
      vertex 1.75133 8.17 -1.67339
      vertex 1.91656 7.57 -1.98943
      vertex 1.75133 7.57 -1.67339
    endloop
  endfacet
  facet normal -1 0 0
    outer loop
      vertex 1.91656 7.57 -2.75969
      vertex 1.91656 8.17 -1.98943
      vertex 1.91656 8.17 -2.75969
    endloop
  endfacet
  facet normal -1 -0 0
    outer loop
      vertex 1.91656 8.17 -1.98943
      vertex 1.91656 7.57 -2.75969
      vertex 1.91656 7.57 -1.98943
    endloop
  endfacet
  facet normal -0 0 1
    outer loop
      vertex -1.97833 8.17 -2.75969
      vertex 1.91656 7.57 -2.75969
      vertex 1.91656 8.17 -2.75969
    endloop
  endfacet
  facet normal 0 0 1
    outer loop
      vertex 1.91656 7.57 -2.75969
      vertex -1.97833 8.17 -2.75969
      vertex -1.97833 7.57 -2.75969
    endloop
  endfacet
  facet normal 1 -0 0
    outer loop
      vertex -1.97833 7.57 -1.84717
      vertex -1.97833 8.17 -2.75969
      vertex -1.97833 8.17 -1.84717
    endloop
  endfacet
  facet normal 1 0 0
    outer loop
      vertex -1.97833 8.17 -2.75969
      vertex -1.97833 7.57 -1.84717
      vertex -1.97833 7.57 -2.75969
    endloop
  endfacet
  facet normal 0 -1 0
    outer loop
      vertex -1.75319 -7.57 -2.06248
      vertex -1.75319 -7.57 -2.88809
      vertex 0.585327 -7.57 -2.06248
    endloop
  endfacet
  facet normal 0 -1 0
    outer loop
      vertex -0.284775 -7.57 1.84647
      vertex -0.0150604 -7.57 2.75676
      vertex -0.609558 -7.57 2.69861
    endloop
  endfacet
  facet normal 0 -1 0
    outer loop
      vertex 0.184219 -7.57 1.85788
      vertex -0.0150604 -7.57 2.75676
      vertex -0.026886 -7.57 1.87587
    endloop
  endfacet
  facet normal 0 -1 0
    outer loop
      vertex -0.505325 -7.57 1.75826
      vertex -0.609558 -7.57 2.69861
      vertex -1.1132 -7.57 2.52414
    endloop
  endfacet
  facet normal 0 -1 0
    outer loop
      vertex -0.0150604 -7.57 2.75676
      vertex 0.184219 -7.57 1.85788
      vertex 0.506119 -7.57 2.71484
    endloop
  endfacet
  facet normal 0 -1 0
    outer loop
      vertex -0.688568 -7.57 1.61124
      vertex -1.1132 -7.57 2.52414
      vertex -1.526 -7.57 2.23337
    endloop
  endfacet
  facet normal 0 -1 0
    outer loop
      vertex 0.369888 -7.57 1.80389
      vertex 0.506119 -7.57 2.71484
      vertex 0.184219 -7.57 1.85788
    endloop
  endfacet
  facet normal 0 -1 -0
    outer loop
      vertex 0.506119 -7.57 2.71484
      vertex 0.369888 -7.57 1.80389
      vertex 0.953156 -7.57 2.5891
    endloop
  endfacet
  facet normal 0 -1 0
    outer loop
      vertex -0.0150604 -7.57 2.75676
      vertex -0.284775 -7.57 1.84647
      vertex -0.026886 -7.57 1.87587
    endloop
  endfacet
  facet normal 0 -1 0
    outer loop
      vertex -0.825729 -7.57 1.40887
      vertex -1.526 -7.57 2.23337
      vertex -1.83215 -7.57 1.84427
    endloop
  endfacet
  facet normal 0 -1 0
    outer loop
      vertex -0.609558 -7.57 2.69861
      vertex -0.505325 -7.57 1.75826
      vertex -0.284775 -7.57 1.84647
    endloop
  endfacet
  facet normal 0 -1 0
    outer loop
      vertex -1.1132 -7.57 2.52414
      vertex -0.688568 -7.57 1.61124
      vertex -0.505325 -7.57 1.75826
    endloop
  endfacet
  facet normal 0 -1 0
    outer loop
      vertex -1.526 -7.57 2.23337
      vertex -0.825729 -7.57 1.40887
      vertex -0.688568 -7.57 1.61124
    endloop
  endfacet
  facet normal 0 -1 0
    outer loop
      vertex -0.90802 -7.57 1.15474
      vertex -1.83215 -7.57 1.84427
      vertex -2.01584 -7.57 1.37486
    endloop
  endfacet
  facet normal 0 -1 0
    outer loop
      vertex -1.83215 -7.57 1.84427
      vertex -0.90802 -7.57 1.15474
      vertex -0.825729 -7.57 1.40887
    endloop
  endfacet
  facet normal 0 -1 0
    outer loop
      vertex -2.01584 -7.57 1.37486
      vertex -0.93544 -7.57 0.848831
      vertex -0.90802 -7.57 1.15474
    endloop
  endfacet
  facet normal 0 -1 0
    outer loop
      vertex -2.07707 -7.57 0.825119
      vertex -0.93544 -7.57 0.848831
      vertex -2.01584 -7.57 1.37486
    endloop
  endfacet
  facet normal 0 -1 0
    outer loop
      vertex -2.07707 -7.57 0.825119
      vertex -0.909546 -7.57 0.57605
      vertex -0.93544 -7.57 0.848831
    endloop
  endfacet
  facet normal 0 -1 0
    outer loop
      vertex -2.02417 -7.57 0.298416
      vertex -0.909546 -7.57 0.57605
      vertex -2.07707 -7.57 0.825119
    endloop
  endfacet
  facet normal 0 -1 -0
    outer loop
      vertex -0.909546 -7.57 0.57605
      vertex -2.02417 -7.57 0.298416
      vertex -0.831863 -7.57 0.342346
    endloop
  endfacet
  facet normal 0 -1 0
    outer loop
      vertex -1.86549 -7.57 -0.149261
      vertex -0.831863 -7.57 0.342346
      vertex -2.02417 -7.57 0.298416
    endloop
  endfacet
  facet normal 0 -1 0
    outer loop
      vertex -1.60103 -7.57 -0.517929
      vertex -0.831863 -7.57 0.342346
      vertex -1.86549 -7.57 -0.149261
    endloop
  endfacet
  facet normal 0 -1 -0
    outer loop
      vertex -0.831863 -7.57 0.342346
      vertex -1.60103 -7.57 -0.517929
      vertex -0.702377 -7.57 0.147705
    endloop
  endfacet
  facet normal 0 -1 -0
    outer loop
      vertex -0.702377 -7.57 0.147705
      vertex -1.24838 -7.57 -0.792267
      vertex -0.526367 -7.57 0.00175476
    endloop
  endfacet
  facet normal 0 -1 0
    outer loop
      vertex -1.24838 -7.57 -0.792267
      vertex -0.702377 -7.57 0.147705
      vertex -1.60103 -7.57 -0.517929
    endloop
  endfacet
  facet normal 0 -1 0
    outer loop
      vertex 0.530106 -7.57 1.71393
      vertex 0.953156 -7.57 2.5891
      vertex 0.369888 -7.57 1.80389
    endloop
  endfacet
  facet normal 0 -1 -0
    outer loop
      vertex 0.953156 -7.57 2.5891
      vertex 0.530106 -7.57 1.71393
      vertex 1.326 -7.57 2.37952
    endloop
  endfacet
  facet normal 0 -1 0
    outer loop
      vertex 0.662628 -7.57 1.58443
      vertex 1.326 -7.57 2.37952
      vertex 0.530106 -7.57 1.71393
    endloop
  endfacet
  facet normal 0 -1 -0
    outer loop
      vertex 1.326 -7.57 2.37952
      vertex 0.662628 -7.57 1.58443
      vertex 1.61897 -7.57 2.0905
    endloop
  endfacet
  facet normal 0 -1 0
    outer loop
      vertex 0.76532 -7.57 1.41193
      vertex 1.61897 -7.57 2.0905
      vertex 0.662628 -7.57 1.58443
    endloop
  endfacet
  facet normal 0 -1 -0
    outer loop
      vertex 1.61897 -7.57 2.0905
      vertex 0.76532 -7.57 1.41193
      vertex 1.82637 -7.57 1.72643
    endloop
  endfacet
  facet normal 0 -1 0
    outer loop
      vertex 0.838135 -7.57 1.19641
      vertex 1.82637 -7.57 1.72643
      vertex 0.76532 -7.57 1.41193
    endloop
  endfacet
  facet normal 0 -1 -0
    outer loop
      vertex 1.82637 -7.57 1.72643
      vertex 0.838135 -7.57 1.19641
      vertex 1.9482 -7.57 1.28729
    endloop
  endfacet
  facet normal 0 -1 0
    outer loop
      vertex 0.676193 -7.57 -0.656219
      vertex 0.703873 -7.57 0.2444
      vertex 0.490128 -7.57 0.0447235
    endloop
  endfacet
  facet normal 0 -1 0
    outer loop
      vertex 0.676193 -7.57 -0.656219
      vertex 0.490128 -7.57 0.0447235
      vertex 0.238632 -7.57 -0.075058
    endloop
  endfacet
  facet normal 0 -1 0
    outer loop
      vertex -0.825058 -7.57 -0.956863
      vertex -0.526367 -7.57 0.00175476
      vertex -1.24838 -7.57 -0.792267
    endloop
  endfacet
  facet normal 0 -1 -0
    outer loop
      vertex -0.526367 -7.57 0.00175476
      vertex -0.825058 -7.57 -0.956863
      vertex -0.309113 -7.57 -0.0858002
    endloop
  endfacet
  facet normal 0 -1 0
    outer loop
      vertex -0.331085 -7.57 -1.01173
      vertex -0.309113 -7.57 -0.0858002
      vertex -0.825058 -7.57 -0.956863
    endloop
  endfacet
  facet normal 0 -1 -0
    outer loop
      vertex 0.703873 -7.57 0.2444
      vertex 0.676193 -7.57 -0.656219
      vertex 1.78619 -7.57 0.2444
    endloop
  endfacet
  facet normal 0 -1 0
    outer loop
      vertex 1.59268 -7.57 -2.88809
      vertex 0.676193 -7.57 -0.656219
      vertex 0.585327 -7.57 -2.06248
    endloop
  endfacet
  facet normal 0 -1 0
    outer loop
      vertex 0.676193 -7.57 -0.656219
      vertex 1.59268 -7.57 -2.88809
      vertex 1.78619 -7.57 0.2444
    endloop
  endfacet
  facet normal 0 -1 0
    outer loop
      vertex 1.59268 -7.57 -2.88809
      vertex 0.585327 -7.57 -2.06248
      vertex -1.75319 -7.57 -2.88809
    endloop
  endfacet
  facet normal 0 -1 -0
    outer loop
      vertex -0.309113 -7.57 -0.0858002
      vertex -0.331085 -7.57 -1.01173
      vertex -0.0505981 -7.57 -0.11499
    endloop
  endfacet
  facet normal -0 -1 0
    outer loop
      vertex 0.0494385 -7.57 -0.972229
      vertex -0.0505981 -7.57 -0.11499
      vertex -0.331085 -7.57 -1.01173
    endloop
  endfacet
  facet normal -0 -1 0
    outer loop
      vertex 0.385193 -7.57 -0.853729
      vertex -0.0505981 -7.57 -0.11499
      vertex 0.0494385 -7.57 -0.972229
    endloop
  endfacet
  facet normal 0 -1 0
    outer loop
      vertex -0.0505981 -7.57 -0.11499
      vertex 0.385193 -7.57 -0.853729
      vertex 0.238632 -7.57 -0.075058
    endloop
  endfacet
  facet normal 0 -1 0
    outer loop
      vertex 0.238632 -7.57 -0.075058
      vertex 0.385193 -7.57 -0.853729
      vertex 0.676193 -7.57 -0.656219
    endloop
  endfacet
  facet normal 0.327332 0 -0.944909
    outer loop
      vertex -1.1132 -8.17 2.52414
      vertex -0.609558 -7.57 2.69861
      vertex -0.609558 -8.17 2.69861
    endloop
  endfacet
  facet normal 0.327332 0 -0.944909
    outer loop
      vertex -0.609558 -7.57 2.69861
      vertex -1.1132 -8.17 2.52414
      vertex -1.1132 -7.57 2.52414
    endloop
  endfacet
  facet normal 0.575866 0 -0.817544
    outer loop
      vertex -1.526 -8.17 2.23337
      vertex -1.1132 -7.57 2.52414
      vertex -1.1132 -8.17 2.52414
    endloop
  endfacet
  facet normal 0.575866 0 -0.817544
    outer loop
      vertex -1.1132 -7.57 2.52414
      vertex -1.526 -8.17 2.23337
      vertex -1.526 -7.57 2.23337
    endloop
  endfacet
  facet normal 0.785898 0 -0.618357
    outer loop
      vertex -1.526 -8.17 2.23337
      vertex -1.83215 -7.57 1.84427
      vertex -1.526 -7.57 2.23337
    endloop
  endfacet
  facet normal 0.785898 0 -0.618357
    outer loop
      vertex -1.83215 -7.57 1.84427
      vertex -1.526 -8.17 2.23337
      vertex -1.83215 -8.17 1.84427
    endloop
  endfacet
  facet normal 0.931238 0 -0.364413
    outer loop
      vertex -1.83215 -8.17 1.84427
      vertex -2.01584 -7.57 1.37486
      vertex -1.83215 -7.57 1.84427
    endloop
  endfacet
  facet normal 0.931238 0 -0.364413
    outer loop
      vertex -2.01584 -7.57 1.37486
      vertex -1.83215 -8.17 1.84427
      vertex -2.01584 -8.17 1.37486
    endloop
  endfacet
  facet normal 0.993854 0 -0.110695
    outer loop
      vertex -2.01584 -8.17 1.37486
      vertex -2.07707 -7.57 0.825119
      vertex -2.01584 -7.57 1.37486
    endloop
  endfacet
  facet normal 0.993854 0 -0.110695
    outer loop
      vertex -2.07707 -7.57 0.825119
      vertex -2.01584 -8.17 1.37486
      vertex -2.07707 -8.17 0.825119
    endloop
  endfacet
  facet normal 0.994994 -0 0.0999333
    outer loop
      vertex -2.07707 -8.17 0.825119
      vertex -2.02417 -7.57 0.298416
      vertex -2.07707 -7.57 0.825119
    endloop
  endfacet
  facet normal 0.994994 0 0.0999333
    outer loop
      vertex -2.02417 -7.57 0.298416
      vertex -2.07707 -8.17 0.825119
      vertex -2.02417 -8.17 0.298416
    endloop
  endfacet
  facet normal 0.942543 -0 0.334086
    outer loop
      vertex -2.02417 -8.17 0.298416
      vertex -1.86549 -7.57 -0.149261
      vertex -2.02417 -7.57 0.298416
    endloop
  endfacet
  facet normal 0.942543 0 0.334086
    outer loop
      vertex -1.86549 -7.57 -0.149261
      vertex -2.02417 -8.17 0.298416
      vertex -1.86549 -8.17 -0.149261
    endloop
  endfacet
  facet normal 0.812558 -0 0.58288
    outer loop
      vertex -1.86549 -8.17 -0.149261
      vertex -1.60103 -7.57 -0.517929
      vertex -1.86549 -7.57 -0.149261
    endloop
  endfacet
  facet normal 0.812558 0 0.58288
    outer loop
      vertex -1.60103 -7.57 -0.517929
      vertex -1.86549 -8.17 -0.149261
      vertex -1.60103 -8.17 -0.517929
    endloop
  endfacet
  facet normal 0.614017 0 0.789293
    outer loop
      vertex -1.60103 -7.57 -0.517929
      vertex -1.24838 -8.17 -0.792267
      vertex -1.24838 -7.57 -0.792267
    endloop
  endfacet
  facet normal 0.614017 0 0.789293
    outer loop
      vertex -1.24838 -8.17 -0.792267
      vertex -1.60103 -7.57 -0.517929
      vertex -1.60103 -8.17 -0.517929
    endloop
  endfacet
  facet normal 0.36239 0 0.932026
    outer loop
      vertex -1.24838 -7.57 -0.792267
      vertex -0.825058 -8.17 -0.956863
      vertex -0.825058 -7.57 -0.956863
    endloop
  endfacet
  facet normal 0.36239 0 0.932026
    outer loop
      vertex -0.825058 -8.17 -0.956863
      vertex -1.24838 -7.57 -0.792267
      vertex -1.24838 -8.17 -0.792267
    endloop
  endfacet
  facet normal 0.110394 0 0.993888
    outer loop
      vertex -0.825058 -7.57 -0.956863
      vertex -0.331085 -8.17 -1.01173
      vertex -0.331085 -7.57 -1.01173
    endloop
  endfacet
  facet normal 0.110394 0 0.993888
    outer loop
      vertex -0.331085 -8.17 -1.01173
      vertex -0.825058 -7.57 -0.956863
      vertex -0.825058 -8.17 -0.956863
    endloop
  endfacet
  facet normal -0.103252 0 0.994655
    outer loop
      vertex -0.331085 -7.57 -1.01173
      vertex 0.0494385 -8.17 -0.972229
      vertex 0.0494385 -7.57 -0.972229
    endloop
  endfacet
  facet normal -0.103252 0 0.994655
    outer loop
      vertex 0.0494385 -8.17 -0.972229
      vertex -0.331085 -7.57 -1.01173
      vertex -0.331085 -8.17 -1.01173
    endloop
  endfacet
  facet normal -0.332816 0 0.942992
    outer loop
      vertex 0.0494385 -7.57 -0.972229
      vertex 0.385193 -8.17 -0.853729
      vertex 0.385193 -7.57 -0.853729
    endloop
  endfacet
  facet normal -0.332816 0 0.942992
    outer loop
      vertex 0.385193 -8.17 -0.853729
      vertex 0.0494385 -7.57 -0.972229
      vertex 0.0494385 -8.17 -0.972229
    endloop
  endfacet
  facet normal -0.56159 0 0.827415
    outer loop
      vertex 0.385193 -7.57 -0.853729
      vertex 0.676193 -8.17 -0.656219
      vertex 0.676193 -7.57 -0.656219
    endloop
  endfacet
  facet normal -0.56159 0 0.827415
    outer loop
      vertex 0.676193 -8.17 -0.656219
      vertex 0.385193 -7.57 -0.853729
      vertex 0.385193 -8.17 -0.853729
    endloop
  endfacet
  facet normal 0.997919 0 -0.0644808
    outer loop
      vertex 0.676193 -8.17 -0.656219
      vertex 0.585327 -7.57 -2.06248
      vertex 0.676193 -7.57 -0.656219
    endloop
  endfacet
  facet normal 0.997919 0 -0.0644808
    outer loop
      vertex 0.585327 -7.57 -2.06248
      vertex 0.676193 -8.17 -0.656219
      vertex 0.585327 -8.17 -2.06248
    endloop
  endfacet
  facet normal 0 0 -1
    outer loop
      vertex -1.75319 -8.17 -2.06248
      vertex 0.585327 -7.57 -2.06248
      vertex 0.585327 -8.17 -2.06248
    endloop
  endfacet
  facet normal -0 0 -1
    outer loop
      vertex 0.585327 -7.57 -2.06248
      vertex -1.75319 -8.17 -2.06248
      vertex -1.75319 -7.57 -2.06248
    endloop
  endfacet
  facet normal 1 -0 0
    outer loop
      vertex -1.75319 -8.17 -2.06248
      vertex -1.75319 -7.57 -2.88809
      vertex -1.75319 -7.57 -2.06248
    endloop
  endfacet
  facet normal 1 0 0
    outer loop
      vertex -1.75319 -7.57 -2.88809
      vertex -1.75319 -8.17 -2.06248
      vertex -1.75319 -8.17 -2.88809
    endloop
  endfacet
  facet normal -0 0 1
    outer loop
      vertex -1.75319 -7.57 -2.88809
      vertex 1.59268 -8.17 -2.88809
      vertex 1.59268 -7.57 -2.88809
    endloop
  endfacet
  facet normal 0 0 1
    outer loop
      vertex 1.59268 -8.17 -2.88809
      vertex -1.75319 -7.57 -2.88809
      vertex -1.75319 -8.17 -2.88809
    endloop
  endfacet
  facet normal -0.998097 0 0.0616576
    outer loop
      vertex 1.59268 -8.17 -2.88809
      vertex 1.78619 -7.57 0.2444
      vertex 1.59268 -7.57 -2.88809
    endloop
  endfacet
  facet normal -0.998097 0 0.0616576
    outer loop
      vertex 1.78619 -7.57 0.2444
      vertex 1.59268 -8.17 -2.88809
      vertex 1.78619 -8.17 0.2444
    endloop
  endfacet
  facet normal 0 0 -1
    outer loop
      vertex 0.703873 -8.17 0.2444
      vertex 1.78619 -7.57 0.2444
      vertex 1.78619 -8.17 0.2444
    endloop
  endfacet
  facet normal -0 0 -1
    outer loop
      vertex 1.78619 -7.57 0.2444
      vertex 0.703873 -8.17 0.2444
      vertex 0.703873 -7.57 0.2444
    endloop
  endfacet
  facet normal 0.682649 0 -0.730746
    outer loop
      vertex 0.490128 -8.17 0.0447235
      vertex 0.703873 -7.57 0.2444
      vertex 0.703873 -8.17 0.2444
    endloop
  endfacet
  facet normal 0.682649 0 -0.730746
    outer loop
      vertex 0.703873 -7.57 0.2444
      vertex 0.490128 -8.17 0.0447235
      vertex 0.490128 -7.57 0.0447235
    endloop
  endfacet
  facet normal 0.429996 0 -0.902831
    outer loop
      vertex 0.238632 -8.17 -0.075058
      vertex 0.490128 -7.57 0.0447235
      vertex 0.490128 -8.17 0.0447235
    endloop
  endfacet
  facet normal 0.429996 0 -0.902831
    outer loop
      vertex 0.490128 -7.57 0.0447235
      vertex 0.238632 -8.17 -0.075058
      vertex 0.238632 -7.57 -0.075058
    endloop
  endfacet
  facet normal 0.136766 0 -0.990603
    outer loop
      vertex -0.0505981 -8.17 -0.11499
      vertex 0.238632 -7.57 -0.075058
      vertex 0.238632 -8.17 -0.075058
    endloop
  endfacet
  facet normal 0.136766 0 -0.990603
    outer loop
      vertex 0.238632 -7.57 -0.075058
      vertex -0.0505981 -8.17 -0.11499
      vertex -0.0505981 -7.57 -0.11499
    endloop
  endfacet
  facet normal -0.1122 0 -0.993686
    outer loop
      vertex -0.309113 -8.17 -0.0858002
      vertex -0.0505981 -7.57 -0.11499
      vertex -0.0505981 -8.17 -0.11499
    endloop
  endfacet
  facet normal -0.1122 0 -0.993686
    outer loop
      vertex -0.0505981 -7.57 -0.11499
      vertex -0.309113 -8.17 -0.0858002
      vertex -0.309113 -7.57 -0.0858002
    endloop
  endfacet
  facet normal -0.373794 0 -0.927512
    outer loop
      vertex -0.526367 -8.17 0.00175476
      vertex -0.309113 -7.57 -0.0858002
      vertex -0.309113 -8.17 -0.0858002
    endloop
  endfacet
  facet normal -0.373794 0 -0.927512
    outer loop
      vertex -0.309113 -7.57 -0.0858002
      vertex -0.526367 -8.17 0.00175476
      vertex -0.526367 -7.57 0.00175476
    endloop
  endfacet
  facet normal -0.638312 0 -0.769778
    outer loop
      vertex -0.702377 -8.17 0.147705
      vertex -0.526367 -7.57 0.00175476
      vertex -0.526367 -8.17 0.00175476
    endloop
  endfacet
  facet normal -0.638312 0 -0.769778
    outer loop
      vertex -0.526367 -7.57 0.00175476
      vertex -0.702377 -8.17 0.147705
      vertex -0.702377 -7.57 0.147705
    endloop
  endfacet
  facet normal -0.832592 0 -0.553887
    outer loop
      vertex -0.702377 -8.17 0.147705
      vertex -0.831863 -7.57 0.342346
      vertex -0.702377 -7.57 0.147705
    endloop
  endfacet
  facet normal -0.832592 -0 -0.553887
    outer loop
      vertex -0.831863 -7.57 0.342346
      vertex -0.702377 -8.17 0.147705
      vertex -0.831863 -8.17 0.342346
    endloop
  endfacet
  facet normal -0.948949 0 -0.31543
    outer loop
      vertex -0.831863 -8.17 0.342346
      vertex -0.909546 -7.57 0.57605
      vertex -0.831863 -7.57 0.342346
    endloop
  endfacet
  facet normal -0.948949 -0 -0.31543
    outer loop
      vertex -0.909546 -7.57 0.57605
      vertex -0.831863 -8.17 0.342346
      vertex -0.909546 -8.17 0.57605
    endloop
  endfacet
  facet normal -0.995525 0 -0.0945011
    outer loop
      vertex -0.909546 -8.17 0.57605
      vertex -0.93544 -7.57 0.848831
      vertex -0.909546 -7.57 0.57605
    endloop
  endfacet
  facet normal -0.995525 -0 -0.0945011
    outer loop
      vertex -0.93544 -7.57 0.848831
      vertex -0.909546 -8.17 0.57605
      vertex -0.93544 -8.17 0.848831
    endloop
  endfacet
  facet normal -0.996007 0 0.0892766
    outer loop
      vertex -0.93544 -8.17 0.848831
      vertex -0.90802 -7.57 1.15474
      vertex -0.93544 -7.57 0.848831
    endloop
  endfacet
  facet normal -0.996007 0 0.0892766
    outer loop
      vertex -0.90802 -7.57 1.15474
      vertex -0.93544 -8.17 0.848831
      vertex -0.90802 -8.17 1.15474
    endloop
  endfacet
  facet normal -0.951365 0 0.308066
    outer loop
      vertex -0.90802 -8.17 1.15474
      vertex -0.825729 -7.57 1.40887
      vertex -0.90802 -7.57 1.15474
    endloop
  endfacet
  facet normal -0.951365 0 0.308066
    outer loop
      vertex -0.825729 -7.57 1.40887
      vertex -0.90802 -8.17 1.15474
      vertex -0.825729 -8.17 1.40887
    endloop
  endfacet
  facet normal -0.827783 0 0.561049
    outer loop
      vertex -0.825729 -8.17 1.40887
      vertex -0.688568 -7.57 1.61124
      vertex -0.825729 -7.57 1.40887
    endloop
  endfacet
  facet normal -0.827783 0 0.561049
    outer loop
      vertex -0.688568 -7.57 1.61124
      vertex -0.825729 -8.17 1.40887
      vertex -0.688568 -8.17 1.61124
    endloop
  endfacet
  facet normal -0.625799 0 0.779984
    outer loop
      vertex -0.688568 -7.57 1.61124
      vertex -0.505325 -8.17 1.75826
      vertex -0.505325 -7.57 1.75826
    endloop
  endfacet
  facet normal -0.625799 0 0.779984
    outer loop
      vertex -0.505325 -8.17 1.75826
      vertex -0.688568 -7.57 1.61124
      vertex -0.688568 -8.17 1.61124
    endloop
  endfacet
  facet normal -0.371354 0 0.928491
    outer loop
      vertex -0.505325 -7.57 1.75826
      vertex -0.284775 -8.17 1.84647
      vertex -0.284775 -7.57 1.84647
    endloop
  endfacet
  facet normal -0.371354 0 0.928491
    outer loop
      vertex -0.284775 -8.17 1.84647
      vertex -0.505325 -7.57 1.75826
      vertex -0.505325 -8.17 1.75826
    endloop
  endfacet
  facet normal -0.113269 0 0.993564
    outer loop
      vertex -0.284775 -7.57 1.84647
      vertex -0.026886 -8.17 1.87587
      vertex -0.026886 -7.57 1.87587
    endloop
  endfacet
  facet normal -0.113269 0 0.993564
    outer loop
      vertex -0.026886 -8.17 1.87587
      vertex -0.284775 -7.57 1.84647
      vertex -0.284775 -8.17 1.84647
    endloop
  endfacet
  facet normal 0.0849105 0 0.996389
    outer loop
      vertex -0.026886 -7.57 1.87587
      vertex 0.184219 -8.17 1.85788
      vertex 0.184219 -7.57 1.85788
    endloop
  endfacet
  facet normal 0.0849105 0 0.996389
    outer loop
      vertex 0.184219 -8.17 1.85788
      vertex -0.026886 -7.57 1.87587
      vertex -0.026886 -8.17 1.87587
    endloop
  endfacet
  facet normal 0.279221 0 0.960227
    outer loop
      vertex 0.184219 -7.57 1.85788
      vertex 0.369888 -8.17 1.80389
      vertex 0.369888 -7.57 1.80389
    endloop
  endfacet
  facet normal 0.279221 0 0.960227
    outer loop
      vertex 0.369888 -8.17 1.80389
      vertex 0.184219 -7.57 1.85788
      vertex 0.184219 -8.17 1.85788
    endloop
  endfacet
  facet normal 0.489589 0 0.871953
    outer loop
      vertex 0.369888 -7.57 1.80389
      vertex 0.530106 -8.17 1.71393
      vertex 0.530106 -7.57 1.71393
    endloop
  endfacet
  facet normal 0.489589 0 0.871953
    outer loop
      vertex 0.530106 -8.17 1.71393
      vertex 0.369888 -7.57 1.80389
      vertex 0.369888 -8.17 1.80389
    endloop
  endfacet
  facet normal 0.698905 0 0.715215
    outer loop
      vertex 0.530106 -7.57 1.71393
      vertex 0.662628 -8.17 1.58443
      vertex 0.662628 -7.57 1.58443
    endloop
  endfacet
  facet normal 0.698905 0 0.715215
    outer loop
      vertex 0.662628 -8.17 1.58443
      vertex 0.530106 -7.57 1.71393
      vertex 0.530106 -8.17 1.71393
    endloop
  endfacet
  facet normal 0.859263 -0 0.511533
    outer loop
      vertex 0.662628 -8.17 1.58443
      vertex 0.76532 -7.57 1.41193
      vertex 0.662628 -7.57 1.58443
    endloop
  endfacet
  facet normal 0.859263 0 0.511533
    outer loop
      vertex 0.76532 -7.57 1.41193
      vertex 0.662628 -8.17 1.58443
      vertex 0.76532 -8.17 1.41193
    endloop
  endfacet
  facet normal 0.94739 -0 0.320082
    outer loop
      vertex 0.76532 -8.17 1.41193
      vertex 0.838135 -7.57 1.19641
      vertex 0.76532 -7.57 1.41193
    endloop
  endfacet
  facet normal 0.94739 0 0.320082
    outer loop
      vertex 0.838135 -7.57 1.19641
      vertex 0.76532 -8.17 1.41193
      vertex 0.838135 -8.17 1.19641
    endloop
  endfacet
  facet normal -0.0815961 0 0.996665
    outer loop
      vertex 0.838135 -7.57 1.19641
      vertex 1.9482 -8.17 1.28729
      vertex 1.9482 -7.57 1.28729
    endloop
  endfacet
  facet normal -0.0815961 0 0.996665
    outer loop
      vertex 1.9482 -8.17 1.28729
      vertex 0.838135 -7.57 1.19641
      vertex 0.838135 -8.17 1.19641
    endloop
  endfacet
  facet normal -0.963605 0 -0.267331
    outer loop
      vertex 1.9482 -8.17 1.28729
      vertex 1.82637 -7.57 1.72643
      vertex 1.9482 -7.57 1.28729
    endloop
  endfacet
  facet normal -0.963605 -0 -0.267331
    outer loop
      vertex 1.82637 -7.57 1.72643
      vertex 1.9482 -8.17 1.28729
      vertex 1.82637 -8.17 1.72643
    endloop
  endfacet
  facet normal -0.8689 0 -0.494987
    outer loop
      vertex 1.82637 -8.17 1.72643
      vertex 1.61897 -7.57 2.0905
      vertex 1.82637 -7.57 1.72643
    endloop
  endfacet
  facet normal -0.8689 -0 -0.494987
    outer loop
      vertex 1.61897 -7.57 2.0905
      vertex 1.82637 -8.17 1.72643
      vertex 1.61897 -8.17 2.0905
    endloop
  endfacet
  facet normal -0.702291 0 -0.71189
    outer loop
      vertex 1.326 -8.17 2.37952
      vertex 1.61897 -7.57 2.0905
      vertex 1.61897 -8.17 2.0905
    endloop
  endfacet
  facet normal -0.702291 0 -0.71189
    outer loop
      vertex 1.61897 -7.57 2.0905
      vertex 1.326 -8.17 2.37952
      vertex 1.326 -7.57 2.37952
    endloop
  endfacet
  facet normal -0.490004 0 -0.87172
    outer loop
      vertex 0.953156 -8.17 2.5891
      vertex 1.326 -7.57 2.37952
      vertex 1.326 -8.17 2.37952
    endloop
  endfacet
  facet normal -0.490004 0 -0.87172
    outer loop
      vertex 1.326 -7.57 2.37952
      vertex 0.953156 -8.17 2.5891
      vertex 0.953156 -7.57 2.5891
    endloop
  endfacet
  facet normal -0.270767 0 -0.962645
    outer loop
      vertex 0.506119 -8.17 2.71484
      vertex 0.953156 -7.57 2.5891
      vertex 0.953156 -8.17 2.5891
    endloop
  endfacet
  facet normal -0.270767 0 -0.962645
    outer loop
      vertex 0.953156 -7.57 2.5891
      vertex 0.506119 -8.17 2.71484
      vertex 0.506119 -7.57 2.71484
    endloop
  endfacet
  facet normal -0.080174 0 -0.996781
    outer loop
      vertex -0.0150604 -8.17 2.75676
      vertex 0.506119 -7.57 2.71484
      vertex 0.506119 -8.17 2.71484
    endloop
  endfacet
  facet normal -0.080174 0 -0.996781
    outer loop
      vertex 0.506119 -7.57 2.71484
      vertex -0.0150604 -8.17 2.75676
      vertex -0.0150604 -7.57 2.75676
    endloop
  endfacet
  facet normal 0.0973491 0 -0.99525
    outer loop
      vertex -0.609558 -8.17 2.69861
      vertex -0.0150604 -7.57 2.75676
      vertex -0.0150604 -8.17 2.75676
    endloop
  endfacet
  facet normal 0.0973491 0 -0.99525
    outer loop
      vertex -0.0150604 -7.57 2.75676
      vertex -0.609558 -8.17 2.69861
      vertex -0.609558 -7.57 2.69861
    endloop
  endfacet
  facet normal 0 0 1
    outer loop
      vertex 0.732803 1.54796 7.57
      vertex 1.9021 1.67944 7.57
      vertex 1.69536 2.07646 7.57
    endloop
  endfacet
  facet normal 0 0 1
    outer loop
      vertex 0.732803 1.54796 7.57
      vertex 1.69536 2.07646 7.57
      vertex 1.39119 2.39227 7.57
    endloop
  endfacet
  facet normal 0 0 1
    outer loop
      vertex 0.732803 1.54796 7.57
      vertex 1.39119 2.39227 7.57
      vertex 0.997482 2.6216 7.57
    endloop
  endfacet
  facet normal 0 0 1
    outer loop
      vertex 1.9021 1.67944 7.57
      vertex 0.732803 1.54796 7.57
      vertex 0.881592 1.10246 7.57
    endloop
  endfacet
  facet normal 0 0 1
    outer loop
      vertex 1.9021 1.67944 7.57
      vertex 0.881592 1.10246 7.57
      vertex 2.0114 1.20125 7.57
    endloop
  endfacet
  facet normal 0 0 1
    outer loop
      vertex 0.42865 1.81526 7.57
      vertex 0.997482 2.6216 7.57
      vertex 0.522141 2.75919 7.57
    endloop
  endfacet
  facet normal 0 0 1
    outer loop
      vertex 0.997482 2.6216 7.57
      vertex 0.42865 1.81526 7.57
      vertex 0.732803 1.54796 7.57
    endloop
  endfacet
  facet normal 0 0 1
    outer loop
      vertex 0.522141 2.75919 7.57
      vertex -0.0308533 1.90436 7.57
      vertex 0.42865 1.81526 7.57
    endloop
  endfacet
  facet normal 0 0 1
    outer loop
      vertex -0.0348053 2.80505 7.57
      vertex -0.0308533 1.90436 7.57
      vertex 0.522141 2.75919 7.57
    endloop
  endfacet
  facet normal 0 0 1
    outer loop
      vertex -0.0348053 2.80505 7.57
      vertex -0.277069 1.88242 7.57
      vertex -0.0308533 1.90436 7.57
    endloop
  endfacet
  facet normal -0 0 1
    outer loop
      vertex -0.618561 2.75764 7.57
      vertex -0.277069 1.88242 7.57
      vertex -0.0348053 2.80505 7.57
    endloop
  endfacet
  facet normal 0 0 1
    outer loop
      vertex -0.277069 1.88242 7.57
      vertex -0.618561 2.75764 7.57
      vertex -0.483795 1.81659 7.57
    endloop
  endfacet
  facet normal -0 0 1
    outer loop
      vertex -1.10574 2.61543 7.57
      vertex -0.483795 1.81659 7.57
      vertex -0.618561 2.75764 7.57
    endloop
  endfacet
  facet normal 0 0 1
    outer loop
      vertex -0.483795 1.81659 7.57
      vertex -1.10574 2.61543 7.57
      vertex -0.651001 1.70688 7.57
    endloop
  endfacet
  facet normal -0 0 1
    outer loop
      vertex -1.49635 2.37842 7.57
      vertex -0.651001 1.70688 7.57
      vertex -1.10574 2.61543 7.57
    endloop
  endfacet
  facet normal -0 0 1
    outer loop
      vertex -2.0099 1.16962 7.57
      vertex -0.872238 1.10246 7.57
      vertex -0.847656 1.35045 7.57
    endloop
  endfacet
  facet normal 0 0 1
    outer loop
      vertex -0.651001 1.70688 7.57
      vertex -1.49635 2.37842 7.57
      vertex -0.773911 1.55193 7.57
    endloop
  endfacet
  facet normal -0 0 1
    outer loop
      vertex -1.78166 2.05449 7.57
      vertex -0.773911 1.55193 7.57
      vertex -1.49635 2.37842 7.57
    endloop
  endfacet
  facet normal 0 0 1
    outer loop
      vertex -0.773911 1.55193 7.57
      vertex -1.78166 2.05449 7.57
      vertex -0.847656 1.35045 7.57
    endloop
  endfacet
  facet normal 0 0 1
    outer loop
      vertex -2.0099 1.16962 7.57
      vertex -0.847656 1.35045 7.57
      vertex -1.95285 1.65155 7.57
    endloop
  endfacet
  facet normal 0 0 1
    outer loop
      vertex -0.872238 1.10246 7.57
      vertex -2.0099 1.16962 7.57
      vertex -1.9715 0.832779 7.57
    endloop
  endfacet
  facet normal 0 0 1
    outer loop
      vertex -0.847656 1.35045 7.57
      vertex -1.78166 2.05449 7.57
      vertex -1.95285 1.65155 7.57
    endloop
  endfacet
  facet normal 0 0 1
    outer loop
      vertex -0.872238 1.10246 7.57
      vertex -1.40114 0.0864258 7.57
      vertex -1.07263 -0.0538025 7.57
    endloop
  endfacet
  facet normal 0 0 1
    outer loop
      vertex -0.872238 1.10246 7.57
      vertex -1.66423 0.286804 7.57
      vertex -1.40114 0.0864258 7.57
    endloop
  endfacet
  facet normal 0 0 1
    outer loop
      vertex -0.872238 1.10246 7.57
      vertex -1.9715 0.832779 7.57
      vertex -1.85628 0.538498 7.57
    endloop
  endfacet
  facet normal 0 0 1
    outer loop
      vertex -0.872238 1.10246 7.57
      vertex -1.85628 0.538498 7.57
      vertex -1.66423 0.286804 7.57
    endloop
  endfacet
  facet normal 0 0 1
    outer loop
      vertex 0.581421 0.336151 7.57
      vertex 0.217987 -0.560562 7.57
      vertex 0.581421 -0.560562 7.57
    endloop
  endfacet
  facet normal -0 0 1
    outer loop
      vertex 0.194275 0.336151 7.57
      vertex 0.217987 -0.560562 7.57
      vertex 0.581421 0.336151 7.57
    endloop
  endfacet
  facet normal 0 0 1
    outer loop
      vertex 0.194275 0.336151 7.57
      vertex -0.0743103 -0.582291 7.57
      vertex 0.217987 -0.560562 7.57
    endloop
  endfacet
  facet normal 0 0 1
    outer loop
      vertex -0.129623 0.358093 7.57
      vertex -0.0743103 -0.582291 7.57
      vertex 0.194275 0.336151 7.57
    endloop
  endfacet
  facet normal -0 0 1
    outer loop
      vertex -0.678726 -0.133926 7.57
      vertex -0.0743103 -0.582291 7.57
      vertex -0.129623 0.358093 7.57
    endloop
  endfacet
  facet normal 0 0 1
    outer loop
      vertex -0.678726 -0.133926 7.57
      vertex -0.129623 0.358093 7.57
      vertex -0.395599 0.42395 7.57
    endloop
  endfacet
  facet normal 0 0 1
    outer loop
      vertex -0.0743103 -0.582291 7.57
      vertex -0.678726 -0.133926 7.57
      vertex -0.678726 -0.149719 7.57
    endloop
  endfacet
  facet normal 0 0 1
    outer loop
      vertex -0.678726 -0.133926 7.57
      vertex -0.395599 0.42395 7.57
      vertex -0.603638 0.533676 7.57
    endloop
  endfacet
  facet normal 0 0 1
    outer loop
      vertex -0.0743103 -0.582291 7.57
      vertex -0.678726 -0.149719 7.57
      vertex -0.31395 -0.647446 7.57
    endloop
  endfacet
  facet normal 0 0 1
    outer loop
      vertex -0.31395 -0.647446 7.57
      vertex -0.678726 -0.149719 7.57
      vertex -0.500946 -0.756058 7.57
    endloop
  endfacet
  facet normal 0 0 1
    outer loop
      vertex -1.07263 -0.0538025 7.57
      vertex -0.603638 0.533676 7.57
      vertex -0.752869 0.684647 7.57
    endloop
  endfacet
  facet normal 0 0 1
    outer loop
      vertex -1.07263 -0.0538025 7.57
      vertex -0.752869 0.684647 7.57
      vertex -0.842392 0.874237 7.57
    endloop
  endfacet
  facet normal 0 0 1
    outer loop
      vertex -0.603638 0.533676 7.57
      vertex -1.07263 -0.0538025 7.57
      vertex -0.678726 -0.133926 7.57
    endloop
  endfacet
  facet normal 0 0 1
    outer loop
      vertex -1.07263 -0.0538025 7.57
      vertex -0.842392 0.874237 7.57
      vertex -0.872238 1.10246 7.57
    endloop
  endfacet
  facet normal -0 0 1
    outer loop
      vertex -1.03313 -0.248474 7.57
      vertex -0.500946 -0.756058 7.57
      vertex -0.678726 -0.149719 7.57
    endloop
  endfacet
  facet normal 0 0 1
    outer loop
      vertex -0.500946 -0.756058 7.57
      vertex -1.03313 -0.248474 7.57
      vertex -0.634827 -0.90509 7.57
    endloop
  endfacet
  facet normal -0 0 1
    outer loop
      vertex -1.32739 -0.397278 7.57
      vertex -0.634827 -0.90509 7.57
      vertex -1.03313 -0.248474 7.57
    endloop
  endfacet
  facet normal 0 0 1
    outer loop
      vertex -0.634827 -0.90509 7.57
      vertex -1.32739 -0.397278 7.57
      vertex -0.715149 -1.09142 7.57
    endloop
  endfacet
  facet normal -0 0 1
    outer loop
      vertex -1.56154 -0.5961 7.57
      vertex -0.715149 -1.09142 7.57
      vertex -1.32739 -0.397278 7.57
    endloop
  endfacet
  facet normal -0 0 1
    outer loop
      vertex -1.73163 -0.840576 7.57
      vertex -0.715149 -1.09142 7.57
      vertex -1.56154 -0.5961 7.57
    endloop
  endfacet
  facet normal 0 0 1
    outer loop
      vertex -0.741928 -1.31505 7.57
      vertex -1.37589 -2.54155 7.57
      vertex -1.00569 -2.75993 7.57
    endloop
  endfacet
  facet normal 0 0 1
    outer loop
      vertex -0.715149 -1.09142 7.57
      vertex -1.73163 -0.840576 7.57
      vertex -0.741928 -1.31505 7.57
    endloop
  endfacet
  facet normal 0 -0 1
    outer loop
      vertex -1.81306 -1.88319 7.57
      vertex -0.741928 -1.31505 7.57
      vertex -1.86771 -1.45328 7.57
    endloop
  endfacet
  facet normal 0 0 1
    outer loop
      vertex -0.741928 -1.31505 7.57
      vertex -1.73163 -0.840576 7.57
      vertex -1.83369 -1.1263 7.57
    endloop
  endfacet
  facet normal 0 -0 1
    outer loop
      vertex -1.64912 -2.24596 7.57
      vertex -0.741928 -1.31505 7.57
      vertex -1.81306 -1.88319 7.57
    endloop
  endfacet
  facet normal 0 0 1
    outer loop
      vertex -0.741928 -1.31505 7.57
      vertex -1.83369 -1.1263 7.57
      vertex -1.86771 -1.45328 7.57
    endloop
  endfacet
  facet normal 0 0 1
    outer loop
      vertex -0.741928 -1.31505 7.57
      vertex -1.64912 -2.24596 7.57
      vertex -1.37589 -2.54155 7.57
    endloop
  endfacet
  facet normal 0 0 1
    outer loop
      vertex 0.806564 -1.32291 7.57
      vertex 1.81166 -1.84657 7.57
      vertex 1.91656 -1.40196 7.57
    endloop
  endfacet
  facet normal 0 0 1
    outer loop
      vertex 1.81166 -1.84657 7.57
      vertex 0.765518 -1.53712 7.57
      vertex 1.61285 -2.22183 7.57
    endloop
  endfacet
  facet normal -0 0 1
    outer loop
      vertex 0.684555 -1.7162 7.57
      vertex 1.61285 -2.22183 7.57
      vertex 0.765518 -1.53712 7.57
    endloop
  endfacet
  facet normal 0 0 1
    outer loop
      vertex 1.81166 -1.84657 7.57
      vertex 0.806564 -1.32291 7.57
      vertex 0.765518 -1.53712 7.57
    endloop
  endfacet
  facet normal 0 0 1
    outer loop
      vertex 1.61285 -2.22183 7.57
      vertex 0.684555 -1.7162 7.57
      vertex 1.32011 -2.52774 7.57
    endloop
  endfacet
  facet normal -0 0 1
    outer loop
      vertex 0.56366 -1.86017 7.57
      vertex 1.32011 -2.52774 7.57
      vertex 0.684555 -1.7162 7.57
    endloop
  endfacet
  facet normal 0 0 1
    outer loop
      vertex 1.32011 -2.52774 7.57
      vertex 0.56366 -1.86017 7.57
      vertex 0.945724 -2.75378 7.57
    endloop
  endfacet
  facet normal -0 0 1
    outer loop
      vertex 0.408066 -1.96552 7.57
      vertex 0.945724 -2.75378 7.57
      vertex 0.56366 -1.86017 7.57
    endloop
  endfacet
  facet normal 0 0 1
    outer loop
      vertex 0.945724 -2.75378 7.57
      vertex 0.408066 -1.96552 7.57
      vertex 0.501968 -2.88942 7.57
    endloop
  endfacet
  facet normal -0 0 1
    outer loop
      vertex 0.223053 -2.02872 7.57
      vertex 0.501968 -2.88942 7.57
      vertex 0.408066 -1.96552 7.57
    endloop
  endfacet
  facet normal 0 0 1
    outer loop
      vertex -0.0110931 -2.93463 7.57
      vertex 0.223053 -2.02872 7.57
      vertex 0.00863647 -2.04979 7.57
    endloop
  endfacet
  facet normal 0 0 1
    outer loop
      vertex 0.223053 -2.02872 7.57
      vertex -0.0110931 -2.93463 7.57
      vertex 0.501968 -2.88942 7.57
    endloop
  endfacet
  facet normal 0 0 1
    outer loop
      vertex -0.216751 -2.02806 7.57
      vertex -0.0110931 -2.93463 7.57
      vertex 0.00863647 -2.04979 7.57
    endloop
  endfacet
  facet normal 0 0 1
    outer loop
      vertex -0.550751 -2.89096 7.57
      vertex -0.216751 -2.02806 7.57
      vertex -0.403076 -1.96288 7.57
    endloop
  endfacet
  facet normal 0 0 1
    outer loop
      vertex -1.00569 -2.75993 7.57
      vertex -0.403076 -1.96288 7.57
      vertex -0.550339 -1.85423 7.57
    endloop
  endfacet
  facet normal 0 0 1
    outer loop
      vertex -0.216751 -2.02806 7.57
      vertex -0.550751 -2.89096 7.57
      vertex -0.0110931 -2.93463 7.57
    endloop
  endfacet
  facet normal 0 0 1
    outer loop
      vertex -1.00569 -2.75993 7.57
      vertex -0.550339 -1.85423 7.57
      vertex -0.656784 -1.70741 7.57
    endloop
  endfacet
  facet normal 0 0 1
    outer loop
      vertex -1.00569 -2.75993 7.57
      vertex -0.656784 -1.70741 7.57
      vertex -0.720642 -1.52768 7.57
    endloop
  endfacet
  facet normal 0 0 1
    outer loop
      vertex -0.403076 -1.96288 7.57
      vertex -1.00569 -2.75993 7.57
      vertex -0.550751 -2.89096 7.57
    endloop
  endfacet
  facet normal 0 0 1
    outer loop
      vertex -1.00569 -2.75993 7.57
      vertex -0.720642 -1.52768 7.57
      vertex -0.741928 -1.31505 7.57
    endloop
  endfacet
  facet normal 0.280211 -0.959938 0
    outer loop
      vertex -1.10574 2.61543 7.57
      vertex -0.618561 2.75764 8.17
      vertex -1.10574 2.61543 8.17
    endloop
  endfacet
  facet normal 0.280211 -0.959938 0
    outer loop
      vertex -0.618561 2.75764 8.17
      vertex -1.10574 2.61543 7.57
      vertex -0.618561 2.75764 7.57
    endloop
  endfacet
  facet normal 0.518745 -0.854929 0
    outer loop
      vertex -1.49635 2.37842 7.57
      vertex -1.10574 2.61543 8.17
      vertex -1.49635 2.37842 8.17
    endloop
  endfacet
  facet normal 0.518745 -0.854929 0
    outer loop
      vertex -1.10574 2.61543 8.17
      vertex -1.49635 2.37842 7.57
      vertex -1.10574 2.61543 7.57
    endloop
  endfacet
  facet normal 0.750424 -0.660956 0
    outer loop
      vertex -1.78166 2.05449 8.17
      vertex -1.49635 2.37842 7.57
      vertex -1.49635 2.37842 8.17
    endloop
  endfacet
  facet normal 0.750424 -0.660956 0
    outer loop
      vertex -1.49635 2.37842 7.57
      vertex -1.78166 2.05449 8.17
      vertex -1.78166 2.05449 7.57
    endloop
  endfacet
  facet normal 0.92038 -0.391026 0
    outer loop
      vertex -1.95285 1.65155 8.17
      vertex -1.78166 2.05449 7.57
      vertex -1.78166 2.05449 8.17
    endloop
  endfacet
  facet normal 0.92038 -0.391026 0
    outer loop
      vertex -1.78166 2.05449 7.57
      vertex -1.95285 1.65155 8.17
      vertex -1.95285 1.65155 7.57
    endloop
  endfacet
  facet normal 0.993066 -0.117557 0
    outer loop
      vertex -2.0099 1.16962 8.17
      vertex -1.95285 1.65155 7.57
      vertex -1.95285 1.65155 8.17
    endloop
  endfacet
  facet normal 0.993066 -0.117557 0
    outer loop
      vertex -1.95285 1.65155 7.57
      vertex -2.0099 1.16962 8.17
      vertex -2.0099 1.16962 7.57
    endloop
  endfacet
  facet normal 0.993565 0.113267 0
    outer loop
      vertex -1.9715 0.832779 8.17
      vertex -2.0099 1.16962 7.57
      vertex -2.0099 1.16962 8.17
    endloop
  endfacet
  facet normal 0.993565 0.113267 0
    outer loop
      vertex -2.0099 1.16962 7.57
      vertex -1.9715 0.832779 8.17
      vertex -1.9715 0.832779 7.57
    endloop
  endfacet
  facet normal 0.931171 0.364582 0
    outer loop
      vertex -1.85628 0.538498 8.17
      vertex -1.9715 0.832779 7.57
      vertex -1.9715 0.832779 8.17
    endloop
  endfacet
  facet normal 0.931171 0.364582 0
    outer loop
      vertex -1.9715 0.832779 7.57
      vertex -1.85628 0.538498 8.17
      vertex -1.85628 0.538498 7.57
    endloop
  endfacet
  facet normal 0.795 0.606609 0
    outer loop
      vertex -1.66423 0.286804 8.17
      vertex -1.85628 0.538498 7.57
      vertex -1.85628 0.538498 8.17
    endloop
  endfacet
  facet normal 0.795 0.606609 0
    outer loop
      vertex -1.85628 0.538498 7.57
      vertex -1.66423 0.286804 8.17
      vertex -1.66423 0.286804 7.57
    endloop
  endfacet
  facet normal 0.605907 0.795536 -0
    outer loop
      vertex -1.40114 0.0864258 7.57
      vertex -1.66423 0.286804 8.17
      vertex -1.40114 0.0864258 8.17
    endloop
  endfacet
  facet normal 0.605907 0.795536 0
    outer loop
      vertex -1.66423 0.286804 8.17
      vertex -1.40114 0.0864258 7.57
      vertex -1.66423 0.286804 7.57
    endloop
  endfacet
  facet normal 0.39259 0.919713 -0
    outer loop
      vertex -1.07263 -0.0538025 7.57
      vertex -1.40114 0.0864258 8.17
      vertex -1.07263 -0.0538025 8.17
    endloop
  endfacet
  facet normal 0.39259 0.919713 0
    outer loop
      vertex -1.40114 0.0864258 8.17
      vertex -1.07263 -0.0538025 7.57
      vertex -1.40114 0.0864258 7.57
    endloop
  endfacet
  facet normal 0.199327 0.979933 -0
    outer loop
      vertex -0.678726 -0.133926 7.57
      vertex -1.07263 -0.0538025 8.17
      vertex -0.678726 -0.133926 8.17
    endloop
  endfacet
  facet normal 0.199327 0.979933 0
    outer loop
      vertex -1.07263 -0.0538025 8.17
      vertex -0.678726 -0.133926 7.57
      vertex -1.07263 -0.0538025 7.57
    endloop
  endfacet
  facet normal 1 -0 0
    outer loop
      vertex -0.678726 -0.149719 8.17
      vertex -0.678726 -0.133926 7.57
      vertex -0.678726 -0.133926 8.17
    endloop
  endfacet
  facet normal 1 0 0
    outer loop
      vertex -0.678726 -0.133926 7.57
      vertex -0.678726 -0.149719 8.17
      vertex -0.678726 -0.149719 7.57
    endloop
  endfacet
  facet normal 0.268425 -0.963301 0
    outer loop
      vertex -1.03313 -0.248474 7.57
      vertex -0.678726 -0.149719 8.17
      vertex -1.03313 -0.248474 8.17
    endloop
  endfacet
  facet normal 0.268425 -0.963301 0
    outer loop
      vertex -0.678726 -0.149719 8.17
      vertex -1.03313 -0.248474 7.57
      vertex -0.678726 -0.149719 7.57
    endloop
  endfacet
  facet normal 0.45127 -0.892387 0
    outer loop
      vertex -1.32739 -0.397278 7.57
      vertex -1.03313 -0.248474 8.17
      vertex -1.32739 -0.397278 8.17
    endloop
  endfacet
  facet normal 0.45127 -0.892387 0
    outer loop
      vertex -1.03313 -0.248474 8.17
      vertex -1.32739 -0.397278 7.57
      vertex -1.03313 -0.248474 7.57
    endloop
  endfacet
  facet normal 0.64726 -0.762269 0
    outer loop
      vertex -1.56154 -0.5961 7.57
      vertex -1.32739 -0.397278 8.17
      vertex -1.56154 -0.5961 8.17
    endloop
  endfacet
  facet normal 0.64726 -0.762269 0
    outer loop
      vertex -1.32739 -0.397278 8.17
      vertex -1.56154 -0.5961 7.57
      vertex -1.32739 -0.397278 7.57
    endloop
  endfacet
  facet normal 0.820874 -0.571109 0
    outer loop
      vertex -1.73163 -0.840576 8.17
      vertex -1.56154 -0.5961 7.57
      vertex -1.56154 -0.5961 8.17
    endloop
  endfacet
  facet normal 0.820874 -0.571109 0
    outer loop
      vertex -1.56154 -0.5961 7.57
      vertex -1.73163 -0.840576 8.17
      vertex -1.73163 -0.840576 7.57
    endloop
  endfacet
  facet normal 0.941726 -0.336382 0
    outer loop
      vertex -1.83369 -1.1263 8.17
      vertex -1.73163 -0.840576 7.57
      vertex -1.73163 -0.840576 8.17
    endloop
  endfacet
  facet normal 0.941726 -0.336382 0
    outer loop
      vertex -1.73163 -0.840576 7.57
      vertex -1.83369 -1.1263 8.17
      vertex -1.83369 -1.1263 7.57
    endloop
  endfacet
  facet normal 0.994631 -0.103484 0
    outer loop
      vertex -1.86771 -1.45328 8.17
      vertex -1.83369 -1.1263 7.57
      vertex -1.83369 -1.1263 8.17
    endloop
  endfacet
  facet normal 0.994631 -0.103484 0
    outer loop
      vertex -1.83369 -1.1263 7.57
      vertex -1.86771 -1.45328 8.17
      vertex -1.86771 -1.45328 7.57
    endloop
  endfacet
  facet normal 0.992017 0.126105 0
    outer loop
      vertex -1.81306 -1.88319 8.17
      vertex -1.86771 -1.45328 7.57
      vertex -1.86771 -1.45328 8.17
    endloop
  endfacet
  facet normal 0.992017 0.126105 0
    outer loop
      vertex -1.86771 -1.45328 7.57
      vertex -1.81306 -1.88319 8.17
      vertex -1.81306 -1.88319 7.57
    endloop
  endfacet
  facet normal 0.911268 0.411813 0
    outer loop
      vertex -1.64912 -2.24596 8.17
      vertex -1.81306 -1.88319 7.57
      vertex -1.81306 -1.88319 8.17
    endloop
  endfacet
  facet normal 0.911268 0.411813 0
    outer loop
      vertex -1.81306 -1.88319 7.57
      vertex -1.64912 -2.24596 8.17
      vertex -1.64912 -2.24596 7.57
    endloop
  endfacet
  facet normal 0.734336 0.678787 0
    outer loop
      vertex -1.37589 -2.54155 8.17
      vertex -1.64912 -2.24596 7.57
      vertex -1.64912 -2.24596 8.17
    endloop
  endfacet
  facet normal 0.734336 0.678787 0
    outer loop
      vertex -1.64912 -2.24596 7.57
      vertex -1.37589 -2.54155 8.17
      vertex -1.37589 -2.54155 7.57
    endloop
  endfacet
  facet normal 0.508083 0.861308 -0
    outer loop
      vertex -1.00569 -2.75993 7.57
      vertex -1.37589 -2.54155 8.17
      vertex -1.00569 -2.75993 8.17
    endloop
  endfacet
  facet normal 0.508083 0.861308 0
    outer loop
      vertex -1.37589 -2.54155 8.17
      vertex -1.00569 -2.75993 7.57
      vertex -1.37589 -2.54155 7.57
    endloop
  endfacet
  facet normal 0.276766 0.960937 -0
    outer loop
      vertex -0.550751 -2.89096 7.57
      vertex -1.00569 -2.75993 8.17
      vertex -0.550751 -2.89096 8.17
    endloop
  endfacet
  facet normal 0.276766 0.960937 0
    outer loop
      vertex -1.00569 -2.75993 8.17
      vertex -0.550751 -2.89096 7.57
      vertex -1.00569 -2.75993 7.57
    endloop
  endfacet
  facet normal 0.080658 0.996742 -0
    outer loop
      vertex -0.0110931 -2.93463 7.57
      vertex -0.550751 -2.89096 8.17
      vertex -0.0110931 -2.93463 8.17
    endloop
  endfacet
  facet normal 0.080658 0.996742 0
    outer loop
      vertex -0.550751 -2.89096 8.17
      vertex -0.0110931 -2.93463 7.57
      vertex -0.550751 -2.89096 7.57
    endloop
  endfacet
  facet normal -0.087778 0.99614 0
    outer loop
      vertex 0.501968 -2.88942 7.57
      vertex -0.0110931 -2.93463 8.17
      vertex 0.501968 -2.88942 8.17
    endloop
  endfacet
  facet normal -0.087778 0.99614 0
    outer loop
      vertex -0.0110931 -2.93463 8.17
      vertex 0.501968 -2.88942 7.57
      vertex -0.0110931 -2.93463 7.57
    endloop
  endfacet
  facet normal -0.292313 0.956323 0
    outer loop
      vertex 0.945724 -2.75378 7.57
      vertex 0.501968 -2.88942 8.17
      vertex 0.945724 -2.75378 8.17
    endloop
  endfacet
  facet normal -0.292313 0.956323 0
    outer loop
      vertex 0.501968 -2.88942 8.17
      vertex 0.945724 -2.75378 7.57
      vertex 0.501968 -2.88942 7.57
    endloop
  endfacet
  facet normal -0.516862 0.856069 0
    outer loop
      vertex 1.32011 -2.52774 7.57
      vertex 0.945724 -2.75378 8.17
      vertex 1.32011 -2.52774 8.17
    endloop
  endfacet
  facet normal -0.516862 0.856069 0
    outer loop
      vertex 0.945724 -2.75378 8.17
      vertex 1.32011 -2.52774 7.57
      vertex 0.945724 -2.75378 7.57
    endloop
  endfacet
  facet normal -0.722488 0.691383 0
    outer loop
      vertex 1.32011 -2.52774 7.57
      vertex 1.61285 -2.22183 8.17
      vertex 1.61285 -2.22183 7.57
    endloop
  endfacet
  facet normal -0.722488 0.691383 0
    outer loop
      vertex 1.61285 -2.22183 8.17
      vertex 1.32011 -2.52774 7.57
      vertex 1.32011 -2.52774 8.17
    endloop
  endfacet
  facet normal -0.883649 0.468151 0
    outer loop
      vertex 1.61285 -2.22183 7.57
      vertex 1.81166 -1.84657 8.17
      vertex 1.81166 -1.84657 7.57
    endloop
  endfacet
  facet normal -0.883649 0.468151 0
    outer loop
      vertex 1.81166 -1.84657 8.17
      vertex 1.61285 -2.22183 7.57
      vertex 1.61285 -2.22183 8.17
    endloop
  endfacet
  facet normal -0.973277 0.229632 0
    outer loop
      vertex 1.81166 -1.84657 7.57
      vertex 1.91656 -1.40196 8.17
      vertex 1.91656 -1.40196 7.57
    endloop
  endfacet
  facet normal -0.973277 0.229632 0
    outer loop
      vertex 1.91656 -1.40196 8.17
      vertex 1.81166 -1.84657 7.57
      vertex 1.81166 -1.84657 8.17
    endloop
  endfacet
  facet normal -0.0710366 -0.997474 0
    outer loop
      vertex 0.806564 -1.32291 7.57
      vertex 1.91656 -1.40196 8.17
      vertex 0.806564 -1.32291 8.17
    endloop
  endfacet
  facet normal -0.0710366 -0.997474 -0
    outer loop
      vertex 1.91656 -1.40196 8.17
      vertex 0.806564 -1.32291 7.57
      vertex 1.91656 -1.40196 7.57
    endloop
  endfacet
  facet normal 0.982132 -0.188192 0
    outer loop
      vertex 0.765518 -1.53712 8.17
      vertex 0.806564 -1.32291 7.57
      vertex 0.806564 -1.32291 8.17
    endloop
  endfacet
  facet normal 0.982132 -0.188192 0
    outer loop
      vertex 0.806564 -1.32291 7.57
      vertex 0.765518 -1.53712 8.17
      vertex 0.765518 -1.53712 7.57
    endloop
  endfacet
  facet normal 0.911202 -0.411959 0
    outer loop
      vertex 0.684555 -1.7162 8.17
      vertex 0.765518 -1.53712 7.57
      vertex 0.765518 -1.53712 8.17
    endloop
  endfacet
  facet normal 0.911202 -0.411959 0
    outer loop
      vertex 0.765518 -1.53712 7.57
      vertex 0.684555 -1.7162 8.17
      vertex 0.684555 -1.7162 7.57
    endloop
  endfacet
  facet normal 0.765809 -0.643068 0
    outer loop
      vertex 0.56366 -1.86017 8.17
      vertex 0.684555 -1.7162 7.57
      vertex 0.684555 -1.7162 8.17
    endloop
  endfacet
  facet normal 0.765809 -0.643068 0
    outer loop
      vertex 0.684555 -1.7162 7.57
      vertex 0.56366 -1.86017 8.17
      vertex 0.56366 -1.86017 7.57
    endloop
  endfacet
  facet normal 0.560657 -0.828048 0
    outer loop
      vertex 0.408066 -1.96552 7.57
      vertex 0.56366 -1.86017 8.17
      vertex 0.408066 -1.96552 8.17
    endloop
  endfacet
  facet normal 0.560657 -0.828048 0
    outer loop
      vertex 0.56366 -1.86017 8.17
      vertex 0.408066 -1.96552 7.57
      vertex 0.56366 -1.86017 7.57
    endloop
  endfacet
  facet normal 0.323258 -0.946311 0
    outer loop
      vertex 0.223053 -2.02872 7.57
      vertex 0.408066 -1.96552 8.17
      vertex 0.223053 -2.02872 8.17
    endloop
  endfacet
  facet normal 0.323258 -0.946311 0
    outer loop
      vertex 0.408066 -1.96552 8.17
      vertex 0.223053 -2.02872 7.57
      vertex 0.408066 -1.96552 7.57
    endloop
  endfacet
  facet normal 0.0977956 -0.995207 0
    outer loop
      vertex 0.00863647 -2.04979 7.57
      vertex 0.223053 -2.02872 8.17
      vertex 0.00863647 -2.04979 8.17
    endloop
  endfacet
  facet normal 0.0977956 -0.995207 0
    outer loop
      vertex 0.223053 -2.02872 8.17
      vertex 0.00863647 -2.04979 7.57
      vertex 0.223053 -2.02872 7.57
    endloop
  endfacet
  facet normal -0.0959668 -0.995385 0
    outer loop
      vertex -0.216751 -2.02806 7.57
      vertex 0.00863647 -2.04979 8.17
      vertex -0.216751 -2.02806 8.17
    endloop
  endfacet
  facet normal -0.0959668 -0.995385 -0
    outer loop
      vertex 0.00863647 -2.04979 8.17
      vertex -0.216751 -2.02806 7.57
      vertex 0.00863647 -2.04979 7.57
    endloop
  endfacet
  facet normal -0.330198 -0.943912 0
    outer loop
      vertex -0.403076 -1.96288 7.57
      vertex -0.216751 -2.02806 8.17
      vertex -0.403076 -1.96288 8.17
    endloop
  endfacet
  facet normal -0.330198 -0.943912 -0
    outer loop
      vertex -0.216751 -2.02806 8.17
      vertex -0.403076 -1.96288 7.57
      vertex -0.216751 -2.02806 7.57
    endloop
  endfacet
  facet normal -0.593696 -0.804689 0
    outer loop
      vertex -0.550339 -1.85423 7.57
      vertex -0.403076 -1.96288 8.17
      vertex -0.550339 -1.85423 8.17
    endloop
  endfacet
  facet normal -0.593696 -0.804689 -0
    outer loop
      vertex -0.403076 -1.96288 8.17
      vertex -0.550339 -1.85423 7.57
      vertex -0.403076 -1.96288 7.57
    endloop
  endfacet
  facet normal -0.809609 -0.586969 0
    outer loop
      vertex -0.550339 -1.85423 7.57
      vertex -0.656784 -1.70741 8.17
      vertex -0.656784 -1.70741 7.57
    endloop
  endfacet
  facet normal -0.809609 -0.586969 0
    outer loop
      vertex -0.656784 -1.70741 8.17
      vertex -0.550339 -1.85423 7.57
      vertex -0.550339 -1.85423 8.17
    endloop
  endfacet
  facet normal -0.942291 -0.334796 0
    outer loop
      vertex -0.656784 -1.70741 7.57
      vertex -0.720642 -1.52768 8.17
      vertex -0.720642 -1.52768 7.57
    endloop
  endfacet
  facet normal -0.942291 -0.334796 0
    outer loop
      vertex -0.720642 -1.52768 8.17
      vertex -0.656784 -1.70741 7.57
      vertex -0.656784 -1.70741 8.17
    endloop
  endfacet
  facet normal -0.995027 -0.0996103 0
    outer loop
      vertex -0.720642 -1.52768 7.57
      vertex -0.741928 -1.31505 8.17
      vertex -0.741928 -1.31505 7.57
    endloop
  endfacet
  facet normal -0.995027 -0.0996103 0
    outer loop
      vertex -0.741928 -1.31505 8.17
      vertex -0.720642 -1.52768 7.57
      vertex -0.720642 -1.52768 8.17
    endloop
  endfacet
  facet normal -0.992907 0.118897 0
    outer loop
      vertex -0.741928 -1.31505 7.57
      vertex -0.715149 -1.09142 8.17
      vertex -0.715149 -1.09142 7.57
    endloop
  endfacet
  facet normal -0.992907 0.118897 0
    outer loop
      vertex -0.715149 -1.09142 8.17
      vertex -0.741928 -1.31505 7.57
      vertex -0.741928 -1.31505 8.17
    endloop
  endfacet
  facet normal -0.918311 0.39586 0
    outer loop
      vertex -0.715149 -1.09142 7.57
      vertex -0.634827 -0.90509 8.17
      vertex -0.634827 -0.90509 7.57
    endloop
  endfacet
  facet normal -0.918311 0.39586 0
    outer loop
      vertex -0.634827 -0.90509 8.17
      vertex -0.715149 -1.09142 7.57
      vertex -0.715149 -1.09142 8.17
    endloop
  endfacet
  facet normal -0.743909 0.668281 0
    outer loop
      vertex -0.634827 -0.90509 7.57
      vertex -0.500946 -0.756058 8.17
      vertex -0.500946 -0.756058 7.57
    endloop
  endfacet
  facet normal -0.743909 0.668281 0
    outer loop
      vertex -0.500946 -0.756058 8.17
      vertex -0.634827 -0.90509 7.57
      vertex -0.634827 -0.90509 8.17
    endloop
  endfacet
  facet normal -0.502252 0.864721 0
    outer loop
      vertex -0.31395 -0.647446 7.57
      vertex -0.500946 -0.756058 8.17
      vertex -0.31395 -0.647446 8.17
    endloop
  endfacet
  facet normal -0.502252 0.864721 0
    outer loop
      vertex -0.500946 -0.756058 8.17
      vertex -0.31395 -0.647446 7.57
      vertex -0.500946 -0.756058 7.57
    endloop
  endfacet
  facet normal -0.262363 0.964969 0
    outer loop
      vertex -0.0743103 -0.582291 7.57
      vertex -0.31395 -0.647446 8.17
      vertex -0.0743103 -0.582291 8.17
    endloop
  endfacet
  facet normal -0.262363 0.964969 0
    outer loop
      vertex -0.31395 -0.647446 8.17
      vertex -0.0743103 -0.582291 7.57
      vertex -0.31395 -0.647446 7.57
    endloop
  endfacet
  facet normal -0.0741341 0.997248 0
    outer loop
      vertex 0.217987 -0.560562 7.57
      vertex -0.0743103 -0.582291 8.17
      vertex 0.217987 -0.560562 8.17
    endloop
  endfacet
  facet normal -0.0741341 0.997248 0
    outer loop
      vertex -0.0743103 -0.582291 8.17
      vertex 0.217987 -0.560562 7.57
      vertex -0.0743103 -0.582291 7.57
    endloop
  endfacet
  facet normal 0 1 -0
    outer loop
      vertex 0.581421 -0.560562 7.57
      vertex 0.217987 -0.560562 8.17
      vertex 0.581421 -0.560562 8.17
    endloop
  endfacet
  facet normal 0 1 0
    outer loop
      vertex 0.217987 -0.560562 8.17
      vertex 0.581421 -0.560562 7.57
      vertex 0.217987 -0.560562 7.57
    endloop
  endfacet
  facet normal -1 0 0
    outer loop
      vertex 0.581421 -0.560562 7.57
      vertex 0.581421 0.336151 8.17
      vertex 0.581421 0.336151 7.57
    endloop
  endfacet
  facet normal -1 -0 0
    outer loop
      vertex 0.581421 0.336151 8.17
      vertex 0.581421 -0.560562 7.57
      vertex 0.581421 -0.560562 8.17
    endloop
  endfacet
  facet normal 0 -1 0
    outer loop
      vertex 0.194275 0.336151 7.57
      vertex 0.581421 0.336151 8.17
      vertex 0.194275 0.336151 8.17
    endloop
  endfacet
  facet normal 0 -1 -0
    outer loop
      vertex 0.581421 0.336151 8.17
      vertex 0.194275 0.336151 7.57
      vertex 0.581421 0.336151 7.57
    endloop
  endfacet
  facet normal -0.0675886 -0.997713 0
    outer loop
      vertex -0.129623 0.358093 7.57
      vertex 0.194275 0.336151 8.17
      vertex -0.129623 0.358093 8.17
    endloop
  endfacet
  facet normal -0.0675886 -0.997713 -0
    outer loop
      vertex 0.194275 0.336151 8.17
      vertex -0.129623 0.358093 7.57
      vertex 0.194275 0.336151 7.57
    endloop
  endfacet
  facet normal -0.240347 -0.970687 0
    outer loop
      vertex -0.395599 0.42395 7.57
      vertex -0.129623 0.358093 8.17
      vertex -0.395599 0.42395 8.17
    endloop
  endfacet
  facet normal -0.240347 -0.970687 -0
    outer loop
      vertex -0.129623 0.358093 8.17
      vertex -0.395599 0.42395 7.57
      vertex -0.129623 0.358093 7.57
    endloop
  endfacet
  facet normal -0.466518 -0.884512 0
    outer loop
      vertex -0.603638 0.533676 7.57
      vertex -0.395599 0.42395 8.17
      vertex -0.603638 0.533676 8.17
    endloop
  endfacet
  facet normal -0.466518 -0.884512 -0
    outer loop
      vertex -0.395599 0.42395 8.17
      vertex -0.603638 0.533676 7.57
      vertex -0.395599 0.42395 7.57
    endloop
  endfacet
  facet normal -0.711193 -0.702997 0
    outer loop
      vertex -0.603638 0.533676 7.57
      vertex -0.752869 0.684647 8.17
      vertex -0.752869 0.684647 7.57
    endloop
  endfacet
  facet normal -0.711193 -0.702997 0
    outer loop
      vertex -0.752869 0.684647 8.17
      vertex -0.603638 0.533676 7.57
      vertex -0.603638 0.533676 8.17
    endloop
  endfacet
  facet normal -0.904259 -0.426984 0
    outer loop
      vertex -0.752869 0.684647 7.57
      vertex -0.842392 0.874237 8.17
      vertex -0.842392 0.874237 7.57
    endloop
  endfacet
  facet normal -0.904259 -0.426984 0
    outer loop
      vertex -0.842392 0.874237 8.17
      vertex -0.752869 0.684647 7.57
      vertex -0.752869 0.684647 8.17
    endloop
  endfacet
  facet normal -0.991557 -0.129671 0
    outer loop
      vertex -0.842392 0.874237 7.57
      vertex -0.872238 1.10246 8.17
      vertex -0.872238 1.10246 7.57
    endloop
  endfacet
  facet normal -0.991557 -0.129671 0
    outer loop
      vertex -0.872238 1.10246 8.17
      vertex -0.842392 0.874237 7.57
      vertex -0.842392 0.874237 8.17
    endloop
  endfacet
  facet normal -0.995123 0.0986415 0
    outer loop
      vertex -0.872238 1.10246 7.57
      vertex -0.847656 1.35045 8.17
      vertex -0.847656 1.35045 7.57
    endloop
  endfacet
  facet normal -0.995123 0.0986415 0
    outer loop
      vertex -0.847656 1.35045 8.17
      vertex -0.872238 1.10246 7.57
      vertex -0.872238 1.10246 8.17
    endloop
  endfacet
  facet normal -0.939074 0.343716 0
    outer loop
      vertex -0.847656 1.35045 7.57
      vertex -0.773911 1.55193 8.17
      vertex -0.773911 1.55193 7.57
    endloop
  endfacet
  facet normal -0.939074 0.343716 0
    outer loop
      vertex -0.773911 1.55193 8.17
      vertex -0.847656 1.35045 7.57
      vertex -0.847656 1.35045 8.17
    endloop
  endfacet
  facet normal -0.783452 0.621453 0
    outer loop
      vertex -0.773911 1.55193 7.57
      vertex -0.651001 1.70688 8.17
      vertex -0.651001 1.70688 7.57
    endloop
  endfacet
  facet normal -0.783452 0.621453 0
    outer loop
      vertex -0.651001 1.70688 8.17
      vertex -0.773911 1.55193 7.57
      vertex -0.773911 1.55193 8.17
    endloop
  endfacet
  facet normal -0.54859 0.836091 0
    outer loop
      vertex -0.483795 1.81659 7.57
      vertex -0.651001 1.70688 8.17
      vertex -0.483795 1.81659 8.17
    endloop
  endfacet
  facet normal -0.54859 0.836091 0
    outer loop
      vertex -0.651001 1.70688 8.17
      vertex -0.483795 1.81659 7.57
      vertex -0.651001 1.70688 7.57
    endloop
  endfacet
  facet normal -0.303428 0.952854 0
    outer loop
      vertex -0.277069 1.88242 7.57
      vertex -0.483795 1.81659 8.17
      vertex -0.277069 1.88242 8.17
    endloop
  endfacet
  facet normal -0.303428 0.952854 0
    outer loop
      vertex -0.483795 1.81659 8.17
      vertex -0.277069 1.88242 7.57
      vertex -0.483795 1.81659 7.57
    endloop
  endfacet
  facet normal -0.0887572 0.996053 0
    outer loop
      vertex -0.0308533 1.90436 7.57
      vertex -0.277069 1.88242 8.17
      vertex -0.0308533 1.90436 8.17
    endloop
  endfacet
  facet normal -0.0887572 0.996053 0
    outer loop
      vertex -0.277069 1.88242 8.17
      vertex -0.0308533 1.90436 7.57
      vertex -0.277069 1.88242 7.57
    endloop
  endfacet
  facet normal 0.190359 0.981714 -0
    outer loop
      vertex 0.42865 1.81526 7.57
      vertex -0.0308533 1.90436 8.17
      vertex 0.42865 1.81526 8.17
    endloop
  endfacet
  facet normal 0.190359 0.981714 0
    outer loop
      vertex -0.0308533 1.90436 8.17
      vertex 0.42865 1.81526 7.57
      vertex -0.0308533 1.90436 7.57
    endloop
  endfacet
  facet normal 0.660134 0.751148 -0
    outer loop
      vertex 0.732803 1.54796 7.57
      vertex 0.42865 1.81526 8.17
      vertex 0.732803 1.54796 8.17
    endloop
  endfacet
  facet normal 0.660134 0.751148 0
    outer loop
      vertex 0.42865 1.81526 8.17
      vertex 0.732803 1.54796 7.57
      vertex 0.42865 1.81526 7.57
    endloop
  endfacet
  facet normal 0.948499 0.316781 0
    outer loop
      vertex 0.881592 1.10246 8.17
      vertex 0.732803 1.54796 7.57
      vertex 0.732803 1.54796 8.17
    endloop
  endfacet
  facet normal 0.948499 0.316781 0
    outer loop
      vertex 0.732803 1.54796 7.57
      vertex 0.881592 1.10246 8.17
      vertex 0.881592 1.10246 7.57
    endloop
  endfacet
  facet normal -0.0871073 0.996199 0
    outer loop
      vertex 2.0114 1.20125 7.57
      vertex 0.881592 1.10246 8.17
      vertex 2.0114 1.20125 8.17
    endloop
  endfacet
  facet normal -0.0871073 0.996199 0
    outer loop
      vertex 0.881592 1.10246 8.17
      vertex 2.0114 1.20125 7.57
      vertex 0.881592 1.10246 7.57
    endloop
  endfacet
  facet normal -0.974859 -0.222824 0
    outer loop
      vertex 2.0114 1.20125 7.57
      vertex 1.9021 1.67944 8.17
      vertex 1.9021 1.67944 7.57
    endloop
  endfacet
  facet normal -0.974859 -0.222824 0
    outer loop
      vertex 1.9021 1.67944 8.17
      vertex 2.0114 1.20125 7.57
      vertex 2.0114 1.20125 8.17
    endloop
  endfacet
  facet normal -0.886952 -0.461862 0
    outer loop
      vertex 1.9021 1.67944 7.57
      vertex 1.69536 2.07646 8.17
      vertex 1.69536 2.07646 7.57
    endloop
  endfacet
  facet normal -0.886952 -0.461862 0
    outer loop
      vertex 1.69536 2.07646 8.17
      vertex 1.9021 1.67944 7.57
      vertex 1.9021 1.67944 8.17
    endloop
  endfacet
  facet normal -0.720256 -0.693709 0
    outer loop
      vertex 1.69536 2.07646 7.57
      vertex 1.39119 2.39227 8.17
      vertex 1.39119 2.39227 7.57
    endloop
  endfacet
  facet normal -0.720256 -0.693709 0
    outer loop
      vertex 1.39119 2.39227 8.17
      vertex 1.69536 2.07646 7.57
      vertex 1.69536 2.07646 8.17
    endloop
  endfacet
  facet normal -0.503326 -0.864097 0
    outer loop
      vertex 0.997482 2.6216 7.57
      vertex 1.39119 2.39227 8.17
      vertex 0.997482 2.6216 8.17
    endloop
  endfacet
  facet normal -0.503326 -0.864097 -0
    outer loop
      vertex 1.39119 2.39227 8.17
      vertex 0.997482 2.6216 7.57
      vertex 1.39119 2.39227 7.57
    endloop
  endfacet
  facet normal -0.278042 -0.960569 0
    outer loop
      vertex 0.522141 2.75919 7.57
      vertex 0.997482 2.6216 8.17
      vertex 0.522141 2.75919 8.17
    endloop
  endfacet
  facet normal -0.278042 -0.960569 -0
    outer loop
      vertex 0.997482 2.6216 8.17
      vertex 0.522141 2.75919 7.57
      vertex 0.997482 2.6216 7.57
    endloop
  endfacet
  facet normal -0.0820641 -0.996627 0
    outer loop
      vertex -0.0348053 2.80505 7.57
      vertex 0.522141 2.75919 8.17
      vertex -0.0348053 2.80505 8.17
    endloop
  endfacet
  facet normal -0.0820641 -0.996627 -0
    outer loop
      vertex 0.522141 2.75919 8.17
      vertex -0.0348053 2.80505 7.57
      vertex 0.522141 2.75919 7.57
    endloop
  endfacet
  facet normal 0.080949 -0.996718 0
    outer loop
      vertex -0.618561 2.75764 7.57
      vertex -0.0348053 2.80505 8.17
      vertex -0.618561 2.75764 8.17
    endloop
  endfacet
  facet normal 0.080949 -0.996718 0
    outer loop
      vertex -0.0348053 2.80505 8.17
      vertex -0.618561 2.75764 7.57
      vertex -0.0348053 2.80505 7.57
    endloop
  endfacet
  facet normal 0 0 -1
    outer loop
      vertex -1.17 0.758514 -7.57
      vertex 0.457489 1.58412 -7.57
      vertex 0.457489 0.758514 -7.57
    endloop
  endfacet
  facet normal 0 0 -1
    outer loop
      vertex -2.0746 1.58412 -7.57
      vertex -1.17 0.758514 -7.57
      vertex -2.0746 0.75058 -7.57
    endloop
  endfacet
  facet normal 0 0 -1
    outer loop
      vertex -1.17 0.758514 -7.57
      vertex -2.0746 1.58412 -7.57
      vertex 0.457489 1.58412 -7.57
    endloop
  endfacet
  facet normal 0 0 -1
    outer loop
      vertex 0.457489 -1.06256 -7.57
      vertex 1.51616 0.758514 -7.57
      vertex 1.51616 -2.84804 -7.57
    endloop
  endfacet
  facet normal 0 0 -1
    outer loop
      vertex 0.457489 0.758514 -7.57
      vertex 1.51616 0.758514 -7.57
      vertex 0.457489 -1.06256 -7.57
    endloop
  endfacet
  facet normal 0 0 -1
    outer loop
      vertex 0.487106 -1.77751 -7.57
      vertex 1.51616 -2.84804 -7.57
      vertex 0.493027 -1.84465 -7.57
    endloop
  endfacet
  facet normal 0 0 -1
    outer loop
      vertex 0.275803 -2.84804 -7.57
      vertex 0.406128 -1.67525 -7.57
      vertex 0.493027 -1.84465 -7.57
    endloop
  endfacet
  facet normal 0 0 -1
    outer loop
      vertex 0.275803 -2.84804 -7.57
      vertex 0.493027 -1.84465 -7.57
      vertex 1.51616 -2.84804 -7.57
    endloop
  endfacet
  facet normal -0 0 -1
    outer loop
      vertex 0.406128 -1.67525 -7.57
      vertex 0.275803 -2.84804 -7.57
      vertex 0.282349 -1.46194 -7.57
    endloop
  endfacet
  facet normal 0 0 -1
    outer loop
      vertex 0.275803 -2.84804 -7.57
      vertex 0.121719 -1.20474 -7.57
      vertex 0.282349 -1.46194 -7.57
    endloop
  endfacet
  facet normal 0 0 -1
    outer loop
      vertex -2.0746 0.75058 -7.57
      vertex 0.121719 -1.20474 -7.57
      vertex 0.275803 -2.84804 -7.57
    endloop
  endfacet
  facet normal 0 0 -1
    outer loop
      vertex 0.121719 -1.20474 -7.57
      vertex -2.0746 0.75058 -7.57
      vertex -1.17 0.758514 -7.57
    endloop
  endfacet
  facet normal 0 0 -1
    outer loop
      vertex 1.51616 0.758514 -7.57
      vertex 2.25882 1.58412 -7.57
      vertex 2.25882 0.758514 -7.57
    endloop
  endfacet
  facet normal -0 0 -1
    outer loop
      vertex 2.25882 1.58412 -7.57
      vertex 1.51616 0.758514 -7.57
      vertex 1.51616 1.58412 -7.57
    endloop
  endfacet
  facet normal 0 0 -1
    outer loop
      vertex 0.479874 -1.67085 -7.57
      vertex 1.51616 -2.84804 -7.57
      vertex 0.487106 -1.77751 -7.57
    endloop
  endfacet
  facet normal 0 0 -1
    outer loop
      vertex 0.471298 -1.52467 -7.57
      vertex 1.51616 -2.84804 -7.57
      vertex 0.479874 -1.67085 -7.57
    endloop
  endfacet
  facet normal 0 0 -1
    outer loop
      vertex 0.463623 -1.36272 -7.57
      vertex 1.51616 -2.84804 -7.57
      vertex 0.471298 -1.52467 -7.57
    endloop
  endfacet
  facet normal 0 0 -1
    outer loop
      vertex 0.459015 -1.20868 -7.57
      vertex 1.51616 -2.84804 -7.57
      vertex 0.463623 -1.36272 -7.57
    endloop
  endfacet
  facet normal 0 0 -1
    outer loop
      vertex 0.457489 -1.06256 -7.57
      vertex 1.51616 -2.84804 -7.57
      vertex 0.459015 -1.20868 -7.57
    endloop
  endfacet
  facet normal 0 0 -1
    outer loop
      vertex 1.51616 0.758514 -7.57
      vertex 0.457489 0.758514 -7.57
      vertex 1.51616 1.58412 -7.57
    endloop
  endfacet
  facet normal 0 0 -1
    outer loop
      vertex 0.457489 1.58412 -7.57
      vertex 1.51616 1.58412 -7.57
      vertex 0.457489 0.758514 -7.57
    endloop
  endfacet
  facet normal 0 0 -1
    outer loop
      vertex 1.51616 1.58412 -7.57
      vertex 0.457489 1.58412 -7.57
      vertex 1.51616 2.71782 -7.57
    endloop
  endfacet
  facet normal -0 0 -1
    outer loop
      vertex 1.51616 2.71782 -7.57
      vertex 0.457489 1.58412 -7.57
      vertex 0.457489 2.71782 -7.57
    endloop
  endfacet
  facet normal 0 -1 0
    outer loop
      vertex 1.51616 1.58412 -8.17
      vertex 2.25882 1.58412 -7.57
      vertex 1.51616 1.58412 -7.57
    endloop
  endfacet
  facet normal 0 -1 -0
    outer loop
      vertex 2.25882 1.58412 -7.57
      vertex 1.51616 1.58412 -8.17
      vertex 2.25882 1.58412 -8.17
    endloop
  endfacet
  facet normal -1 0 0
    outer loop
      vertex 2.25882 0.758514 -8.17
      vertex 2.25882 1.58412 -7.57
      vertex 2.25882 1.58412 -8.17
    endloop
  endfacet
  facet normal -1 -0 0
    outer loop
      vertex 2.25882 1.58412 -7.57
      vertex 2.25882 0.758514 -8.17
      vertex 2.25882 0.758514 -7.57
    endloop
  endfacet
  facet normal 0 1 -0
    outer loop
      vertex 2.25882 0.758514 -8.17
      vertex 1.51616 0.758514 -7.57
      vertex 2.25882 0.758514 -7.57
    endloop
  endfacet
  facet normal 0 1 0
    outer loop
      vertex 1.51616 0.758514 -7.57
      vertex 2.25882 0.758514 -8.17
      vertex 1.51616 0.758514 -8.17
    endloop
  endfacet
  facet normal -1 0 0
    outer loop
      vertex 1.51616 -2.84804 -8.17
      vertex 1.51616 0.758514 -7.57
      vertex 1.51616 0.758514 -8.17
    endloop
  endfacet
  facet normal -1 -0 0
    outer loop
      vertex 1.51616 0.758514 -7.57
      vertex 1.51616 -2.84804 -8.17
      vertex 1.51616 -2.84804 -7.57
    endloop
  endfacet
  facet normal 0 1 -0
    outer loop
      vertex 1.51616 -2.84804 -8.17
      vertex 0.275803 -2.84804 -7.57
      vertex 1.51616 -2.84804 -7.57
    endloop
  endfacet
  facet normal 0 1 0
    outer loop
      vertex 0.275803 -2.84804 -7.57
      vertex 1.51616 -2.84804 -8.17
      vertex 0.275803 -2.84804 -8.17
    endloop
  endfacet
  facet normal 0.83724 0.546835 0
    outer loop
      vertex 0.275803 -2.84804 -7.57
      vertex -2.0746 0.75058 -8.17
      vertex -2.0746 0.75058 -7.57
    endloop
  endfacet
  facet normal 0.83724 0.546835 0
    outer loop
      vertex -2.0746 0.75058 -8.17
      vertex 0.275803 -2.84804 -7.57
      vertex 0.275803 -2.84804 -8.17
    endloop
  endfacet
  facet normal 1 -0 0
    outer loop
      vertex -2.0746 0.75058 -7.57
      vertex -2.0746 1.58412 -8.17
      vertex -2.0746 1.58412 -7.57
    endloop
  endfacet
  facet normal 1 0 0
    outer loop
      vertex -2.0746 1.58412 -8.17
      vertex -2.0746 0.75058 -7.57
      vertex -2.0746 0.75058 -8.17
    endloop
  endfacet
  facet normal 0 -1 0
    outer loop
      vertex -2.0746 1.58412 -8.17
      vertex 0.457489 1.58412 -7.57
      vertex -2.0746 1.58412 -7.57
    endloop
  endfacet
  facet normal 0 -1 -0
    outer loop
      vertex 0.457489 1.58412 -7.57
      vertex -2.0746 1.58412 -8.17
      vertex 0.457489 1.58412 -8.17
    endloop
  endfacet
  facet normal 1 -0 0
    outer loop
      vertex 0.457489 1.58412 -7.57
      vertex 0.457489 2.71782 -8.17
      vertex 0.457489 2.71782 -7.57
    endloop
  endfacet
  facet normal 1 0 0
    outer loop
      vertex 0.457489 2.71782 -8.17
      vertex 0.457489 1.58412 -7.57
      vertex 0.457489 1.58412 -8.17
    endloop
  endfacet
  facet normal 0 -1 0
    outer loop
      vertex 0.457489 2.71782 -8.17
      vertex 1.51616 2.71782 -7.57
      vertex 0.457489 2.71782 -7.57
    endloop
  endfacet
  facet normal 0 -1 -0
    outer loop
      vertex 1.51616 2.71782 -7.57
      vertex 0.457489 2.71782 -8.17
      vertex 1.51616 2.71782 -8.17
    endloop
  endfacet
  facet normal -1 0 0
    outer loop
      vertex 1.51616 1.58412 -8.17
      vertex 1.51616 2.71782 -7.57
      vertex 1.51616 2.71782 -8.17
    endloop
  endfacet
  facet normal -1 -0 0
    outer loop
      vertex 1.51616 2.71782 -7.57
      vertex 1.51616 1.58412 -8.17
      vertex 1.51616 1.58412 -7.57
    endloop
  endfacet
  facet normal -0.835397 -0.549648 0
    outer loop
      vertex 0.121719 -1.20474 -8.17
      vertex -1.17 0.758514 -7.57
      vertex -1.17 0.758514 -8.17
    endloop
  endfacet
  facet normal -0.835397 -0.549648 0
    outer loop
      vertex -1.17 0.758514 -7.57
      vertex 0.121719 -1.20474 -8.17
      vertex 0.121719 -1.20474 -7.57
    endloop
  endfacet
  facet normal -0.848176 -0.529714 0
    outer loop
      vertex 0.282349 -1.46194 -8.17
      vertex 0.121719 -1.20474 -7.57
      vertex 0.121719 -1.20474 -8.17
    endloop
  endfacet
  facet normal -0.848176 -0.529714 0
    outer loop
      vertex 0.121719 -1.20474 -7.57
      vertex 0.282349 -1.46194 -8.17
      vertex 0.282349 -1.46194 -7.57
    endloop
  endfacet
  facet normal -0.864927 -0.501898 0
    outer loop
      vertex 0.406128 -1.67525 -8.17
      vertex 0.282349 -1.46194 -7.57
      vertex 0.282349 -1.46194 -8.17
    endloop
  endfacet
  facet normal -0.864927 -0.501898 0
    outer loop
      vertex 0.282349 -1.46194 -7.57
      vertex 0.406128 -1.67525 -8.17
      vertex 0.406128 -1.67525 -7.57
    endloop
  endfacet
  facet normal -0.889759 -0.45643 0
    outer loop
      vertex 0.493027 -1.84465 -8.17
      vertex 0.406128 -1.67525 -7.57
      vertex 0.406128 -1.67525 -8.17
    endloop
  endfacet
  facet normal -0.889759 -0.45643 0
    outer loop
      vertex 0.406128 -1.67525 -7.57
      vertex 0.493027 -1.84465 -8.17
      vertex 0.493027 -1.84465 -7.57
    endloop
  endfacet
  facet normal 0.996134 0.0878479 0
    outer loop
      vertex 0.493027 -1.84465 -7.57
      vertex 0.487106 -1.77751 -8.17
      vertex 0.487106 -1.77751 -7.57
    endloop
  endfacet
  facet normal 0.996134 0.0878479 0
    outer loop
      vertex 0.487106 -1.77751 -8.17
      vertex 0.493027 -1.84465 -7.57
      vertex 0.493027 -1.84465 -8.17
    endloop
  endfacet
  facet normal 0.997709 0.0676489 0
    outer loop
      vertex 0.487106 -1.77751 -7.57
      vertex 0.479874 -1.67085 -8.17
      vertex 0.479874 -1.67085 -7.57
    endloop
  endfacet
  facet normal 0.997709 0.0676489 0
    outer loop
      vertex 0.479874 -1.67085 -8.17
      vertex 0.487106 -1.77751 -7.57
      vertex 0.487106 -1.77751 -8.17
    endloop
  endfacet
  facet normal 0.998283 0.0585667 0
    outer loop
      vertex 0.479874 -1.67085 -7.57
      vertex 0.471298 -1.52467 -8.17
      vertex 0.471298 -1.52467 -7.57
    endloop
  endfacet
  facet normal 0.998283 0.0585667 0
    outer loop
      vertex 0.471298 -1.52467 -8.17
      vertex 0.479874 -1.67085 -7.57
      vertex 0.479874 -1.67085 -8.17
    endloop
  endfacet
  facet normal 0.998879 0.047338 0
    outer loop
      vertex 0.471298 -1.52467 -7.57
      vertex 0.463623 -1.36272 -8.17
      vertex 0.463623 -1.36272 -7.57
    endloop
  endfacet
  facet normal 0.998879 0.047338 0
    outer loop
      vertex 0.463623 -1.36272 -8.17
      vertex 0.471298 -1.52467 -7.57
      vertex 0.471298 -1.52467 -8.17
    endloop
  endfacet
  facet normal 0.999553 0.0299009 0
    outer loop
      vertex 0.463623 -1.36272 -7.57
      vertex 0.459015 -1.20868 -8.17
      vertex 0.459015 -1.20868 -7.57
    endloop
  endfacet
  facet normal 0.999553 0.0299009 0
    outer loop
      vertex 0.459015 -1.20868 -8.17
      vertex 0.463623 -1.36272 -7.57
      vertex 0.463623 -1.36272 -8.17
    endloop
  endfacet
  facet normal 0.999945 0.0104429 0
    outer loop
      vertex 0.459015 -1.20868 -7.57
      vertex 0.457489 -1.06256 -8.17
      vertex 0.457489 -1.06256 -7.57
    endloop
  endfacet
  facet normal 0.999945 0.0104429 0
    outer loop
      vertex 0.457489 -1.06256 -8.17
      vertex 0.459015 -1.20868 -7.57
      vertex 0.459015 -1.20868 -8.17
    endloop
  endfacet
  facet normal 1 -0 0
    outer loop
      vertex 0.457489 -1.06256 -7.57
      vertex 0.457489 0.758514 -8.17
      vertex 0.457489 0.758514 -7.57
    endloop
  endfacet
  facet normal 1 0 0
    outer loop
      vertex 0.457489 0.758514 -8.17
      vertex 0.457489 -1.06256 -7.57
      vertex 0.457489 -1.06256 -8.17
    endloop
  endfacet
  facet normal 0 1 -0
    outer loop
      vertex 0.457489 0.758514 -8.17
      vertex -1.17 0.758514 -7.57
      vertex 0.457489 0.758514 -7.57
    endloop
  endfacet
  facet normal 0 1 0
    outer loop
      vertex -1.17 0.758514 -7.57
      vertex 0.457489 0.758514 -8.17
      vertex -1.17 0.758514 -8.17
    endloop
  endfacet
  facet normal -0.707107 0 0.707107
    outer loop
      vertex -8.17 -7.639 7.639
      vertex -7.639 7.639 8.17
      vertex -8.17 7.639 7.639
    endloop
  endfacet
  facet normal -0.707107 0 0.707107
    outer loop
      vertex -7.639 7.639 8.17
      vertex -8.17 -7.639 7.639
      vertex -7.639 -7.639 8.17
    endloop
  endfacet
  facet normal 0 -0.707107 -0.707107
    outer loop
      vertex -7.639 -7.639 -8.17
      vertex 7.639 -8.17 -7.639
      vertex -7.639 -8.17 -7.639
    endloop
  endfacet
  facet normal 0 -0.707107 -0.707107
    outer loop
      vertex 7.639 -8.17 -7.639
      vertex -7.639 -7.639 -8.17
      vertex 7.639 -7.639 -8.17
    endloop
  endfacet
  facet normal 0 0 -1
    outer loop
      vertex 0.457489 1.58412 -8.17
      vertex -2.0746 1.58412 -8.17
      vertex 0.457489 2.71782 -8.17
    endloop
  endfacet
  facet normal 0 0 -1
    outer loop
      vertex 7.639 -7.639 -8.17
      vertex 2.25882 0.758514 -8.17
      vertex 7.639 7.639 -8.17
    endloop
  endfacet
  facet normal 0 0 -1
    outer loop
      vertex 7.639 -7.639 -8.17
      vertex 1.51616 -2.84804 -8.17
      vertex 2.25882 0.758514 -8.17
    endloop
  endfacet
  facet normal 0 0 -1
    outer loop
      vertex 7.639 -7.639 -8.17
      vertex 0.275803 -2.84804 -8.17
      vertex 1.51616 -2.84804 -8.17
    endloop
  endfacet
  facet normal 0 0 -1
    outer loop
      vertex -7.639 7.639 -8.17
      vertex -2.0746 0.75058 -8.17
      vertex -7.639 -7.639 -8.17
    endloop
  endfacet
  facet normal -0 0 -1
    outer loop
      vertex 0.275803 -2.84804 -8.17
      vertex -7.639 -7.639 -8.17
      vertex -2.0746 0.75058 -8.17
    endloop
  endfacet
  facet normal 0 0 -1
    outer loop
      vertex -7.639 -7.639 -8.17
      vertex 0.275803 -2.84804 -8.17
      vertex 7.639 -7.639 -8.17
    endloop
  endfacet
  facet normal 0 0 -1
    outer loop
      vertex 2.25882 1.58412 -8.17
      vertex 7.639 7.639 -8.17
      vertex 2.25882 0.758514 -8.17
    endloop
  endfacet
  facet normal 0 0 -1
    outer loop
      vertex 1.51616 2.71782 -8.17
      vertex 2.25882 1.58412 -8.17
      vertex 1.51616 1.58412 -8.17
    endloop
  endfacet
  facet normal 0 0 -1
    outer loop
      vertex 2.25882 1.58412 -8.17
      vertex 1.51616 2.71782 -8.17
      vertex 7.639 7.639 -8.17
    endloop
  endfacet
  facet normal 0 0 -1
    outer loop
      vertex 0.457489 2.71782 -8.17
      vertex 7.639 7.639 -8.17
      vertex 1.51616 2.71782 -8.17
    endloop
  endfacet
  facet normal 0 0 -1
    outer loop
      vertex -7.639 7.639 -8.17
      vertex 0.457489 2.71782 -8.17
      vertex -2.0746 1.58412 -8.17
    endloop
  endfacet
  facet normal 0 0 -1
    outer loop
      vertex 0.457489 2.71782 -8.17
      vertex -7.639 7.639 -8.17
      vertex 7.639 7.639 -8.17
    endloop
  endfacet
  facet normal 0 0 -1
    outer loop
      vertex -2.0746 0.75058 -8.17
      vertex -7.639 7.639 -8.17
      vertex -2.0746 1.58412 -8.17
    endloop
  endfacet
  facet normal -0 0 -1
    outer loop
      vertex 2.25882 0.758514 -8.17
      vertex 1.51616 -2.84804 -8.17
      vertex 1.51616 0.758514 -8.17
    endloop
  endfacet
  facet normal 0 0 -1
    outer loop
      vertex 0.406128 -1.67525 -8.17
      vertex 0.487106 -1.77751 -8.17
      vertex 0.493027 -1.84465 -8.17
    endloop
  endfacet
  facet normal 0 0 -1
    outer loop
      vertex 0.406128 -1.67525 -8.17
      vertex 0.479874 -1.67085 -8.17
      vertex 0.487106 -1.77751 -8.17
    endloop
  endfacet
  facet normal 0 0 -1
    outer loop
      vertex 0.406128 -1.67525 -8.17
      vertex 0.471298 -1.52467 -8.17
      vertex 0.479874 -1.67085 -8.17
    endloop
  endfacet
  facet normal 0 0 -1
    outer loop
      vertex 0.282349 -1.46194 -8.17
      vertex 0.471298 -1.52467 -8.17
      vertex 0.406128 -1.67525 -8.17
    endloop
  endfacet
  facet normal 0 0 -1
    outer loop
      vertex 0.471298 -1.52467 -8.17
      vertex 0.282349 -1.46194 -8.17
      vertex 0.463623 -1.36272 -8.17
    endloop
  endfacet
  facet normal -0 0 -1
    outer loop
      vertex 0.463623 -1.36272 -8.17
      vertex 0.282349 -1.46194 -8.17
      vertex 0.459015 -1.20868 -8.17
    endloop
  endfacet
  facet normal 0 0 -1
    outer loop
      vertex 0.121719 -1.20474 -8.17
      vertex 0.459015 -1.20868 -8.17
      vertex 0.282349 -1.46194 -8.17
    endloop
  endfacet
  facet normal 0 0 -1
    outer loop
      vertex 0.459015 -1.20868 -8.17
      vertex 0.121719 -1.20474 -8.17
      vertex 0.457489 -1.06256 -8.17
    endloop
  endfacet
  facet normal -0 0 -1
    outer loop
      vertex 0.457489 -1.06256 -8.17
      vertex 0.121719 -1.20474 -8.17
      vertex 0.457489 0.758514 -8.17
    endloop
  endfacet
  facet normal -0 0 -1
    outer loop
      vertex 0.457489 0.758514 -8.17
      vertex 0.121719 -1.20474 -8.17
      vertex -1.17 0.758514 -8.17
    endloop
  endfacet
  facet normal -0.57735 -0.57735 -0.57735
    outer loop
      vertex -7.639 -8.17 -7.639
      vertex -8.17 -7.639 -7.639
      vertex -7.639 -7.639 -8.17
    endloop
  endfacet
  facet normal 0.57735 0.57735 -0.57735
    outer loop
      vertex 8.17 7.639 -7.639
      vertex 7.639 7.639 -8.17
      vertex 7.639 8.17 -7.639
    endloop
  endfacet
  facet normal 0 0 1
    outer loop
      vertex -0.678726 -0.133926 8.17
      vertex -1.03313 -0.248474 8.17
      vertex -0.678726 -0.149719 8.17
    endloop
  endfacet
  facet normal 0 0 1
    outer loop
      vertex -1.07263 -0.0538025 8.17
      vertex -1.03313 -0.248474 8.17
      vertex -0.678726 -0.133926 8.17
    endloop
  endfacet
  facet normal 0 0 1
    outer loop
      vertex -1.07263 -0.0538025 8.17
      vertex -1.32739 -0.397278 8.17
      vertex -1.03313 -0.248474 8.17
    endloop
  endfacet
  facet normal 0 0 1
    outer loop
      vertex -1.40114 0.0864258 8.17
      vertex -1.32739 -0.397278 8.17
      vertex -1.07263 -0.0538025 8.17
    endloop
  endfacet
  facet normal 0 0 1
    outer loop
      vertex -1.40114 0.0864258 8.17
      vertex -1.56154 -0.5961 8.17
      vertex -1.32739 -0.397278 8.17
    endloop
  endfacet
  facet normal 0 0 1
    outer loop
      vertex -1.66423 0.286804 8.17
      vertex -1.56154 -0.5961 8.17
      vertex -1.40114 0.0864258 8.17
    endloop
  endfacet
  facet normal 0 0 1
    outer loop
      vertex -1.66423 0.286804 8.17
      vertex -1.73163 -0.840576 8.17
      vertex -1.56154 -0.5961 8.17
    endloop
  endfacet
  facet normal 0 0 1
    outer loop
      vertex -1.85628 0.538498 8.17
      vertex -1.73163 -0.840576 8.17
      vertex -1.66423 0.286804 8.17
    endloop
  endfacet
  facet normal 0 0 1
    outer loop
      vertex -1.73163 -0.840576 8.17
      vertex -1.85628 0.538498 8.17
      vertex -1.83369 -1.1263 8.17
    endloop
  endfacet
  facet normal 0 0 1
    outer loop
      vertex -1.9715 0.832779 8.17
      vertex -1.83369 -1.1263 8.17
      vertex -1.85628 0.538498 8.17
    endloop
  endfacet
  facet normal 0 0 1
    outer loop
      vertex -1.83369 -1.1263 8.17
      vertex -1.9715 0.832779 8.17
      vertex -1.86771 -1.45328 8.17
    endloop
  endfacet
  facet normal 0 0 1
    outer loop
      vertex 0.581421 0.336151 8.17
      vertex 2.0114 1.20125 8.17
      vertex 0.881592 1.10246 8.17
    endloop
  endfacet
  facet normal 0 0 1
    outer loop
      vertex 2.0114 1.20125 8.17
      vertex 0.581421 0.336151 8.17
      vertex 1.91656 -1.40196 8.17
    endloop
  endfacet
  facet normal 0 0 1
    outer loop
      vertex 1.91656 -1.40196 8.17
      vertex 0.581421 -0.560562 8.17
      vertex 0.806564 -1.32291 8.17
    endloop
  endfacet
  facet normal 0 0 1
    outer loop
      vertex 0.194275 0.336151 8.17
      vertex 0.881592 1.10246 8.17
      vertex 0.732803 1.54796 8.17
    endloop
  endfacet
  facet normal 0 0 1
    outer loop
      vertex 1.91656 -1.40196 8.17
      vertex 0.581421 0.336151 8.17
      vertex 0.581421 -0.560562 8.17
    endloop
  endfacet
  facet normal -0 0 1
    outer loop
      vertex 0.217987 -0.560562 8.17
      vertex 0.806564 -1.32291 8.17
      vertex 0.581421 -0.560562 8.17
    endloop
  endfacet
  facet normal 0 0 1
    outer loop
      vertex 0.194275 0.336151 8.17
      vertex 0.732803 1.54796 8.17
      vertex 0.42865 1.81526 8.17
    endloop
  endfacet
  facet normal 0 0 1
    outer loop
      vertex 0.881592 1.10246 8.17
      vertex 0.194275 0.336151 8.17
      vertex 0.581421 0.336151 8.17
    endloop
  endfacet
  facet normal 0 0 1
    outer loop
      vertex -0.129623 0.358093 8.17
      vertex 0.42865 1.81526 8.17
      vertex -0.0308533 1.90436 8.17
    endloop
  endfacet
  facet normal 0 0 1
    outer loop
      vertex 0.42865 1.81526 8.17
      vertex -0.129623 0.358093 8.17
      vertex 0.194275 0.336151 8.17
    endloop
  endfacet
  facet normal -0 0 1
    outer loop
      vertex -0.277069 1.88242 8.17
      vertex -0.129623 0.358093 8.17
      vertex -0.0308533 1.90436 8.17
    endloop
  endfacet
  facet normal 0 0 1
    outer loop
      vertex -0.277069 1.88242 8.17
      vertex -0.395599 0.42395 8.17
      vertex -0.129623 0.358093 8.17
    endloop
  endfacet
  facet normal 0 0 1
    outer loop
      vertex -0.847656 1.35045 8.17
      vertex -0.277069 1.88242 8.17
      vertex -0.483795 1.81659 8.17
    endloop
  endfacet
  facet normal 0 0 1
    outer loop
      vertex -0.277069 1.88242 8.17
      vertex -0.872238 1.10246 8.17
      vertex -0.395599 0.42395 8.17
    endloop
  endfacet
  facet normal 0 0 1
    outer loop
      vertex -0.847656 1.35045 8.17
      vertex -0.483795 1.81659 8.17
      vertex -0.651001 1.70688 8.17
    endloop
  endfacet
  facet normal 0 0 1
    outer loop
      vertex -0.395599 0.42395 8.17
      vertex -0.872238 1.10246 8.17
      vertex -0.603638 0.533676 8.17
    endloop
  endfacet
  facet normal 0 0 1
    outer loop
      vertex -0.847656 1.35045 8.17
      vertex -0.651001 1.70688 8.17
      vertex -0.773911 1.55193 8.17
    endloop
  endfacet
  facet normal -0 -0 1
    outer loop
      vertex -0.842392 0.874237 8.17
      vertex -0.603638 0.533676 8.17
      vertex -0.872238 1.10246 8.17
    endloop
  endfacet
  facet normal 0 0 1
    outer loop
      vertex -0.277069 1.88242 8.17
      vertex -0.847656 1.35045 8.17
      vertex -0.872238 1.10246 8.17
    endloop
  endfacet
  facet normal 0 0 1
    outer loop
      vertex -0.603638 0.533676 8.17
      vertex -0.842392 0.874237 8.17
      vertex -0.752869 0.684647 8.17
    endloop
  endfacet
  facet normal 0 0 1
    outer loop
      vertex 7.639 7.639 8.17
      vertex 2.0114 1.20125 8.17
      vertex 7.639 -7.639 8.17
    endloop
  endfacet
  facet normal 0 0 1
    outer loop
      vertex 7.639 7.639 8.17
      vertex 1.9021 1.67944 8.17
      vertex 2.0114 1.20125 8.17
    endloop
  endfacet
  facet normal 0 0 1
    outer loop
      vertex 7.639 7.639 8.17
      vertex 1.69536 2.07646 8.17
      vertex 1.9021 1.67944 8.17
    endloop
  endfacet
  facet normal 0 0 1
    outer loop
      vertex 7.639 7.639 8.17
      vertex 1.39119 2.39227 8.17
      vertex 1.69536 2.07646 8.17
    endloop
  endfacet
  facet normal 0 0 1
    outer loop
      vertex 7.639 7.639 8.17
      vertex 0.997482 2.6216 8.17
      vertex 1.39119 2.39227 8.17
    endloop
  endfacet
  facet normal 0 0 1
    outer loop
      vertex 7.639 7.639 8.17
      vertex 0.522141 2.75919 8.17
      vertex 0.997482 2.6216 8.17
    endloop
  endfacet
  facet normal 0 0 1
    outer loop
      vertex 7.639 7.639 8.17
      vertex -0.0348053 2.80505 8.17
      vertex 0.522141 2.75919 8.17
    endloop
  endfacet
  facet normal -0 0 1
    outer loop
      vertex -7.639 7.639 8.17
      vertex -0.0348053 2.80505 8.17
      vertex 7.639 7.639 8.17
    endloop
  endfacet
  facet normal 0 0 1
    outer loop
      vertex -0.0348053 2.80505 8.17
      vertex -7.639 7.639 8.17
      vertex -0.618561 2.75764 8.17
    endloop
  endfacet
  facet normal 0 0 1
    outer loop
      vertex -1.95285 1.65155 8.17
      vertex -7.639 7.639 8.17
      vertex -2.0099 1.16962 8.17
    endloop
  endfacet
  facet normal 0 0 1
    outer loop
      vertex -1.78166 2.05449 8.17
      vertex -7.639 7.639 8.17
      vertex -1.95285 1.65155 8.17
    endloop
  endfacet
  facet normal 0 0 1
    outer loop
      vertex -1.49635 2.37842 8.17
      vertex -7.639 7.639 8.17
      vertex -1.78166 2.05449 8.17
    endloop
  endfacet
  facet normal 0 0 1
    outer loop
      vertex -1.10574 2.61543 8.17
      vertex -7.639 7.639 8.17
      vertex -1.49635 2.37842 8.17
    endloop
  endfacet
  facet normal 0 0 1
    outer loop
      vertex -0.618561 2.75764 8.17
      vertex -7.639 7.639 8.17
      vertex -1.10574 2.61543 8.17
    endloop
  endfacet
  facet normal -0 0 1
    outer loop
      vertex 1.91656 -1.40196 8.17
      vertex 7.639 -7.639 8.17
      vertex 2.0114 1.20125 8.17
    endloop
  endfacet
  facet normal -0 0 1
    outer loop
      vertex 1.81166 -1.84657 8.17
      vertex 7.639 -7.639 8.17
      vertex 1.91656 -1.40196 8.17
    endloop
  endfacet
  facet normal -0 0 1
    outer loop
      vertex 1.61285 -2.22183 8.17
      vertex 7.639 -7.639 8.17
      vertex 1.81166 -1.84657 8.17
    endloop
  endfacet
  facet normal -0 0 1
    outer loop
      vertex 1.32011 -2.52774 8.17
      vertex 7.639 -7.639 8.17
      vertex 1.61285 -2.22183 8.17
    endloop
  endfacet
  facet normal -0 0 1
    outer loop
      vertex 0.945724 -2.75378 8.17
      vertex 7.639 -7.639 8.17
      vertex 1.32011 -2.52774 8.17
    endloop
  endfacet
  facet normal -0 0 1
    outer loop
      vertex 0.501968 -2.88942 8.17
      vertex 7.639 -7.639 8.17
      vertex 0.945724 -2.75378 8.17
    endloop
  endfacet
  facet normal -0 0 1
    outer loop
      vertex -0.0110931 -2.93463 8.17
      vertex 7.639 -7.639 8.17
      vertex 0.501968 -2.88942 8.17
    endloop
  endfacet
  facet normal 0 0 1
    outer loop
      vertex -7.639 -7.639 8.17
      vertex -0.0110931 -2.93463 8.17
      vertex -0.550751 -2.89096 8.17
    endloop
  endfacet
  facet normal 0 0 1
    outer loop
      vertex -7.639 -7.639 8.17
      vertex -0.550751 -2.89096 8.17
      vertex -1.00569 -2.75993 8.17
    endloop
  endfacet
  facet normal 0 0 1
    outer loop
      vertex -7.639 7.639 8.17
      vertex -1.9715 0.832779 8.17
      vertex -2.0099 1.16962 8.17
    endloop
  endfacet
  facet normal 0 0 1
    outer loop
      vertex -1.9715 0.832779 8.17
      vertex -7.639 7.639 8.17
      vertex -7.639 -7.639 8.17
    endloop
  endfacet
  facet normal 0 0 1
    outer loop
      vertex -1.9715 0.832779 8.17
      vertex -7.639 -7.639 8.17
      vertex -1.86771 -1.45328 8.17
    endloop
  endfacet
  facet normal 0 0 1
    outer loop
      vertex -1.86771 -1.45328 8.17
      vertex -7.639 -7.639 8.17
      vertex -1.81306 -1.88319 8.17
    endloop
  endfacet
  facet normal 0 0 1
    outer loop
      vertex -0.0110931 -2.93463 8.17
      vertex -7.639 -7.639 8.17
      vertex 7.639 -7.639 8.17
    endloop
  endfacet
  facet normal 0 0 1
    outer loop
      vertex -1.37589 -2.54155 8.17
      vertex -7.639 -7.639 8.17
      vertex -1.00569 -2.75993 8.17
    endloop
  endfacet
  facet normal 0 0 1
    outer loop
      vertex -1.64912 -2.24596 8.17
      vertex -7.639 -7.639 8.17
      vertex -1.37589 -2.54155 8.17
    endloop
  endfacet
  facet normal 0 0 1
    outer loop
      vertex -1.81306 -1.88319 8.17
      vertex -7.639 -7.639 8.17
      vertex -1.64912 -2.24596 8.17
    endloop
  endfacet
  facet normal -0 0 1
    outer loop
      vertex -0.0743103 -0.582291 8.17
      vertex 0.806564 -1.32291 8.17
      vertex 0.217987 -0.560562 8.17
    endloop
  endfacet
  facet normal 0 0 1
    outer loop
      vertex 0.806564 -1.32291 8.17
      vertex -0.0743103 -0.582291 8.17
      vertex 0.765518 -1.53712 8.17
    endloop
  endfacet
  facet normal 0 -0 1
    outer loop
      vertex 0.223053 -2.02872 8.17
      vertex 0.765518 -1.53712 8.17
      vertex -0.0743103 -0.582291 8.17
    endloop
  endfacet
  facet normal 0 0 1
    outer loop
      vertex 0.765518 -1.53712 8.17
      vertex 0.223053 -2.02872 8.17
      vertex 0.684555 -1.7162 8.17
    endloop
  endfacet
  facet normal 0 0 1
    outer loop
      vertex 0.684555 -1.7162 8.17
      vertex 0.408066 -1.96552 8.17
      vertex 0.56366 -1.86017 8.17
    endloop
  endfacet
  facet normal 0 0 1
    outer loop
      vertex 0.684555 -1.7162 8.17
      vertex 0.223053 -2.02872 8.17
      vertex 0.408066 -1.96552 8.17
    endloop
  endfacet
  facet normal 0 0 1
    outer loop
      vertex 0.223053 -2.02872 8.17
      vertex -0.0743103 -0.582291 8.17
      vertex 0.00863647 -2.04979 8.17
    endloop
  endfacet
  facet normal -0 0 1
    outer loop
      vertex -0.31395 -0.647446 8.17
      vertex 0.00863647 -2.04979 8.17
      vertex -0.0743103 -0.582291 8.17
    endloop
  endfacet
  facet normal -0 0 1
    outer loop
      vertex -0.741928 -1.31505 8.17
      vertex 0.00863647 -2.04979 8.17
      vertex -0.31395 -0.647446 8.17
    endloop
  endfacet
  facet normal 0 0 1
    outer loop
      vertex 0.00863647 -2.04979 8.17
      vertex -0.741928 -1.31505 8.17
      vertex -0.216751 -2.02806 8.17
    endloop
  endfacet
  facet normal 0 0 1
    outer loop
      vertex -0.715149 -1.09142 8.17
      vertex -0.31395 -0.647446 8.17
      vertex -0.500946 -0.756058 8.17
    endloop
  endfacet
  facet normal -0 -0 1
    outer loop
      vertex -0.720642 -1.52768 8.17
      vertex -0.216751 -2.02806 8.17
      vertex -0.741928 -1.31505 8.17
    endloop
  endfacet
  facet normal 0 0 1
    outer loop
      vertex -0.715149 -1.09142 8.17
      vertex -0.500946 -0.756058 8.17
      vertex -0.634827 -0.90509 8.17
    endloop
  endfacet
  facet normal 0 0 1
    outer loop
      vertex -0.216751 -2.02806 8.17
      vertex -0.720642 -1.52768 8.17
      vertex -0.403076 -1.96288 8.17
    endloop
  endfacet
  facet normal 0 0 1
    outer loop
      vertex -0.31395 -0.647446 8.17
      vertex -0.715149 -1.09142 8.17
      vertex -0.741928 -1.31505 8.17
    endloop
  endfacet
  facet normal -0 -0 1
    outer loop
      vertex -0.656784 -1.70741 8.17
      vertex -0.403076 -1.96288 8.17
      vertex -0.720642 -1.52768 8.17
    endloop
  endfacet
  facet normal 0 0 1
    outer loop
      vertex -0.403076 -1.96288 8.17
      vertex -0.656784 -1.70741 8.17
      vertex -0.550339 -1.85423 8.17
    endloop
  endfacet
  facet normal -0.57735 0.57735 0.57735
    outer loop
      vertex -7.639 8.17 7.639
      vertex -8.17 7.639 7.639
      vertex -7.639 7.639 8.17
    endloop
  endfacet
  facet normal 0.707107 0.707107 0
    outer loop
      vertex 8.17 7.639 7.639
      vertex 7.639 8.17 -7.639
      vertex 7.639 8.17 7.639
    endloop
  endfacet
  facet normal 0.707107 0.707107 0
    outer loop
      vertex 7.639 8.17 -7.639
      vertex 8.17 7.639 7.639
      vertex 8.17 7.639 -7.639
    endloop
  endfacet
  facet normal 0 -1 0
    outer loop
      vertex -0.309113 -8.17 -0.0858002
      vertex -0.831863 -8.17 0.342346
      vertex -0.702377 -8.17 0.147705
    endloop
  endfacet
  facet normal 0 -1 0
    outer loop
      vertex -0.831863 -8.17 0.342346
      vertex -0.0505981 -8.17 -0.11499
      vertex 0.703873 -8.17 0.2444
    endloop
  endfacet
  facet normal 0 -1 0
    outer loop
      vertex -0.309113 -8.17 -0.0858002
      vertex -0.702377 -8.17 0.147705
      vertex -0.526367 -8.17 0.00175476
    endloop
  endfacet
  facet normal 0 -1 0
    outer loop
      vertex 0.703873 -8.17 0.2444
      vertex -0.0505981 -8.17 -0.11499
      vertex 0.490128 -8.17 0.0447235
    endloop
  endfacet
  facet normal 0 -1 0
    outer loop
      vertex -0.831863 -8.17 0.342346
      vertex -0.309113 -8.17 -0.0858002
      vertex -0.0505981 -8.17 -0.11499
    endloop
  endfacet
  facet normal 0 -1 0
    outer loop
      vertex 0.490128 -8.17 0.0447235
      vertex -0.0505981 -8.17 -0.11499
      vertex 0.238632 -8.17 -0.075058
    endloop
  endfacet
  facet normal 0 -1 0
    outer loop
      vertex 0.585327 -8.17 -2.06248
      vertex -0.331085 -8.17 -1.01173
      vertex -1.75319 -8.17 -2.06248
    endloop
  endfacet
  facet normal 0 -1 0
    outer loop
      vertex -0.331085 -8.17 -1.01173
      vertex 0.585327 -8.17 -2.06248
      vertex 0.0494385 -8.17 -0.972229
    endloop
  endfacet
  facet normal 0 -1 0
    outer loop
      vertex 0.385193 -8.17 -0.853729
      vertex 0.585327 -8.17 -2.06248
      vertex 0.676193 -8.17 -0.656219
    endloop
  endfacet
  facet normal 0 -1 0
    outer loop
      vertex 0.0494385 -8.17 -0.972229
      vertex 0.585327 -8.17 -2.06248
      vertex 0.385193 -8.17 -0.853729
    endloop
  endfacet
  facet normal 0 -1 0
    outer loop
      vertex -0.90802 -8.17 1.15474
      vertex -0.026886 -8.17 1.87587
      vertex -0.284775 -8.17 1.84647
    endloop
  endfacet
  facet normal 0 -1 0
    outer loop
      vertex -0.026886 -8.17 1.87587
      vertex 0.838135 -8.17 1.19641
      vertex 0.184219 -8.17 1.85788
    endloop
  endfacet
  facet normal 0 -1 0
    outer loop
      vertex -0.825729 -8.17 1.40887
      vertex -0.284775 -8.17 1.84647
      vertex -0.505325 -8.17 1.75826
    endloop
  endfacet
  facet normal -0 -1 -0
    outer loop
      vertex 0.76532 -8.17 1.41193
      vertex 0.184219 -8.17 1.85788
      vertex 0.838135 -8.17 1.19641
    endloop
  endfacet
  facet normal 0 -1 0
    outer loop
      vertex -0.825729 -8.17 1.40887
      vertex -0.505325 -8.17 1.75826
      vertex -0.688568 -8.17 1.61124
    endloop
  endfacet
  facet normal 0 -1 0
    outer loop
      vertex 0.369888 -8.17 1.80389
      vertex 0.76532 -8.17 1.41193
      vertex 0.530106 -8.17 1.71393
    endloop
  endfacet
  facet normal 0 -1 0
    outer loop
      vertex 0.530106 -8.17 1.71393
      vertex 0.76532 -8.17 1.41193
      vertex 0.662628 -8.17 1.58443
    endloop
  endfacet
  facet normal 0 -1 0
    outer loop
      vertex -0.90802 -8.17 1.15474
      vertex -0.284775 -8.17 1.84647
      vertex -0.825729 -8.17 1.40887
    endloop
  endfacet
  facet normal 0 -1 0
    outer loop
      vertex 0.184219 -8.17 1.85788
      vertex 0.76532 -8.17 1.41193
      vertex 0.369888 -8.17 1.80389
    endloop
  endfacet
  facet normal 0 -1 -0
    outer loop
      vertex -0.026886 -8.17 1.87587
      vertex -0.90802 -8.17 1.15474
      vertex 0.838135 -8.17 1.19641
    endloop
  endfacet
  facet normal 0 -1 0
    outer loop
      vertex -7.639 -8.17 7.639
      vertex -0.0150604 -8.17 2.75676
      vertex 7.639 -8.17 7.639
    endloop
  endfacet
  facet normal 0 -1 0
    outer loop
      vertex -7.639 -8.17 7.639
      vertex -0.609558 -8.17 2.69861
      vertex -0.0150604 -8.17 2.75676
    endloop
  endfacet
  facet normal 0 -1 0
    outer loop
      vertex -7.639 -8.17 7.639
      vertex -1.1132 -8.17 2.52414
      vertex -0.609558 -8.17 2.69861
    endloop
  endfacet
  facet normal 0 -1 0
    outer loop
      vertex -7.639 -8.17 7.639
      vertex -1.526 -8.17 2.23337
      vertex -1.1132 -8.17 2.52414
    endloop
  endfacet
  facet normal 0 -1 0
    outer loop
      vertex -7.639 -8.17 7.639
      vertex -1.83215 -8.17 1.84427
      vertex -1.526 -8.17 2.23337
    endloop
  endfacet
  facet normal 0 -1 0
    outer loop
      vertex -7.639 -8.17 7.639
      vertex -2.01584 -8.17 1.37486
      vertex -1.83215 -8.17 1.84427
    endloop
  endfacet
  facet normal 0 -1 0
    outer loop
      vertex -7.639 -8.17 7.639
      vertex -2.07707 -8.17 0.825119
      vertex -2.01584 -8.17 1.37486
    endloop
  endfacet
  facet normal 0 -1 0
    outer loop
      vertex -7.639 -8.17 -7.639
      vertex -2.07707 -8.17 0.825119
      vertex -7.639 -8.17 7.639
    endloop
  endfacet
  facet normal 0 -1 -0
    outer loop
      vertex -2.07707 -8.17 0.825119
      vertex -7.639 -8.17 -7.639
      vertex -2.02417 -8.17 0.298416
    endloop
  endfacet
  facet normal -0 -1 0
    outer loop
      vertex -1.75319 -8.17 -2.06248
      vertex -2.02417 -8.17 0.298416
      vertex -7.639 -8.17 -7.639
    endloop
  endfacet
  facet normal 0 -1 -0
    outer loop
      vertex -0.825058 -8.17 -0.956863
      vertex -1.75319 -8.17 -2.06248
      vertex -0.331085 -8.17 -1.01173
    endloop
  endfacet
  facet normal 0 -1 -0
    outer loop
      vertex -1.24838 -8.17 -0.792267
      vertex -1.75319 -8.17 -2.06248
      vertex -0.825058 -8.17 -0.956863
    endloop
  endfacet
  facet normal 0 -1 -0
    outer loop
      vertex -1.60103 -8.17 -0.517929
      vertex -1.75319 -8.17 -2.06248
      vertex -1.24838 -8.17 -0.792267
    endloop
  endfacet
  facet normal 0 -1 0
    outer loop
      vertex -2.02417 -8.17 0.298416
      vertex -1.75319 -8.17 -2.06248
      vertex -1.86549 -8.17 -0.149261
    endloop
  endfacet
  facet normal 0 -1 0
    outer loop
      vertex -1.86549 -8.17 -0.149261
      vertex -1.75319 -8.17 -2.06248
      vertex -1.60103 -8.17 -0.517929
    endloop
  endfacet
  facet normal 0 -1 -0
    outer loop
      vertex -1.75319 -8.17 -2.88809
      vertex -7.639 -8.17 -7.639
      vertex 1.59268 -8.17 -2.88809
    endloop
  endfacet
  facet normal 0 -1 -0
    outer loop
      vertex -1.75319 -8.17 -2.06248
      vertex -7.639 -8.17 -7.639
      vertex -1.75319 -8.17 -2.88809
    endloop
  endfacet
  facet normal 0 -1 0
    outer loop
      vertex 0.506119 -8.17 2.71484
      vertex 7.639 -8.17 7.639
      vertex -0.0150604 -8.17 2.75676
    endloop
  endfacet
  facet normal 0 -1 0
    outer loop
      vertex 0.953156 -8.17 2.5891
      vertex 7.639 -8.17 7.639
      vertex 0.506119 -8.17 2.71484
    endloop
  endfacet
  facet normal 0 -1 0
    outer loop
      vertex 1.326 -8.17 2.37952
      vertex 7.639 -8.17 7.639
      vertex 0.953156 -8.17 2.5891
    endloop
  endfacet
  facet normal 0 -1 0
    outer loop
      vertex 1.61897 -8.17 2.0905
      vertex 7.639 -8.17 7.639
      vertex 1.326 -8.17 2.37952
    endloop
  endfacet
  facet normal 0 -1 0
    outer loop
      vertex 1.82637 -8.17 1.72643
      vertex 7.639 -8.17 7.639
      vertex 1.61897 -8.17 2.0905
    endloop
  endfacet
  facet normal 0 -1 0
    outer loop
      vertex 1.9482 -8.17 1.28729
      vertex 7.639 -8.17 7.639
      vertex 1.82637 -8.17 1.72643
    endloop
  endfacet
  facet normal 0 -1 0
    outer loop
      vertex -0.93544 -8.17 0.848831
      vertex 0.838135 -8.17 1.19641
      vertex -0.90802 -8.17 1.15474
    endloop
  endfacet
  facet normal 0 -1 0
    outer loop
      vertex 0.703873 -8.17 0.2444
      vertex 0.838135 -8.17 1.19641
      vertex -0.93544 -8.17 0.848831
    endloop
  endfacet
  facet normal 0 -1 0
    outer loop
      vertex 0.703873 -8.17 0.2444
      vertex -0.93544 -8.17 0.848831
      vertex -0.909546 -8.17 0.57605
    endloop
  endfacet
  facet normal 0 -1 0
    outer loop
      vertex 0.703873 -8.17 0.2444
      vertex -0.909546 -8.17 0.57605
      vertex -0.831863 -8.17 0.342346
    endloop
  endfacet
  facet normal 0 -1 0
    outer loop
      vertex 1.78619 -8.17 0.2444
      vertex 0.838135 -8.17 1.19641
      vertex 0.703873 -8.17 0.2444
    endloop
  endfacet
  facet normal 0 -1 0
    outer loop
      vertex 0.838135 -8.17 1.19641
      vertex 1.78619 -8.17 0.2444
      vertex 1.9482 -8.17 1.28729
    endloop
  endfacet
  facet normal 0 -1 0
    outer loop
      vertex 7.639 -8.17 -7.639
      vertex 1.9482 -8.17 1.28729
      vertex 1.78619 -8.17 0.2444
    endloop
  endfacet
  facet normal 0 -1 0
    outer loop
      vertex 7.639 -8.17 -7.639
      vertex 1.78619 -8.17 0.2444
      vertex 1.59268 -8.17 -2.88809
    endloop
  endfacet
  facet normal 0 -1 0
    outer loop
      vertex 1.9482 -8.17 1.28729
      vertex 7.639 -8.17 -7.639
      vertex 7.639 -8.17 7.639
    endloop
  endfacet
  facet normal 0 -1 0
    outer loop
      vertex 7.639 -8.17 -7.639
      vertex 1.59268 -8.17 -2.88809
      vertex -7.639 -8.17 -7.639
    endloop
  endfacet
  facet normal -0.707107 0 -0.707107
    outer loop
      vertex -7.639 -7.639 -8.17
      vertex -8.17 7.639 -7.639
      vertex -7.639 7.639 -8.17
    endloop
  endfacet
  facet normal -0.707107 -0 -0.707107
    outer loop
      vertex -8.17 7.639 -7.639
      vertex -7.639 -7.639 -8.17
      vertex -8.17 -7.639 -7.639
    endloop
  endfacet
  facet normal 0 0.707107 -0.707107
    outer loop
      vertex 7.639 7.639 -8.17
      vertex -7.639 8.17 -7.639
      vertex 7.639 8.17 -7.639
    endloop
  endfacet
  facet normal 0 0.707107 -0.707107
    outer loop
      vertex -7.639 8.17 -7.639
      vertex 7.639 7.639 -8.17
      vertex -7.639 7.639 -8.17
    endloop
  endfacet
  facet normal 0.707107 0 -0.707107
    outer loop
      vertex 8.17 -7.639 -7.639
      vertex 7.639 7.639 -8.17
      vertex 8.17 7.639 -7.639
    endloop
  endfacet
  facet normal 0.707107 0 -0.707107
    outer loop
      vertex 7.639 7.639 -8.17
      vertex 8.17 -7.639 -7.639
      vertex 7.639 -7.639 -8.17
    endloop
  endfacet
  facet normal 0 -0.707107 0.707107
    outer loop
      vertex -7.639 -8.17 7.639
      vertex 7.639 -7.639 8.17
      vertex -7.639 -7.639 8.17
    endloop
  endfacet
  facet normal 0 -0.707107 0.707107
    outer loop
      vertex 7.639 -7.639 8.17
      vertex -7.639 -8.17 7.639
      vertex 7.639 -8.17 7.639
    endloop
  endfacet
  facet normal 0.57735 -0.57735 0.57735
    outer loop
      vertex 7.639 -7.639 8.17
      vertex 7.639 -8.17 7.639
      vertex 8.17 -7.639 7.639
    endloop
  endfacet
  facet normal -0.57735 0.57735 -0.57735
    outer loop
      vertex -7.639 7.639 -8.17
      vertex -8.17 7.639 -7.639
      vertex -7.639 8.17 -7.639
    endloop
  endfacet
  facet normal 0 1 0
    outer loop
      vertex 7.639 8.17 7.639
      vertex -0.026886 8.17 2.88911
      vertex -7.639 8.17 7.639
    endloop
  endfacet
  facet normal 0 1 0
    outer loop
      vertex 7.639 8.17 7.639
      vertex 0.489899 8.17 2.84392
      vertex -0.026886 8.17 2.88911
    endloop
  endfacet
  facet normal 0 1 0
    outer loop
      vertex 7.639 8.17 7.639
      vertex 0.929031 8.17 2.70828
      vertex 0.489899 8.17 2.84392
    endloop
  endfacet
  facet normal 0 1 0
    outer loop
      vertex 7.639 8.17 7.639
      vertex 1.29047 8.17 2.48222
      vertex 0.929031 8.17 2.70828
    endloop
  endfacet
  facet normal 0 1 0
    outer loop
      vertex 7.639 8.17 7.639
      vertex 1.56984 8.17 2.17018
      vertex 1.29047 8.17 2.48222
    endloop
  endfacet
  facet normal 0 1 0
    outer loop
      vertex 7.639 8.17 7.639
      vertex 1.76276 8.17 1.77647
      vertex 1.56984 8.17 2.17018
    endloop
  endfacet
  facet normal 0 1 0
    outer loop
      vertex 7.639 8.17 7.639
      vertex 1.8692 8.17 1.30112
      vertex 1.76276 8.17 1.77647
    endloop
  endfacet
  facet normal 0 1 0
    outer loop
      vertex 0.671631 8.17 -0.433884
      vertex 0.751282 8.17 1.23792
      vertex 1.8692 8.17 1.30112
    endloop
  endfacet
  facet normal -0 1 0
    outer loop
      vertex -0.661118 8.17 0.877121
      vertex 0.751282 8.17 1.23792
      vertex -0.530533 8.17 0.673035
    endloop
  endfacet
  facet normal 0 1 0
    outer loop
      vertex 0.751282 8.17 1.23792
      vertex -0.661118 8.17 0.877121
      vertex -0.739471 8.17 1.07858
    endloop
  endfacet
  facet normal 0 1 0
    outer loop
      vertex 0.751282 8.17 1.23792
      vertex -0.335022 8.17 0.449203
      vertex -0.530533 8.17 0.673035
    endloop
  endfacet
  facet normal 0 1 0
    outer loop
      vertex 0.751282 8.17 1.23792
      vertex -0.0617981 8.17 0.188477
      vertex -0.335022 8.17 0.449203
    endloop
  endfacet
  facet normal 0 1 0
    outer loop
      vertex 0.751282 8.17 1.23792
      vertex 0.289108 8.17 -0.1091
      vertex -0.0617981 8.17 0.188477
    endloop
  endfacet
  facet normal 0 1 0
    outer loop
      vertex 0.751282 8.17 1.23792
      vertex 0.671631 8.17 -0.433884
      vertex 0.289108 8.17 -0.1091
    endloop
  endfacet
  facet normal 0 1 -0
    outer loop
      vertex 7.639 8.17 -7.639
      vertex 1.8692 8.17 1.30112
      vertex 7.639 8.17 7.639
    endloop
  endfacet
  facet normal 0 1 0
    outer loop
      vertex 1.8692 8.17 1.30112
      vertex 1.00806 8.17 -0.749893
      vertex 0.671631 8.17 -0.433884
    endloop
  endfacet
  facet normal 0 1 0
    outer loop
      vertex 1.8692 8.17 1.30112
      vertex 1.29839 8.17 -1.05714
      vertex 1.00806 8.17 -0.749893
    endloop
  endfacet
  facet normal 0 1 0
    outer loop
      vertex 1.8692 8.17 1.30112
      vertex 1.54527 8.17 -1.36263
      vertex 1.29839 8.17 -1.05714
    endloop
  endfacet
  facet normal 0 1 0
    outer loop
      vertex 1.8692 8.17 1.30112
      vertex 1.75133 8.17 -1.67339
      vertex 1.54527 8.17 -1.36263
    endloop
  endfacet
  facet normal 0 1 0
    outer loop
      vertex 1.8692 8.17 1.30112
      vertex 1.91656 8.17 -1.98943
      vertex 1.75133 8.17 -1.67339
    endloop
  endfacet
  facet normal 0 1 0
    outer loop
      vertex 1.8692 8.17 1.30112
      vertex 7.639 8.17 -7.639
      vertex 1.91656 8.17 -1.98943
    endloop
  endfacet
  facet normal 0 1 0
    outer loop
      vertex 1.91656 8.17 -2.75969
      vertex 7.639 8.17 -7.639
      vertex -1.97833 8.17 -2.75969
    endloop
  endfacet
  facet normal 0 1 0
    outer loop
      vertex 1.91656 8.17 -1.98943
      vertex 7.639 8.17 -7.639
      vertex 1.91656 8.17 -2.75969
    endloop
  endfacet
  facet normal 0 1 -0
    outer loop
      vertex -0.580826 8.17 2.84348
      vertex -7.639 8.17 7.639
      vertex -0.026886 8.17 2.88911
    endloop
  endfacet
  facet normal 0 1 -0
    outer loop
      vertex -1.04169 8.17 2.70653
      vertex -7.639 8.17 7.639
      vertex -0.580826 8.17 2.84348
    endloop
  endfacet
  facet normal 0 1 -0
    outer loop
      vertex -1.4095 8.17 2.47827
      vertex -7.639 8.17 7.639
      vertex -1.04169 8.17 2.70653
    endloop
  endfacet
  facet normal 0 1 -0
    outer loop
      vertex -1.67723 8.17 2.16753
      vertex -7.639 8.17 7.639
      vertex -1.4095 8.17 2.47827
    endloop
  endfacet
  facet normal 0 1 -0
    outer loop
      vertex -1.83788 8.17 1.78305
      vertex -7.639 8.17 7.639
      vertex -1.67723 8.17 2.16753
    endloop
  endfacet
  facet normal 0 1 -0
    outer loop
      vertex -1.89142 8.17 1.32481
      vertex -7.639 8.17 7.639
      vertex -1.83788 8.17 1.78305
    endloop
  endfacet
  facet normal 0 1 0
    outer loop
      vertex -1.8743 8.17 1.07246
      vertex -7.639 8.17 7.639
      vertex -1.89142 8.17 1.32481
    endloop
  endfacet
  facet normal 0 1 0
    outer loop
      vertex -1.97833 8.17 -1.84717
      vertex -1.8743 8.17 1.07246
      vertex -1.82294 8.17 0.836777
    endloop
  endfacet
  facet normal 0 1 0
    outer loop
      vertex -1.97833 8.17 -1.84717
      vertex -1.82294 8.17 0.836777
      vertex -1.73735 8.17 0.617752
    endloop
  endfacet
  facet normal 0 1 0
    outer loop
      vertex -1.97833 8.17 -1.84717
      vertex -1.73735 8.17 0.617752
      vertex -1.625 8.17 0.412567
    endloop
  endfacet
  facet normal 0 1 0
    outer loop
      vertex -1.97833 8.17 -1.84717
      vertex -1.625 8.17 0.412567
      vertex -1.49333 8.17 0.218323
    endloop
  endfacet
  facet normal 0 1 0
    outer loop
      vertex -1.97833 8.17 -1.84717
      vertex -1.49333 8.17 0.218323
      vertex -1.34233 8.17 0.0350647
    endloop
  endfacet
  facet normal 0 1 0
    outer loop
      vertex -1.97833 8.17 -1.84717
      vertex -0.612839 8.17 -0.618668
      vertex -0.422562 8.17 -0.770111
    endloop
  endfacet
  facet normal 0 1 0
    outer loop
      vertex -1.97833 8.17 -1.84717
      vertex -0.422562 8.17 -0.770111
      vertex -0.236252 8.17 -0.918915
    endloop
  endfacet
  facet normal 0 1 0
    outer loop
      vertex -1.97833 8.17 -1.84717
      vertex -0.236252 8.17 -0.918915
      vertex -0.0574036 8.17 -1.06682
    endloop
  endfacet
  facet normal 0 1 0
    outer loop
      vertex -1.97833 8.17 -1.84717
      vertex -0.0574036 8.17 -1.06682
      vertex 0.110458 8.17 -1.21559
    endloop
  endfacet
  facet normal 0 1 0
    outer loop
      vertex -1.97833 8.17 -1.84717
      vertex 0.110458 8.17 -1.21559
      vertex 0.267395 8.17 -1.36525
    endloop
  endfacet
  facet normal 0 1 0
    outer loop
      vertex -0.612839 8.17 -0.618668
      vertex -1.97833 8.17 -1.84717
      vertex -0.807053 8.17 -0.464615
    endloop
  endfacet
  facet normal 0 1 0
    outer loop
      vertex -1.97833 8.17 -1.84717
      vertex 0.267395 8.17 -1.36525
      vertex 0.405853 8.17 -1.51886
    endloop
  endfacet
  facet normal 0 1 0
    outer loop
      vertex -1.97833 8.17 -1.84717
      vertex 0.405853 8.17 -1.51886
      vertex 0.518448 8.17 -1.6795
    endloop
  endfacet
  facet normal 0 1 0
    outer loop
      vertex -1.97833 8.17 -1.84717
      vertex 0.518448 8.17 -1.6795
      vertex 0.605133 8.17 -1.84717
    endloop
  endfacet
  facet normal 0 1 0
    outer loop
      vertex -0.807053 8.17 -0.464615
      vertex -1.97833 8.17 -1.84717
      vertex -0.99733 8.17 -0.305511
    endloop
  endfacet
  facet normal 0 1 0
    outer loop
      vertex -0.99733 8.17 -0.305511
      vertex -1.97833 8.17 -1.84717
      vertex -1.17575 8.17 -0.138947
    endloop
  endfacet
  facet normal 0 1 0
    outer loop
      vertex -1.97833 8.17 -1.84717
      vertex -1.34233 8.17 0.0350647
      vertex -1.17575 8.17 -0.138947
    endloop
  endfacet
  facet normal 0 1 0
    outer loop
      vertex -7.639 8.17 -7.639
      vertex -1.8743 8.17 1.07246
      vertex -1.97833 8.17 -1.84717
    endloop
  endfacet
  facet normal 0 1 0
    outer loop
      vertex -7.639 8.17 -7.639
      vertex -1.97833 8.17 -1.84717
      vertex -1.97833 8.17 -2.75969
    endloop
  endfacet
  facet normal 0 1 0
    outer loop
      vertex -1.8743 8.17 1.07246
      vertex -7.639 8.17 -7.639
      vertex -7.639 8.17 7.639
    endloop
  endfacet
  facet normal 0 1 0
    outer loop
      vertex -7.639 8.17 -7.639
      vertex -1.97833 8.17 -2.75969
      vertex 7.639 8.17 -7.639
    endloop
  endfacet
  facet normal 0 1 0
    outer loop
      vertex 0.699692 8.17 1.47208
      vertex -0.0348053 8.17 2.00427
      vertex 0.183533 8.17 1.98299
    endloop
  endfacet
  facet normal 0 1 0
    outer loop
      vertex 0.618713 8.17 1.66367
      vertex 0.183533 8.17 1.98299
      vertex 0.364578 8.17 1.91911
    endloop
  endfacet
  facet normal 0 1 0
    outer loop
      vertex 0.618713 8.17 1.66367
      vertex 0.364578 8.17 1.91911
      vertex 0.508316 8.17 1.81268
    endloop
  endfacet
  facet normal 0 1 0
    outer loop
      vertex -0.0348053 8.17 2.00427
      vertex -0.765579 8.17 1.2774
      vertex -0.440796 8.17 1.92351
    endloop
  endfacet
  facet normal 0 1 0
    outer loop
      vertex 0.699692 8.17 1.47208
      vertex 0.183533 8.17 1.98299
      vertex 0.618713 8.17 1.66367
    endloop
  endfacet
  facet normal 0 1 0
    outer loop
      vertex -0.0348053 8.17 2.00427
      vertex 0.699692 8.17 1.47208
      vertex -0.739471 8.17 1.07858
    endloop
  endfacet
  facet normal 0 1 0
    outer loop
      vertex -0.440796 8.17 1.92351
      vertex -0.765579 8.17 1.2774
      vertex -0.684387 8.17 1.68121
    endloop
  endfacet
  facet normal 0 1 0
    outer loop
      vertex -0.739471 8.17 1.07858
      vertex 0.699692 8.17 1.47208
      vertex 0.751282 8.17 1.23792
    endloop
  endfacet
  facet normal 0 1 0
    outer loop
      vertex -0.0348053 8.17 2.00427
      vertex -0.739471 8.17 1.07858
      vertex -0.765579 8.17 1.2774
    endloop
  endfacet
  facet normal 1 0 0
    outer loop
      vertex 8.17 1.89221 -0.308868
      vertex 8.17 -1.07042 -1.644
      vertex 8.17 1.89221 -1.68745
    endloop
  endfacet
  facet normal 1 0 -0
    outer loop
      vertex 8.17 -1.07042 -1.644
      vertex 8.17 1.89221 -0.308868
      vertex 8.17 -1.90395 -0.308868
    endloop
  endfacet
  facet normal 1 0 0
    outer loop
      vertex 8.17 2.71782 -1.68745
      vertex 8.17 7.639 7.639
      vertex 8.17 2.71782 2.07707
    endloop
  endfacet
  facet normal 1 0 0
    outer loop
      vertex 8.17 7.639 7.639
      vertex 8.17 1.89221 2.07707
      vertex 8.17 2.71782 2.07707
    endloop
  endfacet
  facet normal 1 0 0
    outer loop
      vertex 8.17 1.89221 2.07707
      vertex 8.17 -2.84804 0.801178
      vertex 8.17 1.89221 0.801178
    endloop
  endfacet
  facet normal 1 -0 0
    outer loop
      vertex 8.17 -7.639 7.639
      vertex 8.17 1.89221 2.07707
      vertex 8.17 7.639 7.639
    endloop
  endfacet
  facet normal 1 0 0
    outer loop
      vertex 8.17 -2.84804 0.801178
      vertex 8.17 -7.639 7.639
      vertex 8.17 -2.84804 -0.249557
    endloop
  endfacet
  facet normal 1 0 0
    outer loop
      vertex 8.17 1.89221 2.07707
      vertex 8.17 -7.639 7.639
      vertex 8.17 -2.84804 0.801178
    endloop
  endfacet
  facet normal 1 0 0
    outer loop
      vertex 8.17 7.639 7.639
      vertex 8.17 2.71782 -1.68745
      vertex 8.17 7.639 -7.639
    endloop
  endfacet
  facet normal 1 -0 0
    outer loop
      vertex 8.17 1.89221 -1.68745
      vertex 8.17 7.639 -7.639
      vertex 8.17 2.71782 -1.68745
    endloop
  endfacet
  facet normal 1 0 0
    outer loop
      vertex 8.17 -1.07042 -1.644
      vertex 8.17 7.639 -7.639
      vertex 8.17 1.89221 -1.68745
    endloop
  endfacet
  facet normal 1 0 0
    outer loop
      vertex 8.17 -7.639 -7.639
      vertex 8.17 -1.07042 -1.644
      vertex 8.17 -1.94344 -1.644
    endloop
  endfacet
  facet normal 1 0 0
    outer loop
      vertex 8.17 -1.07042 -1.644
      vertex 8.17 -7.639 -7.639
      vertex 8.17 7.639 -7.639
    endloop
  endfacet
  facet normal 1 0 0
    outer loop
      vertex 8.17 -2.84804 -0.249557
      vertex 8.17 -7.639 -7.639
      vertex 8.17 -1.94344 -1.644
    endloop
  endfacet
  facet normal 1 0 0
    outer loop
      vertex 8.17 -7.639 -7.639
      vertex 8.17 -2.84804 -0.249557
      vertex 8.17 -7.639 7.639
    endloop
  endfacet
  facet normal 0.57735 -0.57735 -0.57735
    outer loop
      vertex 8.17 -7.639 -7.639
      vertex 7.639 -8.17 -7.639
      vertex 7.639 -7.639 -8.17
    endloop
  endfacet
  facet normal 0.707107 -0 0.707107
    outer loop
      vertex 7.639 -7.639 8.17
      vertex 8.17 7.639 7.639
      vertex 7.639 7.639 8.17
    endloop
  endfacet
  facet normal 0.707107 0 0.707107
    outer loop
      vertex 8.17 7.639 7.639
      vertex 7.639 -7.639 8.17
      vertex 8.17 -7.639 7.639
    endloop
  endfacet
  facet normal 0.57735 0.57735 0.57735
    outer loop
      vertex 7.639 8.17 7.639
      vertex 7.639 7.639 8.17
      vertex 8.17 7.639 7.639
    endloop
  endfacet
  facet normal -0.707107 -0.707107 0
    outer loop
      vertex -7.639 -8.17 -7.639
      vertex -8.17 -7.639 7.639
      vertex -8.17 -7.639 -7.639
    endloop
  endfacet
  facet normal -0.707107 -0.707107 0
    outer loop
      vertex -8.17 -7.639 7.639
      vertex -7.639 -8.17 -7.639
      vertex -7.639 -8.17 7.639
    endloop
  endfacet
  facet normal -1 0 0
    outer loop
      vertex -8.17 7.639 -7.639
      vertex -8.17 2.79863 -0.137512
      vertex -8.17 7.639 7.639
    endloop
  endfacet
  facet normal -1 0 0
    outer loop
      vertex -8.17 7.639 -7.639
      vertex -8.17 2.74245 -0.680023
      vertex -8.17 2.79863 -0.137512
    endloop
  endfacet
  facet normal -1 0 0
    outer loop
      vertex -8.17 7.639 -7.639
      vertex -8.17 2.5739 -1.13826
      vertex -8.17 2.74245 -0.680023
    endloop
  endfacet
  facet normal -1 0 0
    outer loop
      vertex -8.17 7.639 -7.639
      vertex -8.17 2.293 -1.51219
      vertex -8.17 2.5739 -1.13826
    endloop
  endfacet
  facet normal -1 0 0
    outer loop
      vertex -8.17 7.639 -7.639
      vertex -8.17 1.91333 -1.7887
      vertex -8.17 2.293 -1.51219
    endloop
  endfacet
  facet normal -1 0 0
    outer loop
      vertex -8.17 7.639 -7.639
      vertex -8.17 1.44853 -1.95461
      vertex -8.17 1.91333 -1.7887
    endloop
  endfacet
  facet normal -1 0 0
    outer loop
      vertex -8.17 7.639 -7.639
      vertex -8.17 0.89856 -2.0099
      vertex -8.17 1.44853 -1.95461
    endloop
  endfacet
  facet normal -1 0 0
    outer loop
      vertex -8.17 -7.639 -7.639
      vertex -8.17 0.89856 -2.0099
      vertex -8.17 7.639 -7.639
    endloop
  endfacet
  facet normal -1 -0 0
    outer loop
      vertex -8.17 0.89856 -2.0099
      vertex -8.17 -7.639 -7.639
      vertex -8.17 0.393829 -1.96162
    endloop
  endfacet
  facet normal -1 0 -0
    outer loop
      vertex -8.17 -1.64931 -1.85979
      vertex -8.17 0.393829 -1.96162
      vertex -8.17 -7.639 -7.639
    endloop
  endfacet
  facet normal -1 0 0
    outer loop
      vertex -8.17 -1.50316 -0.813004
      vertex -8.17 -0.863205 -0.394287
      vertex -8.17 -0.810532 -0.857346
    endloop
  endfacet
  facet normal -1 0 0
    outer loop
      vertex -8.17 -1.80821 -0.671661
      vertex -8.17 -0.863205 -0.394287
      vertex -8.17 -1.50316 -0.813004
    endloop
  endfacet
  facet normal -1 0 0
    outer loop
      vertex -8.17 -0.652512 -1.25105
      vertex -8.17 -1.50316 -0.813004
      vertex -8.17 -0.810532 -0.857346
    endloop
  endfacet
  facet normal -1 0 0
    outer loop
      vertex -8.17 -1.64931 -1.85979
      vertex -8.17 -0.652512 -1.25105
      vertex -8.17 -0.389145 -1.57541
    endloop
  endfacet
  facet normal -1 -0 0
    outer loop
      vertex -8.17 -0.0354004 -1.81679
      vertex -8.17 -1.64931 -1.85979
      vertex -8.17 -0.389145 -1.57541
    endloop
  endfacet
  facet normal -1 -0 0
    outer loop
      vertex -8.17 -0.652512 -1.25105
      vertex -8.17 -1.64931 -1.85979
      vertex -8.17 -1.50316 -0.813004
    endloop
  endfacet
  facet normal -1 0 0
    outer loop
      vertex -8.17 0.393829 -1.96162
      vertex -8.17 -1.64931 -1.85979
      vertex -8.17 -0.0354004 -1.81679
    endloop
  endfacet
  facet normal -1 -0 0
    outer loop
      vertex -8.17 -1.64931 -1.85979
      vertex -8.17 -7.639 -7.639
      vertex -8.17 -2.04829 -1.72002
    endloop
  endfacet
  facet normal -1 -0 0
    outer loop
      vertex -8.17 -2.8945 -0.603424
      vertex -8.17 -7.639 -7.639
      vertex -8.17 -2.92917 -0.165176
    endloop
  endfacet
  facet normal -1 -0 0
    outer loop
      vertex -8.17 -2.79048 -0.975403
      vertex -8.17 -7.639 -7.639
      vertex -8.17 -2.8945 -0.603424
    endloop
  endfacet
  facet normal -1 -0 0
    outer loop
      vertex -8.17 -2.61711 -1.28111
      vertex -8.17 -7.639 -7.639
      vertex -8.17 -2.79048 -0.975403
    endloop
  endfacet
  facet normal -1 -0 0
    outer loop
      vertex -8.17 -2.3709 -1.52713
      vertex -8.17 -7.639 -7.639
      vertex -8.17 -2.61711 -1.28111
    endloop
  endfacet
  facet normal -1 -0 0
    outer loop
      vertex -8.17 -2.04829 -1.72002
      vertex -8.17 -7.639 -7.639
      vertex -8.17 -2.3709 -1.52713
    endloop
  endfacet
  facet normal -1 0 0
    outer loop
      vertex -8.17 2.72205 0.467514
      vertex -8.17 7.639 7.639
      vertex -8.17 2.79863 -0.137512
    endloop
  endfacet
  facet normal -1 0 0
    outer loop
      vertex -8.17 2.49228 0.971161
      vertex -8.17 7.639 7.639
      vertex -8.17 2.72205 0.467514
    endloop
  endfacet
  facet normal -1 0 0
    outer loop
      vertex -8.17 2.10933 1.37341
      vertex -8.17 7.639 7.639
      vertex -8.17 2.49228 0.971161
    endloop
  endfacet
  facet normal -1 0 0
    outer loop
      vertex -8.17 1.57584 1.6664
      vertex -8.17 7.639 7.639
      vertex -8.17 2.10933 1.37341
    endloop
  endfacet
  facet normal -1 0 0
    outer loop
      vertex -8.17 0.894424 1.84218
      vertex -8.17 7.639 7.639
      vertex -8.17 1.57584 1.6664
    endloop
  endfacet
  facet normal -1 0 0
    outer loop
      vertex -8.17 0.065094 1.90077
      vertex -8.17 7.639 7.639
      vertex -8.17 0.894424 1.84218
    endloop
  endfacet
  facet normal -1 0 0
    outer loop
      vertex -8.17 -7.639 7.639
      vertex -8.17 0.065094 1.90077
      vertex -8.17 -0.845856 1.84131
    endloop
  endfacet
  facet normal -1 0 0
    outer loop
      vertex -8.17 -7.639 7.639
      vertex -8.17 -0.845856 1.84131
      vertex -8.17 -1.59309 1.6629
    endloop
  endfacet
  facet normal -1 0 0
    outer loop
      vertex -8.17 -7.639 7.639
      vertex -8.17 -1.59309 1.6629
      vertex -8.17 -2.17661 1.36555
    endloop
  endfacet
  facet normal -1 0 0
    outer loop
      vertex -8.17 -7.639 7.639
      vertex -8.17 -2.92917 -0.165176
      vertex -8.17 -7.639 -7.639
    endloop
  endfacet
  facet normal -1 0 0
    outer loop
      vertex -8.17 -2.92917 -0.165176
      vertex -8.17 -7.639 7.639
      vertex -8.17 -2.84555 0.447327
    endloop
  endfacet
  facet normal -1 0 0
    outer loop
      vertex -8.17 0.065094 1.90077
      vertex -8.17 -7.639 7.639
      vertex -8.17 7.639 7.639
    endloop
  endfacet
  facet normal -1 0 0
    outer loop
      vertex -8.17 -2.5947 0.957565
      vertex -8.17 -7.639 7.639
      vertex -8.17 -2.17661 1.36555
    endloop
  endfacet
  facet normal -1 0 0
    outer loop
      vertex -8.17 -2.84555 0.447327
      vertex -8.17 -7.639 7.639
      vertex -8.17 -2.5947 0.957565
    endloop
  endfacet
  facet normal -1 0 0
    outer loop
      vertex -8.17 -0.43306 0.680603
      vertex -8.17 -0.805267 0.786179
      vertex -8.17 -0.250916 0.814484
    endloop
  endfacet
  facet normal -1 0 0
    outer loop
      vertex -8.17 -0.584473 0.516006
      vertex -8.17 -0.805267 0.786179
      vertex -8.17 -0.43306 0.680603
    endloop
  endfacet
  facet normal -1 0 0
    outer loop
      vertex -8.17 -0.70517 0.320694
      vertex -8.17 -0.805267 0.786179
      vertex -8.17 -0.584473 0.516006
    endloop
  endfacet
  facet normal -1 0 0
    outer loop
      vertex -8.17 -1.25691 0.701248
      vertex -8.17 -0.70517 0.320694
      vertex -8.17 -0.792969 0.1008
    endloop
  endfacet
  facet normal -1 0 0
    outer loop
      vertex -8.17 -1.25691 0.701248
      vertex -8.17 -0.792969 0.1008
      vertex -8.17 -0.845642 -0.137527
    endloop
  endfacet
  facet normal -1 0 0
    outer loop
      vertex -8.17 -1.25691 0.701248
      vertex -8.17 -0.845642 -0.137527
      vertex -8.17 -0.863205 -0.394287
    endloop
  endfacet
  facet normal -1 0 0
    outer loop
      vertex -8.17 -0.70517 0.320694
      vertex -8.17 -1.25691 0.701248
      vertex -8.17 -0.805267 0.786179
    endloop
  endfacet
  facet normal -1 0 0
    outer loop
      vertex -8.17 -0.863205 -0.394287
      vertex -8.17 -1.60585 0.559692
      vertex -8.17 -1.25691 0.701248
    endloop
  endfacet
  facet normal -1 -0 0
    outer loop
      vertex -8.17 -0.863205 -0.394287
      vertex -8.17 -1.80821 -0.671661
      vertex -8.17 -2.05225 -0.141464
    endloop
  endfacet
  facet normal -1 0 0
    outer loop
      vertex -8.17 -0.863205 -0.394287
      vertex -8.17 -1.85385 0.368546
      vertex -8.17 -1.60585 0.559692
    endloop
  endfacet
  facet normal -1 0 0
    outer loop
      vertex -8.17 -2.05225 -0.141464
      vertex -8.17 -1.80821 -0.671661
      vertex -8.17 -1.99123 -0.44783
    endloop
  endfacet
  facet normal -1 0 -0
    outer loop
      vertex -8.17 -2.00264 0.134811
      vertex -8.17 -0.863205 -0.394287
      vertex -8.17 -2.05225 -0.141464
    endloop
  endfacet
  facet normal -1 0 0
    outer loop
      vertex -8.17 -0.863205 -0.394287
      vertex -8.17 -2.00264 0.134811
      vertex -8.17 -1.85385 0.368546
    endloop
  endfacet
  facet normal -1 0 0
    outer loop
      vertex -8.17 1.6669 -0.686584
      vertex -8.17 1.93353 -0.101974
      vertex -8.17 1.9039 -0.33371
    endloop
  endfacet
  facet normal -1 0 0
    outer loop
      vertex -8.17 1.6669 -0.686584
      vertex -8.17 1.9039 -0.33371
      vertex -8.17 1.81503 -0.52858
    endloop
  endfacet
  facet normal -1 0 0
    outer loop
      vertex -8.17 1.46655 -0.802902
      vertex -8.17 1.93353 -0.101974
      vertex -8.17 1.6669 -0.686584
    endloop
  endfacet
  facet normal -1 0 0
    outer loop
      vertex -8.17 1.93353 -0.101974
      vertex -8.17 1.79219 0.334274
      vertex -8.17 1.89819 0.132172
    endloop
  endfacet
  facet normal -1 0 0
    outer loop
      vertex -8.17 1.93353 -0.101974
      vertex -8.17 1.61552 0.504364
      vertex -8.17 1.79219 0.334274
    endloop
  endfacet
  facet normal -1 -0 0
    outer loop
      vertex -8.17 1.93353 -0.101974
      vertex -8.17 1.46655 -0.802902
      vertex -8.17 1.61552 0.504364
    endloop
  endfacet
  facet normal -1 0 0
    outer loop
      vertex -8.17 1.46655 -0.802902
      vertex -8.17 1.38489 0.632736
      vertex -8.17 1.61552 0.504364
    endloop
  endfacet
  facet normal -1 0 0
    outer loop
      vertex -8.17 1.22098 -0.872681
      vertex -8.17 1.38489 0.632736
      vertex -8.17 1.46655 -0.802902
    endloop
  endfacet
  facet normal -1 0 0
    outer loop
      vertex -8.17 1.22098 -0.872681
      vertex -8.17 1.11694 0.709763
      vertex -8.17 1.38489 0.632736
    endloop
  endfacet
  facet normal -1 0 0
    outer loop
      vertex -8.17 0.930191 -0.89595
      vertex -8.17 1.11694 0.709763
      vertex -8.17 1.22098 -0.872681
    endloop
  endfacet
  facet normal -1 0 0
    outer loop
      vertex -8.17 0.930191 -0.89595
      vertex -8.17 0.811707 0.735443
      vertex -8.17 1.11694 0.709763
    endloop
  endfacet
  facet normal -1 0 0
    outer loop
      vertex -8.17 0.638962 -0.871582
      vertex -8.17 0.811707 0.735443
      vertex -8.17 0.930191 -0.89595
    endloop
  endfacet
  facet normal -1 0 0
    outer loop
      vertex -8.17 0.638962 -0.871582
      vertex -8.17 0.570511 0.710861
      vertex -8.17 0.811707 0.735443
    endloop
  endfacet
  facet normal -1 0 0
    outer loop
      vertex -8.17 -0.045517 -0.0743103
      vertex -8.17 0.638962 -0.871582
      vertex -8.17 0.397324 -0.798508
    endloop
  endfacet
  facet normal -1 0 0
    outer loop
      vertex -8.17 0.638962 -0.871582
      vertex -8.17 -0.045517 -0.0743103
      vertex -8.17 0.570511 0.710861
    endloop
  endfacet
  facet normal -1 0 0
    outer loop
      vertex -8.17 -0.0176392 -0.311539
      vertex -8.17 0.397324 -0.798508
      vertex -8.17 0.205307 -0.676682
    endloop
  endfacet
  facet normal -1 0 0
    outer loop
      vertex -8.17 0.570511 0.710861
      vertex -8.17 -0.045517 -0.0743103
      vertex -8.17 0.363113 0.637146
    endloop
  endfacet
  facet normal -1 0 0
    outer loop
      vertex -8.17 -0.0176392 -0.311539
      vertex -8.17 0.205307 -0.676682
      vertex -8.17 0.0659485 -0.512329
    endloop
  endfacet
  facet normal -1 0 -0
    outer loop
      vertex -8.17 -0.0193939 0.154343
      vertex -8.17 0.363113 0.637146
      vertex -8.17 -0.045517 -0.0743103
    endloop
  endfacet
  facet normal -1 0 0
    outer loop
      vertex -8.17 0.397324 -0.798508
      vertex -8.17 -0.0176392 -0.311539
      vertex -8.17 -0.045517 -0.0743103
    endloop
  endfacet
  facet normal -1 0 0
    outer loop
      vertex -8.17 0.363113 0.637146
      vertex -8.17 -0.0193939 0.154343
      vertex -8.17 0.189514 0.514267
    endloop
  endfacet
  facet normal -1 0 0
    outer loop
      vertex -8.17 0.189514 0.514267
      vertex -8.17 -0.0193939 0.154343
      vertex -8.17 0.0589294 0.35054
    endloop
  endfacet
  facet normal -0.707107 0.707107 0
    outer loop
      vertex -8.17 7.639 -7.639
      vertex -7.639 8.17 7.639
      vertex -7.639 8.17 -7.639
    endloop
  endfacet
  facet normal -0.707107 0.707107 0
    outer loop
      vertex -7.639 8.17 7.639
      vertex -8.17 7.639 -7.639
      vertex -8.17 7.639 7.639
    endloop
  endfacet
  facet normal 0.707107 -0.707107 0
    outer loop
      vertex 7.639 -8.17 7.639
      vertex 8.17 -7.639 -7.639
      vertex 8.17 -7.639 7.639
    endloop
  endfacet
  facet normal 0.707107 -0.707107 0
    outer loop
      vertex 8.17 -7.639 -7.639
      vertex 7.639 -8.17 7.639
      vertex 7.639 -8.17 -7.639
    endloop
  endfacet
  facet normal 0 0.707107 0.707107
    outer loop
      vertex 7.639 8.17 7.639
      vertex -7.639 7.639 8.17
      vertex 7.639 7.639 8.17
    endloop
  endfacet
  facet normal 0 0.707107 0.707107
    outer loop
      vertex -7.639 7.639 8.17
      vertex 7.639 8.17 7.639
      vertex -7.639 8.17 7.639
    endloop
  endfacet
  facet normal -0.57735 -0.57735 0.57735
    outer loop
      vertex -7.639 -7.639 8.17
      vertex -8.17 -7.639 7.639
      vertex -7.639 -8.17 7.639
    endloop
  endfacet
endsolid OpenSCAD_Model
