solid OpenSCAD_Model
  facet normal 0.577363 0.577314 0.577374
    outer loop
      vertex 5.23785 2.86546 3.39725
      vertex 4.67252 2.86546 3.96257
      vertex 5.44903 2.44306 3.60843
    endloop
  endfacet
  facet normal 0.577365 0.577333 0.577353
    outer loop
      vertex 4.67252 2.86546 3.96257
      vertex 4.18071 2.86546 4.45439
      vertex 5.44903 2.44306 3.60843
    endloop
  endfacet
  facet normal 0.577376 0.577307 0.577368
    outer loop
      vertex 3.20972 4.80766 3.48341
      vertex 2.60806 4.82787 4.06487
      vertex 2.83136 4.38121 4.28818
    endloop
  endfacet
  facet normal 0.577378 0.577302 0.577371
    outer loop
      vertex 2.99451 5.29069 3.21565
      vertex 2.60806 4.82787 4.06487
      vertex 3.20972 4.80766 3.48341
    endloop
  endfacet
  facet normal 0.57737 0.577301 0.57738
    outer loop
      vertex 3.46006 5.29069 2.75011
      vertex 3.20972 4.80766 3.48341
      vertex 4.67252 2.86546 3.96257
    endloop
  endfacet
  facet normal 0.577368 0.577303 0.57738
    outer loop
      vertex 3.46006 5.29069 2.75011
      vertex 2.99451 5.29069 3.21565
      vertex 3.20972 4.80766 3.48341
    endloop
  endfacet
  facet normal 0.577379 0.577305 0.577367
    outer loop
      vertex 4.67252 2.86546 3.96257
      vertex 3.20972 4.80766 3.48341
      vertex 4.18071 2.86546 4.45439
    endloop
  endfacet
  facet normal 0.577373 0.577305 0.577373
    outer loop
      vertex 4.18071 2.86546 4.45439
      vertex 3.56988 2.86546 5.06522
      vertex 3.78106 2.44306 5.27639
    endloop
  endfacet
  facet normal 0.57737 0.577308 0.577373
    outer loop
      vertex 4.18071 2.86546 4.45439
      vertex 3.78106 2.44306 5.27639
      vertex 5.44903 2.44306 3.60843
    endloop
  endfacet
  facet normal 0.408245 -0.816497 0.408252
    outer loop
      vertex 4.67252 2.86546 3.96257
      vertex 5.58433 3.21194 3.74373
      vertex 5.019 3.21194 4.30905
    endloop
  endfacet
  facet normal 0.408245 -0.816497 0.408252
    outer loop
      vertex 5.58433 3.21194 3.74373
      vertex 4.67252 2.86546 3.96257
      vertex 5.23785 2.86546 3.39725
    endloop
  endfacet
  facet normal -0.707107 -3.73825e-16 0.707107
    outer loop
      vertex 3.46006 5.29069 2.75011
      vertex 5.019 3.21194 4.30905
      vertex 3.80644 5.63707 3.09649
    endloop
  endfacet
  facet normal -0.707107 3.73717e-16 0.707107
    outer loop
      vertex 5.019 3.21194 4.30905
      vertex 3.46006 5.29069 2.75011
      vertex 4.67252 2.86546 3.96257
    endloop
  endfacet
  facet normal 0.408244 -0.816497 0.408253
    outer loop
      vertex 2.99451 5.29069 3.21565
      vertex 3.80644 5.63707 3.09649
      vertex 3.34089 5.63707 3.56203
    endloop
  endfacet
  facet normal 0.408244 -0.816497 0.408253
    outer loop
      vertex 3.80644 5.63707 3.09649
      vertex 2.99451 5.29069 3.21565
      vertex 3.46006 5.29069 2.75011
    endloop
  endfacet
  facet normal 0.727328 -0.684984 -0.0423227
    outer loop
      vertex 2.60806 4.82787 4.06487
      vertex 3.34089 5.63707 3.56203
      vertex 2.95445 5.17427 4.41127
    endloop
  endfacet
  facet normal 0.727323 -0.684988 -0.0423354
    outer loop
      vertex 3.34089 5.63707 3.56203
      vertex 2.60806 4.82787 4.06487
      vertex 2.99451 5.29069 3.21565
    endloop
  endfacet
  facet normal 0.707108 1.73588e-05 -0.707105
    outer loop
      vertex 3.17778 4.72763 4.63459
      vertex 2.60806 4.82787 4.06487
      vertex 2.95445 5.17427 4.41127
    endloop
  endfacet
  facet normal 0.707105 -1.73578e-05 -0.707108
    outer loop
      vertex 2.60806 4.82787 4.06487
      vertex 3.17778 4.72763 4.63459
      vertex 2.83136 4.38121 4.28818
    endloop
  endfacet
  facet normal -0.720768 0.692605 0.0281468
    outer loop
      vertex 2.83136 4.38121 4.28818
      vertex 3.2069 4.76046 4.57264
      vertex 3.20972 4.80766 3.48341
    endloop
  endfacet
  facet normal -0.720791 0.692578 0.0282144
    outer loop
      vertex 3.2069 4.76046 4.57264
      vertex 2.83136 4.38121 4.28818
      vertex 3.17778 4.72763 4.63459
    endloop
  endfacet
  facet normal -0.72076 0.692613 0.0281472
    outer loop
      vertex 3.20972 4.80766 3.48341
      vertex 3.2069 4.76046 4.57264
      vertex 3.55612 5.15406 3.82981
    endloop
  endfacet
  facet normal 0.707091 3.15187e-05 -0.707123
    outer loop
      vertex 3.63091 5.0045 3.90459
      vertex 3.20972 4.80766 3.48341
      vertex 3.55612 5.15406 3.82981
    endloop
  endfacet
  facet normal 0.707099 -3.85241e-06 -0.707114
    outer loop
      vertex 3.20972 4.80766 3.48341
      vertex 3.63091 5.0045 3.90459
      vertex 4.18071 2.86546 4.45439
    endloop
  endfacet
  facet normal 0.707107 0 -0.707107
    outer loop
      vertex 4.18071 2.86546 4.45439
      vertex 3.63091 5.0045 3.90459
      vertex 4.52719 3.21194 4.80087
    endloop
  endfacet
  facet normal 0.408252 -0.816493 0.408252
    outer loop
      vertex 4.18071 2.86546 4.45439
      vertex 4.48026 3.21194 4.84779
      vertex 3.56988 2.86546 5.06522
    endloop
  endfacet
  facet normal 0.408205 -0.816497 0.408292
    outer loop
      vertex 4.48026 3.21194 4.84779
      vertex 4.18071 2.86546 4.45439
      vertex 4.52719 3.21194 4.80087
    endloop
  endfacet
  facet normal 0.408252 -0.816497 0.408245
    outer loop
      vertex 3.91636 3.21194 5.4117
      vertex 3.56988 2.86546 5.06522
      vertex 4.48026 3.21194 4.84779
    endloop
  endfacet
  facet normal 0.707107 -6.76625e-15 -0.707107
    outer loop
      vertex 3.93258 3.1795 5.42792
      vertex 3.56988 2.86546 5.06522
      vertex 3.91636 3.21194 5.4117
    endloop
  endfacet
  facet normal 0.707102 1.1683e-05 -0.707112
    outer loop
      vertex 3.56988 2.86546 5.06522
      vertex 3.93258 3.1795 5.42792
      vertex 3.78106 2.44306 5.27639
    endloop
  endfacet
  facet normal 0.707114 6.80239e-06 -0.7071
    outer loop
      vertex 4.12755 2.78955 5.62289
      vertex 3.78106 2.44306 5.27639
      vertex 3.93258 3.1795 5.42792
    endloop
  endfacet
  facet normal -0.408228 0.816501 -0.40826
    outer loop
      vertex 4.25561 2.78955 5.49484
      vertex 3.78106 2.44306 5.27639
      vertex 4.12755 2.78955 5.62289
    endloop
  endfacet
  facet normal -0.40824 0.816504 -0.408242
    outer loop
      vertex 3.78106 2.44306 5.27639
      vertex 4.25561 2.78955 5.49484
      vertex 5.44903 2.44306 3.60843
    endloop
  endfacet
  facet normal -0.40825 0.816497 -0.408247
    outer loop
      vertex 5.44903 2.44306 3.60843
      vertex 4.25561 2.78955 5.49484
      vertex 5.79552 2.78955 3.95492
    endloop
  endfacet
  facet normal -0.707107 0 0.707107
    outer loop
      vertex 5.23785 2.86546 3.39725
      vertex 5.79552 2.78955 3.95492
      vertex 5.58433 3.21194 3.74373
    endloop
  endfacet
  facet normal -0.707107 0 0.707107
    outer loop
      vertex 5.79552 2.78955 3.95492
      vertex 5.23785 2.86546 3.39725
      vertex 5.44903 2.44306 3.60843
    endloop
  endfacet
  facet normal 0.577373 -0.577379 0.577299
    outer loop
      vertex 4.44513 -3.06133 3.99424
      vertex 3.89647 -3.42635 4.1779
      vertex 4.41934 -3.22984 3.8515
    endloop
  endfacet
  facet normal 0.577379 -0.577379 0.577293
    outer loop
      vertex 5.18258 -3.42948 2.88851
      vertex 4.03791 -4.57415 2.88851
      vertex 5.41598 -3.66288 2.42164
    endloop
  endfacet
  facet normal 0.577376 -0.57737 0.577304
    outer loop
      vertex 3.13746 -3.72486 4.63845
      vertex 2.58313 -4.06929 4.84838
      vertex 3.18405 -3.8498 4.4669
    endloop
  endfacet
  facet normal 0.577363 -0.577368 0.57732
    outer loop
      vertex 4.03791 -4.57415 2.88851
      vertex 3.48908 -4.95425 3.05725
      vertex 3.49324 -5.19159 2.81573
    endloop
  endfacet
  facet normal 0.577369 -0.577358 0.577324
    outer loop
      vertex 4.41089 -2.76895 4.3209
      vertex 3.84604 -3.16761 4.48711
      vertex 3.89654 -3.27019 4.33402
    endloop
  endfacet
  facet normal 0.577363 -0.577372 0.577315
    outer loop
      vertex 4.11061 -2.5413 4.84889
      vertex 3.84604 -3.16761 4.48711
      vertex 4.33274 -2.65666 4.51137
    endloop
  endfacet
  facet normal 0.577386 -0.577365 0.5773
    outer loop
      vertex 3.82418 -2.57515 5.1015
      vertex 3.48545 -2.75625 5.25916
      vertex 3.62564 -3.10913 4.76603
    endloop
  endfacet
  facet normal 0.577376 -0.577366 0.577309
    outer loop
      vertex 3.82418 -2.57515 5.1015
      vertex 3.62564 -3.10913 4.76603
      vertex 4.11061 -2.5413 4.84889
    endloop
  endfacet
  facet normal 0.57737 -0.577382 0.577299
    outer loop
      vertex 3.48545 -2.75625 5.25916
      vertex 3.10649 -3.08266 5.31171
      vertex 3.33632 -3.30549 4.85899
    endloop
  endfacet
  facet normal 0.577377 -0.577384 0.57729
    outer loop
      vertex 4.33274 -2.65666 4.51137
      vertex 3.84604 -3.16761 4.48711
      vertex 4.41089 -2.76895 4.3209
    endloop
  endfacet
  facet normal 0.577378 -0.577376 0.577296
    outer loop
      vertex 3.20967 -3.45664 4.83449
      vertex 2.80195 -3.43924 5.25967
      vertex 3.14469 -3.59513 4.76097
    endloop
  endfacet
  facet normal 0.577378 -0.577369 0.577303
    outer loop
      vertex 4.41089 -2.76895 4.3209
      vertex 3.89654 -3.27019 4.33402
      vertex 4.44533 -2.90578 4.14961
    endloop
  endfacet
  facet normal 0.577377 -0.577371 0.577303
    outer loop
      vertex 2.62688 -3.77042 5.10353
      vertex 2.58313 -4.06929 4.84838
      vertex 3.13746 -3.72486 4.63845
    endloop
  endfacet
  facet normal 0.577375 -0.57738 0.577296
    outer loop
      vertex 3.18405 -3.8498 4.4669
      vertex 2.58313 -4.06929 4.84838
      vertex 2.67257 -4.32895 4.49923
    endloop
  endfacet
  facet normal 0.577378 -0.57737 0.577303
    outer loop
      vertex 3.89647 -3.42635 4.1779
      vertex 3.84304 -3.65862 3.99904
      vertex 4.37271 -3.40856 3.71939
    endloop
  endfacet
  facet normal 0.57737 -0.577385 0.577296
    outer loop
      vertex 4.30998 -3.59481 3.59586
      vertex 3.84304 -3.65862 3.99904
      vertex 4.24041 -3.7821 3.47812
    endloop
  endfacet
  facet normal 0.577375 -0.577385 0.577291
    outer loop
      vertex 4.24041 -3.7821 3.47812
      vertex 3.73337 -3.98956 3.77774
      vertex 4.17327 -3.96393 3.36341
    endloop
  endfacet
  facet normal 0.577385 -0.577364 0.577302
    outer loop
      vertex 4.17327 -3.96393 3.36341
      vertex 3.73337 -3.98956 3.77774
      vertex 4.11307 -4.13778 3.24975
    endloop
  endfacet
  facet normal 0.577386 -0.577363 0.577302
    outer loop
      vertex 4.11307 -4.13778 3.24975
      vertex 3.61057 -4.3599 3.53018
      vertex 4.06429 -4.30123 3.13507
    endloop
  endfacet
  facet normal 0.577372 -0.577365 0.577315
    outer loop
      vertex 4.06429 -4.30123 3.13507
      vertex 3.52867 -4.67924 3.2927
      vertex 4.03618 -4.44857 3.01583
    endloop
  endfacet
  facet normal 0.57737 -0.577387 0.577294
    outer loop
      vertex 3.14469 -3.59513 4.76097
      vertex 2.62688 -3.77042 5.10353
      vertex 3.13746 -3.72486 4.63845
    endloop
  endfacet
  facet normal 0.57737 -0.577387 0.577294
    outer loop
      vertex 2.80195 -3.43924 5.25967
      vertex 2.62688 -3.77042 5.10353
      vertex 3.14469 -3.59513 4.76097
    endloop
  endfacet
  facet normal 0.577382 -0.57737 0.5773
    outer loop
      vertex 3.10649 -3.08266 5.31171
      vertex 2.80195 -3.43924 5.25967
      vertex 3.20967 -3.45664 4.83449
    endloop
  endfacet
  facet normal 0.577382 -0.577369 0.577299
    outer loop
      vertex 3.33632 -3.30549 4.85899
      vertex 3.10649 -3.08266 5.31171
      vertex 3.20967 -3.45664 4.83449
    endloop
  endfacet
  facet normal 0.577359 -0.577384 0.577307
    outer loop
      vertex 3.48545 -2.75625 5.25916
      vertex 3.33632 -3.30549 4.85899
      vertex 3.62564 -3.10913 4.76603
    endloop
  endfacet
  facet normal 0.577383 -0.57737 0.577297
    outer loop
      vertex 4.11061 -2.5413 4.84889
      vertex 3.62564 -3.10913 4.76603
      vertex 3.84604 -3.16761 4.48711
    endloop
  endfacet
  facet normal 0.577377 -0.577393 0.577282
    outer loop
      vertex 3.89654 -3.27019 4.33402
      vertex 3.89647 -3.42635 4.1779
      vertex 4.44513 -3.06133 3.99424
    endloop
  endfacet
  facet normal 0.577379 -0.577373 0.577299
    outer loop
      vertex 4.44533 -2.90578 4.14961
      vertex 3.89654 -3.27019 4.33402
      vertex 4.44513 -3.06133 3.99424
    endloop
  endfacet
  facet normal 0.577373 -0.577381 0.577297
    outer loop
      vertex 4.41934 -3.22984 3.8515
      vertex 3.89647 -3.42635 4.1779
      vertex 4.37271 -3.40856 3.71939
    endloop
  endfacet
  facet normal 0.577378 -0.577363 0.577309
    outer loop
      vertex 4.37271 -3.40856 3.71939
      vertex 3.84304 -3.65862 3.99904
      vertex 4.30998 -3.59481 3.59586
    endloop
  endfacet
  facet normal 0.577376 -0.577376 0.577298
    outer loop
      vertex 3.84304 -3.65862 3.99904
      vertex 3.73337 -3.98956 3.77774
      vertex 4.24041 -3.7821 3.47812
    endloop
  endfacet
  facet normal 0.577386 -0.577362 0.577303
    outer loop
      vertex 3.73337 -3.98956 3.77774
      vertex 3.61057 -4.3599 3.53018
      vertex 4.11307 -4.13778 3.24975
    endloop
  endfacet
  facet normal 0.577378 -0.577384 0.577289
    outer loop
      vertex 3.61057 -4.3599 3.53018
      vertex 3.52867 -4.67924 3.2927
      vertex 4.06429 -4.30123 3.13507
    endloop
  endfacet
  facet normal 0.577372 -0.577362 0.577317
    outer loop
      vertex 4.03618 -4.44857 3.01583
      vertex 3.52867 -4.67924 3.2927
      vertex 4.03791 -4.57415 2.88851
    endloop
  endfacet
  facet normal 0.577366 -0.577378 0.577306
    outer loop
      vertex 3.52867 -4.67924 3.2927
      vertex 3.48908 -4.95425 3.05725
      vertex 4.03791 -4.57415 2.88851
    endloop
  endfacet
  facet normal 0.577374 -0.577375 0.577301
    outer loop
      vertex 4.03791 -4.57415 2.88851
      vertex 3.49324 -5.19159 2.81573
      vertex 3.69026 -5.38861 2.42164
    endloop
  endfacet
  facet normal 0.577378 -0.577375 0.577298
    outer loop
      vertex 4.03791 -4.57415 2.88851
      vertex 3.69026 -5.38861 2.42164
      vertex 5.41598 -3.66288 2.42164
    endloop
  endfacet
  facet normal 0.408252 -0.408252 -0.816493
    outer loop
      vertex 4.38439 -4.92062 3.23499
      vertex 5.18258 -3.42948 2.88851
      vertex 5.52905 -3.77596 3.23499
    endloop
  endfacet
  facet normal 0.408252 -0.408252 -0.816493
    outer loop
      vertex 5.18258 -3.42948 2.88851
      vertex 4.38439 -4.92062 3.23499
      vertex 4.03791 -4.57415 2.88851
    endloop
  endfacet
  facet normal -0.816435 -0.416617 0.39983
    outer loop
      vertex 4.38439 -4.92062 3.23499
      vertex 4.03618 -4.44857 3.01583
      vertex 4.03791 -4.57415 2.88851
    endloop
  endfacet
  facet normal -0.816443 -0.416642 0.399789
    outer loop
      vertex 4.03618 -4.44857 3.01583
      vertex 4.38439 -4.92062 3.23499
      vertex 4.38265 -4.79505 3.3623
    endloop
  endfacet
  facet normal -0.803213 -0.274577 0.528636
    outer loop
      vertex 4.03618 -4.44857 3.01583
      vertex 4.41076 -4.6477 3.48154
      vertex 4.06429 -4.30123 3.13507
    endloop
  endfacet
  facet normal -0.803214 -0.274564 0.528642
    outer loop
      vertex 4.41076 -4.6477 3.48154
      vertex 4.03618 -4.44857 3.01583
      vertex 4.38265 -4.79505 3.3623
    endloop
  endfacet
  facet normal -0.781248 -0.185111 0.596142
    outer loop
      vertex 4.06429 -4.30123 3.13507
      vertex 4.45954 -4.48424 3.59622
      vertex 4.11307 -4.13778 3.24975
    endloop
  endfacet
  facet normal -0.781247 -0.185102 0.596146
    outer loop
      vertex 4.45954 -4.48424 3.59622
      vertex 4.06429 -4.30123 3.13507
      vertex 4.41076 -4.6477 3.48154
    endloop
  endfacet
  facet normal -0.767583 -0.142725 0.624857
    outer loop
      vertex 4.11307 -4.13778 3.24975
      vertex 4.51973 -4.31039 3.70987
      vertex 4.17327 -3.96393 3.36341
    endloop
  endfacet
  facet normal -0.767583 -0.142732 0.624855
    outer loop
      vertex 4.51973 -4.31039 3.70987
      vertex 4.11307 -4.13778 3.24975
      vertex 4.45954 -4.48424 3.59622
    endloop
  endfacet
  facet normal -0.760146 -0.121941 0.638208
    outer loop
      vertex 4.17327 -3.96393 3.36341
      vertex 4.58687 -4.12855 3.82458
      vertex 4.24041 -3.7821 3.47812
    endloop
  endfacet
  facet normal -0.760145 -0.121936 0.638209
    outer loop
      vertex 4.58687 -4.12855 3.82458
      vertex 4.17327 -3.96393 3.36341
      vertex 4.51973 -4.31039 3.70987
    endloop
  endfacet
  facet normal -0.759396 -0.119927 0.63948
    outer loop
      vertex 4.24041 -3.7821 3.47812
      vertex 4.59222 -4.11415 3.83363
      vertex 4.30998 -3.59481 3.59586
    endloop
  endfacet
  facet normal -0.759358 -0.119815 0.639547
    outer loop
      vertex 4.59222 -4.11415 3.83363
      vertex 4.24041 -3.7821 3.47812
      vertex 4.58687 -4.12855 3.82458
    endloop
  endfacet
  facet normal -0.759405 -0.119937 0.639468
    outer loop
      vertex 4.65643 -3.94126 3.94231
      vertex 4.30998 -3.59481 3.59586
      vertex 4.59222 -4.11415 3.83363
    endloop
  endfacet
  facet normal -0.770488 -0.151218 0.619259
    outer loop
      vertex 4.30998 -3.59481 3.59586
      vertex 4.66125 -3.92694 3.95181
      vertex 4.37271 -3.40856 3.71939
    endloop
  endfacet
  facet normal -0.770541 -0.151391 0.61915
    outer loop
      vertex 4.66125 -3.92694 3.95181
      vertex 4.30998 -3.59481 3.59586
      vertex 4.65643 -3.94126 3.94231
    endloop
  endfacet
  facet normal -0.770466 -0.15119 0.619293
    outer loop
      vertex 4.71916 -3.75501 4.06583
      vertex 4.37271 -3.40856 3.71939
      vertex 4.66125 -3.92694 3.95181
    endloop
  endfacet
  facet normal -0.790262 -0.217327 0.572936
    outer loop
      vertex 4.37271 -3.40856 3.71939
      vertex 4.76578 -3.57628 4.19794
      vertex 4.41934 -3.22984 3.8515
    endloop
  endfacet
  facet normal -0.790262 -0.217352 0.572926
    outer loop
      vertex 4.76578 -3.57628 4.19794
      vertex 4.37271 -3.40856 3.71939
      vertex 4.71916 -3.75501 4.06583
    endloop
  endfacet
  facet normal -0.80822 -0.303683 0.504537
    outer loop
      vertex 4.41934 -3.22984 3.8515
      vertex 4.79156 -3.40776 4.34067
      vertex 4.44513 -3.06133 3.99424
    endloop
  endfacet
  facet normal -0.80822 -0.303683 0.504537
    outer loop
      vertex 4.79156 -3.40776 4.34067
      vertex 4.41934 -3.22984 3.8515
      vertex 4.76578 -3.57628 4.19794
    endloop
  endfacet
  facet normal -0.816492 -0.40749 0.409014
    outer loop
      vertex 4.44513 -3.06133 3.99424
      vertex 4.79176 -3.2522 4.49604
      vertex 4.44533 -2.90578 4.14961
    endloop
  endfacet
  facet normal -0.816496 -0.407473 0.409023
    outer loop
      vertex 4.79176 -3.2522 4.49604
      vertex 4.44513 -3.06133 3.99424
      vertex 4.79156 -3.40776 4.34067
    endloop
  endfacet
  facet normal -0.801602 -0.535233 0.266384
    outer loop
      vertex 4.79176 -3.2522 4.49604
      vertex 4.41089 -2.76895 4.3209
      vertex 4.44533 -2.90578 4.14961
    endloop
  endfacet
  facet normal -0.801603 -0.535243 0.26636
    outer loop
      vertex 4.41089 -2.76895 4.3209
      vertex 4.79176 -3.2522 4.49604
      vertex 4.75731 -3.11537 4.66732
    endloop
  endfacet
  facet normal -0.745376 -0.661325 0.0840505
    outer loop
      vertex 4.75731 -3.11537 4.66732
      vertex 4.33274 -2.65666 4.51137
      vertex 4.41089 -2.76895 4.3209
    endloop
  endfacet
  facet normal -0.745376 -0.661325 0.0840505
    outer loop
      vertex 4.33274 -2.65666 4.51137
      vertex 4.75731 -3.11537 4.66732
      vertex 4.67915 -3.00307 4.85778
    endloop
  endfacet
  facet normal -0.62225 -0.76895 -0.1467
    outer loop
      vertex 4.11061 -2.5413 4.84889
      vertex 4.67915 -3.00307 4.85778
      vertex 4.45701 -2.8877 5.19529
    endloop
  endfacet
  facet normal -0.62225 -0.76895 -0.1467
    outer loop
      vertex 4.67915 -3.00307 4.85778
      vertex 4.11061 -2.5413 4.84889
      vertex 4.33274 -2.65666 4.51137
    endloop
  endfacet
  facet normal -0.329419 -0.811712 -0.482293
    outer loop
      vertex 4.11061 -2.5413 4.84889
      vertex 4.17057 -2.92154 5.44789
      vertex 3.82418 -2.57515 5.1015
    endloop
  endfacet
  facet normal -0.329419 -0.811712 -0.482293
    outer loop
      vertex 4.17057 -2.92154 5.44789
      vertex 4.11061 -2.5413 4.84889
      vertex 4.45701 -2.8877 5.19529
    endloop
  endfacet
  facet normal 0.0325941 -0.690246 -0.72284
    outer loop
      vertex 3.83183 -3.10263 5.60554
      vertex 3.82418 -2.57515 5.1015
      vertex 4.17057 -2.92154 5.44789
    endloop
  endfacet
  facet normal 0.0325941 -0.690246 -0.72284
    outer loop
      vertex 3.82418 -2.57515 5.1015
      vertex 3.83183 -3.10263 5.60554
      vertex 3.48545 -2.75625 5.25916
    endloop
  endfacet
  facet normal 0.314398 -0.495384 -0.809783
    outer loop
      vertex 3.45287 -3.42904 5.65809
      vertex 3.48545 -2.75625 5.25916
      vertex 3.83183 -3.10263 5.60554
    endloop
  endfacet
  facet normal 0.314398 -0.495384 -0.809783
    outer loop
      vertex 3.48545 -2.75625 5.25916
      vertex 3.45287 -3.42904 5.65809
      vertex 3.10649 -3.08266 5.31171
    endloop
  endfacet
  facet normal 0.500028 -0.308984 -0.809012
    outer loop
      vertex 2.80195 -3.43924 5.25967
      vertex 3.45287 -3.42904 5.65809
      vertex 3.14833 -3.78562 5.60605
    endloop
  endfacet
  facet normal 0.500028 -0.308984 -0.809012
    outer loop
      vertex 3.45287 -3.42904 5.65809
      vertex 2.80195 -3.43924 5.25967
      vertex 3.10649 -3.08266 5.31171
    endloop
  endfacet
  facet normal 0.693257 -0.0269297 -0.720187
    outer loop
      vertex 2.62688 -3.77042 5.10353
      vertex 3.14833 -3.78562 5.60605
      vertex 2.97327 -4.11681 5.44992
    endloop
  endfacet
  facet normal 0.693257 -0.0269297 -0.720187
    outer loop
      vertex 3.14833 -3.78562 5.60605
      vertex 2.62688 -3.77042 5.10353
      vertex 2.80195 -3.43924 5.25967
    endloop
  endfacet
  facet normal 0.808968 0.308682 -0.500286
    outer loop
      vertex 2.97327 -4.11681 5.44992
      vertex 2.58313 -4.06929 4.84838
      vertex 2.62688 -3.77042 5.10353
    endloop
  endfacet
  facet normal 0.808968 0.308682 -0.500286
    outer loop
      vertex 2.58313 -4.06929 4.84838
      vertex 2.97327 -4.11681 5.44992
      vertex 2.92953 -4.41569 5.19478
    endloop
  endfacet
  facet normal 0.791273 0.570037 -0.221236
    outer loop
      vertex 3.01899 -4.67537 4.84565
      vertex 2.58313 -4.06929 4.84838
      vertex 2.92953 -4.41569 5.19478
    endloop
  endfacet
  facet normal 0.791273 0.570037 -0.221236
    outer loop
      vertex 2.58313 -4.06929 4.84838
      vertex 3.01899 -4.67537 4.84565
      vertex 2.67257 -4.32895 4.49923
    endloop
  endfacet
  facet normal -0.367698 0.447504 0.815192
    outer loop
      vertex 3.18405 -3.8498 4.4669
      vertex 3.01899 -4.67537 4.84565
      vertex 3.53046 -4.19622 4.81332
    endloop
  endfacet
  facet normal -0.367691 0.447504 0.815195
    outer loop
      vertex 3.01899 -4.67537 4.84565
      vertex 3.18405 -3.8498 4.4669
      vertex 2.67257 -4.32895 4.49923
    endloop
  endfacet
  facet normal -0.787837 -0.579631 0.208183
    outer loop
      vertex 3.53046 -4.19622 4.81332
      vertex 3.13746 -3.72486 4.63845
      vertex 3.18405 -3.8498 4.4669
    endloop
  endfacet
  facet normal -0.787837 -0.579618 0.208219
    outer loop
      vertex 3.13746 -3.72486 4.63845
      vertex 3.53046 -4.19622 4.81332
      vertex 3.48387 -4.07127 4.98486
    endloop
  endfacet
  facet normal -0.815494 -0.372719 0.442775
    outer loop
      vertex 3.13746 -3.72486 4.63845
      vertex 3.49109 -3.94153 5.10737
      vertex 3.14469 -3.59513 4.76097
    endloop
  endfacet
  facet normal -0.815494 -0.372719 0.442775
    outer loop
      vertex 3.49109 -3.94153 5.10737
      vertex 3.13746 -3.72486 4.63845
      vertex 3.48387 -4.07127 4.98486
    endloop
  endfacet
  facet normal -0.721184 -0.0290501 0.692134
    outer loop
      vertex 3.14469 -3.59513 4.76097
      vertex 3.55607 -3.80304 5.18089
      vertex 3.20967 -3.45664 4.83449
    endloop
  endfacet
  facet normal -0.721184 -0.0290501 0.692134
    outer loop
      vertex 3.55607 -3.80304 5.18089
      vertex 3.14469 -3.59513 4.76097
      vertex 3.49109 -3.94153 5.10737
    endloop
  endfacet
  facet normal -0.510342 0.296792 0.807134
    outer loop
      vertex 3.20967 -3.45664 4.83449
      vertex 3.68272 -3.65189 5.20539
      vertex 3.33632 -3.30549 4.85899
    endloop
  endfacet
  facet normal -0.510342 0.296792 0.807134
    outer loop
      vertex 3.68272 -3.65189 5.20539
      vertex 3.20967 -3.45664 4.83449
      vertex 3.55607 -3.80304 5.18089
    endloop
  endfacet
  facet normal -0.164999 0.610019 0.775018
    outer loop
      vertex 3.62564 -3.10913 4.76603
      vertex 3.68272 -3.65189 5.20539
      vertex 3.97204 -3.45553 5.11243
    endloop
  endfacet
  facet normal -0.164999 0.610019 0.775018
    outer loop
      vertex 3.68272 -3.65189 5.20539
      vertex 3.62564 -3.10913 4.76603
      vertex 3.33632 -3.30549 4.85899
    endloop
  endfacet
  facet normal 0.540718 0.800187 0.25947
    outer loop
      vertex 4.19245 -3.51403 4.83352
      vertex 3.62564 -3.10913 4.76603
      vertex 3.97204 -3.45553 5.11243
    endloop
  endfacet
  facet normal 0.540712 0.800183 0.259494
    outer loop
      vertex 3.62564 -3.10913 4.76603
      vertex 4.19245 -3.51403 4.83352
      vertex 3.84604 -3.16761 4.48711
    endloop
  endfacet
  facet normal 0.772529 0.615179 -0.157333
    outer loop
      vertex 4.24296 -3.61661 4.68044
      vertex 3.84604 -3.16761 4.48711
      vertex 4.19245 -3.51403 4.83352
    endloop
  endfacet
  facet normal 0.772532 0.615167 -0.157365
    outer loop
      vertex 3.84604 -3.16761 4.48711
      vertex 4.24296 -3.61661 4.68044
      vertex 3.89654 -3.27019 4.33402
    endloop
  endfacet
  facet normal 0.816497 0.408013 -0.408484
    outer loop
      vertex 4.24296 -3.61661 4.68044
      vertex 3.89647 -3.42635 4.1779
      vertex 3.89654 -3.27019 4.33402
    endloop
  endfacet
  facet normal 0.816493 0.40803 -0.408474
    outer loop
      vertex 3.89647 -3.42635 4.1779
      vertex 4.24296 -3.61661 4.68044
      vertex 4.2429 -3.77278 4.52432
    endloop
  endfacet
  facet normal 0.796565 0.243028 -0.553553
    outer loop
      vertex 4.2429 -3.77278 4.52432
      vertex 3.84304 -3.65862 3.99904
      vertex 3.89647 -3.42635 4.1779
    endloop
  endfacet
  facet normal 0.796568 0.242999 -0.553562
    outer loop
      vertex 3.84304 -3.65862 3.99904
      vertex 4.2429 -3.77278 4.52432
      vertex 4.18947 -4.00506 4.34547
    endloop
  endfacet
  facet normal 0.772107 0.156072 -0.61603
    outer loop
      vertex 4.18947 -4.00506 4.34547
      vertex 3.73337 -3.98956 3.77774
      vertex 3.84304 -3.65862 3.99904
    endloop
  endfacet
  facet normal 0.772108 0.156059 -0.616032
    outer loop
      vertex 3.73337 -3.98956 3.77774
      vertex 4.18947 -4.00506 4.34547
      vertex 4.07981 -4.336 4.12419
    endloop
  endfacet
  facet normal 0.772048 0.155877 -0.616153
    outer loop
      vertex 4.07981 -4.336 4.12419
      vertex 3.61057 -4.3599 3.53018
      vertex 3.73337 -3.98956 3.77774
    endloop
  endfacet
  facet normal 0.772045 0.155893 -0.616152
    outer loop
      vertex 3.61057 -4.3599 3.53018
      vertex 4.07981 -4.336 4.12419
      vertex 3.95702 -4.70635 3.87663
    endloop
  endfacet
  facet normal 0.791232 0.221077 -0.570155
    outer loop
      vertex 3.95702 -4.70635 3.87663
      vertex 3.52867 -4.67924 3.2927
      vertex 3.61057 -4.3599 3.53018
    endloop
  endfacet
  facet normal 0.791232 0.221077 -0.570155
    outer loop
      vertex 3.52867 -4.67924 3.2927
      vertex 3.95702 -4.70635 3.87663
      vertex 3.87513 -5.0257 3.63916
    endloop
  endfacet
  facet normal 0.809231 0.310497 -0.498735
    outer loop
      vertex 3.87513 -5.0257 3.63916
      vertex 3.48908 -4.95425 3.05725
      vertex 3.52867 -4.67924 3.2927
    endloop
  endfacet
  facet normal 0.809231 0.310497 -0.498735
    outer loop
      vertex 3.48908 -4.95425 3.05725
      vertex 3.87513 -5.0257 3.63916
      vertex 3.83555 -5.30072 3.40372
    endloop
  endfacet
  facet normal 0.816404 0.418858 -0.397546
    outer loop
      vertex 3.83972 -5.53807 3.16221
      vertex 3.48908 -4.95425 3.05725
      vertex 3.83555 -5.30072 3.40372
    endloop
  endfacet
  facet normal 0.816404 0.418858 -0.397546
    outer loop
      vertex 3.48908 -4.95425 3.05725
      vertex 3.83972 -5.53807 3.16221
      vertex 3.49324 -5.19159 2.81573
    endloop
  endfacet
  facet normal 0.707113 0.707101 -1.19625e-05
    outer loop
      vertex 4.03675 -5.73511 2.76814
      vertex 3.49324 -5.19159 2.81573
      vertex 3.83972 -5.53807 3.16221
    endloop
  endfacet
  facet normal 0.707114 0.7071 6.80186e-06
    outer loop
      vertex 3.49324 -5.19159 2.81573
      vertex 4.03675 -5.73511 2.76814
      vertex 3.69026 -5.38861 2.42164
    endloop
  endfacet
  facet normal -0.408248 0.408248 0.816497
    outer loop
      vertex 5.41598 -3.66288 2.42164
      vertex 4.03675 -5.73511 2.76814
      vertex 5.76248 -4.00938 2.76814
    endloop
  endfacet
  facet normal -0.408253 0.408251 0.816493
    outer loop
      vertex 4.03675 -5.73511 2.76814
      vertex 5.41598 -3.66288 2.42164
      vertex 3.69026 -5.38861 2.42164
    endloop
  endfacet
  facet normal -0.707107 -0.707107 -8.08847e-16
    outer loop
      vertex 5.76248 -4.00938 2.76814
      vertex 5.18258 -3.42948 2.88851
      vertex 5.41598 -3.66288 2.42164
    endloop
  endfacet
  facet normal -0.707109 -0.707105 -1.69003e-05
    outer loop
      vertex 5.18258 -3.42948 2.88851
      vertex 5.76248 -4.00938 2.76814
      vertex 5.52905 -3.77596 3.23499
    endloop
  endfacet
  facet normal 0.577372 -0.577297 -0.577382
    outer loop
      vertex 4.10003 -3.90208 -3.49858
      vertex 3.7666 -4.14537 -3.58875
      vertex 4.05174 -3.63631 -3.8126
    endloop
  endfacet
  facet normal 0.577389 -0.577302 -0.57736
    outer loop
      vertex 4.38746 -3.82906 -3.28415
      vertex 4.23753 -3.56051 -3.70261
      vertex 4.3884 -3.43725 -3.67498
    endloop
  endfacet
  facet normal 0.577386 -0.577304 -0.577361
    outer loop
      vertex 4.38746 -3.82906 -3.28415
      vertex 4.10003 -3.90208 -3.49858
      vertex 4.23753 -3.56051 -3.70261
    endloop
  endfacet
  facet normal 0.577371 -0.577304 -0.577376
    outer loop
      vertex 4.85982 -3.4855 -3.15532
      vertex 4.3884 -3.43725 -3.67498
      vertex 4.50202 -3.26951 -3.72908
    endloop
  endfacet
  facet normal 0.577371 -0.577304 -0.577376
    outer loop
      vertex 4.85982 -3.4855 -3.15532
      vertex 4.50202 -3.26951 -3.72908
      vertex 5.02326 -3.23515 -3.2422
    endloop
  endfacet
  facet normal 0.577379 -0.577297 -0.577375
    outer loop
      vertex 2.7844 -5.28294 -3.43352
      vertex 2.6021 -5.12682 -3.77192
      vertex 3.10802 -4.78527 -3.6075
    endloop
  endfacet
  facet normal 0.577378 -0.577296 -0.577377
    outer loop
      vertex 3.17995 -4.85802 -3.46283
      vertex 2.7844 -5.28294 -3.43352
      vertex 3.10802 -4.78527 -3.6075
    endloop
  endfacet
  facet normal 0.577374 -0.577301 -0.577375
    outer loop
      vertex 4.28937 -4.57709 -2.63431
      vertex 3.72628 -4.66324 -3.11126
      vertex 3.82593 -4.50637 -3.16846
    endloop
  endfacet
  facet normal 0.577374 -0.577302 -0.577375
    outer loop
      vertex 3.7931 -5.13387 -2.57387
      vertex 3.72628 -4.66324 -3.11126
      vertex 4.07639 -4.89414 -2.53028
    endloop
  endfacet
  facet normal 0.57736 -0.577305 -0.577386
    outer loop
      vertex 3.45758 -5.28471 -2.75857
      vertex 3.08785 -5.33499 -3.07801
      vertex 3.46125 -4.85726 -3.18229
    endloop
  endfacet
  facet normal 0.577377 -0.577302 -0.577372
    outer loop
      vertex 2.6021 -5.12682 -3.77192
      vertex 2.54718 -4.87874 -4.07489
      vertex 3.09291 -4.66805 -3.73982
    endloop
  endfacet
  facet normal 0.577377 -0.577301 -0.577373
    outer loop
      vertex 3.09291 -4.66805 -3.73982
      vertex 2.54718 -4.87874 -4.07489
      vertex 3.13781 -4.5104 -3.85255
    endloop
  endfacet
  facet normal 0.57738 -0.577318 -0.577353
    outer loop
      vertex 3.86212 -4.22038 -3.41822
      vertex 3.7666 -4.14537 -3.58875
      vertex 4.09599 -3.91016 -3.49454
    endloop
  endfacet
  facet normal 0.57736 -0.577308 -0.577383
    outer loop
      vertex 3.7666 -4.14537 -3.58875
      vertex 3.59359 -4.12036 -3.78676
      vertex 3.83346 -3.66158 -4.00562
    endloop
  endfacet
  facet normal 0.577371 -0.577305 -0.577375
    outer loop
      vertex 4.33433 -2.85924 -4.30699
      vertex 4.00347 -2.96182 -4.53528
      vertex 4.18347 -2.45122 -4.86582
    endloop
  endfacet
  facet normal 0.577377 -0.577302 -0.577371
    outer loop
      vertex 3.13781 -4.5104 -3.85255
      vertex 2.54718 -4.87874 -4.07489
      vertex 2.62579 -4.55084 -4.32414
    endloop
  endfacet
  facet normal 0.577381 -0.577276 -0.577394
    outer loop
      vertex 4.37696 -4.33407 -2.78972
      vertex 3.88145 -4.3419 -3.27739
      vertex 4.37296 -4.13854 -2.98921
    endloop
  endfacet
  facet normal 0.577382 -0.577308 -0.57736
    outer loop
      vertex 3.10802 -4.78527 -3.6075
      vertex 2.6021 -5.12682 -3.77192
      vertex 3.09291 -4.66805 -3.73982
    endloop
  endfacet
  facet normal 0.577366 -0.577296 -0.577388
    outer loop
      vertex 3.88145 -4.3419 -3.27739
      vertex 3.86212 -4.22038 -3.41822
      vertex 4.27884 -3.99555 -3.22631
    endloop
  endfacet
  facet normal 0.577388 -0.577304 -0.577359
    outer loop
      vertex 3.08785 -5.33499 -3.07801
      vertex 2.7844 -5.28294 -3.43352
      vertex 3.17995 -4.85802 -3.46283
    endloop
  endfacet
  facet normal 0.577366 -0.577308 -0.577377
    outer loop
      vertex 3.46125 -4.85726 -3.18229
      vertex 3.08785 -5.33499 -3.07801
      vertex 3.30544 -4.88228 -3.31308
    endloop
  endfacet
  facet normal 0.577377 -0.577308 -0.577366
    outer loop
      vertex 3.30544 -4.88228 -3.31308
      vertex 3.08785 -5.33499 -3.07801
      vertex 3.17995 -4.85802 -3.46283
    endloop
  endfacet
  facet normal 0.577349 -0.57731 -0.577392
    outer loop
      vertex 3.60312 -4.78224 -3.11544
      vertex 3.45758 -5.28471 -2.75857
      vertex 3.46125 -4.85726 -3.18229
    endloop
  endfacet
  facet normal 0.577389 -0.577293 -0.577369
    outer loop
      vertex 3.7931 -5.13387 -2.57387
      vertex 3.60312 -4.78224 -3.11544
      vertex 3.72628 -4.66324 -3.11126
    endloop
  endfacet
  facet normal 0.577375 -0.577304 -0.577372
    outer loop
      vertex 3.7931 -5.13387 -2.57387
      vertex 3.45758 -5.28471 -2.75857
      vertex 3.60312 -4.78224 -3.11544
    endloop
  endfacet
  facet normal 0.577374 -0.577302 -0.577375
    outer loop
      vertex 4.07639 -4.89414 -2.53028
      vertex 3.72628 -4.66324 -3.11126
      vertex 4.28937 -4.57709 -2.63431
    endloop
  endfacet
  facet normal 0.577367 -0.577305 -0.577379
    outer loop
      vertex 4.37696 -4.33407 -2.78972
      vertex 3.82593 -4.50637 -3.16846
      vertex 3.88145 -4.3419 -3.27739
    endloop
  endfacet
  facet normal 0.577363 -0.577319 -0.577368
    outer loop
      vertex 4.28937 -4.57709 -2.63431
      vertex 3.82593 -4.50637 -3.16846
      vertex 4.37696 -4.33407 -2.78972
    endloop
  endfacet
  facet normal 0.577377 -0.577312 -0.577362
    outer loop
      vertex 4.37296 -4.13854 -2.98921
      vertex 3.88145 -4.3419 -3.27739
      vertex 4.27884 -3.99555 -3.22631
    endloop
  endfacet
  facet normal 0.577367 -0.577312 -0.577371
    outer loop
      vertex 4.27884 -3.99555 -3.22631
      vertex 3.86212 -4.22038 -3.41822
      vertex 4.09599 -3.91016 -3.49454
    endloop
  endfacet
  facet normal 0.577391 -0.57735 -0.577309
    outer loop
      vertex 4.09599 -3.91016 -3.49454
      vertex 3.7666 -4.14537 -3.58875
      vertex 4.10003 -3.90208 -3.49858
    endloop
  endfacet
  facet normal 0.577393 -0.5773 -0.577358
    outer loop
      vertex 3.59359 -4.12036 -3.78676
      vertex 3.43257 -4.12036 -3.94779
      vertex 3.66193 -3.66158 -4.17715
    endloop
  endfacet
  facet normal 0.577371 -0.577308 -0.577371
    outer loop
      vertex 3.83346 -3.66158 -4.00562
      vertex 3.59359 -4.12036 -3.78676
      vertex 3.66193 -3.66158 -4.17715
    endloop
  endfacet
  facet normal 0.577371 -0.577295 -0.577385
    outer loop
      vertex 4.56819 -3.08812 -3.84428
      vertex 4.55859 -2.96027 -3.98171
      vertex 5.1049 -2.61671 -3.77892
    endloop
  endfacet
  facet normal 0.577386 -0.577298 -0.577367
    outer loop
      vertex 4.05174 -3.63631 -3.8126
      vertex 3.7666 -4.14537 -3.58875
      vertex 3.83346 -3.66158 -4.00562
    endloop
  endfacet
  facet normal 0.577355 -0.577307 -0.577388
    outer loop
      vertex 4.10003 -3.90208 -3.49858
      vertex 4.05174 -3.63631 -3.8126
      vertex 4.23753 -3.56051 -3.70261
    endloop
  endfacet
  facet normal 0.577378 -0.577292 -0.577381
    outer loop
      vertex 4.6443 -3.68682 -3.16955
      vertex 4.3884 -3.43725 -3.67498
      vertex 4.85982 -3.4855 -3.15532
    endloop
  endfacet
  facet normal 0.577348 -0.577322 -0.577381
    outer loop
      vertex 4.6443 -3.68682 -3.16955
      vertex 4.38746 -3.82906 -3.28415
      vertex 4.3884 -3.43725 -3.67498
    endloop
  endfacet
  facet normal 0.577369 -0.577308 -0.577373
    outer loop
      vertex 5.02326 -3.23515 -3.2422
      vertex 4.50202 -3.26951 -3.72908
      vertex 4.56819 -3.08812 -3.84428
    endloop
  endfacet
  facet normal 0.577377 -0.577304 -0.57737
    outer loop
      vertex 5.1437 -2.88046 -3.4764
      vertex 4.56819 -3.08812 -3.84428
      vertex 5.1049 -2.61671 -3.77892
    endloop
  endfacet
  facet normal 0.577378 -0.577296 -0.577377
    outer loop
      vertex 5.02326 -3.23515 -3.2422
      vertex 4.56819 -3.08812 -3.84428
      vertex 5.1437 -2.88046 -3.4764
    endloop
  endfacet
  facet normal 0.577373 -0.577305 -0.577374
    outer loop
      vertex 5.1049 -2.61671 -3.77892
      vertex 4.55859 -2.96027 -3.98171
      vertex 4.9111 -2.453 -4.13641
    endloop
  endfacet
  facet normal 0.57739 -0.57731 -0.577351
    outer loop
      vertex 4.55859 -2.96027 -3.98171
      vertex 4.47878 -2.8845 -4.13729
      vertex 4.9111 -2.453 -4.13641
    endloop
  endfacet
  facet normal 0.577376 -0.577296 -0.577379
    outer loop
      vertex 4.9111 -2.453 -4.13641
      vertex 4.47878 -2.8845 -4.13729
      vertex 4.56645 -2.39843 -4.53562
    endloop
  endfacet
  facet normal 0.577363 -0.5773 -0.577388
    outer loop
      vertex 4.47878 -2.8845 -4.13729
      vertex 4.33433 -2.85924 -4.30699
      vertex 4.56645 -2.39843 -4.53562
    endloop
  endfacet
  facet normal 0.577372 -0.577298 -0.57738
    outer loop
      vertex 3.72494 -3.26951 -4.50616
      vertex 3.51414 -2.86755 -5.11886
      vertex 4.00347 -2.96182 -4.53528
    endloop
  endfacet
  facet normal 0.577387 -0.577286 -0.577377
    outer loop
      vertex 3.72494 -3.26951 -4.50616
      vertex 3.24962 -3.21897 -5.03202
      vertex 3.51414 -2.86755 -5.11886
    endloop
  endfacet
  facet normal 0.577362 -0.577315 -0.577374
    outer loop
      vertex 4.00347 -2.96182 -4.53528
      vertex 3.51414 -2.86755 -5.11886
      vertex 3.82907 -2.60961 -5.06185
    endloop
  endfacet
  facet normal 0.577374 -0.577305 -0.577372
    outer loop
      vertex 4.00347 -2.96182 -4.53528
      vertex 3.82907 -2.60961 -5.06185
      vertex 4.18347 -2.45122 -4.86582
    endloop
  endfacet
  facet normal 0.577378 -0.5773 -0.577373
    outer loop
      vertex 4.33433 -2.85924 -4.30699
      vertex 4.18347 -2.45122 -4.86582
      vertex 4.56645 -2.39843 -4.53562
    endloop
  endfacet
  facet normal -0.686458 -0.726089 0.0396307
    outer loop
      vertex 4.9111 -2.453 -4.13641
      vertex 5.45139 -2.9632 -4.12541
      vertex 5.1049 -2.61671 -3.77892
    endloop
  endfacet
  facet normal -0.686458 -0.726088 0.0396501
    outer loop
      vertex 5.45139 -2.9632 -4.12541
      vertex 4.9111 -2.453 -4.13641
      vertex 5.25759 -2.7995 -4.48291
    endloop
  endfacet
  facet normal -0.81081 -0.488717 -0.322093
    outer loop
      vertex 5.49018 -3.22694 -3.82288
      vertex 5.1049 -2.61671 -3.77892
      vertex 5.45139 -2.9632 -4.12541
    endloop
  endfacet
  facet normal -0.81081 -0.488717 -0.322093
    outer loop
      vertex 5.1049 -2.61671 -3.77892
      vertex 5.49018 -3.22694 -3.82288
      vertex 5.1437 -2.88046 -3.4764
    endloop
  endfacet
  facet normal -0.769622 -0.148673 -0.620949
    outer loop
      vertex 5.49018 -3.22694 -3.82288
      vertex 5.02326 -3.23515 -3.2422
      vertex 5.1437 -2.88046 -3.4764
    endloop
  endfacet
  facet normal -0.769623 -0.148669 -0.620949
    outer loop
      vertex 5.02326 -3.23515 -3.2422
      vertex 5.49018 -3.22694 -3.82288
      vertex 5.36972 -3.58162 -3.58866
    endloop
  endfacet
  facet normal -0.625348 0.141974 -0.767322
    outer loop
      vertex 4.85982 -3.4855 -3.15532
      vertex 5.36972 -3.58162 -3.58866
      vertex 5.20627 -3.83195 -3.50177
    endloop
  endfacet
  facet normal -0.625349 0.141969 -0.767322
    outer loop
      vertex 5.36972 -3.58162 -3.58866
      vertex 4.85982 -3.4855 -3.15532
      vertex 5.02326 -3.23515 -3.2422
    endloop
  endfacet
  facet normal -0.365841 0.449235 -0.815076
    outer loop
      vertex 4.99074 -4.03327 -3.51599
      vertex 4.85982 -3.4855 -3.15532
      vertex 5.20627 -3.83195 -3.50177
    endloop
  endfacet
  facet normal -0.365825 0.449241 -0.815079
    outer loop
      vertex 4.85982 -3.4855 -3.15532
      vertex 4.99074 -4.03327 -3.51599
      vertex 4.6443 -3.68682 -3.16955
    endloop
  endfacet
  facet normal -0.0506087 0.680433 -0.731061
    outer loop
      vertex 4.7339 -4.1755 -3.63059
      vertex 4.6443 -3.68682 -3.16955
      vertex 4.99074 -4.03327 -3.51599
    endloop
  endfacet
  facet normal -0.0506329 0.680429 -0.731062
    outer loop
      vertex 4.6443 -3.68682 -3.16955
      vertex 4.7339 -4.1755 -3.63059
      vertex 4.38746 -3.82906 -3.28415
    endloop
  endfacet
  facet normal 0.223075 0.791742 -0.568667
    outer loop
      vertex 4.44646 -4.24852 -3.84501
      vertex 4.38746 -3.82906 -3.28415
      vertex 4.7339 -4.1755 -3.63059
    endloop
  endfacet
  facet normal 0.223099 0.791739 -0.568662
    outer loop
      vertex 4.38746 -3.82906 -3.28415
      vertex 4.44646 -4.24852 -3.84501
      vertex 4.10003 -3.90208 -3.49858
    endloop
  endfacet
  facet normal -0.707107 2.57507e-14 -0.707107
    outer loop
      vertex 4.09599 -3.91016 -3.49454
      vertex 4.44646 -4.24852 -3.84501
      vertex 4.44243 -4.25659 -3.84098
    endloop
  endfacet
  facet normal -0.707107 5.14169e-14 -0.707107
    outer loop
      vertex 4.44646 -4.24852 -3.84501
      vertex 4.09599 -3.91016 -3.49454
      vertex 4.10003 -3.90208 -3.49858
    endloop
  endfacet
  facet normal -0.608222 -0.775866 0.167626
    outer loop
      vertex 4.09599 -3.91016 -3.49454
      vertex 4.62528 -4.34198 -3.57274
      vertex 4.27884 -3.99555 -3.22631
    endloop
  endfacet
  facet normal -0.608223 -0.775866 0.16762
    outer loop
      vertex 4.62528 -4.34198 -3.57274
      vertex 4.09599 -3.91016 -3.49454
      vertex 4.44243 -4.25659 -3.84098
    endloop
  endfacet
  facet normal -0.750395 -0.653907 -0.0965097
    outer loop
      vertex 4.71939 -4.48497 -3.33564
      vertex 4.27884 -3.99555 -3.22631
      vertex 4.62528 -4.34198 -3.57274
    endloop
  endfacet
  facet normal -0.750394 -0.653912 -0.0964817
    outer loop
      vertex 4.27884 -3.99555 -3.22631
      vertex 4.71939 -4.48497 -3.33564
      vertex 4.37296 -4.13854 -2.98921
    endloop
  endfacet
  facet normal -0.816369 -0.420676 -0.395693
    outer loop
      vertex 4.7197 -4.50001 -3.32029
      vertex 4.37296 -4.13854 -2.98921
      vertex 4.71939 -4.48497 -3.33564
    endloop
  endfacet
  facet normal -0.816368 -0.420548 -0.395831
    outer loop
      vertex 4.37296 -4.13854 -2.98921
      vertex 4.7197 -4.50001 -3.32029
      vertex 4.37696 -4.33407 -2.78972
    endloop
  endfacet
  facet normal -0.816372 -0.420534 -0.395838
    outer loop
      vertex 4.72338 -4.68049 -3.13614
      vertex 4.37696 -4.33407 -2.78972
      vertex 4.7197 -4.50001 -3.32029
    endloop
  endfacet
  facet normal -0.763039 -0.129868 -0.633171
    outer loop
      vertex 4.71663 -4.69919 -3.12417
      vertex 4.37696 -4.33407 -2.78972
      vertex 4.72338 -4.68049 -3.13614
    endloop
  endfacet
  facet normal -0.763045 -0.129884 -0.63316
    outer loop
      vertex 4.37696 -4.33407 -2.78972
      vertex 4.71663 -4.69919 -3.12417
      vertex 4.28937 -4.57709 -2.63431
    endloop
  endfacet
  facet normal -0.763045 -0.129885 -0.63316
    outer loop
      vertex 4.63578 -4.9235 -2.98072
      vertex 4.28937 -4.57709 -2.63431
      vertex 4.71663 -4.69919 -3.12417
    endloop
  endfacet
  facet normal -0.614139 0.158878 -0.77304
    outer loop
      vertex 4.07639 -4.89414 -2.53028
      vertex 4.63578 -4.9235 -2.98072
      vertex 4.42279 -5.24054 -2.87667
    endloop
  endfacet
  facet normal -0.614136 0.158901 -0.773038
    outer loop
      vertex 4.63578 -4.9235 -2.98072
      vertex 4.07639 -4.89414 -2.53028
      vertex 4.28937 -4.57709 -2.63431
    endloop
  endfacet
  facet normal -0.30305 0.505058 -0.808132
    outer loop
      vertex 4.13949 -5.48026 -2.92025
      vertex 4.07639 -4.89414 -2.53028
      vertex 4.42279 -5.24054 -2.87667
    endloop
  endfacet
  facet normal -0.30305 0.505058 -0.808132
    outer loop
      vertex 4.07639 -4.89414 -2.53028
      vertex 4.13949 -5.48026 -2.92025
      vertex 3.7931 -5.13387 -2.57387
    endloop
  endfacet
  facet normal 0.0475118 0.729655 -0.682163
    outer loop
      vertex 3.80396 -5.63109 -3.10495
      vertex 3.7931 -5.13387 -2.57387
      vertex 4.13949 -5.48026 -2.92025
    endloop
  endfacet
  facet normal 0.0474917 0.729655 -0.682164
    outer loop
      vertex 3.7931 -5.13387 -2.57387
      vertex 3.80396 -5.63109 -3.10495
      vertex 3.45758 -5.28471 -2.75857
    endloop
  endfacet
  facet normal 0.316372 0.810054 -0.493682
    outer loop
      vertex 3.43423 -5.68137 -3.42439
      vertex 3.45758 -5.28471 -2.75857
      vertex 3.80396 -5.63109 -3.10495
    endloop
  endfacet
  facet normal 0.316372 0.810054 -0.493682
    outer loop
      vertex 3.45758 -5.28471 -2.75857
      vertex 3.43423 -5.68137 -3.42439
      vertex 3.08785 -5.33499 -3.07801
    endloop
  endfacet
  facet normal 0.500344 0.808958 -0.308614
    outer loop
      vertex 3.41084 -5.67736 -3.4518
      vertex 3.08785 -5.33499 -3.07801
      vertex 3.43423 -5.68137 -3.42439
    endloop
  endfacet
  facet normal 0.500333 0.80896 -0.308626
    outer loop
      vertex 3.08785 -5.33499 -3.07801
      vertex 3.41084 -5.67736 -3.4518
      vertex 2.7844 -5.28294 -3.43352
    endloop
  endfacet
  facet normal 0.500333 0.80896 -0.308628
    outer loop
      vertex 3.13078 -5.62932 -3.7799
      vertex 2.7844 -5.28294 -3.43352
      vertex 3.41084 -5.67736 -3.4518
    endloop
  endfacet
  facet normal 0.688163 0.724639 -0.0364757
    outer loop
      vertex 3.11673 -5.61729 -3.80598
      vertex 2.7844 -5.28294 -3.43352
      vertex 3.13078 -5.62932 -3.7799
    endloop
  endfacet
  facet normal 0.688188 0.724617 -0.0364344
    outer loop
      vertex 2.7844 -5.28294 -3.43352
      vertex 3.11673 -5.61729 -3.80598
      vertex 2.6021 -5.12682 -3.77192
    endloop
  endfacet
  facet normal 0.688188 0.724617 -0.0364303
    outer loop
      vertex 2.94849 -5.47321 -4.1183
      vertex 2.6021 -5.12682 -3.77192
      vertex 3.11673 -5.61729 -3.80598
    endloop
  endfacet
  facet normal 0.804598 0.522566 0.28204
    outer loop
      vertex 2.94849 -5.47321 -4.1183
      vertex 2.54718 -4.87874 -4.07489
      vertex 2.6021 -5.12682 -3.77192
    endloop
  endfacet
  facet normal 0.804598 0.522566 0.28204
    outer loop
      vertex 2.54718 -4.87874 -4.07489
      vertex 2.94849 -5.47321 -4.1183
      vertex 2.89358 -5.22514 -4.42128
    endloop
  endfacet
  facet normal 0.794675 0.234953 0.559722
    outer loop
      vertex 2.54718 -4.87874 -4.07489
      vertex 2.9722 -4.89725 -4.67055
      vertex 2.62579 -4.55084 -4.32414
    endloop
  endfacet
  facet normal 0.794672 0.234969 0.559719
    outer loop
      vertex 2.9722 -4.89725 -4.67055
      vertex 2.54718 -4.87874 -4.07489
      vertex 2.89358 -5.22514 -4.42128
    endloop
  endfacet
  facet normal -0.356987 -0.814442 0.457433
    outer loop
      vertex 2.62579 -4.55084 -4.32414
      vertex 3.01163 -4.89413 -4.63424
      vertex 3.13781 -4.5104 -3.85255
    endloop
  endfacet
  facet normal -0.356889 -0.814426 0.457537
    outer loop
      vertex 3.01163 -4.89413 -4.63424
      vertex 2.62579 -4.55084 -4.32414
      vertex 2.9722 -4.89725 -4.67055
    endloop
  endfacet
  facet normal -0.356996 -0.814438 0.457432
    outer loop
      vertex 3.13781 -4.5104 -3.85255
      vertex 3.01163 -4.89413 -4.63424
      vertex 3.48423 -4.85681 -4.19896
    endloop
  endfacet
  facet normal -0.784631 -0.196732 -0.587921
    outer loop
      vertex 3.48077 -4.86895 -4.19028
      vertex 3.13781 -4.5104 -3.85255
      vertex 3.48423 -4.85681 -4.19896
    endloop
  endfacet
  facet normal -0.784669 -0.196856 -0.587829
    outer loop
      vertex 3.13781 -4.5104 -3.85255
      vertex 3.48077 -4.86895 -4.19028
      vertex 3.09291 -4.66805 -3.73982
    endloop
  endfacet
  facet normal -0.784665 -0.196786 -0.587857
    outer loop
      vertex 3.43931 -5.01446 -4.08623
      vertex 3.09291 -4.66805 -3.73982
      vertex 3.48077 -4.86895 -4.19028
    endloop
  endfacet
  facet normal -0.812053 -0.479754 -0.332275
    outer loop
      vertex 3.45442 -5.13168 -3.95391
      vertex 3.09291 -4.66805 -3.73982
      vertex 3.43931 -5.01446 -4.08623
    endloop
  endfacet
  facet normal -0.812053 -0.479754 -0.332275
    outer loop
      vertex 3.09291 -4.66805 -3.73982
      vertex 3.45442 -5.13168 -3.95391
      vertex 3.10802 -4.78527 -3.6075
    endloop
  endfacet
  facet normal -0.70843 -0.705777 -0.00263242
    outer loop
      vertex 3.52635 -5.20442 -3.80923
      vertex 3.10802 -4.78527 -3.6075
      vertex 3.45442 -5.13168 -3.95391
    endloop
  endfacet
  facet normal -0.708439 -0.705767 -0.00267188
    outer loop
      vertex 3.10802 -4.78527 -3.6075
      vertex 3.52635 -5.20442 -3.80923
      vertex 3.17995 -4.85802 -3.46283
    endloop
  endfacet
  facet normal -0.510287 -0.807145 0.296858
    outer loop
      vertex 3.17995 -4.85802 -3.46283
      vertex 3.65184 -5.22868 -3.65948
      vertex 3.30544 -4.88228 -3.31308
    endloop
  endfacet
  facet normal -0.510287 -0.807145 0.296858
    outer loop
      vertex 3.65184 -5.22868 -3.65948
      vertex 3.17995 -4.85802 -3.46283
      vertex 3.52635 -5.20442 -3.80923
    endloop
  endfacet
  facet normal -0.297938 -0.807323 0.509374
    outer loop
      vertex 3.30544 -4.88228 -3.31308
      vertex 3.66384 -5.22675 -3.64941
      vertex 3.46125 -4.85726 -3.18229
    endloop
  endfacet
  facet normal -0.297749 -0.807289 0.509539
    outer loop
      vertex 3.66384 -5.22675 -3.64941
      vertex 3.30544 -4.88228 -3.31308
      vertex 3.65184 -5.22868 -3.65948
    endloop
  endfacet
  facet normal -0.297973 -0.807321 0.509357
    outer loop
      vertex 3.80764 -5.20366 -3.52869
      vertex 3.46125 -4.85726 -3.18229
      vertex 3.66384 -5.22675 -3.64941
    endloop
  endfacet
  facet normal 0.0271617 -0.693143 0.720289
    outer loop
      vertex 3.60312 -4.78224 -3.11544
      vertex 3.80764 -5.20366 -3.52869
      vertex 3.81857 -5.19788 -3.52354
    endloop
  endfacet
  facet normal 0.0271325 -0.69315 0.720282
    outer loop
      vertex 3.80764 -5.20366 -3.52869
      vertex 3.60312 -4.78224 -3.11544
      vertex 3.46125 -4.85726 -3.18229
    endloop
  endfacet
  facet normal 0.0271288 -0.693152 0.720281
    outer loop
      vertex 3.94952 -5.12864 -3.46184
      vertex 3.60312 -4.78224 -3.11544
      vertex 3.81857 -5.19788 -3.52354
    endloop
  endfacet
  facet normal 0.386927 -0.429189 0.81614
    outer loop
      vertex 3.72628 -4.66324 -3.11126
      vertex 3.94952 -5.12864 -3.46184
      vertex 4.07269 -5.00965 -3.45766
    endloop
  endfacet
  facet normal 0.386969 -0.429164 0.816133
    outer loop
      vertex 3.94952 -5.12864 -3.46184
      vertex 3.72628 -4.66324 -3.11126
      vertex 3.60312 -4.78224 -3.11544
    endloop
  endfacet
  facet normal 0.635609 -0.12604 0.761653
    outer loop
      vertex 3.72628 -4.66324 -3.11126
      vertex 4.17234 -4.85279 -3.51487
      vertex 3.82593 -4.50637 -3.16846
    endloop
  endfacet
  facet normal 0.63562 -0.126008 0.761649
    outer loop
      vertex 4.17234 -4.85279 -3.51487
      vertex 3.72628 -4.66324 -3.11126
      vertex 4.07269 -5.00965 -3.45766
    endloop
  endfacet
  facet normal 0.77023 0.150468 0.619762
    outer loop
      vertex 3.82593 -4.50637 -3.16846
      vertex 4.22787 -4.68832 -3.62381
      vertex 3.88145 -4.3419 -3.27739
    endloop
  endfacet
  facet normal 0.77023 0.150461 0.619764
    outer loop
      vertex 4.22787 -4.68832 -3.62381
      vertex 3.82593 -4.50637 -3.16846
      vertex 4.17234 -4.85279 -3.51487
    endloop
  endfacet
  facet normal 0.809932 0.494449 0.315483
    outer loop
      vertex 4.22787 -4.68832 -3.62381
      vertex 3.86212 -4.22038 -3.41822
      vertex 3.88145 -4.3419 -3.27739
    endloop
  endfacet
  facet normal 0.80993 0.494437 0.315508
    outer loop
      vertex 3.86212 -4.22038 -3.41822
      vertex 4.22787 -4.68832 -3.62381
      vertex 4.20855 -4.5668 -3.76465
    endloop
  endfacet
  facet normal 0.677121 0.733696 -0.0565536
    outer loop
      vertex 4.20855 -4.5668 -3.76465
      vertex 3.7666 -4.14537 -3.58875
      vertex 3.86212 -4.22038 -3.41822
    endloop
  endfacet
  facet normal 0.677098 0.733709 -0.0566439
    outer loop
      vertex 3.7666 -4.14537 -3.58875
      vertex 4.20855 -4.5668 -3.76465
      vertex 4.2012 -4.56103 -3.77777
    endloop
  endfacet
  facet normal 0.677124 0.733693 -0.0565475
    outer loop
      vertex 4.11303 -4.49179 -3.93518
      vertex 3.7666 -4.14537 -3.58875
      vertex 4.2012 -4.56103 -3.77777
    endloop
  endfacet
  facet normal 0.487337 0.811017 -0.323657
    outer loop
      vertex 4.09972 -4.48987 -3.95041
      vertex 3.7666 -4.14537 -3.58875
      vertex 4.11303 -4.49179 -3.93518
    endloop
  endfacet
  facet normal 0.487482 0.810993 -0.3235
    outer loop
      vertex 3.7666 -4.14537 -3.58875
      vertex 4.09972 -4.48987 -3.95041
      vertex 3.59359 -4.12036 -3.78676
    endloop
  endfacet
  facet normal 0.487475 0.810991 -0.323515
    outer loop
      vertex 3.94002 -4.46679 -4.13319
      vertex 3.59359 -4.12036 -3.78676
      vertex 4.09972 -4.48987 -3.95041
    endloop
  endfacet
  facet normal 0.408261 0.816497 -0.408236
    outer loop
      vertex 3.94002 -4.46679 -4.13319
      vertex 3.43257 -4.12036 -3.94779
      vertex 3.59359 -4.12036 -3.78676
    endloop
  endfacet
  facet normal 0.408243 0.816489 -0.408269
    outer loop
      vertex 3.43257 -4.12036 -3.94779
      vertex 3.94002 -4.46679 -4.13319
      vertex 3.77899 -4.46679 -4.29421
    endloop
  endfacet
  facet normal 0.707107 4.93934e-16 0.707107
    outer loop
      vertex 3.43257 -4.12036 -3.94779
      vertex 4.00838 -4.00803 -4.5236
      vertex 3.66193 -3.66158 -4.17715
    endloop
  endfacet
  facet normal 0.707107 4.93965e-16 0.707107
    outer loop
      vertex 4.00838 -4.00803 -4.5236
      vertex 3.43257 -4.12036 -3.94779
      vertex 3.77899 -4.46679 -4.29421
    endloop
  endfacet
  facet normal -0.408248 -0.816497 0.408248
    outer loop
      vertex 3.66193 -3.66158 -4.17715
      vertex 4.17991 -4.00803 -4.35207
      vertex 3.83346 -3.66158 -4.00562
    endloop
  endfacet
  facet normal -0.408248 -0.816497 0.408248
    outer loop
      vertex 4.17991 -4.00803 -4.35207
      vertex 3.66193 -3.66158 -4.17715
      vertex 4.00838 -4.00803 -4.5236
    endloop
  endfacet
  facet normal -0.331141 -0.811914 0.480772
    outer loop
      vertex 4.17991 -4.00803 -4.35207
      vertex 4.05174 -3.63631 -3.8126
      vertex 3.83346 -3.66158 -4.00562
    endloop
  endfacet
  facet normal -0.331141 -0.811914 0.480772
    outer loop
      vertex 4.05174 -3.63631 -3.8126
      vertex 4.17991 -4.00803 -4.35207
      vertex 4.39819 -3.98276 -4.15905
    endloop
  endfacet
  facet normal -0.0862647 -0.746282 0.660017
    outer loop
      vertex 4.39819 -3.98276 -4.15905
      vertex 4.23753 -3.56051 -3.70261
      vertex 4.05174 -3.63631 -3.8126
    endloop
  endfacet
  facet normal -0.0862764 -0.746283 0.660014
    outer loop
      vertex 4.23753 -3.56051 -3.70261
      vertex 4.39819 -3.98276 -4.15905
      vertex 4.41248 -3.97693 -4.15059
    endloop
  endfacet
  facet normal -0.0862639 -0.746281 0.660017
    outer loop
      vertex 4.58398 -3.90696 -4.04906
      vertex 4.23753 -3.56051 -3.70261
      vertex 4.41248 -3.97693 -4.15059
    endloop
  endfacet
  facet normal 0.280584 -0.523737 0.804345
    outer loop
      vertex 4.23753 -3.56051 -3.70261
      vertex 4.59558 -3.89749 -4.04693
      vertex 4.3884 -3.43725 -3.67498
    endloop
  endfacet
  facet normal 0.280174 -0.524086 0.804261
    outer loop
      vertex 4.59558 -3.89749 -4.04693
      vertex 4.23753 -3.56051 -3.70261
      vertex 4.58398 -3.90696 -4.04906
    endloop
  endfacet
  facet normal 0.280654 -0.523704 0.804343
    outer loop
      vertex 4.73486 -3.7837 -4.02144
      vertex 4.3884 -3.43725 -3.67498
      vertex 4.59558 -3.89749 -4.04693
    endloop
  endfacet
  facet normal 0.61078 -0.163872 0.774657
    outer loop
      vertex 4.3884 -3.43725 -3.67498
      vertex 4.84848 -3.61598 -4.07554
      vertex 4.50202 -3.26951 -3.72908
    endloop
  endfacet
  facet normal 0.610775 -0.163888 0.774658
    outer loop
      vertex 4.84848 -3.61598 -4.07554
      vertex 4.3884 -3.43725 -3.67498
      vertex 4.73486 -3.7837 -4.02144
    endloop
  endfacet
  facet normal 0.761601 0.125902 0.635699
    outer loop
      vertex 4.50202 -3.26951 -3.72908
      vertex 4.91466 -3.43459 -4.19075
      vertex 4.56819 -3.08812 -3.84428
    endloop
  endfacet
  facet normal 0.7616 0.125896 0.6357
    outer loop
      vertex 4.91466 -3.43459 -4.19075
      vertex 4.50202 -3.26951 -3.72908
      vertex 4.84848 -3.61598 -4.07554
    endloop
  endfacet
  facet normal 0.814903 0.45165 0.363242
    outer loop
      vertex 4.56819 -3.08812 -3.84428
      vertex 4.91392 -3.42477 -4.20131
      vertex 4.55859 -2.96027 -3.98171
    endloop
  endfacet
  facet normal 0.814887 0.451826 0.36306
    outer loop
      vertex 4.91392 -3.42477 -4.20131
      vertex 4.56819 -3.08812 -3.84428
      vertex 4.91466 -3.43459 -4.19075
    endloop
  endfacet
  facet normal 0.814906 0.451663 0.363219
    outer loop
      vertex 4.90506 -3.30675 -4.32819
      vertex 4.55859 -2.96027 -3.98171
      vertex 4.91392 -3.42477 -4.20131
    endloop
  endfacet
  facet normal 0.700914 0.71314 -0.0122465
    outer loop
      vertex 4.90506 -3.30675 -4.32819
      vertex 4.47878 -2.8845 -4.13729
      vertex 4.55859 -2.96027 -3.98171
    endloop
  endfacet
  facet normal 0.700918 0.713137 -0.0122315
    outer loop
      vertex 4.47878 -2.8845 -4.13729
      vertex 4.90506 -3.30675 -4.32819
      vertex 4.89893 -3.30093 -4.34014
    endloop
  endfacet
  facet normal 0.700914 0.713141 -0.0122475
    outer loop
      vertex 4.82525 -3.23098 -4.48377
      vertex 4.47878 -2.8845 -4.13729
      vertex 4.89893 -3.30093 -4.34014
    endloop
  endfacet
  facet normal 0.501914 0.808682 -0.306783
    outer loop
      vertex 4.81416 -3.22904 -4.4968
      vertex 4.47878 -2.8845 -4.13729
      vertex 4.82525 -3.23098 -4.48377
    endloop
  endfacet
  facet normal 0.501875 0.80869 -0.306826
    outer loop
      vertex 4.47878 -2.8845 -4.13729
      vertex 4.81416 -3.22904 -4.4968
      vertex 4.33433 -2.85924 -4.30699
    endloop
  endfacet
  facet normal 0.501884 0.808691 -0.306808
    outer loop
      vertex 4.68081 -3.20572 -4.65347
      vertex 4.33433 -2.85924 -4.30699
      vertex 4.81416 -3.22904 -4.4968
    endloop
  endfacet
  facet normal 0.174963 0.778163 -0.6032
    outer loop
      vertex 4.34995 -3.30829 -4.88176
      vertex 4.33433 -2.85924 -4.30699
      vertex 4.68081 -3.20572 -4.65347
    endloop
  endfacet
  facet normal 0.174941 0.778166 -0.603203
    outer loop
      vertex 4.33433 -2.85924 -4.30699
      vertex 4.34995 -3.30829 -4.88176
      vertex 4.00347 -2.96182 -4.53528
    endloop
  endfacet
  facet normal -0.467394 0.346087 -0.813491
    outer loop
      vertex 3.72494 -3.26951 -4.50616
      vertex 4.34995 -3.30829 -4.88176
      vertex 4.0714 -3.61598 -4.85262
    endloop
  endfacet
  facet normal -0.467389 0.346106 -0.813485
    outer loop
      vertex 4.34995 -3.30829 -4.88176
      vertex 3.72494 -3.26951 -4.50616
      vertex 4.00347 -2.96182 -4.53528
    endloop
  endfacet
  facet normal 0.468295 0.813386 -0.345114
    outer loop
      vertex 4.0714 -3.61598 -4.85262
      vertex 3.24962 -3.21897 -5.03202
      vertex 3.72494 -3.26951 -4.50616
    endloop
  endfacet
  facet normal 0.468295 0.813393 -0.345098
    outer loop
      vertex 3.24962 -3.21897 -5.03202
      vertex 4.0714 -3.61598 -4.85262
      vertex 3.59608 -3.56543 -5.37848
    endloop
  endfacet
  facet normal 0.564373 -0.22881 0.793176
    outer loop
      vertex 3.24962 -3.21897 -5.03202
      vertex 3.61641 -3.53843 -5.38516
      vertex 3.51414 -2.86755 -5.11886
    endloop
  endfacet
  facet normal 0.564415 -0.228749 0.793164
    outer loop
      vertex 3.61641 -3.53843 -5.38516
      vertex 3.24962 -3.21897 -5.03202
      vertex 3.59608 -3.56543 -5.37848
    endloop
  endfacet
  facet normal 0.564367 -0.228813 0.79318
    outer loop
      vertex 3.86062 -3.21403 -5.46534
      vertex 3.51414 -2.86755 -5.11886
      vertex 3.61641 -3.53843 -5.38516
    endloop
  endfacet
  facet normal 0.282225 -0.52242 0.804628
    outer loop
      vertex 3.51414 -2.86755 -5.11886
      vertex 3.88481 -3.19422 -5.46097
      vertex 3.82907 -2.60961 -5.06185
    endloop
  endfacet
  facet normal 0.282362 -0.522297 0.80466
    outer loop
      vertex 3.88481 -3.19422 -5.46097
      vertex 3.51414 -2.86755 -5.11886
      vertex 3.86062 -3.21403 -5.46534
    endloop
  endfacet
  facet normal 0.282208 -0.522424 0.804632
    outer loop
      vertex 4.17556 -2.9561 -5.40834
      vertex 3.82907 -2.60961 -5.06185
      vertex 3.88481 -3.19422 -5.46097
    endloop
  endfacet
  facet normal -0.049972 -0.730767 0.680795
    outer loop
      vertex 4.17556 -2.9561 -5.40834
      vertex 4.18347 -2.45122 -4.86582
      vertex 3.82907 -2.60961 -5.06185
    endloop
  endfacet
  facet normal -0.049972 -0.730767 0.680795
    outer loop
      vertex 4.18347 -2.45122 -4.86582
      vertex 4.17556 -2.9561 -5.40834
      vertex 4.52997 -2.79772 -5.21232
    endloop
  endfacet
  facet normal -0.31502 -0.809869 0.494849
    outer loop
      vertex 4.52997 -2.79772 -5.21232
      vertex 4.56645 -2.39843 -4.53562
      vertex 4.18347 -2.45122 -4.86582
    endloop
  endfacet
  facet normal -0.31502 -0.809869 0.494849
    outer loop
      vertex 4.56645 -2.39843 -4.53562
      vertex 4.52997 -2.79772 -5.21232
      vertex 4.91295 -2.74493 -4.88212
    endloop
  endfacet
  facet normal -0.494123 -0.80998 0.315871
    outer loop
      vertex 4.56645 -2.39843 -4.53562
      vertex 5.25759 -2.7995 -4.48291
      vertex 4.9111 -2.453 -4.13641
    endloop
  endfacet
  facet normal -0.494124 -0.809984 0.315859
    outer loop
      vertex 5.25759 -2.7995 -4.48291
      vertex 4.56645 -2.39843 -4.53562
      vertex 4.91295 -2.74493 -4.88212
    endloop
  endfacet
  facet normal 0.577373 0.577373 -0.577305
    outer loop
      vertex 4.23027 3.82487 -3.44549
      vertex 3.50917 4.54597 -3.44549
      vertex 4.44145 4.03604 -3.02309
    endloop
  endfacet
  facet normal 0.577383 0.577369 -0.577299
    outer loop
      vertex 3.57934 3.47148 -4.44993
      vertex 3.10635 4.94475 -3.44954
      vertex 3.50917 4.54597 -3.44549
    endloop
  endfacet
  facet normal 0.577373 0.577373 -0.577304
    outer loop
      vertex 4.91052 3.56697 -3.02309
      vertex 4.44145 4.03604 -3.02309
      vertex 5.2005 3.85695 -2.44306
    endloop
  endfacet
  facet normal 0.577373 0.577373 -0.577304
    outer loop
      vertex 5.2005 3.85695 -2.44306
      vertex 4.44145 4.03604 -3.02309
      vertex 4.73143 4.32602 -2.44306
    endloop
  endfacet
  facet normal 0.577375 0.577362 -0.577314
    outer loop
      vertex 4.91052 3.56697 -3.02309
      vertex 4.69934 3.35579 -3.44549
      vertex 4.23027 3.82487 -3.44549
    endloop
  endfacet
  facet normal 0.577368 0.577368 -0.577314
    outer loop
      vertex 5.23957 3.23792 -3.02309
      vertex 4.69934 3.35579 -3.44549
      vertex 4.91052 3.56697 -3.02309
    endloop
  endfacet
  facet normal 0.577364 0.577382 -0.577305
    outer loop
      vertex 4.69934 3.35579 -3.44549
      vertex 5.23957 3.23792 -3.02309
      vertex 5.02839 3.02675 -3.44549
    endloop
  endfacet
  facet normal 0.577389 0.577375 -0.577287
    outer loop
      vertex 3.50917 4.54597 -3.44549
      vertex 3.10635 4.94475 -3.44954
      vertex 3.31954 5.15794 -3.02309
    endloop
  endfacet
  facet normal 0.577373 0.577373 -0.577305
    outer loop
      vertex 4.91052 3.56697 -3.02309
      vertex 4.23027 3.82487 -3.44549
      vertex 4.44145 4.03604 -3.02309
    endloop
  endfacet
  facet normal 0.577498 0.57734 -0.577213
    outer loop
      vertex 3.77686 2.43331 -5.29069
      vertex 3.58018 3.14329 -4.77733
      vertex 3.60557 3.17699 -4.71822
    endloop
  endfacet
  facet normal 0.577373 0.577379 -0.577299
    outer loop
      vertex 3.50917 4.54597 -3.44549
      vertex 3.31954 5.15794 -3.02309
      vertex 4.44145 4.03604 -3.02309
    endloop
  endfacet
  facet normal 0.577376 0.57737 -0.577304
    outer loop
      vertex 3.22728 2.98288 -5.29069
      vertex 3.10635 4.94475 -3.44954
      vertex 3.57934 3.47148 -4.44993
    endloop
  endfacet
  facet normal 0.577381 0.57737 -0.5773
    outer loop
      vertex 3.77686 2.43331 -5.29069
      vertex 3.76448 3.35908 -4.37719
      vertex 4.69934 3.35579 -3.44549
    endloop
  endfacet
  facet normal 0.577346 0.577397 -0.577307
    outer loop
      vertex 3.5855 3.27638 -4.6389
      vertex 3.22728 2.98288 -5.29069
      vertex 3.57934 3.47148 -4.44993
    endloop
  endfacet
  facet normal 0.577364 0.577375 -0.577311
    outer loop
      vertex 3.77686 2.43331 -5.29069
      vertex 3.22728 2.98288 -5.29069
      vertex 3.58018 3.14329 -4.77733
    endloop
  endfacet
  facet normal 0.577351 0.577393 -0.577308
    outer loop
      vertex 3.58018 3.14329 -4.77733
      vertex 3.22728 2.98288 -5.29069
      vertex 3.5855 3.27638 -4.6389
    endloop
  endfacet
  facet normal 0.577294 0.577402 -0.577354
    outer loop
      vertex 3.77686 2.43331 -5.29069
      vertex 3.60557 3.17699 -4.71822
      vertex 3.6524 3.23476 -4.61362
    endloop
  endfacet
  facet normal 0.577402 0.577362 -0.577287
    outer loop
      vertex 3.77686 2.43331 -5.29069
      vertex 3.6524 3.23476 -4.61362
      vertex 3.70918 3.30073 -4.49085
    endloop
  endfacet
  facet normal 0.577348 0.577386 -0.577317
    outer loop
      vertex 3.77686 2.43331 -5.29069
      vertex 3.70918 3.30073 -4.49085
      vertex 3.76448 3.35908 -4.37719
    endloop
  endfacet
  facet normal 0.577381 0.577369 -0.577301
    outer loop
      vertex 4.69934 3.35579 -3.44549
      vertex 3.76448 3.35908 -4.37719
      vertex 4.23027 3.82487 -3.44549
    endloop
  endfacet
  facet normal -0.408244 -0.408244 -0.816501
    outer loop
      vertex 4.91052 3.56697 -3.02309
      vertex 5.28228 3.88816 -3.36956
      vertex 5.23957 3.23792 -3.02309
    endloop
  endfacet
  facet normal -0.408168 -0.408329 -0.816497
    outer loop
      vertex 5.28228 3.88816 -3.36956
      vertex 4.91052 3.56697 -3.02309
      vertex 5.25699 3.91344 -3.36956
    endloop
  endfacet
  facet normal -0.408244 -0.408244 -0.816501
    outer loop
      vertex 5.58604 3.5844 -3.36956
      vertex 5.23957 3.23792 -3.02309
      vertex 5.28228 3.88816 -3.36956
    endloop
  endfacet
  facet normal -0.707106 0.707108 -1.79636e-05
    outer loop
      vertex 5.02839 3.02675 -3.44549
      vertex 5.58604 3.5844 -3.36956
      vertex 5.37485 3.3732 -3.79195
    endloop
  endfacet
  facet normal -0.707108 0.707106 1.7963e-05
    outer loop
      vertex 5.58604 3.5844 -3.36956
      vertex 5.02839 3.02675 -3.44549
      vertex 5.23957 3.23792 -3.02309
    endloop
  endfacet
  facet normal 0.408252 0.408252 0.816493
    outer loop
      vertex 5.0458 3.70225 -3.79195
      vertex 5.02839 3.02675 -3.44549
      vertex 5.37485 3.3732 -3.79195
    endloop
  endfacet
  facet normal 0.408242 0.408254 0.816497
    outer loop
      vertex 5.02839 3.02675 -3.44549
      vertex 5.0458 3.70225 -3.79195
      vertex 4.69934 3.35579 -3.44549
    endloop
  endfacet
  facet normal -0.707107 0.707107 4.09351e-16
    outer loop
      vertex 5.0458 3.70225 -3.79195
      vertex 3.77686 2.43331 -5.29069
      vertex 4.69934 3.35579 -3.44549
    endloop
  endfacet
  facet normal -0.707107 0.707107 0
    outer loop
      vertex 3.77686 2.43331 -5.29069
      vertex 5.0458 3.70225 -3.79195
      vertex 4.12324 2.77969 -5.63707
    endloop
  endfacet
  facet normal 0.408245 0.408252 0.816497
    outer loop
      vertex 3.57366 3.32926 -5.63707
      vertex 3.77686 2.43331 -5.29069
      vertex 4.12324 2.77969 -5.63707
    endloop
  endfacet
  facet normal 0.408245 0.408252 0.816497
    outer loop
      vertex 3.77686 2.43331 -5.29069
      vertex 3.57366 3.32926 -5.63707
      vertex 3.22728 2.98288 -5.29069
    endloop
  endfacet
  facet normal 0.815267 -0.368762 0.446492
    outer loop
      vertex 3.10635 4.94475 -3.44954
      vertex 3.57366 3.32926 -5.63707
      vertex 3.4528 5.2912 -3.796
    endloop
  endfacet
  facet normal 0.815262 -0.368768 0.446495
    outer loop
      vertex 3.57366 3.32926 -5.63707
      vertex 3.10635 4.94475 -3.44954
      vertex 3.22728 2.98288 -5.29069
    endloop
  endfacet
  facet normal 0.707107 -0.707107 3.09951e-16
    outer loop
      vertex 3.10635 4.94475 -3.44954
      vertex 3.66602 5.50442 -3.36956
      vertex 3.31954 5.15794 -3.02309
    endloop
  endfacet
  facet normal 0.707107 -0.707107 -4.87084e-16
    outer loop
      vertex 3.66602 5.50442 -3.36956
      vertex 3.10635 4.94475 -3.44954
      vertex 3.4528 5.2912 -3.796
    endloop
  endfacet
  facet normal -0.408244 -0.408244 -0.816501
    outer loop
      vertex 4.44145 4.03604 -3.02309
      vertex 3.66602 5.50442 -3.36956
      vertex 4.78792 4.38252 -3.36956
    endloop
  endfacet
  facet normal -0.408239 -0.408242 -0.816504
    outer loop
      vertex 3.66602 5.50442 -3.36956
      vertex 4.44145 4.03604 -3.02309
      vertex 3.31954 5.15794 -3.02309
    endloop
  endfacet
  facet normal 0.707114 -0.7071 -6.80196e-06
    outer loop
      vertex 4.44145 4.03604 -3.02309
      vertex 5.07792 4.67252 -2.78955
      vertex 4.73143 4.32602 -2.44306
    endloop
  endfacet
  facet normal 0.707114 -0.7071 -6.80282e-06
    outer loop
      vertex 5.07792 4.67252 -2.78955
      vertex 4.44145 4.03604 -3.02309
      vertex 4.78792 4.38252 -3.36956
    endloop
  endfacet
  facet normal -0.408236 -0.408245 -0.816504
    outer loop
      vertex 5.2005 3.85695 -2.44306
      vertex 5.07792 4.67252 -2.78955
      vertex 5.547 4.20345 -2.78955
    endloop
  endfacet
  facet normal -0.408244 -0.408244 -0.816501
    outer loop
      vertex 5.07792 4.67252 -2.78955
      vertex 5.2005 3.85695 -2.44306
      vertex 4.73143 4.32602 -2.44306
    endloop
  endfacet
  facet normal -0.707107 0.707107 2.91432e-16
    outer loop
      vertex 5.52473 4.18118 -2.83409
      vertex 5.2005 3.85695 -2.44306
      vertex 5.547 4.20345 -2.78955
    endloop
  endfacet
  facet normal -0.707107 0.707107 3.25525e-16
    outer loop
      vertex 5.2005 3.85695 -2.44306
      vertex 5.52473 4.18118 -2.83409
      vertex 4.91052 3.56697 -3.02309
    endloop
  endfacet
  facet normal -0.707107 0.707107 -3.87885e-16
    outer loop
      vertex 5.25699 3.91344 -3.36956
      vertex 4.91052 3.56697 -3.02309
      vertex 5.52473 4.18118 -2.83409
    endloop
  endfacet
  facet normal -0.815114 0.366301 -0.44879
    outer loop
      vertex 3.92575 3.8179 -4.79635
      vertex 3.50917 4.54597 -3.44549
      vertex 3.85562 4.89243 -3.79195
    endloop
  endfacet
  facet normal -0.815114 0.366301 -0.44879
    outer loop
      vertex 3.50917 4.54597 -3.44549
      vertex 3.92575 3.8179 -4.79635
      vertex 3.57934 3.47148 -4.44993
    endloop
  endfacet
  facet normal -0.816174 0.388358 -0.427828
    outer loop
      vertex 3.5855 3.27638 -4.6389
      vertex 3.93143 3.63781 -4.97075
      vertex 3.93191 3.62279 -4.9853
    endloop
  endfacet
  facet normal -0.816182 0.388488 -0.427696
    outer loop
      vertex 3.93143 3.63781 -4.97075
      vertex 3.5855 3.27638 -4.6389
      vertex 3.57934 3.47148 -4.44993
    endloop
  endfacet
  facet normal -0.81619 0.388455 -0.427711
    outer loop
      vertex 3.93143 3.63781 -4.97075
      vertex 3.57934 3.47148 -4.44993
      vertex 3.92575 3.8179 -4.79635
    endloop
  endfacet
  facet normal -0.816026 0.432014 -0.384012
    outer loop
      vertex 3.58018 3.14329 -4.77733
      vertex 3.92699 3.49994 -5.11307
      vertex 3.92658 3.48969 -5.12373
    endloop
  endfacet
  facet normal -0.816026 0.432026 -0.383999
    outer loop
      vertex 3.92699 3.49994 -5.11307
      vertex 3.58018 3.14329 -4.77733
      vertex 3.5855 3.27638 -4.6389
    endloop
  endfacet
  facet normal -0.816021 0.432046 -0.383987
    outer loop
      vertex 3.92699 3.49994 -5.11307
      vertex 3.5855 3.27638 -4.6389
      vertex 3.93191 3.62279 -4.9853
    endloop
  endfacet
  facet normal 0.73782 -0.671757 0.0660627
    outer loop
      vertex 3.58018 3.14329 -4.77733
      vertex 3.95198 3.5234 -5.06463
      vertex 3.60557 3.17699 -4.71822
    endloop
  endfacet
  facet normal 0.73782 -0.671757 0.0660627
    outer loop
      vertex 3.95198 3.5234 -5.06463
      vertex 3.58018 3.14329 -4.77733
      vertex 3.92658 3.48969 -5.12373
    endloop
  endfacet
  facet normal 0.730428 -0.681214 0.049214
    outer loop
      vertex 3.60557 3.17699 -4.71822
      vertex 3.99881 3.58117 -4.96003
      vertex 3.6524 3.23476 -4.61362
    endloop
  endfacet
  facet normal 0.730428 -0.681214 0.049214
    outer loop
      vertex 3.99881 3.58117 -4.96003
      vertex 3.60557 3.17699 -4.71822
      vertex 3.95198 3.5234 -5.06463
    endloop
  endfacet
  facet normal 0.724082 -0.688813 0.0352496
    outer loop
      vertex 3.6524 3.23476 -4.61362
      vertex 4.05559 3.64715 -4.83726
      vertex 3.70918 3.30073 -4.49085
    endloop
  endfacet
  facet normal 0.724093 -0.688799 0.0352935
    outer loop
      vertex 4.05559 3.64715 -4.83726
      vertex 3.6524 3.23476 -4.61362
      vertex 3.99881 3.58117 -4.96003
    endloop
  endfacet
  facet normal 0.713346 -0.700698 0.0126488
    outer loop
      vertex 3.70918 3.30073 -4.49085
      vertex 4.1109 3.7055 -4.7236
      vertex 3.76448 3.35908 -4.37719
    endloop
  endfacet
  facet normal 0.713333 -0.700712 0.0126001
    outer loop
      vertex 4.1109 3.7055 -4.7236
      vertex 3.70918 3.30073 -4.49085
      vertex 4.05559 3.64715 -4.83726
    endloop
  endfacet
  facet normal 0.7071 -0.707114 6.80264e-06
    outer loop
      vertex 3.76448 3.35908 -4.37719
      vertex 4.57673 4.17132 -3.79195
      vertex 4.23027 3.82487 -3.44549
    endloop
  endfacet
  facet normal 0.707104 -0.707109 -5.05994e-06
    outer loop
      vertex 4.57673 4.17132 -3.79195
      vertex 3.76448 3.35908 -4.37719
      vertex 4.1109 3.7055 -4.7236
    endloop
  endfacet
  facet normal 0.408252 0.408252 0.816493
    outer loop
      vertex 3.85562 4.89243 -3.79195
      vertex 4.23027 3.82487 -3.44549
      vertex 4.57673 4.17132 -3.79195
    endloop
  endfacet
  facet normal 0.408252 0.408252 0.816493
    outer loop
      vertex 4.23027 3.82487 -3.44549
      vertex 3.85562 4.89243 -3.79195
      vertex 3.50917 4.54597 -3.44549
    endloop
  endfacet
  facet normal -0.577363 0.577303 -0.577385
    outer loop
      vertex -3.70019 4.23443 -3.5661
      vertex -4.20107 3.67891 -3.62068
      vertex -4.17716 3.96615 -3.35739
    endloop
  endfacet
  facet normal -0.577374 0.577311 -0.577365
    outer loop
      vertex -3.69886 3.80826 -3.99356
      vertex -4.20107 3.67891 -3.62068
      vertex -3.70019 4.23443 -3.5661
    endloop
  endfacet
  facet normal -0.577382 0.577297 -0.577371
    outer loop
      vertex -3.7353 3.4667 -4.29864
      vertex -4.32297 3.08674 -4.09087
      vertex -4.2484 3.38687 -3.86535
    endloop
  endfacet
  facet normal -0.57738 0.577305 -0.577366
    outer loop
      vertex -4.17281 4.25186 -3.07606
      vertex -4.18055 4.54139 -2.77882
      vertex -3.74421 4.82382 -2.93277
    endloop
  endfacet
  facet normal -0.577364 0.577313 -0.577374
    outer loop
      vertex -3.70019 4.23443 -3.5661
      vertex -4.17716 3.96615 -3.35739
      vertex -4.17281 4.25186 -3.07606
    endloop
  endfacet
  facet normal -0.577371 0.577309 -0.577371
    outer loop
      vertex -3.74421 4.82382 -2.93277
      vertex -2.28566 5.29069 -3.9245
      vertex -2.51907 4.82382 -4.15791
    endloop
  endfacet
  facet normal -0.577372 0.577303 -0.577376
    outer loop
      vertex -2.28566 5.29069 -3.9245
      vertex -3.74421 4.82382 -2.93277
      vertex -3.96762 5.29069 -2.24255
    endloop
  endfacet
  facet normal -0.577377 0.577299 -0.577375
    outer loop
      vertex -3.74421 4.82382 -2.93277
      vertex -4.19293 4.84001 -2.46786
      vertex -3.96762 5.29069 -2.24255
    endloop
  endfacet
  facet normal -0.57737 0.577302 -0.577379
    outer loop
      vertex -3.70019 4.23443 -3.5661
      vertex -4.17281 4.25186 -3.07606
      vertex -3.74421 4.82382 -2.93277
    endloop
  endfacet
  facet normal -0.577381 0.577292 -0.577377
    outer loop
      vertex -3.80455 3.13122 -4.56482
      vertex -4.32297 3.08674 -4.09087
      vertex -3.7353 3.4667 -4.29864
    endloop
  endfacet
  facet normal -0.577378 0.577298 -0.577375
    outer loop
      vertex -4.18055 4.54139 -2.77882
      vertex -4.19293 4.84001 -2.46786
      vertex -3.74421 4.82382 -2.93277
    endloop
  endfacet
  facet normal -0.57738 0.577302 -0.577368
    outer loop
      vertex -3.7353 3.4667 -4.29864
      vertex -4.2484 3.38687 -3.86535
      vertex -3.69886 3.80826 -3.99356
    endloop
  endfacet
  facet normal -0.577378 0.577297 -0.577376
    outer loop
      vertex -3.69886 3.80826 -3.99356
      vertex -4.2484 3.38687 -3.86535
      vertex -4.20107 3.67891 -3.62068
    endloop
  endfacet
  facet normal -0.577372 0.577313 -0.577366
    outer loop
      vertex -3.80455 3.13122 -4.56482
      vertex -4.43155 2.77375 -4.29525
      vertex -4.32297 3.08674 -4.09087
    endloop
  endfacet
  facet normal -0.577372 0.577305 -0.577374
    outer loop
      vertex -3.91329 2.79295 -4.79431
      vertex -4.43155 2.77375 -4.29525
      vertex -3.80455 3.13122 -4.56482
    endloop
  endfacet
  facet normal -0.577372 0.577304 -0.577375
    outer loop
      vertex -3.91329 2.79295 -4.79431
      vertex -4.5809 2.44306 -4.47655
      vertex -4.43155 2.77375 -4.29525
    endloop
  endfacet
  facet normal -0.577372 0.577306 -0.577372
    outer loop
      vertex -4.06809 2.44306 -4.98936
      vertex -4.5809 2.44306 -4.47655
      vertex -3.91329 2.79295 -4.79431
    endloop
  endfacet
  facet normal 0.767365 0.142127 -0.625261
    outer loop
      vertex -4.32297 3.08674 -4.09087
      vertex -4.77803 3.12023 -4.64174
      vertex -4.66945 3.43321 -4.43734
    endloop
  endfacet
  facet normal 0.767368 0.142084 -0.625266
    outer loop
      vertex -4.77803 3.12023 -4.64174
      vertex -4.32297 3.08674 -4.09087
      vertex -4.43155 2.77375 -4.29525
    endloop
  endfacet
  facet normal 0.792899 0.22768 -0.565219
    outer loop
      vertex -4.2484 3.38687 -3.86535
      vertex -4.66945 3.43321 -4.43734
      vertex -4.59486 3.73333 -4.21181
    endloop
  endfacet
  facet normal 0.792896 0.227704 -0.565214
    outer loop
      vertex -4.66945 3.43321 -4.43734
      vertex -4.2484 3.38687 -3.86535
      vertex -4.32297 3.08674 -4.09087
    endloop
  endfacet
  facet normal 0.807129 0.296778 -0.510359
    outer loop
      vertex -4.20107 3.67891 -3.62068
      vertex -4.59486 3.73333 -4.21181
      vertex -4.54752 4.02535 -3.96713
    endloop
  endfacet
  facet normal 0.80713 0.296769 -0.510361
    outer loop
      vertex -4.59486 3.73333 -4.21181
      vertex -4.20107 3.67891 -3.62068
      vertex -4.2484 3.38687 -3.86535
    endloop
  endfacet
  facet normal 0.814197 0.354006 -0.460178
    outer loop
      vertex -4.17716 3.96615 -3.35739
      vertex -4.54752 4.02535 -3.96713
      vertex -4.52359 4.31258 -3.70383
    endloop
  endfacet
  facet normal 0.81419 0.354029 -0.460172
    outer loop
      vertex -4.54752 4.02535 -3.96713
      vertex -4.17716 3.96615 -3.35739
      vertex -4.20107 3.67891 -3.62068
    endloop
  endfacet
  facet normal 0.816428 0.398792 -0.417624
    outer loop
      vertex -4.17281 4.25186 -3.07606
      vertex -4.52359 4.31258 -3.70383
      vertex -4.51923 4.59829 -3.42248
    endloop
  endfacet
  facet normal 0.816428 0.398792 -0.417624
    outer loop
      vertex -4.52359 4.31258 -3.70383
      vertex -4.17281 4.25186 -3.07606
      vertex -4.17716 3.96615 -3.35739
    endloop
  endfacet
  facet normal 0.816288 0.424268 -0.392008
    outer loop
      vertex -4.17281 4.25186 -3.07606
      vertex -4.52696 4.88781 -3.12523
      vertex -4.18055 4.54139 -2.77882
    endloop
  endfacet
  facet normal 0.816288 0.424268 -0.392008
    outer loop
      vertex -4.52696 4.88781 -3.12523
      vertex -4.17281 4.25186 -3.07606
      vertex -4.51923 4.59829 -3.42248
    endloop
  endfacet
  facet normal 0.815993 0.432828 -0.383165
    outer loop
      vertex -4.18055 4.54139 -2.77882
      vertex -4.53933 5.18641 -2.81426
      vertex -4.19293 4.84001 -2.46786
    endloop
  endfacet
  facet normal 0.815997 0.432831 -0.383154
    outer loop
      vertex -4.53933 5.18641 -2.81426
      vertex -4.18055 4.54139 -2.77882
      vertex -4.52696 4.88781 -3.12523
    endloop
  endfacet
  facet normal 0.707107 5.02885e-16 -0.707107
    outer loop
      vertex -4.53933 5.18641 -2.81426
      vertex -3.96762 5.29069 -2.24255
      vertex -4.19293 4.84001 -2.46786
    endloop
  endfacet
  facet normal 0.707107 5.02914e-16 -0.707107
    outer loop
      vertex -3.96762 5.29069 -2.24255
      vertex -4.53933 5.18641 -2.81426
      vertex -4.314 5.63707 -2.58893
    endloop
  endfacet
  facet normal -0.408247 -0.816497 -0.40825
    outer loop
      vertex -4.314 5.63707 -2.58893
      vertex -2.28566 5.29069 -3.9245
      vertex -3.96762 5.29069 -2.24255
    endloop
  endfacet
  facet normal -0.408244 -0.816501 -0.408244
    outer loop
      vertex -2.28566 5.29069 -3.9245
      vertex -4.314 5.63707 -2.58893
      vertex -2.63205 5.63707 -4.27088
    endloop
  endfacet
  facet normal -0.7071 -6.80467e-06 0.707114
    outer loop
      vertex -2.65004 5.60109 -4.28887
      vertex -2.28566 5.29069 -3.9245
      vertex -2.63205 5.63707 -4.27088
    endloop
  endfacet
  facet normal -0.7071 -6.80415e-06 0.707114
    outer loop
      vertex -2.28566 5.29069 -3.9245
      vertex -2.65004 5.60109 -4.28887
      vertex -2.51907 4.82382 -4.15791
    endloop
  endfacet
  facet normal -0.707112 -1.09408e-05 0.707101
    outer loop
      vertex -2.65004 5.60109 -4.28887
      vertex -2.86547 5.17022 -4.50431
      vertex -2.51907 4.82382 -4.15791
    endloop
  endfacet
  facet normal 0.408248 0.816497 0.408248
    outer loop
      vertex -2.51907 4.82382 -4.15791
      vertex -4.09061 5.17022 -3.27917
      vertex -3.74421 4.82382 -2.93277
    endloop
  endfacet
  facet normal 0.408248 0.816497 0.408248
    outer loop
      vertex -4.09061 5.17022 -3.27917
      vertex -2.51907 4.82382 -4.15791
      vertex -2.86547 5.17022 -4.50431
    endloop
  endfacet
  facet normal -0.814911 -0.451498 0.363413
    outer loop
      vertex -4.08722 5.12483 -3.32796
      vertex -3.74421 4.82382 -2.93277
      vertex -4.09061 5.17022 -3.27917
    endloop
  endfacet
  facet normal -0.814921 -0.451433 0.363471
    outer loop
      vertex -3.74421 4.82382 -2.93277
      vertex -4.08722 5.12483 -3.32796
      vertex -3.70019 4.23443 -3.5661
    endloop
  endfacet
  facet normal -0.814913 -0.451434 0.363489
    outer loop
      vertex -3.70019 4.23443 -3.5661
      vertex -4.08722 5.12483 -3.32796
      vertex -4.04662 4.58086 -3.91252
    endloop
  endfacet
  facet normal -0.81649 -0.410145 0.406357
    outer loop
      vertex -4.0453 4.1547 -4.34
      vertex -3.70019 4.23443 -3.5661
      vertex -4.04662 4.58086 -3.91252
    endloop
  endfacet
  facet normal -0.816494 -0.410136 0.406358
    outer loop
      vertex -3.70019 4.23443 -3.5661
      vertex -4.0453 4.1547 -4.34
      vertex -3.69886 3.80826 -3.99356
    endloop
  endfacet
  facet normal -0.812632 -0.3376 0.475032
    outer loop
      vertex -4.08175 3.81315 -4.64509
      vertex -3.69886 3.80826 -3.99356
      vertex -4.0453 4.1547 -4.34
    endloop
  endfacet
  facet normal -0.812632 -0.3376 0.475032
    outer loop
      vertex -3.69886 3.80826 -3.99356
      vertex -4.08175 3.81315 -4.64509
      vertex -3.7353 3.4667 -4.29864
    endloop
  endfacet
  facet normal -0.800732 -0.262089 0.538644
    outer loop
      vertex -4.15102 3.47769 -4.91129
      vertex -3.7353 3.4667 -4.29864
      vertex -4.08175 3.81315 -4.64509
    endloop
  endfacet
  facet normal -0.800732 -0.262089 0.538644
    outer loop
      vertex -3.7353 3.4667 -4.29864
      vertex -4.15102 3.47769 -4.91129
      vertex -3.80455 3.13122 -4.56482
    endloop
  endfacet
  facet normal -0.774963 -0.164828 0.610135
    outer loop
      vertex -4.25977 3.13943 -5.1408
      vertex -3.80455 3.13122 -4.56482
      vertex -4.15102 3.47769 -4.91129
    endloop
  endfacet
  facet normal -0.774965 -0.164811 0.610137
    outer loop
      vertex -3.80455 3.13122 -4.56482
      vertex -4.25977 3.13943 -5.1408
      vertex -3.91329 2.79295 -4.79431
    endloop
  endfacet
  facet normal -0.732608 -0.054091 0.678498
    outer loop
      vertex -4.41459 2.78955 -5.33586
      vertex -3.91329 2.79295 -4.79431
      vertex -4.25977 3.13943 -5.1408
    endloop
  endfacet
  facet normal -0.732607 -0.0541119 0.678497
    outer loop
      vertex -3.91329 2.79295 -4.79431
      vertex -4.41459 2.78955 -5.33586
      vertex -4.06809 2.44306 -4.98936
    endloop
  endfacet
  facet normal 0.408244 0.816501 0.408244
    outer loop
      vertex -4.06809 2.44306 -4.98936
      vertex -4.9274 2.78955 -4.82304
      vertex -4.5809 2.44306 -4.47655
    endloop
  endfacet
  facet normal 0.408244 0.816504 0.408236
    outer loop
      vertex -4.9274 2.78955 -4.82304
      vertex -4.06809 2.44306 -4.98936
      vertex -4.41459 2.78955 -5.33586
    endloop
  endfacet
  facet normal 0.728741 0.0454415 -0.68328
    outer loop
      vertex -4.43155 2.77375 -4.29525
      vertex -4.9274 2.78955 -4.82304
      vertex -4.77803 3.12023 -4.64174
    endloop
  endfacet
  facet normal 0.72874 0.0454834 -0.683278
    outer loop
      vertex -4.9274 2.78955 -4.82304
      vertex -4.43155 2.77375 -4.29525
      vertex -4.5809 2.44306 -4.47655
    endloop
  endfacet
  facet normal -0.577391 -0.57738 -0.577279
    outer loop
      vertex -4.50531 -3.70434 -3.29095
      vertex -4.87449 -3.12273 -3.50341
      vertex -4.66931 -3.12104 -3.71032
    endloop
  endfacet
  facet normal -0.577392 -0.577374 -0.577284
    outer loop
      vertex -4.24157 -3.63313 -3.62595
      vertex -4.4347 -3.20889 -3.85709
      vertex -4.18301 -3.38204 -3.93565
    endloop
  endfacet
  facet normal -0.577358 -0.577374 -0.577319
    outer loop
      vertex -4.50531 -3.70434 -3.29095
      vertex -5.03785 -3.21826 -3.2445
      vertex -4.87449 -3.12273 -3.50341
    endloop
  endfacet
  facet normal -0.577361 -0.577376 -0.577313
    outer loop
      vertex -4.24157 -3.63313 -3.62595
      vertex -4.66931 -3.12104 -3.71032
      vertex -4.4347 -3.20889 -3.85709
    endloop
  endfacet
  facet normal -0.577373 -0.577387 -0.577291
    outer loop
      vertex -3.89694 -3.86611 -3.73761
      vertex -4.24157 -3.63313 -3.62595
      vertex -4.18301 -3.38204 -3.93565
    endloop
  endfacet
  facet normal -0.57738 -0.577375 -0.577296
    outer loop
      vertex -4.59417 -3.83828 -3.06814
      vertex -5.15823 -3.4533 -2.88903
      vertex -5.03785 -3.21826 -3.2445
    endloop
  endfacet
  facet normal -0.577379 -0.577369 -0.577303
    outer loop
      vertex -5.11926 -3.75827 -2.623
      vertex -5.15823 -3.4533 -2.88903
      vertex -4.59417 -3.83828 -3.06814
    endloop
  endfacet
  facet normal -0.577384 -0.577374 -0.577293
    outer loop
      vertex -2.98691 -4.34576 -4.16805
      vertex -3.17879 -3.77799 -4.54399
      vertex -2.7993 -4.34189 -4.35956
    endloop
  endfacet
  facet normal -0.577368 -0.57738 -0.577302
    outer loop
      vertex -3.30231 -3.26444 -4.93406
      vertex -3.45625 -3.134 -4.91056
      vertex -3.10327 -3.0654 -5.33219
    endloop
  endfacet
  facet normal -0.577369 -0.577376 -0.577306
    outer loop
      vertex -3.82111 -3.13567 -4.54399
      vertex -4.31178 -2.6147 -4.5743
      vertex -3.71345 -3.06828 -4.71906
    endloop
  endfacet
  facet normal -0.577349 -0.577388 -0.577313
    outer loop
      vertex -3.45625 -3.134 -4.91056
      vertex -3.59257 -3.06818 -4.84006
      vertex -3.4821 -2.73583 -5.28293
    endloop
  endfacet
  facet normal -0.577371 -0.577377 -0.577302
    outer loop
      vertex -2.78089 -3.43829 -5.28167
      vertex -3.30231 -3.26444 -4.93406
      vertex -3.10327 -3.0654 -5.33219
    endloop
  endfacet
  facet normal -0.577366 -0.57737 -0.577315
    outer loop
      vertex -2.7993 -4.34189 -4.35956
      vertex -3.17879 -3.77799 -4.54399
      vertex -2.65929 -4.26313 -4.57835
    endloop
  endfacet
  facet normal -0.577382 -0.577363 -0.577306
    outer loop
      vertex -3.42313 -4.13787 -3.9397
      vertex -3.7049 -3.66006 -4.13575
      vertex -3.41236 -3.85056 -4.23781
    endloop
  endfacet
  facet normal -0.577362 -0.577368 -0.57732
    outer loop
      vertex -3.20168 -4.27698 -4.02205
      vertex -3.41236 -3.85056 -4.23781
      vertex -2.98691 -4.34576 -4.16805
    endloop
  endfacet
  facet normal -0.577373 -0.577368 -0.57731
    outer loop
      vertex -3.20168 -4.27698 -4.02205
      vertex -3.42313 -4.13787 -3.9397
      vertex -3.41236 -3.85056 -4.23781
    endloop
  endfacet
  facet normal -0.577372 -0.577377 -0.577302
    outer loop
      vertex -2.65929 -4.26313 -4.57835
      vertex -3.17879 -3.77799 -4.54399
      vertex -2.55654 -4.05318 -4.89109
    endloop
  endfacet
  facet normal -0.577375 -0.577378 -0.577297
    outer loop
      vertex -3.68159 -4.34163 -3.47741
      vertex -3.68163 -4.19862 -3.6204
      vertex -3.26111 -4.38803 -3.85154
    endloop
  endfacet
  facet normal -0.577379 -0.577383 -0.577289
    outer loop
      vertex -3.2704 -4.98977 -3.24043
      vertex -3.755 -4.46273 -3.28288
      vertex -3.17886 -4.82998 -3.4918
    endloop
  endfacet
  facet normal -0.577365 -0.577372 -0.577314
    outer loop
      vertex -3.2704 -4.98977 -3.24043
      vertex -3.887 -4.54747 -3.06612
      vertex -3.755 -4.46273 -3.28288
    endloop
  endfacet
  facet normal -0.57737 -0.577385 -0.577296
    outer loop
      vertex -3.11216 -3.55209 -4.83654
      vertex -3.30231 -3.26444 -4.93406
      vertex -2.78089 -3.43829 -5.28167
    endloop
  endfacet
  facet normal -0.577375 -0.577326 -0.57735
    outer loop
      vertex -3.83371 -3.50752 -4.15949
      vertex -4.18301 -3.38204 -3.93565
      vertex -4.17896 -3.37799 -3.94375
    endloop
  endfacet
  facet normal -0.577369 -0.577375 -0.577307
    outer loop
      vertex -4.57533 -4.52347 -2.40171
      vertex -4.92396 -4.11952 -2.45704
      vertex -4.52998 -4.1399 -2.83068
    endloop
  endfacet
  facet normal -0.577369 -0.577379 -0.577303
    outer loop
      vertex -3.81149 -5.06705 -2.62199
      vertex -3.887 -4.54747 -3.06612
      vertex -3.5052 -5.10861 -2.88675
    endloop
  endfacet
  facet normal -0.577385 -0.577376 -0.577291
    outer loop
      vertex -3.81149 -5.06705 -2.62199
      vertex -4.17346 -4.87027 -2.45677
      vertex -4.03238 -4.55112 -2.91707
    endloop
  endfacet
  facet normal -0.577372 -0.577385 -0.577293
    outer loop
      vertex -4.17346 -4.87027 -2.45677
      vertex -4.19503 -4.47485 -2.83068
      vertex -4.03238 -4.55112 -2.91707
    endloop
  endfacet
  facet normal -0.577363 -0.57739 -0.577298
    outer loop
      vertex -4.17346 -4.87027 -2.45677
      vertex -4.57533 -4.52347 -2.40171
      vertex -4.19503 -4.47485 -2.83068
    endloop
  endfacet
  facet normal -0.577382 -0.577357 -0.577312
    outer loop
      vertex -4.19503 -4.47485 -2.83068
      vertex -4.57533 -4.52347 -2.40171
      vertex -4.37877 -4.3199 -2.80188
    endloop
  endfacet
  facet normal -0.577111 -0.578542 -0.576396
    outer loop
      vertex -3.42716 -4.1419 -3.93162
      vertex -3.75386 -4.03849 -3.70831
      vertex -3.42313 -4.13787 -3.9397
    endloop
  endfacet
  facet normal -0.577378 -0.577367 -0.577306
    outer loop
      vertex -3.89492 -3.2493 -4.35653
      vertex -4.39423 -2.94044 -4.16605
      vertex -4.39049 -2.75422 -4.35603
    endloop
  endfacet
  facet normal -0.577375 -0.577376 -0.5773
    outer loop
      vertex -2.98691 -4.34576 -4.16805
      vertex -3.41236 -3.85056 -4.23781
      vertex -3.17879 -3.77799 -4.54399
    endloop
  endfacet
  facet normal -0.577369 -0.57741 -0.577271
    outer loop
      vertex -3.89807 -3.37193 -4.23072
      vertex -4.32355 -3.15459 -4.02256
      vertex -3.89492 -3.2493 -4.35653
    endloop
  endfacet
  facet normal -0.577378 -0.577362 -0.577311
    outer loop
      vertex -2.55654 -4.05318 -4.89109
      vertex -3.11216 -3.55209 -4.83654
      vertex -2.59786 -3.7729 -5.13007
    endloop
  endfacet
  facet normal -0.577374 -0.577356 -0.577321
    outer loop
      vertex -2.55654 -4.05318 -4.89109
      vertex -3.17879 -3.77799 -4.54399
      vertex -3.11216 -3.55209 -4.83654
    endloop
  endfacet
  facet normal -0.577377 -0.577376 -0.577299
    outer loop
      vertex -2.59786 -3.7729 -5.13007
      vertex -3.11216 -3.55209 -4.83654
      vertex -2.78089 -3.43829 -5.28167
    endloop
  endfacet
  facet normal -0.577369 -0.577379 -0.577302
    outer loop
      vertex -3.45625 -3.134 -4.91056
      vertex -3.4821 -2.73583 -5.28293
      vertex -3.10327 -3.0654 -5.33219
    endloop
  endfacet
  facet normal -0.577389 -0.577368 -0.577294
    outer loop
      vertex -3.71345 -3.06828 -4.71906
      vertex -3.81699 -2.54871 -5.13514
      vertex -3.59257 -3.06818 -4.84006
    endloop
  endfacet
  facet normal -0.577376 -0.577369 -0.577306
    outer loop
      vertex -3.59257 -3.06818 -4.84006
      vertex -3.81699 -2.54871 -5.13514
      vertex -3.4821 -2.73583 -5.28293
    endloop
  endfacet
  facet normal -0.577363 -0.577362 -0.577326
    outer loop
      vertex -3.71345 -3.06828 -4.71906
      vertex -4.31178 -2.6147 -4.5743
      vertex -4.09714 -2.50727 -4.89639
    endloop
  endfacet
  facet normal -0.577388 -0.577369 -0.577294
    outer loop
      vertex -3.71345 -3.06828 -4.71906
      vertex -4.09714 -2.50727 -4.89639
      vertex -3.81699 -2.54871 -5.13514
    endloop
  endfacet
  facet normal -0.577377 -0.577365 -0.577308
    outer loop
      vertex -3.89492 -3.2493 -4.35653
      vertex -4.39049 -2.75422 -4.35603
      vertex -3.82111 -3.13567 -4.54399
    endloop
  endfacet
  facet normal -0.577383 -0.577388 -0.57728
    outer loop
      vertex -3.82111 -3.13567 -4.54399
      vertex -4.39049 -2.75422 -4.35603
      vertex -4.31178 -2.6147 -4.5743
    endloop
  endfacet
  facet normal -0.57738 -0.577377 -0.577294
    outer loop
      vertex -4.32355 -3.15459 -4.02256
      vertex -4.39423 -2.94044 -4.16605
      vertex -3.89492 -3.2493 -4.35653
    endloop
  endfacet
  facet normal -0.577369 -0.577354 -0.577328
    outer loop
      vertex -4.17896 -3.37799 -3.94375
      vertex -4.32355 -3.15459 -4.02256
      vertex -3.89807 -3.37193 -4.23072
    endloop
  endfacet
  facet normal -0.577371 -0.57735 -0.57733
    outer loop
      vertex -3.83371 -3.50752 -4.15949
      vertex -4.17896 -3.37799 -3.94375
      vertex -3.89807 -3.37193 -4.23072
    endloop
  endfacet
  facet normal -0.57736 -0.577389 -0.577302
    outer loop
      vertex -3.7049 -3.66006 -4.13575
      vertex -3.89694 -3.86611 -3.73761
      vertex -3.83371 -3.50752 -4.15949
    endloop
  endfacet
  facet normal -0.577375 -0.577365 -0.57731
    outer loop
      vertex -3.17886 -4.82998 -3.4918
      vertex -3.68159 -4.34163 -3.47741
      vertex -3.17705 -4.6234 -3.70021
    endloop
  endfacet
  facet normal -0.577376 -0.577376 -0.577298
    outer loop
      vertex -3.81149 -5.06705 -2.62199
      vertex -4.03238 -4.55112 -2.91707
      vertex -3.887 -4.54747 -3.06612
    endloop
  endfacet
  facet normal -0.577367 -0.577378 -0.577306
    outer loop
      vertex -3.5052 -5.10861 -2.88675
      vertex -3.887 -4.54747 -3.06612
      vertex -3.2704 -4.98977 -3.24043
    endloop
  endfacet
  facet normal -0.577375 -0.577366 -0.57731
    outer loop
      vertex -3.17886 -4.82998 -3.4918
      vertex -3.755 -4.46273 -3.28288
      vertex -3.68159 -4.34163 -3.47741
    endloop
  endfacet
  facet normal -0.577376 -0.577376 -0.577299
    outer loop
      vertex -3.17705 -4.6234 -3.70021
      vertex -3.68159 -4.34163 -3.47741
      vertex -3.26111 -4.38803 -3.85154
    endloop
  endfacet
  facet normal -0.577376 -0.577357 -0.577317
    outer loop
      vertex -3.26111 -4.38803 -3.85154
      vertex -3.68163 -4.19862 -3.6204
      vertex -3.42716 -4.1419 -3.93162
    endloop
  endfacet
  facet normal -0.577366 -0.577373 -0.577312
    outer loop
      vertex -3.68163 -4.19862 -3.6204
      vertex -3.75386 -4.03849 -3.70831
      vertex -3.42716 -4.1419 -3.93162
    endloop
  endfacet
  facet normal -0.577381 -0.577368 -0.577302
    outer loop
      vertex -3.75386 -4.03849 -3.70831
      vertex -3.89694 -3.86611 -3.73761
      vertex -3.7049 -3.66006 -4.13575
    endloop
  endfacet
  facet normal -0.577388 -0.577364 -0.577299
    outer loop
      vertex -3.42313 -4.13787 -3.9397
      vertex -3.75386 -4.03849 -3.70831
      vertex -3.7049 -3.66006 -4.13575
    endloop
  endfacet
  facet normal -0.577364 -0.577386 -0.577301
    outer loop
      vertex -3.89694 -3.86611 -3.73761
      vertex -4.18301 -3.38204 -3.93565
      vertex -3.83371 -3.50752 -4.15949
    endloop
  endfacet
  facet normal -0.577375 -0.577384 -0.577291
    outer loop
      vertex -4.50531 -3.70434 -3.29095
      vertex -4.66931 -3.12104 -3.71032
      vertex -4.24157 -3.63313 -3.62595
    endloop
  endfacet
  facet normal -0.577352 -0.577365 -0.577334
    outer loop
      vertex -4.59417 -3.83828 -3.06814
      vertex -5.03785 -3.21826 -3.2445
      vertex -4.50531 -3.70434 -3.29095
    endloop
  endfacet
  facet normal -0.577377 -0.577375 -0.577299
    outer loop
      vertex -4.60208 -3.98142 -2.91707
      vertex -5.11926 -3.75827 -2.623
      vertex -4.59417 -3.83828 -3.06814
    endloop
  endfacet
  facet normal -0.577378 -0.577363 -0.57731
    outer loop
      vertex -4.92396 -4.11952 -2.45704
      vertex -5.11926 -3.75827 -2.623
      vertex -4.60208 -3.98142 -2.91707
    endloop
  endfacet
  facet normal -0.577357 -0.577382 -0.577312
    outer loop
      vertex -4.37877 -4.3199 -2.80188
      vertex -4.57533 -4.52347 -2.40171
      vertex -4.52998 -4.1399 -2.83068
    endloop
  endfacet
  facet normal -0.57737 -0.577373 -0.577308
    outer loop
      vertex -4.52998 -4.1399 -2.83068
      vertex -4.92396 -4.11952 -2.45704
      vertex -4.60208 -3.98142 -2.91707
    endloop
  endfacet
  facet normal 0.687209 0.0382442 -0.725453
    outer loop
      vertex -5.46575 -4.10476 -2.96949
      vertex -4.92396 -4.11952 -2.45704
      vertex -5.27045 -4.46601 -2.80353
    endloop
  endfacet
  facet normal 0.687209 0.0382442 -0.725453
    outer loop
      vertex -4.92396 -4.11952 -2.45704
      vertex -5.46575 -4.10476 -2.96949
      vertex -5.11926 -3.75827 -2.623
    endloop
  endfacet
  facet normal 0.810854 -0.322439 -0.488415
    outer loop
      vertex -5.11926 -3.75827 -2.623
      vertex -5.50471 -3.79978 -3.23551
      vertex -5.15823 -3.4533 -2.88903
    endloop
  endfacet
  facet normal 0.810854 -0.322439 -0.488415
    outer loop
      vertex -5.50471 -3.79978 -3.23551
      vertex -5.11926 -3.75827 -2.623
      vertex -5.46575 -4.10476 -2.96949
    endloop
  endfacet
  facet normal 0.7699 -0.620408 -0.149492
    outer loop
      vertex -5.50471 -3.79978 -3.23551
      vertex -5.03785 -3.21826 -3.2445
      vertex -5.15823 -3.4533 -2.88903
    endloop
  endfacet
  facet normal 0.769902 -0.620409 -0.149475
    outer loop
      vertex -5.03785 -3.21826 -3.2445
      vertex -5.50471 -3.79978 -3.23551
      vertex -5.38431 -3.56473 -3.59096
    endloop
  endfacet
  facet normal 0.638104 -0.760204 0.122121
    outer loop
      vertex -5.38431 -3.56473 -3.59096
      vertex -4.87449 -3.12273 -3.50341
      vertex -5.03785 -3.21826 -3.2445
    endloop
  endfacet
  facet normal 0.638109 -0.760204 0.122095
    outer loop
      vertex -4.87449 -3.12273 -3.50341
      vertex -5.38431 -3.56473 -3.59096
      vertex -5.22095 -3.46919 -3.84987
    endloop
  endfacet
  facet normal 0.4133 -0.816476 0.403176
    outer loop
      vertex -5.22095 -3.46919 -3.84987
      vertex -4.66931 -3.12104 -3.71032
      vertex -4.87449 -3.12273 -3.50341
    endloop
  endfacet
  facet normal 0.4133 -0.816476 0.403176
    outer loop
      vertex -4.66931 -3.12104 -3.71032
      vertex -5.22095 -3.46919 -3.84987
      vertex -5.01575 -3.46748 -4.05676
    endloop
  endfacet
  facet normal 0.117162 -0.75837 0.641208
    outer loop
      vertex -4.78114 -3.55533 -4.20353
      vertex -4.66931 -3.12104 -3.71032
      vertex -5.01575 -3.46748 -4.05676
    endloop
  endfacet
  facet normal 0.117162 -0.75837 0.641208
    outer loop
      vertex -4.66931 -3.12104 -3.71032
      vertex -4.78114 -3.55533 -4.20353
      vertex -4.4347 -3.20889 -3.85709
    endloop
  endfacet
  facet normal -0.17313 -0.604463 0.777593
    outer loop
      vertex -4.4347 -3.20889 -3.85709
      vertex -4.52944 -3.72847 -4.28208
      vertex -4.18301 -3.38204 -3.93565
    endloop
  endfacet
  facet normal -0.17313 -0.604463 0.777593
    outer loop
      vertex -4.52944 -3.72847 -4.28208
      vertex -4.4347 -3.20889 -3.85709
      vertex -4.78114 -3.55533 -4.20353
    endloop
  endfacet
  facet normal 0.707107 -0.707107 2.56452e-14
    outer loop
      vertex -4.52944 -3.72847 -4.28208
      vertex -4.17896 -3.37799 -3.94375
      vertex -4.18301 -3.38204 -3.93565
    endloop
  endfacet
  facet normal 0.707107 -0.707107 0
    outer loop
      vertex -4.17896 -3.37799 -3.94375
      vertex -4.52944 -3.72847 -4.28208
      vertex -4.52539 -3.72442 -4.29018
    endloop
  endfacet
  facet normal 0.628682 0.136845 -0.765527
    outer loop
      vertex -4.66998 -3.50103 -4.36899
      vertex -4.17896 -3.37799 -3.94375
      vertex -4.52539 -3.72442 -4.29018
    endloop
  endfacet
  facet normal 0.628683 0.13684 -0.765527
    outer loop
      vertex -4.17896 -3.37799 -3.94375
      vertex -4.66998 -3.50103 -4.36899
      vertex -4.32355 -3.15459 -4.02256
    endloop
  endfacet
  facet normal 0.7725 -0.15727 -0.615232
    outer loop
      vertex -4.32355 -3.15459 -4.02256
      vertex -4.67542 -3.48455 -4.38003
      vertex -4.39423 -2.94044 -4.16605
    endloop
  endfacet
  facet normal 0.772476 -0.157188 -0.615283
    outer loop
      vertex -4.67542 -3.48455 -4.38003
      vertex -4.32355 -3.15459 -4.02256
      vertex -4.66998 -3.50103 -4.36899
    endloop
  endfacet
  facet normal 0.772485 -0.157253 -0.615254
    outer loop
      vertex -4.67542 -3.48455 -4.38003
      vertex -4.74066 -3.28686 -4.51247
      vertex -4.39423 -2.94044 -4.16605
    endloop
  endfacet
  facet normal 0.816373 -0.420385 -0.395994
    outer loop
      vertex -4.39423 -2.94044 -4.16605
      vertex -4.74037 -3.27253 -4.5271
      vertex -4.39049 -2.75422 -4.35603
    endloop
  endfacet
  facet normal 0.816363 -0.420597 -0.39579
    outer loop
      vertex -4.74037 -3.27253 -4.5271
      vertex -4.39423 -2.94044 -4.16605
      vertex -4.74066 -3.28686 -4.51247
    endloop
  endfacet
  facet normal 0.816375 -0.420389 -0.395986
    outer loop
      vertex -4.39049 -2.75422 -4.35603
      vertex -4.74037 -3.27253 -4.5271
      vertex -4.73691 -3.10064 -4.70245
    endloop
  endfacet
  facet normal 0.76297 -0.633294 -0.129674
    outer loop
      vertex -4.39049 -2.75422 -4.35603
      vertex -4.73085 -3.0899 -4.71925
      vertex -4.31178 -2.6147 -4.5743
    endloop
  endfacet
  facet normal 0.762962 -0.633308 -0.129654
    outer loop
      vertex -4.73085 -3.0899 -4.71925
      vertex -4.39049 -2.75422 -4.35603
      vertex -4.73691 -3.10064 -4.70245
    endloop
  endfacet
  facet normal 0.76297 -0.633294 -0.129676
    outer loop
      vertex -4.31178 -2.6147 -4.5743
      vertex -4.73085 -3.0899 -4.71925
      vertex -4.65819 -2.96111 -4.92071
    endloop
  endfacet
  facet normal 0.617353 -0.771447 0.154094
    outer loop
      vertex -4.65819 -2.96111 -4.92071
      vertex -4.09714 -2.50727 -4.89639
      vertex -4.31178 -2.6147 -4.5743
    endloop
  endfacet
  facet normal 0.617353 -0.771447 0.154094
    outer loop
      vertex -4.09714 -2.50727 -4.89639
      vertex -4.65819 -2.96111 -4.92071
      vertex -4.44354 -2.85367 -5.24279
    endloop
  endfacet
  facet normal 0.30756 -0.808803 0.501243
    outer loop
      vertex -4.16338 -2.89509 -5.48153
      vertex -4.09714 -2.50727 -4.89639
      vertex -4.44354 -2.85367 -5.24279
    endloop
  endfacet
  facet normal 0.307536 -0.808808 0.501249
    outer loop
      vertex -4.09714 -2.50727 -4.89639
      vertex -4.16338 -2.89509 -5.48153
      vertex -3.81699 -2.54871 -5.13514
    endloop
  endfacet
  facet normal -0.0552346 -0.67787 0.733104
    outer loop
      vertex -3.81699 -2.54871 -5.13514
      vertex -3.82848 -3.08221 -5.62931
      vertex -3.4821 -2.73583 -5.28293
    endloop
  endfacet
  facet normal -0.0552545 -0.677869 0.733104
    outer loop
      vertex -3.82848 -3.08221 -5.62931
      vertex -3.81699 -2.54871 -5.13514
      vertex -4.16338 -2.89509 -5.48153
    endloop
  endfacet
  facet normal -0.320765 -0.489873 0.810638
    outer loop
      vertex -3.4821 -2.73583 -5.28293
      vertex -3.44965 -3.41178 -5.67857
      vertex -3.10327 -3.0654 -5.33219
    endloop
  endfacet
  facet normal -0.320765 -0.489873 0.810638
    outer loop
      vertex -3.44965 -3.41178 -5.67857
      vertex -3.4821 -2.73583 -5.28293
      vertex -3.82848 -3.08221 -5.62931
    endloop
  endfacet
  facet normal -0.493344 -0.316763 0.810107
    outer loop
      vertex -3.44965 -3.41178 -5.67857
      vertex -2.78089 -3.43829 -5.28167
      vertex -3.10327 -3.0654 -5.33219
    endloop
  endfacet
  facet normal -0.493345 -0.316755 0.810109
    outer loop
      vertex -2.78089 -3.43829 -5.28167
      vertex -3.44965 -3.41178 -5.67857
      vertex -3.12727 -3.78468 -5.62805
    endloop
  endfacet
  facet normal -0.683962 -0.0442129 0.728176
    outer loop
      vertex -3.12727 -3.78468 -5.62805
      vertex -2.59786 -3.7729 -5.13007
      vertex -2.78089 -3.43829 -5.28167
    endloop
  endfacet
  facet normal -0.683962 -0.0442142 0.728176
    outer loop
      vertex -2.59786 -3.7729 -5.13007
      vertex -3.12727 -3.78468 -5.62805
      vertex -2.94425 -4.11929 -5.47646
    endloop
  endfacet
  facet normal -0.808853 0.307895 0.500957
    outer loop
      vertex -2.94425 -4.11929 -5.47646
      vertex -2.55654 -4.05318 -4.89109
      vertex -2.59786 -3.7729 -5.13007
    endloop
  endfacet
  facet normal -0.808847 0.30792 0.500951
    outer loop
      vertex -2.55654 -4.05318 -4.89109
      vertex -2.94425 -4.11929 -5.47646
      vertex -2.90294 -4.39957 -5.23748
    endloop
  endfacet
  facet normal -0.77291 0.61439 0.158542
    outer loop
      vertex -3.0057 -4.60954 -4.92476
      vertex -2.55654 -4.05318 -4.89109
      vertex -2.90294 -4.39957 -5.23748
    endloop
  endfacet
  facet normal -0.772912 0.614393 0.158519
    outer loop
      vertex -2.55654 -4.05318 -4.89109
      vertex -3.0057 -4.60954 -4.92476
      vertex -2.65929 -4.26313 -4.57835
    endloop
  endfacet
  facet normal -0.632912 0.763182 -0.130288
    outer loop
      vertex -2.65929 -4.26313 -4.57835
      vertex -3.14571 -4.68831 -4.70598
      vertex -2.7993 -4.34189 -4.35956
    endloop
  endfacet
  facet normal -0.632918 0.763182 -0.130263
    outer loop
      vertex -3.14571 -4.68831 -4.70598
      vertex -2.65929 -4.26313 -4.57835
      vertex -3.0057 -4.60954 -4.92476
    endloop
  endfacet
  facet normal -0.420713 0.816372 -0.395648
    outer loop
      vertex -2.7993 -4.34189 -4.35956
      vertex -3.33333 -4.69218 -4.51448
      vertex -2.98691 -4.34576 -4.16805
    endloop
  endfacet
  facet normal -0.420699 0.816365 -0.395678
    outer loop
      vertex -3.33333 -4.69218 -4.51448
      vertex -2.7993 -4.34189 -4.35956
      vertex -3.14571 -4.68831 -4.70598
    endloop
  endfacet
  facet normal -0.165946 0.775329 -0.609366
    outer loop
      vertex -3.33333 -4.69218 -4.51448
      vertex -3.20168 -4.27698 -4.02205
      vertex -2.98691 -4.34576 -4.16805
    endloop
  endfacet
  facet normal -0.16597 0.775329 -0.609359
    outer loop
      vertex -3.20168 -4.27698 -4.02205
      vertex -3.33333 -4.69218 -4.51448
      vertex -3.54811 -4.62341 -4.36848
    endloop
  endfacet
  facet normal 0.119523 0.639728 -0.759251
    outer loop
      vertex -3.54811 -4.62341 -4.36848
      vertex -3.42313 -4.13787 -3.9397
      vertex -3.20168 -4.27698 -4.02205
    endloop
  endfacet
  facet normal 0.119523 0.639728 -0.759251
    outer loop
      vertex -3.42313 -4.13787 -3.9397
      vertex -3.54811 -4.62341 -4.36848
      vertex -3.76956 -4.4843 -4.28613
    endloop
  endfacet
  facet normal -0.707107 0.707107 -3.3766e-13
    outer loop
      vertex -3.76987 -4.48461 -4.28551
      vertex -3.42313 -4.13787 -3.9397
      vertex -3.76956 -4.4843 -4.28613
    endloop
  endfacet
  facet normal -0.707107 0.707107 -5.16059e-14
    outer loop
      vertex -3.42313 -4.13787 -3.9397
      vertex -3.76987 -4.48461 -4.28551
      vertex -3.42716 -4.1419 -3.93162
    endloop
  endfacet
  facet normal -0.707107 0.707107 -2.77111e-16
    outer loop
      vertex -3.76987 -4.48461 -4.28551
      vertex -3.7736 -4.48834 -4.27806
      vertex -3.42716 -4.1419 -3.93162
    endloop
  endfacet
  facet normal -0.612447 -0.161403 0.773859
    outer loop
      vertex -3.42716 -4.1419 -3.93162
      vertex -3.76083 -4.50728 -4.2719
      vertex -3.26111 -4.38803 -3.85154
    endloop
  endfacet
  facet normal -0.612518 -0.161305 0.773823
    outer loop
      vertex -3.76083 -4.50728 -4.2719
      vertex -3.42716 -4.1419 -3.93162
      vertex -3.7736 -4.48834 -4.27806
    endloop
  endfacet
  facet normal -0.612444 -0.161415 0.773859
    outer loop
      vertex -3.26111 -4.38803 -3.85154
      vertex -3.76083 -4.50728 -4.2719
      vertex -3.60755 -4.73447 -4.19798
    endloop
  endfacet
  facet normal -0.764137 0.132929 0.631209
    outer loop
      vertex -3.60755 -4.73447 -4.19798
      vertex -3.17705 -4.6234 -3.70021
      vertex -3.26111 -4.38803 -3.85154
    endloop
  endfacet
  facet normal -0.764137 0.1329 0.631215
    outer loop
      vertex -3.17705 -4.6234 -3.70021
      vertex -3.60755 -4.73447 -4.19798
      vertex -3.52349 -4.96985 -4.04666
    endloop
  endfacet
  facet normal -0.816481 0.41359 0.402867
    outer loop
      vertex -3.52349 -4.96985 -4.04666
      vertex -3.17886 -4.82998 -3.4918
      vertex -3.17705 -4.6234 -3.70021
    endloop
  endfacet
  facet normal -0.816477 0.413604 0.402861
    outer loop
      vertex -3.17886 -4.82998 -3.4918
      vertex -3.52349 -4.96985 -4.04666
      vertex -3.52531 -5.17643 -3.83826
    endloop
  endfacet
  facet normal -0.761802 0.635349 0.12645
    outer loop
      vertex -3.61687 -5.33624 -3.5869
      vertex -3.17886 -4.82998 -3.4918
      vertex -3.52531 -5.17643 -3.83826
    endloop
  endfacet
  facet normal -0.761802 0.635348 0.126454
    outer loop
      vertex -3.17886 -4.82998 -3.4918
      vertex -3.61687 -5.33624 -3.5869
      vertex -3.2704 -4.98977 -3.24043
    endloop
  endfacet
  facet normal -0.618835 0.770701 -0.151867
    outer loop
      vertex -3.2704 -4.98977 -3.24043
      vertex -3.85168 -5.45509 -3.23323
      vertex -3.5052 -5.10861 -2.88675
    endloop
  endfacet
  facet normal -0.618835 0.770701 -0.151867
    outer loop
      vertex -3.85168 -5.45509 -3.23323
      vertex -3.2704 -4.98977 -3.24043
      vertex -3.61687 -5.33624 -3.5869
    endloop
  endfacet
  facet normal -0.31663 0.810089 -0.493458
    outer loop
      vertex -3.85168 -5.45509 -3.23323
      vertex -3.81149 -5.06705 -2.62199
      vertex -3.5052 -5.10861 -2.88675
    endloop
  endfacet
  facet normal -0.316608 0.810095 -0.493464
    outer loop
      vertex -3.81149 -5.06705 -2.62199
      vertex -3.85168 -5.45509 -3.23323
      vertex -4.15798 -5.41353 -2.96848
    endloop
  endfacet
  facet normal 0.041055 0.685695 -0.72673
    outer loop
      vertex -4.15798 -5.41353 -2.96848
      vertex -4.17346 -4.87027 -2.45677
      vertex -3.81149 -5.06705 -2.62199
    endloop
  endfacet
  facet normal 0.0410358 0.685695 -0.726731
    outer loop
      vertex -4.17346 -4.87027 -2.45677
      vertex -4.15798 -5.41353 -2.96848
      vertex -4.51996 -5.21677 -2.80327
    endloop
  endfacet
  facet normal 0.31562 0.494331 -0.809951
    outer loop
      vertex -4.51996 -5.21677 -2.80327
      vertex -4.57533 -4.52347 -2.40171
      vertex -4.17346 -4.87027 -2.45677
    endloop
  endfacet
  facet normal 0.315627 0.49433 -0.809949
    outer loop
      vertex -4.57533 -4.52347 -2.40171
      vertex -4.51996 -5.21677 -2.80327
      vertex -4.92182 -4.86997 -2.74821
    endloop
  endfacet
  facet normal 0.494294 0.315673 -0.809953
    outer loop
      vertex -5.27045 -4.46601 -2.80353
      vertex -4.57533 -4.52347 -2.40171
      vertex -4.92182 -4.86997 -2.74821
    endloop
  endfacet
  facet normal 0.494296 0.315661 -0.809957
    outer loop
      vertex -4.57533 -4.52347 -2.40171
      vertex -5.27045 -4.46601 -2.80353
      vertex -4.92396 -4.11952 -2.45704
    endloop
  endfacet
  facet normal 0.558016 -0.795206 0.237206
    outer loop
      vertex -3.54318 -4.12999 -4.86682
      vertex -3.17879 -3.77799 -4.54399
      vertex -3.41236 -3.85056 -4.23781
    endloop
  endfacet
  facet normal 0.558117 -0.795178 0.237061
    outer loop
      vertex -3.17879 -3.77799 -4.54399
      vertex -3.54318 -4.12999 -4.86682
      vertex -3.5252 -4.1244 -4.8904
    endloop
  endfacet
  facet normal 0.558002 -0.795214 0.237212
    outer loop
      vertex -3.41236 -3.85056 -4.23781
      vertex -3.75878 -4.19698 -4.58423
      vertex -3.54318 -4.12999 -4.86682
    endloop
  endfacet
  facet normal 0.796986 -0.552148 -0.244837
    outer loop
      vertex -3.4637 -3.9159 -5.16041
      vertex -3.11216 -3.55209 -4.83654
      vertex -3.17879 -3.77799 -4.54399
    endloop
  endfacet
  facet normal 0.796987 -0.552144 -0.244843
    outer loop
      vertex -3.11216 -3.55209 -4.83654
      vertex -3.4637 -3.9159 -5.16041
      vertex -3.45856 -3.89849 -5.18294
    endloop
  endfacet
  facet normal 0.796986 -0.552149 -0.244837
    outer loop
      vertex -3.17879 -3.77799 -4.54399
      vertex -3.5252 -4.1244 -4.8904
      vertex -3.4637 -3.9159 -5.16041
    endloop
  endfacet
  facet normal 0.620568 0.149238 -0.76982
    outer loop
      vertex -3.63406 -3.633 -5.27294
      vertex -3.30231 -3.26444 -4.93406
      vertex -3.11216 -3.55209 -4.83654
    endloop
  endfacet
  facet normal 0.62051 0.149318 -0.769851
    outer loop
      vertex -3.30231 -3.26444 -4.93406
      vertex -3.63406 -3.633 -5.27294
      vertex -3.64871 -3.61084 -5.28045
    endloop
  endfacet
  facet normal 0.620565 0.149254 -0.769819
    outer loop
      vertex -3.45856 -3.89849 -5.18294
      vertex -3.63406 -3.633 -5.27294
      vertex -3.11216 -3.55209 -4.83654
    endloop
  endfacet
  facet normal 0.303947 0.504321 -0.808255
    outer loop
      vertex -3.79079 -3.49044 -5.25877
      vertex -3.45625 -3.134 -4.91056
      vertex -3.30231 -3.26444 -4.93406
    endloop
  endfacet
  facet normal 0.30398 0.504294 -0.80826
    outer loop
      vertex -3.45625 -3.134 -4.91056
      vertex -3.79079 -3.49044 -5.25877
      vertex -3.80265 -3.48039 -5.25696
    endloop
  endfacet
  facet normal 0.303985 0.504266 -0.808275
    outer loop
      vertex -3.64871 -3.61084 -5.28045
      vertex -3.79079 -3.49044 -5.25877
      vertex -3.30231 -3.26444 -4.93406
    endloop
  endfacet
  facet normal -0.0161737 0.715065 -0.698871
    outer loop
      vertex -3.80265 -3.48039 -5.25696
      vertex -3.59257 -3.06818 -4.84006
      vertex -3.45625 -3.134 -4.91056
    endloop
  endfacet
  facet normal -0.0162156 0.715075 -0.69886
    outer loop
      vertex -3.59257 -3.06818 -4.84006
      vertex -3.80265 -3.48039 -5.25696
      vertex -3.93897 -3.41458 -5.18646
    endloop
  endfacet
  facet normal -0.408796 0.816488 -0.407716
    outer loop
      vertex -3.59257 -3.06818 -4.84006
      vertex -4.05985 -3.41469 -5.06546
      vertex -3.71345 -3.06828 -4.71906
    endloop
  endfacet
  facet normal -0.408822 0.816496 -0.407674
    outer loop
      vertex -4.05985 -3.41469 -5.06546
      vertex -3.59257 -3.06818 -4.84006
      vertex -3.93897 -3.41458 -5.18646
    endloop
  endfacet
  facet normal -0.647205 0.754699 -0.107494
    outer loop
      vertex -3.71345 -3.06828 -4.71906
      vertex -4.16752 -3.48208 -4.8904
      vertex -3.82111 -3.13567 -4.54399
    endloop
  endfacet
  facet normal -0.647195 0.754703 -0.107529
    outer loop
      vertex -4.16752 -3.48208 -4.8904
      vertex -3.71345 -3.06828 -4.71906
      vertex -4.05985 -3.41469 -5.06546
    endloop
  endfacet
  facet normal -0.75148 0.652319 0.0987768
    outer loop
      vertex -4.24134 -3.59571 -4.70295
      vertex -3.82111 -3.13567 -4.54399
      vertex -4.23565 -3.58697 -4.71738
    endloop
  endfacet
  facet normal -0.751539 0.652157 0.0994002
    outer loop
      vertex -3.82111 -3.13567 -4.54399
      vertex -4.24134 -3.59571 -4.70295
      vertex -3.89492 -3.2493 -4.35653
    endloop
  endfacet
  facet normal -0.751551 0.652141 0.09941
    outer loop
      vertex -4.16752 -3.48208 -4.8904
      vertex -4.23565 -3.58697 -4.71738
      vertex -3.82111 -3.13567 -4.54399
    endloop
  endfacet
  facet normal -0.816303 0.423719 0.392571
    outer loop
      vertex -4.24425 -3.70892 -4.58683
      vertex -3.89807 -3.37193 -4.23072
      vertex -3.89492 -3.2493 -4.35653
    endloop
  endfacet
  facet normal -0.816293 0.423943 0.39235
    outer loop
      vertex -3.89807 -3.37193 -4.23072
      vertex -4.24425 -3.70892 -4.58683
      vertex -4.2445 -3.71836 -4.57715
    endloop
  endfacet
  facet normal -0.816295 0.423691 0.392617
    outer loop
      vertex -4.24134 -3.59571 -4.70295
      vertex -4.24425 -3.70892 -4.58683
      vertex -3.89492 -3.2493 -4.35653
    endloop
  endfacet
  facet normal -0.718742 0.0238747 0.694867
    outer loop
      vertex -4.2445 -3.71836 -4.57715
      vertex -3.83371 -3.50752 -4.15949
      vertex -3.89807 -3.37193 -4.23072
    endloop
  endfacet
  facet normal -0.718732 0.0238338 0.694878
    outer loop
      vertex -3.83371 -3.50752 -4.15949
      vertex -4.2445 -3.71836 -4.57715
      vertex -4.18013 -3.85394 -4.50592
    endloop
  endfacet
  facet normal -0.506208 -0.301724 0.807908
    outer loop
      vertex -4.18013 -3.85394 -4.50592
      vertex -3.7049 -3.66006 -4.13575
      vertex -3.83371 -3.50752 -4.15949
    endloop
  endfacet
  facet normal -0.506226 -0.301685 0.807912
    outer loop
      vertex -3.7049 -3.66006 -4.13575
      vertex -4.18013 -3.85394 -4.50592
      vertex -4.05133 -4.00649 -4.48218
    endloop
  endfacet
  facet normal -0.140388 -0.626382 0.76677
    outer loop
      vertex -3.7049 -3.66006 -4.13575
      vertex -3.75878 -4.19698 -4.58423
      vertex -3.41236 -3.85056 -4.23781
    endloop
  endfacet
  facet normal -0.140388 -0.626382 0.76677
    outer loop
      vertex -3.75878 -4.19698 -4.58423
      vertex -3.7049 -3.66006 -4.13575
      vertex -4.05133 -4.00649 -4.48218
    endloop
  endfacet
  facet normal 0.0292827 -0.721293 0.692011
    outer loop
      vertex -4.37886 -4.8976 -3.26354
      vertex -4.19503 -4.47485 -2.83068
      vertex -4.54151 -4.82133 -3.17716
    endloop
  endfacet
  facet normal 0.0293177 -0.7213 0.692002
    outer loop
      vertex -4.19503 -4.47485 -2.83068
      vertex -4.37886 -4.8976 -3.26354
      vertex -4.03238 -4.55112 -2.91707
    endloop
  endfacet
  facet normal 0.423365 -0.816304 0.39295
    outer loop
      vertex -4.37886 -4.8976 -3.26354
      vertex -3.887 -4.54747 -3.06612
      vertex -4.03238 -4.55112 -2.91707
    endloop
  endfacet
  facet normal 0.423374 -0.816307 0.392933
    outer loop
      vertex -3.887 -4.54747 -3.06612
      vertex -4.37886 -4.8976 -3.26354
      vertex -4.23347 -4.89394 -3.41259
    endloop
  endfacet
  facet normal 0.650581 -0.752559 0.101978
    outer loop
      vertex -4.23347 -4.89394 -3.41259
      vertex -3.755 -4.46273 -3.28288
      vertex -3.887 -4.54747 -3.06612
    endloop
  endfacet
  facet normal 0.650581 -0.752559 0.101978
    outer loop
      vertex -3.755 -4.46273 -3.28288
      vertex -4.23347 -4.89394 -3.41259
      vertex -4.10146 -4.80919 -3.62934
    endloop
  endfacet
  facet normal 0.757345 -0.642911 -0.114428
    outer loop
      vertex -4.03369 -4.6974 -3.80891
      vertex -3.68159 -4.34163 -3.47741
      vertex -3.755 -4.46273 -3.28288
    endloop
  endfacet
  facet normal 0.75748 -0.642684 -0.114815
    outer loop
      vertex -3.68159 -4.34163 -3.47741
      vertex -4.03369 -4.6974 -3.80891
      vertex -4.02805 -4.68808 -3.82387
    endloop
  endfacet
  facet normal 0.75734 -0.642918 -0.114422
    outer loop
      vertex -3.755 -4.46273 -3.28288
      vertex -4.10146 -4.80919 -3.62934
      vertex -4.03369 -4.6974 -3.80891
    endloop
  endfacet
  facet normal 0.816497 -0.408105 -0.40839
    outer loop
      vertex -4.02808 -4.55607 -3.95586
      vertex -3.68163 -4.19862 -3.6204
      vertex -3.68159 -4.34163 -3.47741
    endloop
  endfacet
  facet normal 0.816497 -0.408063 -0.408434
    outer loop
      vertex -3.68163 -4.19862 -3.6204
      vertex -4.02808 -4.55607 -3.95586
      vertex -4.02808 -4.54507 -3.96685
    endloop
  endfacet
  facet normal 0.816493 -0.408128 -0.408376
    outer loop
      vertex -4.02805 -4.68808 -3.82387
      vertex -4.02808 -4.55607 -3.95586
      vertex -3.68159 -4.34163 -3.47741
    endloop
  endfacet
  facet normal 0.729022 -0.046086 -0.682937
    outer loop
      vertex -3.68163 -4.19862 -3.6204
      vertex -4.10031 -4.38493 -4.05476
      vertex -3.75386 -4.03849 -3.70831
    endloop
  endfacet
  facet normal 0.729021 -0.0460837 -0.682938
    outer loop
      vertex -4.10031 -4.38493 -4.05476
      vertex -3.68163 -4.19862 -3.6204
      vertex -4.02808 -4.54507 -3.96685
    endloop
  endfacet
  facet normal 0.515379 0.290758 -0.806129
    outer loop
      vertex -4.24339 -4.21255 -4.08406
      vertex -3.75386 -4.03849 -3.70831
      vertex -4.10031 -4.38493 -4.05476
    endloop
  endfacet
  facet normal 0.515379 0.290758 -0.806129
    outer loop
      vertex -3.75386 -4.03849 -3.70831
      vertex -4.24339 -4.21255 -4.08406
      vertex -3.89694 -3.86611 -3.73761
    endloop
  endfacet
  facet normal 0.162628 0.611635 -0.774245
    outer loop
      vertex -4.24339 -4.21255 -4.08406
      vertex -4.24157 -3.63313 -3.62595
      vertex -3.89694 -3.86611 -3.73761
    endloop
  endfacet
  facet normal 0.162589 0.611639 -0.77425
    outer loop
      vertex -4.24157 -3.63313 -3.62595
      vertex -4.24339 -4.21255 -4.08406
      vertex -4.58802 -3.97958 -3.97239
    endloop
  endfacet
  facet normal -0.542548 0.799697 -0.25715
    outer loop
      vertex -4.24157 -3.63313 -3.62595
      vertex -4.85178 -4.05081 -3.63742
      vertex -4.50531 -3.70434 -3.29095
    endloop
  endfacet
  facet normal -0.542547 0.799696 -0.257157
    outer loop
      vertex -4.85178 -4.05081 -3.63742
      vertex -4.24157 -3.63313 -3.62595
      vertex -4.58802 -3.97958 -3.97239
    endloop
  endfacet
  facet normal -0.749698 0.654964 0.0947341
    outer loop
      vertex -4.94064 -4.18475 -3.41461
      vertex -4.50531 -3.70434 -3.29095
      vertex -4.85178 -4.05081 -3.63742
    endloop
  endfacet
  facet normal -0.749698 0.654964 0.0947341
    outer loop
      vertex -4.50531 -3.70434 -3.29095
      vertex -4.94064 -4.18475 -3.41461
      vertex -4.59417 -3.83828 -3.06814
    endloop
  endfacet
  facet normal -0.815612 0.440711 0.374901
    outer loop
      vertex -4.94855 -4.3279 -3.26354
      vertex -4.59417 -3.83828 -3.06814
      vertex -4.94064 -4.18475 -3.41461
    endloop
  endfacet
  facet normal -0.815615 0.440721 0.374881
    outer loop
      vertex -4.59417 -3.83828 -3.06814
      vertex -4.94855 -4.3279 -3.26354
      vertex -4.60208 -3.98142 -2.91707
    endloop
  endfacet
  facet normal -0.727375 0.0424473 0.684926
    outer loop
      vertex -4.94855 -4.3279 -3.26354
      vertex -4.52998 -4.1399 -2.83068
      vertex -4.60208 -3.98142 -2.91707
    endloop
  endfacet
  facet normal -0.727375 0.0424495 0.684926
    outer loop
      vertex -4.52998 -4.1399 -2.83068
      vertex -4.94855 -4.3279 -3.26354
      vertex -4.87646 -4.48638 -3.17716
    endloop
  endfacet
  facet normal -0.508993 -0.2984 0.807393
    outer loop
      vertex -4.87646 -4.48638 -3.17716
      vertex -4.37877 -4.3199 -2.80188
      vertex -4.52998 -4.1399 -2.83068
    endloop
  endfacet
  facet normal -0.508979 -0.298433 0.807389
    outer loop
      vertex -4.37877 -4.3199 -2.80188
      vertex -4.87646 -4.48638 -3.17716
      vertex -4.72525 -4.66638 -3.14837
    endloop
  endfacet
  facet normal -0.300871 -0.506913 0.807784
    outer loop
      vertex -4.37877 -4.3199 -2.80188
      vertex -4.54151 -4.82133 -3.17716
      vertex -4.19503 -4.47485 -2.83068
    endloop
  endfacet
  facet normal -0.300904 -0.5069 0.807781
    outer loop
      vertex -4.54151 -4.82133 -3.17716
      vertex -4.37877 -4.3199 -2.80188
      vertex -4.72525 -4.66638 -3.14837
    endloop
  endfacet
  facet normal -0.577351 -0.577301 0.577399
    outer loop
      vertex -3.5842 -3.70852 4.20794
      vertex -3.6636 -3.84642 3.99067
      vertex -3.36611 -4.1693 3.96531
    endloop
  endfacet
  facet normal -0.577375 -0.577297 0.577378
    outer loop
      vertex -4.33841 -3.60113 3.56111
      vertex -4.71767 -3.80046 2.98255
      vertex -4.41046 -4.09855 2.99171
    endloop
  endfacet
  facet normal -0.577364 -0.577311 0.577376
    outer loop
      vertex -3.82657 -3.89239 3.78173
      vertex -4.00832 -3.85879 3.63358
      vertex -3.72147 -4.35119 3.42808
    endloop
  endfacet
  facet normal -0.577378 -0.577306 0.577366
    outer loop
      vertex -3.49875 -4.30571 3.69628
      vertex -3.82657 -3.89239 3.78173
      vertex -3.72147 -4.35119 3.42808
    endloop
  endfacet
  facet normal -0.577362 -0.57731 0.577379
    outer loop
      vertex -3.36611 -4.1693 3.96531
      vertex -3.6636 -3.84642 3.99067
      vertex -3.49875 -4.30571 3.69628
    endloop
  endfacet
  facet normal -0.577391 -0.577295 0.577365
    outer loop
      vertex -4.00832 -3.85879 3.63358
      vertex -4.18254 -3.758 3.56013
      vertex -4.06962 -4.28802 3.1431
    endloop
  endfacet
  facet normal -0.57737 -0.577301 0.57738
    outer loop
      vertex -4.18254 -3.758 3.56013
      vertex -4.41046 -4.09855 2.99171
      vertex -4.06962 -4.28802 3.1431
    endloop
  endfacet
  facet normal -0.577373 -0.577302 0.577376
    outer loop
      vertex -3.10465 -3.70852 4.68749
      vertex -3.36611 -4.1693 3.96531
      vertex -2.38917 -5.31117 3.80052
    endloop
  endfacet
  facet normal -0.577373 -0.577302 0.577376
    outer loop
      vertex -2.38917 -5.31117 3.80052
      vertex -3.36611 -4.1693 3.96531
      vertex -3.04667 -4.88877 3.56537
    endloop
  endfacet
  facet normal -0.577368 -0.577314 0.577368
    outer loop
      vertex -3.04667 -4.88877 3.56537
      vertex -4.08281 -4.88877 2.52923
      vertex -3.87163 -5.31117 2.31805
    endloop
  endfacet
  facet normal -0.577374 -0.577307 0.57737
    outer loop
      vertex -3.04667 -4.88877 3.56537
      vertex -3.87163 -5.31117 2.31805
      vertex -2.38917 -5.31117 3.80052
    endloop
  endfacet
  facet normal -0.577383 -0.5773 0.577368
    outer loop
      vertex -4.47355 -2.90767 4.11935
      vertex -4.8919 -2.49008 4.11853
      vertex -4.55077 -3.00921 3.9406
    endloop
  endfacet
  facet normal -0.577366 -0.577317 0.577368
    outer loop
      vertex -3.85468 -2.61614 5.02972
      vertex -3.90014 -3.0643 4.53614
      vertex -3.55609 -2.85234 5.09213
    endloop
  endfacet
  facet normal -0.577375 -0.5773 0.577375
    outer loop
      vertex -3.10465 -3.70852 4.68749
      vertex -3.5842 -3.70852 4.20794
      vertex -3.36611 -4.1693 3.96531
    endloop
  endfacet
  facet normal -0.577367 -0.577308 0.577376
    outer loop
      vertex -4.17885 -2.89453 4.42718
      vertex -4.54535 -2.42314 4.53202
      vertex -4.32528 -2.87382 4.30146
    endloop
  endfacet
  facet normal -0.57738 -0.577307 0.577364
    outer loop
      vertex -3.6636 -3.84642 3.99067
      vertex -3.82657 -3.89239 3.78173
      vertex -3.49875 -4.30571 3.69628
    endloop
  endfacet
  facet normal -0.577382 -0.577299 0.577369
    outer loop
      vertex -4.54535 -2.42314 4.53202
      vertex -4.8919 -2.49008 4.11853
      vertex -4.47355 -2.90767 4.11935
    endloop
  endfacet
  facet normal -0.577364 -0.577311 0.577376
    outer loop
      vertex -4.00832 -3.85879 3.63358
      vertex -4.06962 -4.28802 3.1431
      vertex -3.72147 -4.35119 3.42808
    endloop
  endfacet
  facet normal -0.577373 -0.577299 0.577379
    outer loop
      vertex -4.33841 -3.60113 3.56111
      vertex -4.41046 -4.09855 2.99171
      vertex -4.18254 -3.758 3.56013
    endloop
  endfacet
  facet normal -0.577373 -0.5773 0.577378
    outer loop
      vertex -4.33841 -3.60113 3.56111
      vertex -4.96491 -3.41141 3.12431
      vertex -4.71767 -3.80046 2.98255
    endloop
  endfacet
  facet normal -0.577374 -0.577294 0.577383
    outer loop
      vertex -4.46514 -3.39928 3.6362
      vertex -5.10708 -3.00492 3.38857
      vertex -4.96491 -3.41141 3.12431
    endloop
  endfacet
  facet normal -0.577375 -0.577292 0.577384
    outer loop
      vertex -4.46514 -3.39928 3.6362
      vertex -4.96491 -3.41141 3.12431
      vertex -4.33841 -3.60113 3.56111
    endloop
  endfacet
  facet normal -0.577378 -0.577308 0.577364
    outer loop
      vertex -5.08095 -2.69091 3.72868
      vertex -5.10708 -3.00492 3.38857
      vertex -4.55021 -3.17444 3.77595
    endloop
  endfacet
  facet normal -0.577377 -0.577315 0.577359
    outer loop
      vertex -4.55021 -3.17444 3.77595
      vertex -5.10708 -3.00492 3.38857
      vertex -4.46514 -3.39928 3.6362
    endloop
  endfacet
  facet normal -0.577375 -0.577303 0.577373
    outer loop
      vertex -4.55077 -3.00921 3.9406
      vertex -5.08095 -2.69091 3.72868
      vertex -4.55021 -3.17444 3.77595
    endloop
  endfacet
  facet normal -0.577374 -0.577298 0.577379
    outer loop
      vertex -4.8919 -2.49008 4.11853
      vertex -5.08095 -2.69091 3.72868
      vertex -4.55077 -3.00921 3.9406
    endloop
  endfacet
  facet normal -0.577361 -0.577308 0.577382
    outer loop
      vertex -4.32528 -2.87382 4.30146
      vertex -4.54535 -2.42314 4.53202
      vertex -4.47355 -2.90767 4.11935
    endloop
  endfacet
  facet normal -0.577376 -0.577309 0.577366
    outer loop
      vertex -3.85468 -2.61614 5.02972
      vertex -4.18718 -2.47139 4.84195
      vertex -4.03707 -2.95667 4.50683
    endloop
  endfacet
  facet normal -0.577396 -0.577282 0.577373
    outer loop
      vertex -3.55609 -2.85234 5.09213
      vertex -3.90014 -3.0643 4.53614
      vertex -3.76823 -3.22145 4.51093
    endloop
  endfacet
  facet normal -0.577372 -0.577302 0.577377
    outer loop
      vertex -3.55609 -2.85234 5.09213
      vertex -3.76823 -3.22145 4.51093
      vertex -3.29963 -3.17495 5.02602
    endloop
  endfacet
  facet normal -0.577369 -0.577315 0.577367
    outer loop
      vertex -3.85468 -2.61614 5.02972
      vertex -4.03707 -2.95667 4.50683
      vertex -3.90014 -3.0643 4.53614
    endloop
  endfacet
  facet normal -0.57738 -0.577308 0.577363
    outer loop
      vertex -4.03707 -2.95667 4.50683
      vertex -4.18718 -2.47139 4.84195
      vertex -4.17885 -2.89453 4.42718
    endloop
  endfacet
  facet normal -0.577374 -0.577311 0.577365
    outer loop
      vertex -4.18718 -2.47139 4.84195
      vertex -4.54535 -2.42314 4.53202
      vertex -4.17885 -2.89453 4.42718
    endloop
  endfacet
  facet normal 0.714125 -0.699873 0.0142727
    outer loop
      vertex -5.42743 -3.0374 4.07517
      vertex -4.8919 -2.49008 4.11853
      vertex -5.2384 -2.83657 4.46503
    endloop
  endfacet
  facet normal 0.714127 -0.699871 0.0142349
    outer loop
      vertex -4.8919 -2.49008 4.11853
      vertex -5.42743 -3.0374 4.07517
      vertex -5.08095 -2.69091 3.72868
    endloop
  endfacet
  facet normal 0.814559 -0.456057 0.358478
    outer loop
      vertex -5.45355 -3.3514 3.73505
      vertex -5.08095 -2.69091 3.72868
      vertex -5.42743 -3.0374 4.07517
    endloop
  endfacet
  facet normal 0.814559 -0.456057 0.358478
    outer loop
      vertex -5.08095 -2.69091 3.72868
      vertex -5.45355 -3.3514 3.73505
      vertex -5.10708 -3.00492 3.38857
    endloop
  endfacet
  facet normal 0.766472 -0.139505 0.626945
    outer loop
      vertex -5.45355 -3.3514 3.73505
      vertex -4.96491 -3.41141 3.12431
      vertex -5.10708 -3.00492 3.38857
    endloop
  endfacet
  facet normal 0.766468 -0.139528 0.626944
    outer loop
      vertex -4.96491 -3.41141 3.12431
      vertex -5.45355 -3.3514 3.73505
      vertex -5.31137 -3.75786 3.47077
    endloop
  endfacet
  facet normal 0.635463 0.126277 0.761736
    outer loop
      vertex -4.96491 -3.41141 3.12431
      vertex -5.29236 -3.78777 3.45987
      vertex -4.71767 -3.80046 2.98255
    endloop
  endfacet
  facet normal 0.635459 0.126283 0.761738
    outer loop
      vertex -5.29236 -3.78777 3.45987
      vertex -4.96491 -3.41141 3.12431
      vertex -5.31137 -3.75786 3.47077
    endloop
  endfacet
  facet normal 0.635463 0.126273 0.761736
    outer loop
      vertex -4.71767 -3.80046 2.98255
      vertex -5.29236 -3.78777 3.45987
      vertex -5.06411 -4.1469 3.32899
    endloop
  endfacet
  facet normal 0.389604 0.426605 0.816221
    outer loop
      vertex -4.71767 -3.80046 2.98255
      vertex -5.04048 -4.16983 3.32969
      vertex -4.41046 -4.09855 2.99171
    endloop
  endfacet
  facet normal 0.389703 0.426517 0.81622
    outer loop
      vertex -5.04048 -4.16983 3.32969
      vertex -4.71767 -3.80046 2.98255
      vertex -5.06411 -4.1469 3.32899
    endloop
  endfacet
  facet normal 0.3896 0.426617 0.816217
    outer loop
      vertex -4.41046 -4.09855 2.99171
      vertex -5.04048 -4.16983 3.32969
      vertex -4.75689 -4.44498 3.33814
    endloop
  endfacet
  facet normal 0.0525569 0.679362 0.731919
    outer loop
      vertex -4.41046 -4.09855 2.99171
      vertex -4.41604 -4.63444 3.48952
      vertex -4.06962 -4.28802 3.1431
    endloop
  endfacet
  facet normal 0.0525569 0.679362 0.731919
    outer loop
      vertex -4.41604 -4.63444 3.48952
      vertex -4.41046 -4.09855 2.99171
      vertex -4.75689 -4.44498 3.33814
    endloop
  endfacet
  facet normal -0.281869 0.804574 0.522695
    outer loop
      vertex -4.06962 -4.28802 3.1431
      vertex -4.38924 -4.6393 3.51146
      vertex -3.72147 -4.35119 3.42808
    endloop
  endfacet
  facet normal -0.281951 0.804585 0.522634
    outer loop
      vertex -4.38924 -4.6393 3.51146
      vertex -4.06962 -4.28802 3.1431
      vertex -4.41604 -4.63444 3.48952
    endloop
  endfacet
  facet normal -0.281873 0.80458 0.522684
    outer loop
      vertex -3.72147 -4.35119 3.42808
      vertex -4.38924 -4.6393 3.51146
      vertex -4.06789 -4.6976 3.7745
    endloop
  endfacet
  facet normal -0.515112 0.806194 0.291051
    outer loop
      vertex -3.72147 -4.35119 3.42808
      vertex -4.05075 -4.6941 3.79515
      vertex -3.49875 -4.30571 3.69628
    endloop
  endfacet
  facet normal -0.515182 0.806178 0.290973
    outer loop
      vertex -4.05075 -4.6941 3.79515
      vertex -3.72147 -4.35119 3.42808
      vertex -4.06789 -4.6976 3.7745
    endloop
  endfacet
  facet normal -0.515101 0.806188 0.291087
    outer loop
      vertex -3.49875 -4.30571 3.69628
      vertex -4.05075 -4.6941 3.79515
      vertex -3.84517 -4.65213 4.0427
    endloop
  endfacet
  facet normal -0.710386 0.703781 -0.00660556
    outer loop
      vertex -3.84517 -4.65213 4.0427
      vertex -3.36611 -4.1693 3.96531
      vertex -3.49875 -4.30571 3.69628
    endloop
  endfacet
  facet normal -0.710385 0.703783 -0.00658112
    outer loop
      vertex -3.36611 -4.1693 3.96531
      vertex -3.84517 -4.65213 4.0427
      vertex -3.71253 -4.51573 4.31174
    endloop
  endfacet
  facet normal 0.731961 -0.0526299 0.67931
    outer loop
      vertex -3.71253 -4.51573 4.31174
      vertex -3.04667 -4.88877 3.56537
      vertex -3.36611 -4.1693 3.96531
    endloop
  endfacet
  facet normal 0.731954 -0.0526565 0.679317
    outer loop
      vertex -3.04667 -4.88877 3.56537
      vertex -3.71253 -4.51573 4.31174
      vertex -3.39307 -5.23517 3.91176
    endloop
  endfacet
  facet normal 0.40825 -0.816493 -0.408254
    outer loop
      vertex -4.42921 -5.23517 2.87563
      vertex -3.04667 -4.88877 3.56537
      vertex -3.39307 -5.23517 3.91176
    endloop
  endfacet
  facet normal 0.408248 -0.816497 -0.408248
    outer loop
      vertex -3.04667 -4.88877 3.56537
      vertex -4.42921 -5.23517 2.87563
      vertex -4.08281 -4.88877 2.52923
    endloop
  endfacet
  facet normal 0.707107 0 0.707107
    outer loop
      vertex -4.42921 -5.23517 2.87563
      vertex -3.87163 -5.31117 2.31805
      vertex -4.08281 -4.88877 2.52923
    endloop
  endfacet
  facet normal 0.707107 8.04866e-16 0.707107
    outer loop
      vertex -3.87163 -5.31117 2.31805
      vertex -4.42921 -5.23517 2.87563
      vertex -4.21801 -5.65755 2.66443
    endloop
  endfacet
  facet normal -0.408246 0.8165 0.408243
    outer loop
      vertex -3.87163 -5.31117 2.31805
      vertex -4.10374 -5.65755 2.77871
      vertex -2.38917 -5.31117 3.80052
    endloop
  endfacet
  facet normal -0.408266 0.816497 0.40823
    outer loop
      vertex -4.10374 -5.65755 2.77871
      vertex -3.87163 -5.31117 2.31805
      vertex -4.21801 -5.65755 2.66443
    endloop
  endfacet
  facet normal -0.408248 0.816497 0.408248
    outer loop
      vertex -2.38917 -5.31117 3.80052
      vertex -4.10374 -5.65755 2.77871
      vertex -2.73555 -5.65755 4.1469
    endloop
  endfacet
  facet normal -0.730938 0.0503457 -0.680584
    outer loop
      vertex -2.38917 -5.31117 3.80052
      vertex -2.79069 -5.53404 4.21526
      vertex -3.10465 -3.70852 4.68749
    endloop
  endfacet
  facet normal -0.730942 0.0503625 -0.680579
    outer loop
      vertex -2.79069 -5.53404 4.21526
      vertex -2.38917 -5.31117 3.80052
      vertex -2.73555 -5.65755 4.1469
    endloop
  endfacet
  facet normal -0.730935 0.0503471 -0.680588
    outer loop
      vertex -2.79069 -5.53404 4.21526
      vertex -3.4511 -4.05497 5.03394
      vertex -3.10465 -3.70852 4.68749
    endloop
  endfacet
  facet normal 0.408248 -0.816497 -0.408248
    outer loop
      vertex -3.93065 -4.05497 4.55439
      vertex -3.10465 -3.70852 4.68749
      vertex -3.4511 -4.05497 5.03394
    endloop
  endfacet
  facet normal 0.408248 -0.816497 -0.408248
    outer loop
      vertex -3.10465 -3.70852 4.68749
      vertex -3.93065 -4.05497 4.55439
      vertex -3.5842 -3.70852 4.20794
    endloop
  endfacet
  facet normal 0.761431 -0.635994 0.125437
    outer loop
      vertex -4.01003 -4.19286 4.33711
      vertex -3.5842 -3.70852 4.20794
      vertex -3.93065 -4.05497 4.55439
    endloop
  endfacet
  facet normal 0.76143 -0.636001 0.125406
    outer loop
      vertex -3.5842 -3.70852 4.20794
      vertex -4.01003 -4.19286 4.33711
      vertex -3.6636 -3.84642 3.99067
    endloop
  endfacet
  facet normal 0.547225 -0.798402 -0.251193
    outer loop
      vertex -4.17301 -4.23883 4.12817
      vertex -3.6636 -3.84642 3.99067
      vertex -4.01003 -4.19286 4.33711
    endloop
  endfacet
  facet normal 0.547232 -0.798404 -0.251172
    outer loop
      vertex -3.6636 -3.84642 3.99067
      vertex -4.17301 -4.23883 4.12817
      vertex -3.82657 -3.89239 3.78173
    endloop
  endfacet
  facet normal 0.279198 -0.804081 -0.524883
    outer loop
      vertex -4.00832 -3.85879 3.63358
      vertex -4.17301 -4.23883 4.12817
      vertex -4.35476 -4.20523 3.98002
    endloop
  endfacet
  facet normal 0.279198 -0.804081 -0.524883
    outer loop
      vertex -4.17301 -4.23883 4.12817
      vertex -4.00832 -3.85879 3.63358
      vertex -3.82657 -3.89239 3.78173
    endloop
  endfacet
  facet normal -0.073672 -0.667386 -0.741059
    outer loop
      vertex -4.35476 -4.20523 3.98002
      vertex -4.18254 -3.758 3.56013
      vertex -4.00832 -3.85879 3.63358
    endloop
  endfacet
  facet normal -0.0737073 -0.667377 -0.741063
    outer loop
      vertex -4.18254 -3.758 3.56013
      vertex -4.35476 -4.20523 3.98002
      vertex -4.52898 -4.10444 3.90658
    endloop
  endfacet
  facet normal -0.412114 -0.404386 -0.816477
    outer loop
      vertex -4.52898 -4.10444 3.90658
      vertex -4.33841 -3.60113 3.56111
      vertex -4.18254 -3.758 3.56013
    endloop
  endfacet
  facet normal -0.41208 -0.404404 -0.816485
    outer loop
      vertex -4.33841 -3.60113 3.56111
      vertex -4.52898 -4.10444 3.90658
      vertex -4.68486 -3.94758 3.90756
    endloop
  endfacet
  facet normal -0.63986 -0.119312 -0.759173
    outer loop
      vertex -4.8116 -3.74574 3.98266
      vertex -4.33841 -3.60113 3.56111
      vertex -4.68486 -3.94758 3.90756
    endloop
  endfacet
  facet normal -0.63986 -0.119312 -0.759173
    outer loop
      vertex -4.33841 -3.60113 3.56111
      vertex -4.8116 -3.74574 3.98266
      vertex -4.46514 -3.39928 3.6362
    endloop
  endfacet
  facet normal -0.757011 0.113526 -0.643464
    outer loop
      vertex -4.46514 -3.39928 3.6362
      vertex -4.89667 -3.52091 4.12242
      vertex -4.55021 -3.17444 3.77595
    endloop
  endfacet
  facet normal -0.757012 0.113555 -0.643457
    outer loop
      vertex -4.89667 -3.52091 4.12242
      vertex -4.46514 -3.39928 3.6362
      vertex -4.8116 -3.74574 3.98266
    endloop
  endfacet
  facet normal -0.816493 0.406143 -0.41035
    outer loop
      vertex -4.55021 -3.17444 3.77595
      vertex -4.89724 -3.35568 4.28707
      vertex -4.55077 -3.00921 3.9406
    endloop
  endfacet
  facet normal -0.816501 0.40611 -0.410367
    outer loop
      vertex -4.89724 -3.35568 4.28707
      vertex -4.55021 -3.17444 3.77595
      vertex -4.89667 -3.52091 4.12242
    endloop
  endfacet
  facet normal -0.736905 0.672966 -0.0639392
    outer loop
      vertex -4.89724 -3.35568 4.28707
      vertex -4.47355 -2.90767 4.11935
      vertex -4.55077 -3.00921 3.9406
    endloop
  endfacet
  facet normal -0.7369 0.672974 -0.0639048
    outer loop
      vertex -4.47355 -2.90767 4.11935
      vertex -4.89724 -3.35568 4.28707
      vertex -4.82002 -3.25415 4.46583
    endloop
  endfacet
  facet normal -0.525525 0.803935 0.27841
    outer loop
      vertex -4.32528 -2.87382 4.30146
      vertex -4.82002 -3.25415 4.46583
      vertex -4.67176 -3.2203 4.64794
    endloop
  endfacet
  facet normal -0.525516 0.803933 0.278432
    outer loop
      vertex -4.82002 -3.25415 4.46583
      vertex -4.32528 -2.87382 4.30146
      vertex -4.47355 -2.90767 4.11935
    endloop
  endfacet
  facet normal -0.312345 0.809497 0.497147
    outer loop
      vertex -4.32528 -2.87382 4.30146
      vertex -4.66051 -3.22189 4.6576
      vertex -4.17885 -2.89453 4.42718
    endloop
  endfacet
  facet normal -0.31242 0.809506 0.497085
    outer loop
      vertex -4.66051 -3.22189 4.6576
      vertex -4.32528 -2.87382 4.30146
      vertex -4.67176 -3.2203 4.64794
    endloop
  endfacet
  facet normal -0.31234 0.809494 0.497154
    outer loop
      vertex -4.17885 -2.89453 4.42718
      vertex -4.66051 -3.22189 4.6576
      vertex -4.52533 -3.24101 4.77366
    endloop
  endfacet
  facet normal -0.0580668 0.734355 0.676278
    outer loop
      vertex -4.17885 -2.89453 4.42718
      vertex -4.51444 -3.24578 4.77978
      vertex -4.03707 -2.95667 4.50683
    endloop
  endfacet
  facet normal -0.0582895 0.734447 0.676158
    outer loop
      vertex -4.51444 -3.24578 4.77978
      vertex -4.17885 -2.89453 4.42718
      vertex -4.52533 -3.24101 4.77366
    endloop
  endfacet
  facet normal -0.0580242 0.734322 0.676317
    outer loop
      vertex -4.03707 -2.95667 4.50683
      vertex -4.51444 -3.24578 4.77978
      vertex -4.38355 -3.30315 4.8533
    endloop
  endfacet
  facet normal 0.256025 0.543432 0.799458
    outer loop
      vertex -4.03707 -2.95667 4.50683
      vertex -4.24661 -3.41077 4.88261
      vertex -3.90014 -3.0643 4.53614
    endloop
  endfacet
  facet normal 0.255982 0.543452 0.799458
    outer loop
      vertex -4.24661 -3.41077 4.88261
      vertex -4.03707 -2.95667 4.50683
      vertex -4.38355 -3.30315 4.8533
    endloop
  endfacet
  facet normal 0.509322 0.298008 0.80733
    outer loop
      vertex -4.24661 -3.41077 4.88261
      vertex -3.76823 -3.22145 4.51093
      vertex -3.90014 -3.0643 4.53614
    endloop
  endfacet
  facet normal 0.509305 0.298045 0.807327
    outer loop
      vertex -3.76823 -3.22145 4.51093
      vertex -4.24661 -3.41077 4.88261
      vertex -4.11469 -3.56791 4.8574
    endloop
  endfacet
  facet normal -0.464581 0.813771 0.3492
    outer loop
      vertex -3.29963 -3.17495 5.02602
      vertex -4.11469 -3.56791 4.8574
      vertex -3.6461 -3.52142 5.37248
    endloop
  endfacet
  facet normal -0.464581 0.813777 0.349186
    outer loop
      vertex -4.11469 -3.56791 4.8574
      vertex -3.29963 -3.17495 5.02602
      vertex -3.76823 -3.22145 4.51093
    endloop
  endfacet
  facet normal -0.537689 -0.263273 -0.800985
    outer loop
      vertex -3.90257 -3.19882 5.43861
      vertex -3.29963 -3.17495 5.02602
      vertex -3.6461 -3.52142 5.37248
    endloop
  endfacet
  facet normal -0.537685 -0.263296 -0.800981
    outer loop
      vertex -3.29963 -3.17495 5.02602
      vertex -3.90257 -3.19882 5.43861
      vertex -3.55609 -2.85234 5.09213
    endloop
  endfacet
  facet normal -0.260077 -0.540237 -0.800315
    outer loop
      vertex -3.90257 -3.19882 5.43861
      vertex -3.85468 -2.61614 5.02972
      vertex -3.55609 -2.85234 5.09213
    endloop
  endfacet
  facet normal -0.260077 -0.540237 -0.800315
    outer loop
      vertex -3.85468 -2.61614 5.02972
      vertex -3.90257 -3.19882 5.43861
      vertex -4.20117 -2.96263 5.37621
    endloop
  endfacet
  facet normal 0.0608213 -0.735553 -0.674732
    outer loop
      vertex -4.18718 -2.47139 4.84195
      vertex -4.20117 -2.96263 5.37621
      vertex -4.53367 -2.81788 5.18844
    endloop
  endfacet
  facet normal 0.0608213 -0.735553 -0.674732
    outer loop
      vertex -4.20117 -2.96263 5.37621
      vertex -4.18718 -2.47139 4.84195
      vertex -3.85468 -2.61614 5.02972
    endloop
  endfacet
  facet normal 0.317323 -0.810186 -0.492854
    outer loop
      vertex -4.54535 -2.42314 4.53202
      vertex -4.53367 -2.81788 5.18844
      vertex -4.89185 -2.76963 4.87851
    endloop
  endfacet
  facet normal 0.317331 -0.810184 -0.492853
    outer loop
      vertex -4.53367 -2.81788 5.18844
      vertex -4.54535 -2.42314 4.53202
      vertex -4.18718 -2.47139 4.84195
    endloop
  endfacet
  facet normal 0.510206 -0.807164 -0.296944
    outer loop
      vertex -5.2384 -2.83657 4.46503
      vertex -4.54535 -2.42314 4.53202
      vertex -4.89185 -2.76963 4.87851
    endloop
  endfacet
  facet normal 0.510207 -0.807167 -0.296937
    outer loop
      vertex -4.54535 -2.42314 4.53202
      vertex -5.2384 -2.83657 4.46503
      vertex -4.8919 -2.49008 4.11853
    endloop
  endfacet
  facet normal -0.577371 0.577368 0.577312
    outer loop
      vertex -4.0662 4.29123 3.14317
      vertex -4.61533 3.91714 2.96811
      vertex -4.46762 3.65917 3.37383
    endloop
  endfacet
  facet normal -0.57737 0.577377 0.577304
    outer loop
      vertex -3.53619 4.13971 3.82478
      vertex -3.6996 4.07255 3.72852
      vertex -3.62772 3.65845 4.21456
    endloop
  endfacet
  facet normal -0.577378 0.577374 0.577299
    outer loop
      vertex -3.85089 4.07812 3.57164
      vertex -4.46762 3.65917 3.37383
      vertex -4.23308 3.52088 3.74671
    endloop
  endfacet
  facet normal -0.577373 0.577384 0.577294
    outer loop
      vertex -4.95144 3.49059 3.05855
      vertex -5.76545 3.29293 2.44212
      vertex -5.45728 2.98476 3.05855
    endloop
  endfacet
  facet normal -0.577349 0.577404 0.577298
    outer loop
      vertex -3.36854 4.27529 3.85684
      vertex -3.53619 4.13971 3.82478
      vertex -3.30117 3.92437 4.2752
    endloop
  endfacet
  facet normal -0.577368 0.577392 0.577291
    outer loop
      vertex -3.14369 4.10206 4.25498
      vertex -3.36854 4.27529 3.85684
      vertex -3.30117 3.92437 4.2752
    endloop
  endfacet
  facet normal -0.577389 0.577356 0.577306
    outer loop
      vertex -2.92219 4.61657 3.96194
      vertex -3.23699 4.43689 3.82679
      vertex -2.94934 4.45555 4.09582
    endloop
  endfacet
  facet normal -0.577385 0.577378 0.577288
    outer loop
      vertex -2.52172 5.1787 3.80026
      vertex -3.16421 4.73954 3.59689
      vertex -2.92219 4.61657 3.96194
    endloop
  endfacet
  facet normal -0.577384 0.577368 0.577299
    outer loop
      vertex -3.23699 4.43689 3.82679
      vertex -3.36854 4.27529 3.85684
      vertex -3.0248 4.28158 4.19434
    endloop
  endfacet
  facet normal -0.577383 0.577368 0.577299
    outer loop
      vertex -3.6996 4.07255 3.72852
      vertex -3.94574 3.52231 4.03265
      vertex -3.62772 3.65845 4.21456
    endloop
  endfacet
  facet normal -0.577378 0.577379 0.577294
    outer loop
      vertex -4.12402 4.97477 2.40171
      vertex -4.43825 4.59588 2.46638
      vertex -4.01785 4.6043 2.87842
    endloop
  endfacet
  facet normal -0.577373 0.577374 0.577304
    outer loop
      vertex -2.52172 5.1787 3.80026
      vertex -2.92219 4.61657 3.96194
      vertex -2.2472 4.78562 4.46794
    endloop
  endfacet
  facet normal -0.57737 0.577371 0.57731
    outer loop
      vertex -2.2472 4.78562 4.46794
      vertex -2.68852 4.1571 4.65516
      vertex -2.18548 4.36817 4.94716
    endloop
  endfacet
  facet normal -0.57737 0.577374 0.577307
    outer loop
      vertex -2.68852 4.1571 4.65516
      vertex -2.737 3.93736 4.82644
      vertex -2.18548 4.36817 4.94716
    endloop
  endfacet
  facet normal -0.577375 0.577372 0.577304
    outer loop
      vertex -2.32926 3.93566 5.23593
      vertex -2.737 3.93736 4.82644
      vertex -2.67123 3.49744 5.33219
    endloop
  endfacet
  facet normal -0.577376 0.577373 0.577302
    outer loop
      vertex -2.88502 3.73225 4.88354
      vertex -3.11002 3.57747 4.81331
      vertex -2.97142 3.23715 5.29229
    endloop
  endfacet
  facet normal -0.577389 0.577374 0.577288
    outer loop
      vertex -3.323 3.57515 4.60262
      vertex -3.7494 3.07398 4.67739
      vertex -3.50194 3.02995 4.96893
    endloop
  endfacet
  facet normal -0.577378 0.577376 0.577296
    outer loop
      vertex -3.323 3.57515 4.60262
      vertex -3.50194 3.02995 4.96893
      vertex -3.11002 3.57747 4.81331
    endloop
  endfacet
  facet normal -0.577368 0.577373 0.57731
    outer loop
      vertex -3.11002 3.57747 4.81331
      vertex -3.50194 3.02995 4.96893
      vertex -3.24547 3.08283 5.17254
    endloop
  endfacet
  facet normal -0.577381 0.577369 0.5773
    outer loop
      vertex -3.11002 3.57747 4.81331
      vertex -3.24547 3.08283 5.17254
      vertex -2.97142 3.23715 5.29229
    endloop
  endfacet
  facet normal -0.577367 0.577376 0.577308
    outer loop
      vertex -2.88502 3.73225 4.88354
      vertex -2.97142 3.23715 5.29229
      vertex -2.67123 3.49744 5.33219
    endloop
  endfacet
  facet normal -0.577366 0.577378 0.577308
    outer loop
      vertex -2.737 3.93736 4.82644
      vertex -2.88502 3.73225 4.88354
      vertex -2.67123 3.49744 5.33219
    endloop
  endfacet
  facet normal -0.577372 0.577378 0.577301
    outer loop
      vertex -2.18548 4.36817 4.94716
      vertex -2.737 3.93736 4.82644
      vertex -2.32926 3.93566 5.23593
    endloop
  endfacet
  facet normal -0.57737 0.577371 0.57731
    outer loop
      vertex -2.2472 4.78562 4.46794
      vertex -2.74758 4.38551 4.36766
      vertex -2.68852 4.1571 4.65516
    endloop
  endfacet
  facet normal -0.577372 0.577375 0.577303
    outer loop
      vertex -2.2472 4.78562 4.46794
      vertex -2.92219 4.61657 3.96194
      vertex -2.74758 4.38551 4.36766
    endloop
  endfacet
  facet normal -0.57739 0.577378 0.577283
    outer loop
      vertex -2.88414 5.42428 3.19218
      vertex -3.36814 4.94127 3.19118
      vertex -3.22902 4.85334 3.41827
    endloop
  endfacet
  facet normal -0.577361 0.577388 0.577302
    outer loop
      vertex -3.69468 5.31595 2.48988
      vertex -3.71637 4.8992 2.885
      vertex -3.537 4.95656 3.00702
    endloop
  endfacet
  facet normal -0.577376 0.577381 0.577293
    outer loop
      vertex -3.69468 5.31595 2.48988
      vertex -4.12402 4.97477 2.40171
      vertex -3.71637 4.8992 2.885
    endloop
  endfacet
  facet normal -0.577385 0.577367 0.577299
    outer loop
      vertex -3.71637 4.8992 2.885
      vertex -4.12402 4.97477 2.40171
      vertex -3.887 4.76924 2.84432
    endloop
  endfacet
  facet normal -0.577382 0.57737 0.577299
    outer loop
      vertex -4.07784 4.44201 2.98073
      vertex -4.60378 4.23635 2.6604
      vertex -4.0662 4.29123 3.14317
    endloop
  endfacet
  facet normal -0.577354 0.577373 0.577324
    outer loop
      vertex -3.27825 5.46792 2.75438
      vertex -3.537 4.95656 3.00702
      vertex -3.36814 4.94127 3.19118
    endloop
  endfacet
  facet normal -0.57738 0.577373 0.577297
    outer loop
      vertex -3.27825 5.46792 2.75438
      vertex -3.69468 5.31595 2.48988
      vertex -3.537 4.95656 3.00702
    endloop
  endfacet
  facet normal -0.577377 0.577365 0.577309
    outer loop
      vertex -3.27825 5.46792 2.75438
      vertex -3.36814 4.94127 3.19118
      vertex -2.88414 5.42428 3.19218
    endloop
  endfacet
  facet normal -0.577375 0.577376 0.5773
    outer loop
      vertex -2.88414 5.42428 3.19218
      vertex -3.22902 4.85334 3.41827
      vertex -2.52172 5.1787 3.80026
    endloop
  endfacet
  facet normal -0.577377 0.577348 0.577326
    outer loop
      vertex -2.52172 5.1787 3.80026
      vertex -3.22902 4.85334 3.41827
      vertex -3.16421 4.73954 3.59689
    endloop
  endfacet
  facet normal -0.577391 0.57737 0.57729
    outer loop
      vertex -3.16787 4.59619 3.7366
      vertex -3.23699 4.43689 3.82679
      vertex -2.92219 4.61657 3.96194
    endloop
  endfacet
  facet normal -0.57739 0.577372 0.577289
    outer loop
      vertex -3.16421 4.73954 3.59689
      vertex -3.16787 4.59619 3.7366
      vertex -2.92219 4.61657 3.96194
    endloop
  endfacet
  facet normal -0.577383 0.577369 0.577299
    outer loop
      vertex -2.94934 4.45555 4.09582
      vertex -3.23699 4.43689 3.82679
      vertex -3.0248 4.28158 4.19434
    endloop
  endfacet
  facet normal -0.577378 0.577381 0.577292
    outer loop
      vertex -3.0248 4.28158 4.19434
      vertex -3.36854 4.27529 3.85684
      vertex -3.14369 4.10206 4.25498
    endloop
  endfacet
  facet normal -0.577378 0.577374 0.577299
    outer loop
      vertex -3.53619 4.13971 3.82478
      vertex -3.62772 3.65845 4.21456
      vertex -3.30117 3.92437 4.2752
    endloop
  endfacet
  facet normal -0.577378 0.577369 0.577304
    outer loop
      vertex -3.85089 4.07812 3.57164
      vertex -3.94574 3.52231 4.03265
      vertex -3.6996 4.07255 3.72852
    endloop
  endfacet
  facet normal -0.57737 0.577372 0.577309
    outer loop
      vertex -3.85089 4.07812 3.57164
      vertex -4.23308 3.52088 3.74671
      vertex -3.94574 3.52231 4.03265
    endloop
  endfacet
  facet normal -0.577378 0.577376 0.577297
    outer loop
      vertex -3.98215 4.16081 3.35766
      vertex -4.46762 3.65917 3.37383
      vertex -3.85089 4.07812 3.57164
    endloop
  endfacet
  facet normal -0.577369 0.577367 0.577314
    outer loop
      vertex -4.0662 4.29123 3.14317
      vertex -4.46762 3.65917 3.37383
      vertex -3.98215 4.16081 3.35766
    endloop
  endfacet
  facet normal -0.577376 0.577384 0.577291
    outer loop
      vertex -4.60378 4.23635 2.6604
      vertex -4.61533 3.91714 2.96811
      vertex -4.0662 4.29123 3.14317
    endloop
  endfacet
  facet normal -0.577382 0.57737 0.5773
    outer loop
      vertex -4.43825 4.59588 2.46638
      vertex -4.60378 4.23635 2.6604
      vertex -4.07784 4.44201 2.98073
    endloop
  endfacet
  facet normal -0.577366 0.577387 0.577298
    outer loop
      vertex -3.887 4.76924 2.84432
      vertex -4.12402 4.97477 2.40171
      vertex -4.01785 4.6043 2.87842
    endloop
  endfacet
  facet normal -0.577384 0.577367 0.5773
    outer loop
      vertex -4.01785 4.6043 2.87842
      vertex -4.43825 4.59588 2.46638
      vertex -4.07784 4.44201 2.98073
    endloop
  endfacet
  facet normal -0.577378 0.577366 0.577307
    outer loop
      vertex -5.25962 3.79877 2.44212
      vertex -5.76545 3.29293 2.44212
      vertex -4.95144 3.49059 3.05855
    endloop
  endfacet
  facet normal 0.725026 0.0372951 0.68771
    outer loop
      vertex -4.95027 4.58284 3.00689
      vertex -4.43825 4.59588 2.46638
      vertex -4.78474 4.94238 2.81288
    endloop
  endfacet
  facet normal 0.725026 0.0373155 0.68771
    outer loop
      vertex -4.43825 4.59588 2.46638
      vertex -4.95027 4.58284 3.00689
      vertex -4.60378 4.23635 2.6604
    endloop
  endfacet
  facet normal 0.816082 0.385521 0.430561
    outer loop
      vertex -4.9618 4.26361 3.31458
      vertex -4.60378 4.23635 2.6604
      vertex -4.95027 4.58284 3.00689
    endloop
  endfacet
  facet normal 0.816082 0.385521 0.430561
    outer loop
      vertex -4.60378 4.23635 2.6604
      vertex -4.9618 4.26361 3.31458
      vertex -4.61533 3.91714 2.96811
    endloop
  endfacet
  facet normal 0.761843 0.635277 0.126566
    outer loop
      vertex -4.46762 3.65917 3.37383
      vertex -4.9618 4.26361 3.31458
      vertex -4.81408 4.00563 3.72029
    endloop
  endfacet
  facet normal 0.761843 0.635277 0.126566
    outer loop
      vertex -4.9618 4.26361 3.31458
      vertex -4.46762 3.65917 3.37383
      vertex -4.61533 3.91714 2.96811
    endloop
  endfacet
  facet normal 0.639197 0.759567 -0.120352
    outer loop
      vertex -4.46762 3.65917 3.37383
      vertex -4.79605 3.99499 3.74895
      vertex -4.23308 3.52088 3.74671
    endloop
  endfacet
  facet normal 0.639294 0.759508 -0.120213
    outer loop
      vertex -4.79605 3.99499 3.74895
      vertex -4.46762 3.65917 3.37383
      vertex -4.81408 4.00563 3.72029
    endloop
  endfacet
  facet normal 0.639194 0.759564 -0.120392
    outer loop
      vertex -4.23308 3.52088 3.74671
      vertex -4.79605 3.99499 3.74895
      vertex -4.57952 3.86733 4.09315
    endloop
  endfacet
  facet normal 0.405219 0.816481 -0.411286
    outer loop
      vertex -3.94574 3.52231 4.03265
      vertex -4.57952 3.86733 4.09315
      vertex -4.29217 3.86875 4.37908
    endloop
  endfacet
  facet normal 0.405219 0.816481 -0.411286
    outer loop
      vertex -4.57952 3.86733 4.09315
      vertex -3.94574 3.52231 4.03265
      vertex -4.23308 3.52088 3.74671
    endloop
  endfacet
  facet normal 0.0676038 0.73849 -0.670867
    outer loop
      vertex -3.94574 3.52231 4.03265
      vertex -3.97414 4.00487 4.56099
      vertex -3.62772 3.65845 4.21456
    endloop
  endfacet
  facet normal 0.0676467 0.738489 -0.670864
    outer loop
      vertex -3.97414 4.00487 4.56099
      vertex -3.94574 3.52231 4.03265
      vertex -4.29217 3.86875 4.37908
    endloop
  endfacet
  facet normal -0.278558 0.525404 -0.803963
    outer loop
      vertex -3.62772 3.65845 4.21456
      vertex -3.94901 4.02534 4.56565
      vertex -3.30117 3.92437 4.2752
    endloop
  endfacet
  facet normal -0.278763 0.525252 -0.803991
    outer loop
      vertex -3.94901 4.02534 4.56565
      vertex -3.62772 3.65845 4.21456
      vertex -3.97414 4.00487 4.56099
    endloop
  endfacet
  facet normal -0.278558 0.525405 -0.803962
    outer loop
      vertex -3.30117 3.92437 4.2752
      vertex -3.94901 4.02534 4.56565
      vertex -3.64759 4.27079 4.62162
    endloop
  endfacet
  facet normal -0.479512 0.332565 -0.812077
    outer loop
      vertex -3.64759 4.27079 4.62162
      vertex -3.14369 4.10206 4.25498
      vertex -3.30117 3.92437 4.2752
    endloop
  endfacet
  facet normal -0.479521 0.332545 -0.81208
    outer loop
      vertex -3.14369 4.10206 4.25498
      vertex -3.64759 4.27079 4.62162
      vertex -3.49012 4.44848 4.6014
    endloop
  endfacet
  facet normal -0.61984 0.150336 -0.770193
    outer loop
      vertex -3.49012 4.44848 4.6014
      vertex -3.0248 4.28158 4.19434
      vertex -3.14369 4.10206 4.25498
    endloop
  endfacet
  facet normal -0.619831 0.150364 -0.770195
    outer loop
      vertex -3.0248 4.28158 4.19434
      vertex -3.49012 4.44848 4.6014
      vertex -3.37123 4.62801 4.54077
    endloop
  endfacet
  facet normal -0.736166 -0.0620908 -0.673947
    outer loop
      vertex -2.94934 4.45555 4.09582
      vertex -3.37123 4.62801 4.54077
      vertex -3.36542 4.6414 4.53319
    endloop
  endfacet
  facet normal -0.736196 -0.0623021 -0.673894
    outer loop
      vertex -3.37123 4.62801 4.54077
      vertex -2.94934 4.45555 4.09582
      vertex -3.0248 4.28158 4.19434
    endloop
  endfacet
  facet normal -0.736202 -0.0623161 -0.673886
    outer loop
      vertex -2.94934 4.45555 4.09582
      vertex -3.36542 4.6414 4.53319
      vertex -3.29577 4.80198 4.44225
    endloop
  endfacet
  facet normal -0.806309 -0.291823 -0.514496
    outer loop
      vertex -2.94934 4.45555 4.09582
      vertex -3.29368 4.81437 4.43194
      vertex -2.92219 4.61657 3.96194
    endloop
  endfacet
  facet normal -0.80634 -0.291988 -0.514353
    outer loop
      vertex -3.29368 4.81437 4.43194
      vertex -2.94934 4.45555 4.09582
      vertex -3.29577 4.80198 4.44225
    endloop
  endfacet
  facet normal -0.806311 -0.291792 -0.51451
    outer loop
      vertex -2.92219 4.61657 3.96194
      vertex -3.29368 4.81437 4.43194
      vertex -3.26862 4.96301 4.30837
    endloop
  endfacet
  facet normal 0.737531 0.672139 0.0653938
    outer loop
      vertex -2.74758 4.38551 4.36766
      vertex -3.26862 4.96301 4.30837
      vertex -3.094 4.73193 4.71407
    endloop
  endfacet
  facet normal 0.737533 0.672139 0.0653746
    outer loop
      vertex -3.26862 4.96301 4.30837
      vertex -2.74758 4.38551 4.36766
      vertex -2.92219 4.61657 3.96194
    endloop
  endfacet
  facet normal 0.800897 0.538003 0.262902
    outer loop
      vertex -2.68852 4.1571 4.65516
      vertex -3.094 4.73193 4.71407
      vertex -3.03493 4.50351 5.00156
    endloop
  endfacet
  facet normal 0.800897 0.538003 0.262902
    outer loop
      vertex -3.094 4.73193 4.71407
      vertex -2.68852 4.1571 4.65516
      vertex -2.74758 4.38551 4.36766
    endloop
  endfacet
  facet normal 0.7983 0.250727 0.547588
    outer loop
      vertex -3.0834 4.28376 5.17284
      vertex -2.68852 4.1571 4.65516
      vertex -3.03493 4.50351 5.00156
    endloop
  endfacet
  facet normal 0.798302 0.250707 0.547595
    outer loop
      vertex -2.68852 4.1571 4.65516
      vertex -3.0834 4.28376 5.17284
      vertex -2.737 3.93736 4.82644
    endloop
  endfacet
  facet normal 0.583795 -0.202458 0.786253
    outer loop
      vertex -3.23142 4.07865 5.22993
      vertex -2.737 3.93736 4.82644
      vertex -3.0834 4.28376 5.17284
    endloop
  endfacet
  facet normal 0.583805 -0.202426 0.786254
    outer loop
      vertex -2.737 3.93736 4.82644
      vertex -3.23142 4.07865 5.22993
      vertex -2.88502 3.73225 4.88354
    endloop
  endfacet
  facet normal 0.173106 -0.604467 0.777595
    outer loop
      vertex -3.23142 4.07865 5.22993
      vertex -3.11002 3.57747 4.81331
      vertex -2.88502 3.73225 4.88354
    endloop
  endfacet
  facet normal 0.173135 -0.604459 0.777595
    outer loop
      vertex -3.11002 3.57747 4.81331
      vertex -3.23142 4.07865 5.22993
      vertex -3.45642 3.92387 5.15971
    endloop
  endfacet
  facet normal -0.401553 -0.81646 0.414908
    outer loop
      vertex -3.323 3.57515 4.60262
      vertex -3.45642 3.92387 5.15971
      vertex -3.66941 3.92156 4.94903
    endloop
  endfacet
  facet normal -0.401553 -0.81646 0.414908
    outer loop
      vertex -3.45642 3.92387 5.15971
      vertex -3.323 3.57515 4.60262
      vertex -3.11002 3.57747 4.81331
    endloop
  endfacet
  facet normal 0.502103 -0.30655 0.808653
    outer loop
      vertex -4.09581 3.42039 5.0238
      vertex -3.323 3.57515 4.60262
      vertex -3.66941 3.92156 4.94903
    endloop
  endfacet
  facet normal 0.502103 -0.30655 0.808653
    outer loop
      vertex -3.323 3.57515 4.60262
      vertex -4.09581 3.42039 5.0238
      vertex -3.7494 3.07398 4.67739
    endloop
  endfacet
  facet normal 0.50332 0.808442 -0.305107
    outer loop
      vertex -3.50194 3.02995 4.96893
      vertex -4.09581 3.42039 5.0238
      vertex -3.84834 3.37634 5.31532
    endloop
  endfacet
  facet normal 0.503317 0.808439 -0.305122
    outer loop
      vertex -4.09581 3.42039 5.0238
      vertex -3.50194 3.02995 4.96893
      vertex -3.7494 3.07398 4.67739
    endloop
  endfacet
  facet normal 0.262347 0.800791 -0.538431
    outer loop
      vertex -3.50194 3.02995 4.96893
      vertex -3.82857 3.38041 5.33101
      vertex -3.24547 3.08283 5.17254
    endloop
  endfacet
  facet normal 0.262414 0.800803 -0.538381
    outer loop
      vertex -3.82857 3.38041 5.33101
      vertex -3.50194 3.02995 4.96893
      vertex -3.84834 3.37634 5.31532
    endloop
  endfacet
  facet normal 0.262352 0.800796 -0.538421
    outer loop
      vertex -3.24547 3.08283 5.17254
      vertex -3.82857 3.38041 5.33101
      vertex -3.59186 3.42921 5.51893
    endloop
  endfacet
  facet normal -0.0593101 0.675589 -0.734889
    outer loop
      vertex -3.24547 3.08283 5.17254
      vertex -3.57073 3.44111 5.52816
      vertex -2.97142 3.23715 5.29229
    endloop
  endfacet
  facet normal -0.0594156 0.675534 -0.734931
    outer loop
      vertex -3.57073 3.44111 5.52816
      vertex -3.24547 3.08283 5.17254
      vertex -3.59186 3.42921 5.51893
    endloop
  endfacet
  facet normal -0.0593159 0.67558 -0.734896
    outer loop
      vertex -2.97142 3.23715 5.29229
      vertex -3.57073 3.44111 5.52816
      vertex -3.3178 3.58353 5.63867
    endloop
  endfacet
  facet normal -0.318647 0.491713 -0.81036
    outer loop
      vertex -2.97142 3.23715 5.29229
      vertex -3.01761 3.84382 5.67857
      vertex -2.67123 3.49744 5.33219
    endloop
  endfacet
  facet normal -0.318647 0.491713 -0.81036
    outer loop
      vertex -3.01761 3.84382 5.67857
      vertex -2.97142 3.23715 5.29229
      vertex -3.3178 3.58353 5.63867
    endloop
  endfacet
  facet normal -0.547002 0.251467 -0.798469
    outer loop
      vertex -3.01761 3.84382 5.67857
      vertex -2.32926 3.93566 5.23593
      vertex -2.67123 3.49744 5.33219
    endloop
  endfacet
  facet normal -0.547001 0.251485 -0.798464
    outer loop
      vertex -2.32926 3.93566 5.23593
      vertex -3.01761 3.84382 5.67857
      vertex -2.67564 4.28204 5.58232
    endloop
  endfacet
  facet normal -0.771803 -0.155135 -0.616646
    outer loop
      vertex -2.18548 4.36817 4.94716
      vertex -2.67564 4.28204 5.58232
      vertex -2.53187 4.71457 5.29356
    endloop
  endfacet
  facet normal -0.771803 -0.155139 -0.616646
    outer loop
      vertex -2.67564 4.28204 5.58232
      vertex -2.18548 4.36817 4.94716
      vertex -2.32926 3.93566 5.23593
    endloop
  endfacet
  facet normal -0.810752 -0.489108 -0.321644
    outer loop
      vertex -2.18548 4.36817 4.94716
      vertex -2.59361 5.13203 4.81435
      vertex -2.2472 4.78562 4.46794
    endloop
  endfacet
  facet normal -0.810758 -0.489108 -0.321627
    outer loop
      vertex -2.59361 5.13203 4.81435
      vertex -2.18548 4.36817 4.94716
      vertex -2.53187 4.71457 5.29356
    endloop
  endfacet
  facet normal -0.745058 -0.661781 -0.0832729
    outer loop
      vertex -2.2472 4.78562 4.46794
      vertex -2.61475 5.1623 4.76295
      vertex -2.52172 5.1787 3.80026
    endloop
  endfacet
  facet normal -0.745064 -0.661772 -0.0832917
    outer loop
      vertex -2.61475 5.1623 4.76295
      vertex -2.2472 4.78562 4.46794
      vertex -2.59361 5.13203 4.81435
    endloop
  endfacet
  facet normal -0.745056 -0.661783 -0.0832727
    outer loop
      vertex -2.61475 5.1623 4.76295
      vertex -2.86816 5.52514 4.1467
      vertex -2.52172 5.1787 3.80026
    endloop
  endfacet
  facet normal -0.657763 -0.747822 0.0900592
    outer loop
      vertex -2.89604 5.54403 4.09993
      vertex -2.52172 5.1787 3.80026
      vertex -2.86816 5.52514 4.1467
    endloop
  endfacet
  facet normal -0.657778 -0.747812 0.090028
    outer loop
      vertex -2.52172 5.1787 3.80026
      vertex -2.89604 5.54403 4.09993
      vertex -2.88414 5.42428 3.19218
    endloop
  endfacet
  facet normal -0.657792 -0.7478 0.0900262
    outer loop
      vertex -2.89604 5.54403 4.09993
      vertex -3.2306 5.77075 3.53865
      vertex -2.88414 5.42428 3.19218
    endloop
  endfacet
  facet normal -0.470574 -0.813141 0.342581
    outer loop
      vertex -3.62474 5.8144 3.10086
      vertex -2.88414 5.42428 3.19218
      vertex -3.2306 5.77075 3.53865
    endloop
  endfacet
  facet normal -0.470576 -0.813149 0.34256
    outer loop
      vertex -2.88414 5.42428 3.19218
      vertex -3.62474 5.8144 3.10086
      vertex -3.27825 5.46792 2.75438
    endloop
  endfacet
  facet normal -0.125877 -0.761583 0.635725
    outer loop
      vertex -3.69468 5.31595 2.48988
      vertex -3.62474 5.8144 3.10086
      vertex -4.04118 5.66245 2.83637
    endloop
  endfacet
  facet normal -0.125858 -0.761586 0.635725
    outer loop
      vertex -3.62474 5.8144 3.10086
      vertex -3.69468 5.31595 2.48988
      vertex -3.27825 5.46792 2.75438
    endloop
  endfacet
  facet normal 0.262984 -0.537919 0.800926
    outer loop
      vertex -4.04118 5.66245 2.83637
      vertex -4.12402 4.97477 2.40171
      vertex -3.69468 5.31595 2.48988
    endloop
  endfacet
  facet normal 0.263003 -0.537918 0.800921
    outer loop
      vertex -4.12402 4.97477 2.40171
      vertex -4.04118 5.66245 2.83637
      vertex -4.47052 5.32127 2.74821
    endloop
  endfacet
  facet normal 0.515829 -0.290209 0.806039
    outer loop
      vertex -4.78474 4.94238 2.81288
      vertex -4.12402 4.97477 2.40171
      vertex -4.47052 5.32127 2.74821
    endloop
  endfacet
  facet normal 0.515828 -0.290222 0.806035
    outer loop
      vertex -4.12402 4.97477 2.40171
      vertex -4.78474 4.94238 2.81288
      vertex -4.43825 4.59588 2.46638
    endloop
  endfacet
  facet normal 0.166364 0.775457 -0.609088
    outer loop
      vertex -3.71637 4.8992 2.885
      vertex -3.88348 5.30303 3.35349
      vertex -3.537 4.95656 3.00702
    endloop
  endfacet
  facet normal 0.166372 0.775458 -0.609086
    outer loop
      vertex -3.88348 5.30303 3.35349
      vertex -3.71637 4.8992 2.885
      vertex -4.06285 5.24568 3.23148
    endloop
  endfacet
  facet normal 0.46 0.814209 -0.354208
    outer loop
      vertex -3.36814 4.94127 3.19118
      vertex -3.88348 5.30303 3.35349
      vertex -3.71461 5.28774 3.53765
    endloop
  endfacet
  facet normal 0.460008 0.814212 -0.35419
    outer loop
      vertex -3.88348 5.30303 3.35349
      vertex -3.36814 4.94127 3.19118
      vertex -3.537 4.95656 3.00702
    endloop
  endfacet
  facet normal 0.648509 0.753882 -0.105351
    outer loop
      vertex -3.22902 4.85334 3.41827
      vertex -3.71461 5.28774 3.53765
      vertex -3.57548 5.19979 3.76473
    endloop
  endfacet
  facet normal 0.648503 0.753883 -0.10538
    outer loop
      vertex -3.71461 5.28774 3.53765
      vertex -3.22902 4.85334 3.41827
      vertex -3.36814 4.94127 3.19118
    endloop
  endfacet
  facet normal 0.762176 0.634694 0.127481
    outer loop
      vertex -3.16421 4.73954 3.59689
      vertex -3.51565 5.09474 3.92961
      vertex -3.51066 5.08599 3.94334
    endloop
  endfacet
  facet normal 0.762252 0.634558 0.127708
    outer loop
      vertex -3.51565 5.09474 3.92961
      vertex -3.16421 4.73954 3.59689
      vertex -3.22902 4.85334 3.41827
    endloop
  endfacet
  facet normal 0.762248 0.634563 0.127703
    outer loop
      vertex -3.22902 4.85334 3.41827
      vertex -3.57548 5.19979 3.76473
      vertex -3.51565 5.09474 3.92961
    endloop
  endfacet
  facet normal 0.81629 0.39241 0.423892
    outer loop
      vertex -3.16787 4.59619 3.7366
      vertex -3.51404 4.95366 4.0723
      vertex -3.51432 4.94263 4.08305
    endloop
  endfacet
  facet normal 0.816288 0.392348 0.423955
    outer loop
      vertex -3.51404 4.95366 4.0723
      vertex -3.16787 4.59619 3.7366
      vertex -3.16421 4.73954 3.59689
    endloop
  endfacet
  facet normal 0.816292 0.392323 0.42397
    outer loop
      vertex -3.51066 5.08599 3.94334
      vertex -3.51404 4.95366 4.0723
      vertex -3.16421 4.73954 3.59689
    endloop
  endfacet
  facet normal 0.736133 0.0621372 0.673978
    outer loop
      vertex -3.58343 4.78333 4.17323
      vertex -3.16787 4.59619 3.7366
      vertex -3.57812 4.79559 4.1663
    endloop
  endfacet
  facet normal 0.736138 0.0621686 0.67397
    outer loop
      vertex -3.16787 4.59619 3.7366
      vertex -3.58343 4.78333 4.17323
      vertex -3.23699 4.43689 3.82679
    endloop
  endfacet
  facet normal 0.73614 0.0621741 0.673968
    outer loop
      vertex -3.51432 4.94263 4.08305
      vertex -3.57812 4.79559 4.1663
      vertex -3.16787 4.59619 3.7366
    endloop
  endfacet
  facet normal 0.525574 -0.27835 0.803924
    outer loop
      vertex -3.71498 4.62173 4.20328
      vertex -3.23699 4.43689 3.82679
      vertex -3.58343 4.78333 4.17323
    endloop
  endfacet
  facet normal 0.525574 -0.27835 0.803924
    outer loop
      vertex -3.23699 4.43689 3.82679
      vertex -3.71498 4.62173 4.20328
      vertex -3.36854 4.27529 3.85684
    endloop
  endfacet
  facet normal 0.274184 -0.528954 0.803138
    outer loop
      vertex -3.71498 4.62173 4.20328
      vertex -3.53619 4.13971 3.82478
      vertex -3.36854 4.27529 3.85684
    endloop
  endfacet
  facet normal 0.274184 -0.528954 0.803138
    outer loop
      vertex -3.53619 4.13971 3.82478
      vertex -3.71498 4.62173 4.20328
      vertex -3.88263 4.48615 4.17122
    endloop
  endfacet
  facet normal -0.0835057 -0.745152 0.661646
    outer loop
      vertex -3.6996 4.07255 3.72852
      vertex -3.88263 4.48615 4.17122
      vertex -4.04604 4.41899 4.07496
    endloop
  endfacet
  facet normal -0.0835057 -0.745152 0.661646
    outer loop
      vertex -3.88263 4.48615 4.17122
      vertex -3.6996 4.07255 3.72852
      vertex -3.53619 4.13971 3.82478
    endloop
  endfacet
  facet normal -0.4302 -0.816096 0.385896
    outer loop
      vertex -4.19734 4.42457 3.91809
      vertex -3.6996 4.07255 3.72852
      vertex -4.04604 4.41899 4.07496
    endloop
  endfacet
  facet normal -0.4302 -0.816096 0.385896
    outer loop
      vertex -3.6996 4.07255 3.72852
      vertex -4.19734 4.42457 3.91809
      vertex -3.85089 4.07812 3.57164
    endloop
  endfacet
  facet normal -0.648062 -0.754161 0.106099
    outer loop
      vertex -4.32861 4.50727 3.70412
      vertex -3.85089 4.07812 3.57164
      vertex -4.19734 4.42457 3.91809
    endloop
  endfacet
  facet normal -0.648062 -0.754161 0.106099
    outer loop
      vertex -3.85089 4.07812 3.57164
      vertex -4.32861 4.50727 3.70412
      vertex -3.98215 4.16081 3.35766
    endloop
  endfacet
  facet normal -0.752221 -0.651103 -0.101136
    outer loop
      vertex -3.98215 4.16081 3.35766
      vertex -4.41267 4.63769 3.48964
      vertex -4.0662 4.29123 3.14317
    endloop
  endfacet
  facet normal -0.752219 -0.651109 -0.10111
    outer loop
      vertex -4.41267 4.63769 3.48964
      vertex -3.98215 4.16081 3.35766
      vertex -4.32861 4.50727 3.70412
    endloop
  endfacet
  facet normal -0.814808 -0.452851 -0.361958
    outer loop
      vertex -4.0662 4.29123 3.14317
      vertex -4.42431 4.78848 3.3272
      vertex -4.07784 4.44201 2.98073
    endloop
  endfacet
  facet normal -0.814805 -0.452841 -0.361977
    outer loop
      vertex -4.42431 4.78848 3.3272
      vertex -4.0662 4.29123 3.14317
      vertex -4.41267 4.63769 3.48964
    endloop
  endfacet
  facet normal -0.760004 -0.121555 -0.63845
    outer loop
      vertex -4.01785 4.6043 2.87842
      vertex -4.42431 4.78848 3.3272
      vertex -4.36433 4.95078 3.2249
    endloop
  endfacet
  facet normal -0.760004 -0.121555 -0.63845
    outer loop
      vertex -4.42431 4.78848 3.3272
      vertex -4.01785 4.6043 2.87842
      vertex -4.07784 4.44201 2.98073
    endloop
  endfacet
  facet normal -0.538794 0.261899 -0.800693
    outer loop
      vertex -4.36433 4.95078 3.2249
      vertex -3.887 4.76924 2.84432
      vertex -4.01785 4.6043 2.87842
    endloop
  endfacet
  facet normal -0.538794 0.261899 -0.800693
    outer loop
      vertex -3.887 4.76924 2.84432
      vertex -4.36433 4.95078 3.2249
      vertex -4.23348 5.11572 3.1908
    endloop
  endfacet
  facet normal -0.236113 0.558839 -0.794952
    outer loop
      vertex -3.887 4.76924 2.84432
      vertex -4.06285 5.24568 3.23148
      vertex -3.71637 4.8992 2.885
    endloop
  endfacet
  facet normal -0.236113 0.558839 -0.794952
    outer loop
      vertex -4.06285 5.24568 3.23148
      vertex -3.887 4.76924 2.84432
      vertex -4.23348 5.11572 3.1908
    endloop
  endfacet
  facet normal -0.40824 0.408248 -0.816501
    outer loop
      vertex -5.45728 2.98476 3.05855
      vertex -5.29792 3.83706 3.40502
      vertex -4.95144 3.49059 3.05855
    endloop
  endfacet
  facet normal -0.408248 0.408248 -0.816497
    outer loop
      vertex -5.29792 3.83706 3.40502
      vertex -5.45728 2.98476 3.05855
      vertex -5.80375 3.33123 3.40502
    endloop
  endfacet
  facet normal -0.7071 -0.707114 -6.8029e-06
    outer loop
      vertex -5.60612 4.14526 2.78862
      vertex -4.95144 3.49059 3.05855
      vertex -5.29792 3.83706 3.40502
    endloop
  endfacet
  facet normal -0.7071 -0.707114 -6.80192e-06
    outer loop
      vertex -4.95144 3.49059 3.05855
      vertex -5.60612 4.14526 2.78862
      vertex -5.25962 3.79877 2.44212
    endloop
  endfacet
  facet normal 0.408256 -0.408248 0.816493
    outer loop
      vertex -5.60612 4.14526 2.78862
      vertex -5.76545 3.29293 2.44212
      vertex -5.25962 3.79877 2.44212
    endloop
  endfacet
  facet normal 0.408248 -0.408248 0.816497
    outer loop
      vertex -5.76545 3.29293 2.44212
      vertex -5.60612 4.14526 2.78862
      vertex -6.11195 3.63943 2.78862
    endloop
  endfacet
  facet normal 0.707107 0.707107 -3.06327e-16
    outer loop
      vertex -5.45728 2.98476 3.05855
      vertex -6.11195 3.63943 2.78862
      vertex -5.80375 3.33123 3.40502
    endloop
  endfacet
  facet normal 0.707107 0.707107 -3.67561e-16
    outer loop
      vertex -6.11195 3.63943 2.78862
      vertex -5.45728 2.98476 3.05855
      vertex -5.76545 3.29293 2.44212
    endloop
  endfacet
  facet normal 0 -0.707107 0.707107
    outer loop
      vertex -0.2717 -11.9966 0.2717
      vertex 0.2717 -0.2717 11.9966
      vertex -0.2717 -0.2717 11.9966
    endloop
  endfacet
  facet normal 0 -0.707107 0.707107
    outer loop
      vertex 0.2717 -0.2717 11.9966
      vertex -0.2717 -11.9966 0.2717
      vertex 0.2717 -11.9966 0.2717
    endloop
  endfacet
  facet normal -0 0 1
    outer loop
      vertex -0.2717 0.2717 11.9966
      vertex 0.2717 -0.2717 11.9966
      vertex 0.2717 0.2717 11.9966
    endloop
  endfacet
  facet normal 0 0 1
    outer loop
      vertex 0.2717 -0.2717 11.9966
      vertex -0.2717 0.2717 11.9966
      vertex -0.2717 -0.2717 11.9966
    endloop
  endfacet
  facet normal -0.57735 0.57735 0.57735
    outer loop
      vertex -0.2717 11.9966 0.2717
      vertex -4.04118 5.66245 2.83637
      vertex -3.62474 5.8144 3.10086
    endloop
  endfacet
  facet normal -0.57735 0.57735 0.57735
    outer loop
      vertex -0.2717 11.9966 0.2717
      vertex -4.47052 5.32127 2.74821
      vertex -4.04118 5.66245 2.83637
    endloop
  endfacet
  facet normal -0.57735 0.57735 0.57735
    outer loop
      vertex -11.9966 0.2717 0.2717
      vertex -4.47052 5.32127 2.74821
      vertex -0.2717 11.9966 0.2717
    endloop
  endfacet
  facet normal -0.577348 0.577342 0.577361
    outer loop
      vertex -4.95027 4.58284 3.00689
      vertex -5.60612 4.14526 2.78862
      vertex -4.9618 4.26361 3.31458
    endloop
  endfacet
  facet normal -0.57735 0.57735 0.57735
    outer loop
      vertex -4.78474 4.94238 2.81288
      vertex -5.60612 4.14526 2.78862
      vertex -4.95027 4.58284 3.00689
    endloop
  endfacet
  facet normal -0.57735 0.57735 0.57735
    outer loop
      vertex -5.60612 4.14526 2.78862
      vertex -4.47052 5.32127 2.74821
      vertex -11.9966 0.2717 0.2717
    endloop
  endfacet
  facet normal -0.57735 0.57735 0.57735
    outer loop
      vertex -4.47052 5.32127 2.74821
      vertex -5.60612 4.14526 2.78862
      vertex -4.78474 4.94238 2.81288
    endloop
  endfacet
  facet normal -0.57735 0.57735 0.57735
    outer loop
      vertex -6.11195 3.63943 2.78862
      vertex -11.9966 0.2717 0.2717
      vertex -5.80375 3.33123 3.40502
    endloop
  endfacet
  facet normal -0.57735 0.57735 0.57735
    outer loop
      vertex -5.60612 4.14526 2.78862
      vertex -11.9966 0.2717 0.2717
      vertex -6.11195 3.63943 2.78862
    endloop
  endfacet
  facet normal -0.57735 0.57735 0.57735
    outer loop
      vertex -3.2306 5.77075 3.53865
      vertex -0.2717 11.9966 0.2717
      vertex -3.62474 5.8144 3.10086
    endloop
  endfacet
  facet normal -0.57735 0.57735 0.57735
    outer loop
      vertex -2.89604 5.54403 4.09993
      vertex -0.2717 11.9966 0.2717
      vertex -3.2306 5.77075 3.53865
    endloop
  endfacet
  facet normal -0.57735 0.57735 0.57735
    outer loop
      vertex -2.86816 5.52514 4.1467
      vertex -0.2717 11.9966 0.2717
      vertex -2.89604 5.54403 4.09993
    endloop
  endfacet
  facet normal -0.57735 0.57735 0.57735
    outer loop
      vertex -2.61475 5.1623 4.76295
      vertex -0.2717 11.9966 0.2717
      vertex -2.86816 5.52514 4.1467
    endloop
  endfacet
  facet normal -0.577249 0.577369 0.577432
    outer loop
      vertex -2.59361 5.13203 4.81435
      vertex -0.2717 11.9966 0.2717
      vertex -2.61475 5.1623 4.76295
    endloop
  endfacet
  facet normal -0.577367 0.577346 0.577337
    outer loop
      vertex -2.53187 4.71457 5.29356
      vertex -0.2717 11.9966 0.2717
      vertex -2.59361 5.13203 4.81435
    endloop
  endfacet
  facet normal -0.57735 0.57735 0.57735
    outer loop
      vertex -0.2717 0.2717 11.9966
      vertex -3.57073 3.44111 5.52816
      vertex -3.59186 3.42921 5.51893
    endloop
  endfacet
  facet normal -0.57735 0.57735 0.57735
    outer loop
      vertex -4.09581 3.42039 5.0238
      vertex -11.9966 0.2717 0.2717
      vertex -3.84834 3.37634 5.31532
    endloop
  endfacet
  facet normal -0.57735 0.57735 0.57735
    outer loop
      vertex -0.2717 0.2717 11.9966
      vertex -3.84834 3.37634 5.31532
      vertex -11.9966 0.2717 0.2717
    endloop
  endfacet
  facet normal -0.577102 0.57761 0.577338
    outer loop
      vertex -3.84834 3.37634 5.31532
      vertex -0.2717 0.2717 11.9966
      vertex -3.82857 3.38041 5.33101
    endloop
  endfacet
  facet normal -0.57735 0.57735 0.57735
    outer loop
      vertex -2.53187 4.71457 5.29356
      vertex -0.2717 0.2717 11.9966
      vertex -0.2717 11.9966 0.2717
    endloop
  endfacet
  facet normal -0.57735 0.57735 0.57735
    outer loop
      vertex -2.67564 4.28204 5.58232
      vertex -0.2717 0.2717 11.9966
      vertex -2.53187 4.71457 5.29356
    endloop
  endfacet
  facet normal -0.57735 0.57735 0.57735
    outer loop
      vertex -3.01761 3.84382 5.67857
      vertex -0.2717 0.2717 11.9966
      vertex -2.67564 4.28204 5.58232
    endloop
  endfacet
  facet normal -0.57735 0.57735 0.57735
    outer loop
      vertex -3.3178 3.58353 5.63867
      vertex -0.2717 0.2717 11.9966
      vertex -3.01761 3.84382 5.67857
    endloop
  endfacet
  facet normal -0.57735 0.57735 0.57735
    outer loop
      vertex -3.57073 3.44111 5.52816
      vertex -0.2717 0.2717 11.9966
      vertex -3.3178 3.58353 5.63867
    endloop
  endfacet
  facet normal -0.577371 0.57733 0.577351
    outer loop
      vertex -3.82857 3.38041 5.33101
      vertex -0.2717 0.2717 11.9966
      vertex -3.59186 3.42921 5.51893
    endloop
  endfacet
  facet normal -0.577343 0.577358 0.57735
    outer loop
      vertex -5.29792 3.83706 3.40502
      vertex -4.9618 4.26361 3.31458
      vertex -5.60612 4.14526 2.78862
    endloop
  endfacet
  facet normal -0.577348 0.577361 0.577342
    outer loop
      vertex -4.9618 4.26361 3.31458
      vertex -5.29792 3.83706 3.40502
      vertex -4.81408 4.00563 3.72029
    endloop
  endfacet
  facet normal -0.577385 0.577162 0.577504
    outer loop
      vertex -4.81408 4.00563 3.72029
      vertex -5.29792 3.83706 3.40502
      vertex -4.79605 3.99499 3.74895
    endloop
  endfacet
  facet normal -0.577345 0.577345 0.577361
    outer loop
      vertex -5.80375 3.33123 3.40502
      vertex -4.79605 3.99499 3.74895
      vertex -5.29792 3.83706 3.40502
    endloop
  endfacet
  facet normal -0.577102 0.577695 0.577254
    outer loop
      vertex -3.094 4.73193 4.71407
      vertex -3.29368 4.81437 4.43194
      vertex -3.29577 4.80198 4.44225
    endloop
  endfacet
  facet normal -0.577389 0.577315 0.577347
    outer loop
      vertex -3.29368 4.81437 4.43194
      vertex -3.094 4.73193 4.71407
      vertex -3.26862 4.96301 4.30837
    endloop
  endfacet
  facet normal -0.577333 0.577375 0.577343
    outer loop
      vertex -3.36542 4.6414 4.53319
      vertex -3.094 4.73193 4.71407
      vertex -3.29577 4.80198 4.44225
    endloop
  endfacet
  facet normal -0.577337 0.577351 0.577362
    outer loop
      vertex -3.37123 4.62801 4.54077
      vertex -3.094 4.73193 4.71407
      vertex -3.36542 4.6414 4.53319
    endloop
  endfacet
  facet normal -0.577341 0.577324 0.577385
    outer loop
      vertex -3.49012 4.44848 4.6014
      vertex -3.094 4.73193 4.71407
      vertex -3.37123 4.62801 4.54077
    endloop
  endfacet
  facet normal -0.57735 0.57735 0.57735
    outer loop
      vertex -3.094 4.73193 4.71407
      vertex -3.49012 4.44848 4.6014
      vertex -3.03493 4.50351 5.00156
    endloop
  endfacet
  facet normal -0.57735 0.57735 0.57735
    outer loop
      vertex -3.64759 4.27079 4.62162
      vertex -3.03493 4.50351 5.00156
      vertex -3.49012 4.44848 4.6014
    endloop
  endfacet
  facet normal -0.57735 0.57735 0.57735
    outer loop
      vertex -3.03493 4.50351 5.00156
      vertex -3.64759 4.27079 4.62162
      vertex -3.0834 4.28376 5.17284
    endloop
  endfacet
  facet normal -0.57735 0.57735 0.57735
    outer loop
      vertex -3.66941 3.92156 4.94903
      vertex -3.0834 4.28376 5.17284
      vertex -3.64759 4.27079 4.62162
    endloop
  endfacet
  facet normal -0.57735 0.57735 0.57735
    outer loop
      vertex -3.66941 3.92156 4.94903
      vertex -3.64759 4.27079 4.62162
      vertex -3.94901 4.02534 4.56565
    endloop
  endfacet
  facet normal -0.57735 0.57735 0.57735
    outer loop
      vertex -3.66941 3.92156 4.94903
      vertex -3.94901 4.02534 4.56565
      vertex -3.97414 4.00487 4.56099
    endloop
  endfacet
  facet normal -0.57735 0.57735 0.57735
    outer loop
      vertex -3.0834 4.28376 5.17284
      vertex -3.66941 3.92156 4.94903
      vertex -3.23142 4.07865 5.22993
    endloop
  endfacet
  facet normal -0.57735 0.57735 0.57735
    outer loop
      vertex -3.23142 4.07865 5.22993
      vertex -3.66941 3.92156 4.94903
      vertex -3.45642 3.92387 5.15971
    endloop
  endfacet
  facet normal -0.57735 0.57735 0.57735
    outer loop
      vertex -4.29217 3.86875 4.37908
      vertex -3.66941 3.92156 4.94903
      vertex -3.97414 4.00487 4.56099
    endloop
  endfacet
  facet normal -0.577349 0.577364 0.577338
    outer loop
      vertex -4.79605 3.99499 3.74895
      vertex -5.80375 3.33123 3.40502
      vertex -4.57952 3.86733 4.09315
    endloop
  endfacet
  facet normal -0.57735 0.57735 0.57735
    outer loop
      vertex -4.29217 3.86875 4.37908
      vertex -4.09581 3.42039 5.0238
      vertex -3.66941 3.92156 4.94903
    endloop
  endfacet
  facet normal -0.57735 0.57735 0.57735
    outer loop
      vertex -4.57952 3.86733 4.09315
      vertex -5.80375 3.33123 3.40502
      vertex -4.29217 3.86875 4.37908
    endloop
  endfacet
  facet normal -0.57735 0.57735 0.57735
    outer loop
      vertex -11.9966 0.2717 0.2717
      vertex -4.09581 3.42039 5.0238
      vertex -5.80375 3.33123 3.40502
    endloop
  endfacet
  facet normal -0.57735 0.57735 0.57735
    outer loop
      vertex -4.29217 3.86875 4.37908
      vertex -5.80375 3.33123 3.40502
      vertex -4.09581 3.42039 5.0238
    endloop
  endfacet
  facet normal -0.577347 0.577277 0.577427
    outer loop
      vertex -4.23348 5.11572 3.1908
      vertex -3.88348 5.30303 3.35349
      vertex -4.06285 5.24568 3.23148
    endloop
  endfacet
  facet normal -0.577352 0.57738 0.577319
    outer loop
      vertex -4.36433 4.95078 3.2249
      vertex -3.88348 5.30303 3.35349
      vertex -4.23348 5.11572 3.1908
    endloop
  endfacet
  facet normal -0.577345 0.57736 0.577346
    outer loop
      vertex -3.88348 5.30303 3.35349
      vertex -4.36433 4.95078 3.2249
      vertex -3.71461 5.28774 3.53765
    endloop
  endfacet
  facet normal -0.577343 0.577308 0.5774
    outer loop
      vertex -4.42431 4.78848 3.3272
      vertex -3.71461 5.28774 3.53765
      vertex -4.36433 4.95078 3.2249
    endloop
  endfacet
  facet normal -0.577355 0.577345 0.577351
    outer loop
      vertex -3.71461 5.28774 3.53765
      vertex -4.42431 4.78848 3.3272
      vertex -3.57548 5.19979 3.76473
    endloop
  endfacet
  facet normal -0.577354 0.577366 0.57733
    outer loop
      vertex -4.41267 4.63769 3.48964
      vertex -3.57548 5.19979 3.76473
      vertex -4.42431 4.78848 3.3272
    endloop
  endfacet
  facet normal -0.57735 0.57735 0.57735
    outer loop
      vertex -3.57548 5.19979 3.76473
      vertex -4.41267 4.63769 3.48964
      vertex -3.51565 5.09474 3.92961
    endloop
  endfacet
  facet normal -0.57735 0.57735 0.57735
    outer loop
      vertex -4.32861 4.50727 3.70412
      vertex -3.51565 5.09474 3.92961
      vertex -4.41267 4.63769 3.48964
    endloop
  endfacet
  facet normal -0.577281 0.577151 0.577619
    outer loop
      vertex -3.51565 5.09474 3.92961
      vertex -4.32861 4.50727 3.70412
      vertex -3.51066 5.08599 3.94334
    endloop
  endfacet
  facet normal -0.577352 0.577372 0.577327
    outer loop
      vertex -3.51066 5.08599 3.94334
      vertex -4.32861 4.50727 3.70412
      vertex -3.51404 4.95366 4.0723
    endloop
  endfacet
  facet normal -0.57735 0.57735 0.57735
    outer loop
      vertex -3.51404 4.95366 4.0723
      vertex -4.32861 4.50727 3.70412
      vertex -3.51432 4.94263 4.08305
    endloop
  endfacet
  facet normal -0.577351 0.577375 0.577324
    outer loop
      vertex -3.51432 4.94263 4.08305
      vertex -4.32861 4.50727 3.70412
      vertex -3.57812 4.79559 4.1663
    endloop
  endfacet
  facet normal -0.577356 0.577344 0.577351
    outer loop
      vertex -4.19734 4.42457 3.91809
      vertex -3.57812 4.79559 4.1663
      vertex -4.32861 4.50727 3.70412
    endloop
  endfacet
  facet normal -0.577272 0.576755 0.578023
    outer loop
      vertex -3.57812 4.79559 4.1663
      vertex -4.19734 4.42457 3.91809
      vertex -3.58343 4.78333 4.17323
    endloop
  endfacet
  facet normal -0.577343 0.577347 0.577361
    outer loop
      vertex -3.58343 4.78333 4.17323
      vertex -4.19734 4.42457 3.91809
      vertex -3.71498 4.62173 4.20328
    endloop
  endfacet
  facet normal -0.577346 0.577323 0.577382
    outer loop
      vertex -4.04604 4.41899 4.07496
      vertex -3.71498 4.62173 4.20328
      vertex -4.19734 4.42457 3.91809
    endloop
  endfacet
  facet normal -0.577363 0.577431 0.577256
    outer loop
      vertex -3.71498 4.62173 4.20328
      vertex -4.04604 4.41899 4.07496
      vertex -3.88263 4.48615 4.17122
    endloop
  endfacet
  facet normal -0.577369 -0.577329 -0.577353
    outer loop
      vertex -4.67542 -3.48455 -4.38003
      vertex -5.01575 -3.46748 -4.05676
      vertex -4.74066 -3.28686 -4.51247
    endloop
  endfacet
  facet normal -0.57735 -0.57735 -0.57735
    outer loop
      vertex -4.78114 -3.55533 -4.20353
      vertex -4.67542 -3.48455 -4.38003
      vertex -4.66998 -3.50103 -4.36899
    endloop
  endfacet
  facet normal -0.577369 -0.577329 -0.577353
    outer loop
      vertex -4.67542 -3.48455 -4.38003
      vertex -4.78114 -3.55533 -4.20353
      vertex -5.01575 -3.46748 -4.05676
    endloop
  endfacet
  facet normal -0.577337 -0.577367 -0.577347
    outer loop
      vertex -4.52539 -3.72442 -4.29018
      vertex -4.78114 -3.55533 -4.20353
      vertex -4.66998 -3.50103 -4.36899
    endloop
  endfacet
  facet normal -0.577337 -0.577364 -0.57735
    outer loop
      vertex -4.78114 -3.55533 -4.20353
      vertex -4.52539 -3.72442 -4.29018
      vertex -4.52944 -3.72847 -4.28208
    endloop
  endfacet
  facet normal -0.57735 -0.57735 -0.57735
    outer loop
      vertex -0.2717 -0.2717 -11.9966
      vertex -4.44354 -2.85367 -5.24279
      vertex -11.9966 -0.2717 -0.2717
    endloop
  endfacet
  facet normal -0.57735 -0.57735 -0.57735
    outer loop
      vertex -0.2717 -0.2717 -11.9966
      vertex -4.16338 -2.89509 -5.48153
      vertex -4.44354 -2.85367 -5.24279
    endloop
  endfacet
  facet normal -0.57735 -0.57735 -0.57735
    outer loop
      vertex -0.2717 -0.2717 -11.9966
      vertex -3.82848 -3.08221 -5.62931
      vertex -4.16338 -2.89509 -5.48153
    endloop
  endfacet
  facet normal -0.57735 -0.57735 -0.57735
    outer loop
      vertex -0.2717 -0.2717 -11.9966
      vertex -3.44965 -3.41178 -5.67857
      vertex -3.82848 -3.08221 -5.62931
    endloop
  endfacet
  facet normal -0.57735 -0.57735 -0.57735
    outer loop
      vertex -0.2717 -0.2717 -11.9966
      vertex -3.12727 -3.78468 -5.62805
      vertex -3.44965 -3.41178 -5.67857
    endloop
  endfacet
  facet normal -0.57735 -0.57735 -0.57735
    outer loop
      vertex -0.2717 -0.2717 -11.9966
      vertex -2.94425 -4.11929 -5.47646
      vertex -3.12727 -3.78468 -5.62805
    endloop
  endfacet
  facet normal -0.577328 -0.57737 -0.577353
    outer loop
      vertex -0.2717 -0.2717 -11.9966
      vertex -2.90294 -4.39957 -5.23748
      vertex -2.94425 -4.11929 -5.47646
    endloop
  endfacet
  facet normal -0.577352 -0.57735 -0.57735
    outer loop
      vertex -0.2717 -11.9966 -0.2717
      vertex -2.90294 -4.39957 -5.23748
      vertex -0.2717 -0.2717 -11.9966
    endloop
  endfacet
  facet normal -0.577386 -0.577311 -0.577354
    outer loop
      vertex -3.52349 -4.96985 -4.04666
      vertex -3.33333 -4.69218 -4.51448
      vertex -3.14571 -4.68831 -4.70598
    endloop
  endfacet
  facet normal -0.577339 -0.577352 -0.577359
    outer loop
      vertex -3.33333 -4.69218 -4.51448
      vertex -3.52349 -4.96985 -4.04666
      vertex -3.60755 -4.73447 -4.19798
    endloop
  endfacet
  facet normal -0.57735 -0.57735 -0.57735
    outer loop
      vertex -3.52531 -5.17643 -3.83826
      vertex -3.14571 -4.68831 -4.70598
      vertex -3.0057 -4.60954 -4.92476
    endloop
  endfacet
  facet normal -0.57735 -0.57735 -0.57735
    outer loop
      vertex -3.14571 -4.68831 -4.70598
      vertex -3.52531 -5.17643 -3.83826
      vertex -3.52349 -4.96985 -4.04666
    endloop
  endfacet
  facet normal -0.57735 -0.57735 -0.57735
    outer loop
      vertex -0.2717 -11.9966 -0.2717
      vertex -3.52531 -5.17643 -3.83826
      vertex -3.0057 -4.60954 -4.92476
    endloop
  endfacet
  facet normal -0.57736 -0.577351 -0.57734
    outer loop
      vertex -3.61687 -5.33624 -3.5869
      vertex -0.2717 -11.9966 -0.2717
      vertex -3.85168 -5.45509 -3.23323
    endloop
  endfacet
  facet normal -0.577333 -0.577351 -0.577367
    outer loop
      vertex -3.52531 -5.17643 -3.83826
      vertex -0.2717 -11.9966 -0.2717
      vertex -3.61687 -5.33624 -3.5869
    endloop
  endfacet
  facet normal -0.577333 -0.577353 -0.577365
    outer loop
      vertex -2.90294 -4.39957 -5.23748
      vertex -0.2717 -11.9966 -0.2717
      vertex -3.0057 -4.60954 -4.92476
    endloop
  endfacet
  facet normal -0.577354 -0.577333 -0.577365
    outer loop
      vertex -4.65819 -2.96111 -4.92071
      vertex -11.9966 -0.2717 -0.2717
      vertex -4.44354 -2.85367 -5.24279
    endloop
  endfacet
  facet normal -0.577348 -0.57737 -0.577333
    outer loop
      vertex -4.73085 -3.0899 -4.71925
      vertex -11.9966 -0.2717 -0.2717
      vertex -4.65819 -2.96111 -4.92071
    endloop
  endfacet
  facet normal -0.57735 -0.57735 -0.57735
    outer loop
      vertex -4.73691 -3.10064 -4.70245
      vertex -11.9966 -0.2717 -0.2717
      vertex -4.73085 -3.0899 -4.71925
    endloop
  endfacet
  facet normal -0.577342 -0.577354 -0.577354
    outer loop
      vertex -5.22095 -3.46919 -3.84987
      vertex -4.73691 -3.10064 -4.70245
      vertex -4.74037 -3.27253 -4.5271
    endloop
  endfacet
  facet normal -0.577035 -0.577712 -0.577303
    outer loop
      vertex -5.01575 -3.46748 -4.05676
      vertex -4.74037 -3.27253 -4.5271
      vertex -4.74066 -3.28686 -4.51247
    endloop
  endfacet
  facet normal -0.577275 -0.577443 -0.577333
    outer loop
      vertex -4.74037 -3.27253 -4.5271
      vertex -5.01575 -3.46748 -4.05676
      vertex -5.22095 -3.46919 -3.84987
    endloop
  endfacet
  facet normal -0.577351 -0.577345 -0.577355
    outer loop
      vertex -4.73691 -3.10064 -4.70245
      vertex -5.22095 -3.46919 -3.84987
      vertex -11.9966 -0.2717 -0.2717
    endloop
  endfacet
  facet normal -0.57735 -0.577367 -0.577334
    outer loop
      vertex -5.38431 -3.56473 -3.59096
      vertex -11.9966 -0.2717 -0.2717
      vertex -5.22095 -3.46919 -3.84987
    endloop
  endfacet
  facet normal -0.57735 -0.57735 -0.57735
    outer loop
      vertex -5.50471 -3.79978 -3.23551
      vertex -11.9966 -0.2717 -0.2717
      vertex -5.38431 -3.56473 -3.59096
    endloop
  endfacet
  facet normal -0.57735 -0.57735 -0.57735
    outer loop
      vertex -5.46575 -4.10476 -2.96949
      vertex -11.9966 -0.2717 -0.2717
      vertex -5.50471 -3.79978 -3.23551
    endloop
  endfacet
  facet normal -0.577352 -0.577361 -0.577338
    outer loop
      vertex -5.27045 -4.46601 -2.80353
      vertex -11.9966 -0.2717 -0.2717
      vertex -5.46575 -4.10476 -2.96949
    endloop
  endfacet
  facet normal -0.577347 -0.577336 -0.577368
    outer loop
      vertex -4.92182 -4.86997 -2.74821
      vertex -11.9966 -0.2717 -0.2717
      vertex -5.27045 -4.46601 -2.80353
    endloop
  endfacet
  facet normal -0.57735 -0.57735 -0.57735
    outer loop
      vertex -0.2717 -11.9966 -0.2717
      vertex -4.92182 -4.86997 -2.74821
      vertex -4.51996 -5.21677 -2.80327
    endloop
  endfacet
  facet normal -0.57735 -0.57735 -0.57735
    outer loop
      vertex -4.92182 -4.86997 -2.74821
      vertex -0.2717 -11.9966 -0.2717
      vertex -11.9966 -0.2717 -0.2717
    endloop
  endfacet
  facet normal -0.577339 -0.577348 -0.577363
    outer loop
      vertex -4.15798 -5.41353 -2.96848
      vertex -0.2717 -11.9966 -0.2717
      vertex -4.51996 -5.21677 -2.80327
    endloop
  endfacet
  facet normal -0.57736 -0.577351 -0.57734
    outer loop
      vertex -0.2717 -11.9966 -0.2717
      vertex -4.15798 -5.41353 -2.96848
      vertex -3.85168 -5.45509 -3.23323
    endloop
  endfacet
  facet normal -0.577714 -0.576986 -0.57735
    outer loop
      vertex -3.76083 -4.50728 -4.2719
      vertex -3.76987 -4.48461 -4.28551
      vertex -3.76956 -4.4843 -4.28613
    endloop
  endfacet
  facet normal -0.577123 -0.57706 -0.577867
    outer loop
      vertex -3.76987 -4.48461 -4.28551
      vertex -3.76083 -4.50728 -4.2719
      vertex -3.7736 -4.48834 -4.27806
    endloop
  endfacet
  facet normal -0.577312 -0.577045 -0.577693
    outer loop
      vertex -3.54811 -4.62341 -4.36848
      vertex -3.76083 -4.50728 -4.2719
      vertex -3.76956 -4.4843 -4.28613
    endloop
  endfacet
  facet normal -0.577333 -0.577365 -0.577354
    outer loop
      vertex -3.54811 -4.62341 -4.36848
      vertex -3.60755 -4.73447 -4.19798
      vertex -3.76083 -4.50728 -4.2719
    endloop
  endfacet
  facet normal -0.577331 -0.577366 -0.577354
    outer loop
      vertex -3.60755 -4.73447 -4.19798
      vertex -3.54811 -4.62341 -4.36848
      vertex -3.33333 -4.69218 -4.51448
    endloop
  endfacet
  facet normal -0.577354 -0.577316 -0.57738
    outer loop
      vertex -4.24339 -4.21255 -4.08406
      vertex -4.85178 -4.05081 -3.63742
      vertex -4.58802 -3.97958 -3.97239
    endloop
  endfacet
  facet normal -0.577346 -0.577348 -0.577358
    outer loop
      vertex -4.10031 -4.38493 -4.05476
      vertex -4.85178 -4.05081 -3.63742
      vertex -4.24339 -4.21255 -4.08406
    endloop
  endfacet
  facet normal -0.577345 -0.577351 -0.577355
    outer loop
      vertex -4.02808 -4.54507 -3.96685
      vertex -4.85178 -4.05081 -3.63742
      vertex -4.10031 -4.38493 -4.05476
    endloop
  endfacet
  facet normal -0.577311 -0.577108 -0.577633
    outer loop
      vertex -4.02808 -4.55607 -3.95586
      vertex -4.85178 -4.05081 -3.63742
      vertex -4.02808 -4.54507 -3.96685
    endloop
  endfacet
  facet normal -0.577352 -0.577371 -0.577328
    outer loop
      vertex -4.02805 -4.68808 -3.82387
      vertex -4.94064 -4.18475 -3.41461
      vertex -4.02808 -4.55607 -3.95586
    endloop
  endfacet
  facet normal -0.577353 -0.577364 -0.577334
    outer loop
      vertex -4.85178 -4.05081 -3.63742
      vertex -4.02808 -4.55607 -3.95586
      vertex -4.94064 -4.18475 -3.41461
    endloop
  endfacet
  facet normal -0.57735 -0.57735 -0.57735
    outer loop
      vertex -4.03369 -4.6974 -3.80891
      vertex -4.94064 -4.18475 -3.41461
      vertex -4.02805 -4.68808 -3.82387
    endloop
  endfacet
  facet normal -0.577352 -0.577369 -0.57733
    outer loop
      vertex -4.10146 -4.80919 -3.62934
      vertex -4.94855 -4.3279 -3.26354
      vertex -4.03369 -4.6974 -3.80891
    endloop
  endfacet
  facet normal -0.577352 -0.577369 -0.57733
    outer loop
      vertex -4.94064 -4.18475 -3.41461
      vertex -4.03369 -4.6974 -3.80891
      vertex -4.94855 -4.3279 -3.26354
    endloop
  endfacet
  facet normal -0.577348 -0.577327 -0.577376
    outer loop
      vertex -4.94855 -4.3279 -3.26354
      vertex -4.10146 -4.80919 -3.62934
      vertex -4.87646 -4.48638 -3.17716
    endloop
  endfacet
  facet normal -0.577347 -0.577335 -0.577369
    outer loop
      vertex -4.23347 -4.89394 -3.41259
      vertex -4.87646 -4.48638 -3.17716
      vertex -4.10146 -4.80919 -3.62934
    endloop
  endfacet
  facet normal -0.57735 -0.57735 -0.57735
    outer loop
      vertex -4.87646 -4.48638 -3.17716
      vertex -4.23347 -4.89394 -3.41259
      vertex -4.72525 -4.66638 -3.14837
    endloop
  endfacet
  facet normal -0.57735 -0.57735 -0.57735
    outer loop
      vertex -4.72525 -4.66638 -3.14837
      vertex -4.23347 -4.89394 -3.41259
      vertex -4.54151 -4.82133 -3.17716
    endloop
  endfacet
  facet normal -0.57735 -0.57735 -0.57735
    outer loop
      vertex -4.54151 -4.82133 -3.17716
      vertex -4.23347 -4.89394 -3.41259
      vertex -4.37886 -4.8976 -3.26354
    endloop
  endfacet
  facet normal -0.576614 -0.57743 -0.578006
    outer loop
      vertex -4.24425 -3.70892 -4.58683
      vertex -4.18013 -3.85394 -4.50592
      vertex -4.2445 -3.71836 -4.57715
    endloop
  endfacet
  facet normal -0.577293 -0.57738 -0.577378
    outer loop
      vertex -4.24134 -3.59571 -4.70295
      vertex -4.18013 -3.85394 -4.50592
      vertex -4.24425 -3.70892 -4.58683
    endloop
  endfacet
  facet normal -0.577401 -0.577348 -0.577302
    outer loop
      vertex -4.18013 -3.85394 -4.50592
      vertex -4.24134 -3.59571 -4.70295
      vertex -4.05133 -4.00649 -4.48218
    endloop
  endfacet
  facet normal -0.57735 -0.57735 -0.57735
    outer loop
      vertex -4.05133 -4.00649 -4.48218
      vertex -4.24134 -3.59571 -4.70295
      vertex -4.23565 -3.58697 -4.71738
    endloop
  endfacet
  facet normal -0.57735 -0.57735 -0.57735
    outer loop
      vertex -4.16752 -3.48208 -4.8904
      vertex -4.05133 -4.00649 -4.48218
      vertex -4.23565 -3.58697 -4.71738
    endloop
  endfacet
  facet normal -0.577337 -0.577355 -0.57736
    outer loop
      vertex -4.05133 -4.00649 -4.48218
      vertex -4.16752 -3.48208 -4.8904
      vertex -3.75878 -4.19698 -4.58423
    endloop
  endfacet
  facet normal -0.577346 -0.577355 -0.57735
    outer loop
      vertex -4.05985 -3.41469 -5.06546
      vertex -3.75878 -4.19698 -4.58423
      vertex -4.16752 -3.48208 -4.8904
    endloop
  endfacet
  facet normal -0.577347 -0.577355 -0.577349
    outer loop
      vertex -3.75878 -4.19698 -4.58423
      vertex -4.05985 -3.41469 -5.06546
      vertex -3.54318 -4.12999 -4.86682
    endloop
  endfacet
  facet normal -0.577368 -0.577363 -0.57732
    outer loop
      vertex -3.93897 -3.41458 -5.18646
      vertex -3.54318 -4.12999 -4.86682
      vertex -4.05985 -3.41469 -5.06546
    endloop
  endfacet
  facet normal -0.577324 -0.57736 -0.577367
    outer loop
      vertex -3.79079 -3.49044 -5.25877
      vertex -3.54318 -4.12999 -4.86682
      vertex -3.93897 -3.41458 -5.18646
    endloop
  endfacet
  facet normal -0.5775 -0.577335 -0.577216
    outer loop
      vertex -3.54318 -4.12999 -4.86682
      vertex -3.79079 -3.49044 -5.25877
      vertex -3.5252 -4.1244 -4.8904
    endloop
  endfacet
  facet normal -0.57735 -0.57735 -0.57735
    outer loop
      vertex -3.63406 -3.633 -5.27294
      vertex -3.5252 -4.1244 -4.8904
      vertex -3.79079 -3.49044 -5.25877
    endloop
  endfacet
  facet normal -0.577323 -0.577306 -0.577422
    outer loop
      vertex -3.79079 -3.49044 -5.25877
      vertex -3.93897 -3.41458 -5.18646
      vertex -3.80265 -3.48039 -5.25696
    endloop
  endfacet
  facet normal -0.577382 -0.57734 -0.577328
    outer loop
      vertex -3.5252 -4.1244 -4.8904
      vertex -3.63406 -3.633 -5.27294
      vertex -3.4637 -3.9159 -5.16041
    endloop
  endfacet
  facet normal -0.577023 -0.577288 -0.57774
    outer loop
      vertex -3.4637 -3.9159 -5.16041
      vertex -3.63406 -3.633 -5.27294
      vertex -3.45856 -3.89849 -5.18294
    endloop
  endfacet
  facet normal -0.57735 -0.57735 -0.57735
    outer loop
      vertex -3.63406 -3.633 -5.27294
      vertex -3.79079 -3.49044 -5.25877
      vertex -3.64871 -3.61084 -5.28045
    endloop
  endfacet
  facet normal 0 1 -0
    outer loop
      vertex 0.2717 11.9966 -0.2717
      vertex -0.2717 11.9966 0.2717
      vertex 0.2717 11.9966 0.2717
    endloop
  endfacet
  facet normal 0 1 0
    outer loop
      vertex -0.2717 11.9966 0.2717
      vertex 0.2717 11.9966 -0.2717
      vertex -0.2717 11.9966 -0.2717
    endloop
  endfacet
  facet normal -0.707107 0.707107 0
    outer loop
      vertex -11.9966 0.2717 -0.2717
      vertex -0.2717 11.9966 0.2717
      vertex -0.2717 11.9966 -0.2717
    endloop
  endfacet
  facet normal -0.707107 0.707107 0
    outer loop
      vertex -0.2717 11.9966 0.2717
      vertex -11.9966 0.2717 -0.2717
      vertex -11.9966 0.2717 0.2717
    endloop
  endfacet
  facet normal 0.577351 0.57735 0.57735
    outer loop
      vertex 0.2717 11.9966 0.2717
      vertex 2.95445 5.17427 4.41127
      vertex 3.34089 5.63707 3.56203
    endloop
  endfacet
  facet normal 0.57734 0.577359 0.577352
    outer loop
      vertex 0.2717 0.2717 11.9966
      vertex 3.17778 4.72763 4.63459
      vertex 2.95445 5.17427 4.41127
    endloop
  endfacet
  facet normal 0.57735 0.57735 0.57735
    outer loop
      vertex 0.2717 0.2717 11.9966
      vertex 3.93258 3.1795 5.42792
      vertex 3.91636 3.21194 5.4117
    endloop
  endfacet
  facet normal 0.577366 0.577273 0.577412
    outer loop
      vertex 11.9966 0.2717 0.2717
      vertex 4.25561 2.78955 5.49484
      vertex 4.12755 2.78955 5.62289
    endloop
  endfacet
  facet normal 0.57735 0.577352 0.57735
    outer loop
      vertex 11.9966 0.2717 0.2717
      vertex 4.12755 2.78955 5.62289
      vertex 0.2717 0.2717 11.9966
    endloop
  endfacet
  facet normal 0.577359 0.57734 0.577351
    outer loop
      vertex 3.93258 3.1795 5.42792
      vertex 0.2717 0.2717 11.9966
      vertex 4.12755 2.78955 5.62289
    endloop
  endfacet
  facet normal 0.57735 0.57735 0.57735
    outer loop
      vertex 3.17778 4.72763 4.63459
      vertex 0.2717 0.2717 11.9966
      vertex 3.91636 3.21194 5.4117
    endloop
  endfacet
  facet normal 0.577352 0.57735 0.57735
    outer loop
      vertex 0.2717 0.2717 11.9966
      vertex 2.95445 5.17427 4.41127
      vertex 0.2717 11.9966 0.2717
    endloop
  endfacet
  facet normal 0.577344 0.57735 0.577357
    outer loop
      vertex 3.80644 5.63707 3.09649
      vertex 0.2717 11.9966 0.2717
      vertex 3.34089 5.63707 3.56203
    endloop
  endfacet
  facet normal 0.577346 0.577349 0.577356
    outer loop
      vertex 5.58433 3.21194 3.74373
      vertex 3.80644 5.63707 3.09649
      vertex 5.019 3.21194 4.30905
    endloop
  endfacet
  facet normal 0.57735 0.57735 0.57735
    outer loop
      vertex 11.9966 0.2717 0.2717
      vertex 3.80644 5.63707 3.09649
      vertex 5.58433 3.21194 3.74373
    endloop
  endfacet
  facet normal 0.57735 0.57735 0.57735
    outer loop
      vertex 3.80644 5.63707 3.09649
      vertex 11.9966 0.2717 0.2717
      vertex 0.2717 11.9966 0.2717
    endloop
  endfacet
  facet normal 0.577351 0.577341 0.577359
    outer loop
      vertex 5.79552 2.78955 3.95492
      vertex 11.9966 0.2717 0.2717
      vertex 5.58433 3.21194 3.74373
    endloop
  endfacet
  facet normal 0.577349 0.577357 0.577345
    outer loop
      vertex 4.25561 2.78955 5.49484
      vertex 11.9966 0.2717 0.2717
      vertex 5.79552 2.78955 3.95492
    endloop
  endfacet
  facet normal 0.577329 0.577376 0.577346
    outer loop
      vertex 3.2069 4.76046 4.57264
      vertex 3.63091 5.0045 3.90459
      vertex 3.55612 5.15406 3.82981
    endloop
  endfacet
  facet normal 0.57735 0.57735 0.57735
    outer loop
      vertex 4.52719 3.21194 4.80087
      vertex 3.2069 4.76046 4.57264
      vertex 3.17778 4.72763 4.63459
    endloop
  endfacet
  facet normal 0.577355 0.57735 0.577345
    outer loop
      vertex 4.48026 3.21194 4.84779
      vertex 3.17778 4.72763 4.63459
      vertex 3.91636 3.21194 5.4117
    endloop
  endfacet
  facet normal 0.577305 0.577318 0.577428
    outer loop
      vertex 4.52719 3.21194 4.80087
      vertex 3.17778 4.72763 4.63459
      vertex 4.48026 3.21194 4.84779
    endloop
  endfacet
  facet normal 0.57735 0.57735 0.57735
    outer loop
      vertex 3.2069 4.76046 4.57264
      vertex 4.52719 3.21194 4.80087
      vertex 3.63091 5.0045 3.90459
    endloop
  endfacet
  facet normal 0.57735 -0.57735 -0.57735
    outer loop
      vertex 4.09972 -4.48987 -3.95041
      vertex 3.48077 -4.86895 -4.19028
      vertex 3.48423 -4.85681 -4.19896
    endloop
  endfacet
  facet normal 0.57735 -0.57735 -0.57735
    outer loop
      vertex 3.66384 -5.22675 -3.64941
      vertex 4.17234 -4.85279 -3.51487
      vertex 4.07269 -5.00965 -3.45766
    endloop
  endfacet
  facet normal 0.57735 -0.57735 -0.57735
    outer loop
      vertex 4.22787 -4.68832 -3.62381
      vertex 3.43931 -5.01446 -4.08623
      vertex 3.48077 -4.86895 -4.19028
    endloop
  endfacet
  facet normal 0.577319 -0.577316 -0.577416
    outer loop
      vertex 3.81857 -5.19788 -3.52354
      vertex 4.07269 -5.00965 -3.45766
      vertex 3.94952 -5.12864 -3.46184
    endloop
  endfacet
  facet normal 0.577353 -0.577326 -0.577372
    outer loop
      vertex 4.22787 -4.68832 -3.62381
      vertex 3.45442 -5.13168 -3.95391
      vertex 3.43931 -5.01446 -4.08623
    endloop
  endfacet
  facet normal 0.577353 -0.577403 -0.577295
    outer loop
      vertex 4.07269 -5.00965 -3.45766
      vertex 3.81857 -5.19788 -3.52354
      vertex 3.66384 -5.22675 -3.64941
    endloop
  endfacet
  facet normal 0.577352 -0.577404 -0.577295
    outer loop
      vertex 3.66384 -5.22675 -3.64941
      vertex 3.81857 -5.19788 -3.52354
      vertex 3.80764 -5.20366 -3.52869
    endloop
  endfacet
  facet normal 0.577352 -0.577375 -0.577324
    outer loop
      vertex 4.17234 -4.85279 -3.51487
      vertex 3.52635 -5.20442 -3.80923
      vertex 3.45442 -5.13168 -3.95391
    endloop
  endfacet
  facet normal 0.57735 -0.57735 -0.57735
    outer loop
      vertex 4.17234 -4.85279 -3.51487
      vertex 3.66384 -5.22675 -3.64941
      vertex 3.52635 -5.20442 -3.80923
    endloop
  endfacet
  facet normal 0.57735 -0.57735 -0.57735
    outer loop
      vertex 3.52635 -5.20442 -3.80923
      vertex 3.66384 -5.22675 -3.64941
      vertex 3.65184 -5.22868 -3.65948
    endloop
  endfacet
  facet normal 0.57735 -0.57735 -0.57735
    outer loop
      vertex 3.48423 -4.85681 -4.19896
      vertex 3.94002 -4.46679 -4.13319
      vertex 4.09972 -4.48987 -3.95041
    endloop
  endfacet
  facet normal 0.57735 -0.57735 -0.57735
    outer loop
      vertex 4.89893 -3.30093 -4.34014
      vertex 4.81416 -3.22904 -4.4968
      vertex 4.82525 -3.23098 -4.48377
    endloop
  endfacet
  facet normal 0.57735 -0.57735 -0.57735
    outer loop
      vertex 4.0714 -3.61598 -4.85262
      vertex 4.81416 -3.22904 -4.4968
      vertex 4.89893 -3.30093 -4.34014
    endloop
  endfacet
  facet normal 0.57735 -0.57735 -0.57735
    outer loop
      vertex 4.91392 -3.42477 -4.20131
      vertex 4.89893 -3.30093 -4.34014
      vertex 4.90506 -3.30675 -4.32819
    endloop
  endfacet
  facet normal 0.57735 -0.57735 -0.57735
    outer loop
      vertex 4.81416 -3.22904 -4.4968
      vertex 4.0714 -3.61598 -4.85262
      vertex 4.68081 -3.20572 -4.65347
    endloop
  endfacet
  facet normal 0.57735 -0.57735 -0.57735
    outer loop
      vertex 4.89893 -3.30093 -4.34014
      vertex 4.91392 -3.42477 -4.20131
      vertex 4.0714 -3.61598 -4.85262
    endloop
  endfacet
  facet normal 0.577355 -0.577347 -0.577348
    outer loop
      vertex 4.17991 -4.00803 -4.35207
      vertex 4.91392 -3.42477 -4.20131
      vertex 4.91466 -3.43459 -4.19075
    endloop
  endfacet
  facet normal 0.577356 -0.577349 -0.577345
    outer loop
      vertex 4.17991 -4.00803 -4.35207
      vertex 4.91466 -3.43459 -4.19075
      vertex 4.84848 -3.61598 -4.07554
    endloop
  endfacet
  facet normal 0.57735 -0.57735 -0.57735
    outer loop
      vertex 4.68081 -3.20572 -4.65347
      vertex 4.0714 -3.61598 -4.85262
      vertex 4.34995 -3.30829 -4.88176
    endloop
  endfacet
  facet normal 0.57735 -0.57735 -0.57735
    outer loop
      vertex 4.41248 -3.97693 -4.15059
      vertex 4.84848 -3.61598 -4.07554
      vertex 4.73486 -3.7837 -4.02144
    endloop
  endfacet
  facet normal 0.57735 -0.57735 -0.57735
    outer loop
      vertex 11.9966 -0.2717 -0.2717
      vertex 4.91295 -2.74493 -4.88212
      vertex 0.2717 -0.2717 -11.9966
    endloop
  endfacet
  facet normal 0.57735 -0.57735 -0.57735
    outer loop
      vertex 11.9966 -0.2717 -0.2717
      vertex 5.25759 -2.7995 -4.48291
      vertex 4.91295 -2.74493 -4.88212
    endloop
  endfacet
  facet normal 0.57735 -0.57735 -0.57735
    outer loop
      vertex 11.9966 -0.2717 -0.2717
      vertex 5.45139 -2.9632 -4.12541
      vertex 5.25759 -2.7995 -4.48291
    endloop
  endfacet
  facet normal 0.57735 -0.57735 -0.57735
    outer loop
      vertex 11.9966 -0.2717 -0.2717
      vertex 5.49018 -3.22694 -3.82288
      vertex 5.45139 -2.9632 -4.12541
    endloop
  endfacet
  facet normal 0.57735 -0.57735 -0.57735
    outer loop
      vertex 11.9966 -0.2717 -0.2717
      vertex 5.36972 -3.58162 -3.58866
      vertex 5.49018 -3.22694 -3.82288
    endloop
  endfacet
  facet normal 0.57735 -0.577367 -0.577333
    outer loop
      vertex 11.9966 -0.2717 -0.2717
      vertex 5.20627 -3.83195 -3.50177
      vertex 5.36972 -3.58162 -3.58866
    endloop
  endfacet
  facet normal 0.577349 -0.577341 -0.577361
    outer loop
      vertex 4.72338 -4.68049 -3.13614
      vertex 5.20627 -3.83195 -3.50177
      vertex 11.9966 -0.2717 -0.2717
    endloop
  endfacet
  facet normal 0.57734 -0.57734 -0.577371
    outer loop
      vertex 4.7197 -4.50001 -3.32029
      vertex 5.20627 -3.83195 -3.50177
      vertex 4.72338 -4.68049 -3.13614
    endloop
  endfacet
  facet normal 0.577485 -0.576873 -0.577693
    outer loop
      vertex 4.7339 -4.1755 -3.63059
      vertex 4.44243 -4.25659 -3.84098
      vertex 4.44646 -4.24852 -3.84501
    endloop
  endfacet
  facet normal 0.577367 -0.577328 -0.577355
    outer loop
      vertex 4.7339 -4.1755 -3.63059
      vertex 4.62528 -4.34198 -3.57274
      vertex 4.44243 -4.25659 -3.84098
    endloop
  endfacet
  facet normal 0.57735 -0.57735 -0.57735
    outer loop
      vertex 4.62528 -4.34198 -3.57274
      vertex 4.99074 -4.03327 -3.51599
      vertex 4.71939 -4.48497 -3.33564
    endloop
  endfacet
  facet normal 0.577333 -0.577321 -0.577398
    outer loop
      vertex 4.99074 -4.03327 -3.51599
      vertex 4.62528 -4.34198 -3.57274
      vertex 4.7339 -4.1755 -3.63059
    endloop
  endfacet
  facet normal 0.57735 -0.57735 -0.57735
    outer loop
      vertex 4.99074 -4.03327 -3.51599
      vertex 4.7197 -4.50001 -3.32029
      vertex 4.71939 -4.48497 -3.33564
    endloop
  endfacet
  facet normal 0.577378 -0.577353 -0.577319
    outer loop
      vertex 5.20627 -3.83195 -3.50177
      vertex 4.7197 -4.50001 -3.32029
      vertex 4.99074 -4.03327 -3.51599
    endloop
  endfacet
  facet normal 0.577407 -0.577717 -0.576927
    outer loop
      vertex 11.9966 -0.2717 -0.2717
      vertex 4.71663 -4.69919 -3.12417
      vertex 4.72338 -4.68049 -3.13614
    endloop
  endfacet
  facet normal 0.577347 -0.577335 -0.577368
    outer loop
      vertex 11.9966 -0.2717 -0.2717
      vertex 4.63578 -4.9235 -2.98072
      vertex 4.71663 -4.69919 -3.12417
    endloop
  endfacet
  facet normal 0.57735 -0.57735 -0.57735
    outer loop
      vertex 11.9966 -0.2717 -0.2717
      vertex 4.42279 -5.24054 -2.87667
      vertex 4.63578 -4.9235 -2.98072
    endloop
  endfacet
  facet normal 0.57735 -0.57735 -0.57735
    outer loop
      vertex 0.2717 -11.9966 -0.2717
      vertex 4.42279 -5.24054 -2.87667
      vertex 11.9966 -0.2717 -0.2717
    endloop
  endfacet
  facet normal 0.577342 -0.57735 -0.577359
    outer loop
      vertex 3.80396 -5.63109 -3.10495
      vertex 0.2717 -11.9966 -0.2717
      vertex 3.43423 -5.68137 -3.42439
    endloop
  endfacet
  facet normal 0.57735 -0.57735 -0.57735
    outer loop
      vertex 4.13949 -5.48026 -2.92025
      vertex 0.2717 -11.9966 -0.2717
      vertex 3.80396 -5.63109 -3.10495
    endloop
  endfacet
  facet normal 0.57735 -0.57735 -0.57735
    outer loop
      vertex 4.42279 -5.24054 -2.87667
      vertex 0.2717 -11.9966 -0.2717
      vertex 4.13949 -5.48026 -2.92025
    endloop
  endfacet
  facet normal 0.577366 -0.577331 -0.577354
    outer loop
      vertex 4.52997 -2.79772 -5.21232
      vertex 0.2717 -0.2717 -11.9966
      vertex 4.91295 -2.74493 -4.88212
    endloop
  endfacet
  facet normal 0.577339 -0.577363 -0.577349
    outer loop
      vertex 4.17556 -2.9561 -5.40834
      vertex 0.2717 -0.2717 -11.9966
      vertex 4.52997 -2.79772 -5.21232
    endloop
  endfacet
  facet normal 0.57735 -0.57735 -0.57735
    outer loop
      vertex 3.88481 -3.19422 -5.46097
      vertex 0.2717 -0.2717 -11.9966
      vertex 4.17556 -2.9561 -5.40834
    endloop
  endfacet
  facet normal 0.577222 -0.577488 -0.577341
    outer loop
      vertex 3.86062 -3.21403 -5.46534
      vertex 0.2717 -0.2717 -11.9966
      vertex 3.88481 -3.19422 -5.46097
    endloop
  endfacet
  facet normal 0.57736 -0.57734 -0.57735
    outer loop
      vertex 3.61641 -3.53843 -5.38516
      vertex 0.2717 -0.2717 -11.9966
      vertex 3.86062 -3.21403 -5.46534
    endloop
  endfacet
  facet normal 0.577229 -0.577473 -0.577349
    outer loop
      vertex 3.59608 -3.56543 -5.37848
      vertex 0.2717 -0.2717 -11.9966
      vertex 3.61641 -3.53843 -5.38516
    endloop
  endfacet
  facet normal 0.577354 -0.577344 -0.577354
    outer loop
      vertex 4.91392 -3.42477 -4.20131
      vertex 4.17991 -4.00803 -4.35207
      vertex 4.00838 -4.00803 -4.5236
    endloop
  endfacet
  facet normal 0.57735 -0.57735 -0.57735
    outer loop
      vertex 4.41248 -3.97693 -4.15059
      vertex 4.73486 -3.7837 -4.02144
      vertex 4.59558 -3.89749 -4.04693
    endloop
  endfacet
  facet normal 0.57735 -0.57735 -0.57735
    outer loop
      vertex 4.41248 -3.97693 -4.15059
      vertex 4.59558 -3.89749 -4.04693
      vertex 4.58398 -3.90696 -4.04906
    endloop
  endfacet
  facet normal 0.577358 -0.577364 -0.577328
    outer loop
      vertex 4.84848 -3.61598 -4.07554
      vertex 4.41248 -3.97693 -4.15059
      vertex 4.17991 -4.00803 -4.35207
    endloop
  endfacet
  facet normal 0.577345 -0.577398 -0.577308
    outer loop
      vertex 4.17991 -4.00803 -4.35207
      vertex 4.41248 -3.97693 -4.15059
      vertex 4.39819 -3.98276 -4.15905
    endloop
  endfacet
  facet normal 0.577353 -0.577341 -0.577357
    outer loop
      vertex 4.91392 -3.42477 -4.20131
      vertex 4.00838 -4.00803 -4.5236
      vertex 4.0714 -3.61598 -4.85262
    endloop
  endfacet
  facet normal 0.577344 -0.577348 -0.577359
    outer loop
      vertex 2.9722 -4.89725 -4.67055
      vertex 3.59608 -3.56543 -5.37848
      vertex 4.00838 -4.00803 -4.5236
    endloop
  endfacet
  facet normal 0.577356 -0.577367 -0.577328
    outer loop
      vertex 2.9722 -4.89725 -4.67055
      vertex 4.00838 -4.00803 -4.5236
      vertex 3.77899 -4.46679 -4.29421
    endloop
  endfacet
  facet normal 0.57735 -0.57735 -0.57735
    outer loop
      vertex 3.48077 -4.86895 -4.19028
      vertex 4.09972 -4.48987 -3.95041
      vertex 4.11303 -4.49179 -3.93518
    endloop
  endfacet
  facet normal 0.57735 -0.57735 -0.57735
    outer loop
      vertex 3.48077 -4.86895 -4.19028
      vertex 4.11303 -4.49179 -3.93518
      vertex 4.2012 -4.56103 -3.77777
    endloop
  endfacet
  facet normal 0.57735 -0.57735 -0.57735
    outer loop
      vertex 3.48077 -4.86895 -4.19028
      vertex 4.2012 -4.56103 -3.77777
      vertex 4.20855 -4.5668 -3.76465
    endloop
  endfacet
  facet normal 0.57735 -0.57735 -0.57735
    outer loop
      vertex 3.48077 -4.86895 -4.19028
      vertex 4.20855 -4.5668 -3.76465
      vertex 4.22787 -4.68832 -3.62381
    endloop
  endfacet
  facet normal 0.577355 -0.577349 -0.577346
    outer loop
      vertex 3.45442 -5.13168 -3.95391
      vertex 4.22787 -4.68832 -3.62381
      vertex 4.17234 -4.85279 -3.51487
    endloop
  endfacet
  facet normal 0.57734 -0.577334 -0.577376
    outer loop
      vertex 3.94002 -4.46679 -4.13319
      vertex 3.48423 -4.85681 -4.19896
      vertex 3.77899 -4.46679 -4.29421
    endloop
  endfacet
  facet normal 0.577355 -0.57734 -0.577356
    outer loop
      vertex 3.01163 -4.89413 -4.63424
      vertex 3.77899 -4.46679 -4.29421
      vertex 3.48423 -4.85681 -4.19896
    endloop
  endfacet
  facet normal 0.577355 -0.57734 -0.577356
    outer loop
      vertex 2.9722 -4.89725 -4.67055
      vertex 3.77899 -4.46679 -4.29421
      vertex 3.01163 -4.89413 -4.63424
    endloop
  endfacet
  facet normal 0.577354 -0.577347 -0.57735
    outer loop
      vertex 3.59608 -3.56543 -5.37848
      vertex 2.9722 -4.89725 -4.67055
      vertex 0.2717 -0.2717 -11.9966
    endloop
  endfacet
  facet normal 0.57735 -0.57735 -0.57735
    outer loop
      vertex 2.89358 -5.22514 -4.42128
      vertex 0.2717 -0.2717 -11.9966
      vertex 2.9722 -4.89725 -4.67055
    endloop
  endfacet
  facet normal 0.57735 -0.57735 -0.57735
    outer loop
      vertex 0.2717 -11.9966 -0.2717
      vertex 2.89358 -5.22514 -4.42128
      vertex 2.94849 -5.47321 -4.1183
    endloop
  endfacet
  facet normal 0.577464 -0.57735 -0.577237
    outer loop
      vertex 0.2717 -11.9966 -0.2717
      vertex 3.41084 -5.67736 -3.4518
      vertex 3.43423 -5.68137 -3.42439
    endloop
  endfacet
  facet normal 0.57735 -0.57735 -0.57735
    outer loop
      vertex 2.89358 -5.22514 -4.42128
      vertex 0.2717 -11.9966 -0.2717
      vertex 0.2717 -0.2717 -11.9966
    endloop
  endfacet
  facet normal 0.57735 -0.57735 -0.57735
    outer loop
      vertex 3.11673 -5.61729 -3.80598
      vertex 0.2717 -11.9966 -0.2717
      vertex 2.94849 -5.47321 -4.1183
    endloop
  endfacet
  facet normal 0.57735 -0.57735 -0.57735
    outer loop
      vertex 3.13078 -5.62932 -3.7799
      vertex 0.2717 -11.9966 -0.2717
      vertex 3.11673 -5.61729 -3.80598
    endloop
  endfacet
  facet normal 0.57735 -0.57735 -0.57735
    outer loop
      vertex 3.41084 -5.67736 -3.4518
      vertex 0.2717 -11.9966 -0.2717
      vertex 3.13078 -5.62932 -3.7799
    endloop
  endfacet
  facet normal 0.577349 -0.577343 -0.577359
    outer loop
      vertex 4.0714 -3.61598 -4.85262
      vertex 4.00838 -4.00803 -4.5236
      vertex 3.59608 -3.56543 -5.37848
    endloop
  endfacet
  facet normal -0.577354 -0.577342 0.577354
    outer loop
      vertex -4.11469 -3.56791 4.8574
      vertex -3.93065 -4.05497 4.55439
      vertex -3.4511 -4.05497 5.03394
    endloop
  endfacet
  facet normal -0.577359 -0.577359 0.577333
    outer loop
      vertex -4.17301 -4.23883 4.12817
      vertex -4.68486 -3.94758 3.90756
      vertex -4.52898 -4.10444 3.90658
    endloop
  endfacet
  facet normal -0.577351 -0.577366 0.577334
    outer loop
      vertex -4.8116 -3.74574 3.98266
      vertex -4.01003 -4.19286 4.33711
      vertex -3.93065 -4.05497 4.55439
    endloop
  endfacet
  facet normal -0.577368 -0.577299 0.577384
    outer loop
      vertex -4.17301 -4.23883 4.12817
      vertex -4.52898 -4.10444 3.90658
      vertex -4.35476 -4.20523 3.98002
    endloop
  endfacet
  facet normal -0.577355 -0.57732 0.577375
    outer loop
      vertex -4.68486 -3.94758 3.90756
      vertex -4.17301 -4.23883 4.12817
      vertex -4.01003 -4.19286 4.33711
    endloop
  endfacet
  facet normal -0.577347 -0.57733 0.577373
    outer loop
      vertex -4.38924 -4.6393 3.51146
      vertex -3.39307 -5.23517 3.91176
      vertex -4.06789 -4.6976 3.7745
    endloop
  endfacet
  facet normal -0.577421 -0.577479 0.577151
    outer loop
      vertex -4.06789 -4.6976 3.7745
      vertex -3.39307 -5.23517 3.91176
      vertex -4.05075 -4.6941 3.79515
    endloop
  endfacet
  facet normal -0.57735 -0.57735 0.57735
    outer loop
      vertex -3.84517 -4.65213 4.0427
      vertex -3.39307 -5.23517 3.91176
      vertex -3.71253 -4.51573 4.31174
    endloop
  endfacet
  facet normal -0.57735 -0.57735 0.57735
    outer loop
      vertex -4.05075 -4.6941 3.79515
      vertex -3.39307 -5.23517 3.91176
      vertex -3.84517 -4.65213 4.0427
    endloop
  endfacet
  facet normal -0.57735 -0.57735 0.57735
    outer loop
      vertex -4.11469 -3.56791 4.8574
      vertex -4.66051 -3.22189 4.6576
      vertex -4.67176 -3.2203 4.64794
    endloop
  endfacet
  facet normal -0.57735 -0.57735 0.57735
    outer loop
      vertex -4.66051 -3.22189 4.6576
      vertex -4.51444 -3.24578 4.77978
      vertex -4.52533 -3.24101 4.77366
    endloop
  endfacet
  facet normal -0.57735 -0.57735 0.57735
    outer loop
      vertex -4.11469 -3.56791 4.8574
      vertex -4.67176 -3.2203 4.64794
      vertex -4.82002 -3.25415 4.46583
    endloop
  endfacet
  facet normal -0.577343 -0.577315 0.577393
    outer loop
      vertex -4.66051 -3.22189 4.6576
      vertex -4.11469 -3.56791 4.8574
      vertex -4.24661 -3.41077 4.88261
    endloop
  endfacet
  facet normal -0.577349 -0.577372 0.57733
    outer loop
      vertex -4.11469 -3.56791 4.8574
      vertex -4.82002 -3.25415 4.46583
      vertex -4.89724 -3.35568 4.28707
    endloop
  endfacet
  facet normal -0.577345 -0.577413 0.577292
    outer loop
      vertex -4.51444 -3.24578 4.77978
      vertex -4.24661 -3.41077 4.88261
      vertex -4.38355 -3.30315 4.8533
    endloop
  endfacet
  facet normal -0.577353 -0.577331 0.577366
    outer loop
      vertex -3.93065 -4.05497 4.55439
      vertex -4.89724 -3.35568 4.28707
      vertex -4.89667 -3.52091 4.12242
    endloop
  endfacet
  facet normal -0.57734 -0.577379 0.577332
    outer loop
      vertex -4.66051 -3.22189 4.6576
      vertex -4.24661 -3.41077 4.88261
      vertex -4.51444 -3.24578 4.77978
    endloop
  endfacet
  facet normal -0.577354 -0.57735 0.577347
    outer loop
      vertex -3.93065 -4.05497 4.55439
      vertex -4.89667 -3.52091 4.12242
      vertex -4.8116 -3.74574 3.98266
    endloop
  endfacet
  facet normal -0.577349 -0.577352 0.577349
    outer loop
      vertex -11.9966 -0.2717 0.2717
      vertex -4.89185 -2.76963 4.87851
      vertex -0.2717 -0.2717 11.9966
    endloop
  endfacet
  facet normal -0.577353 -0.577335 0.577364
    outer loop
      vertex -11.9966 -0.2717 0.2717
      vertex -5.2384 -2.83657 4.46503
      vertex -4.89185 -2.76963 4.87851
    endloop
  endfacet
  facet normal -0.57735 -0.57735 0.57735
    outer loop
      vertex -11.9966 -0.2717 0.2717
      vertex -5.42743 -3.0374 4.07517
      vertex -5.2384 -2.83657 4.46503
    endloop
  endfacet
  facet normal -0.57735 -0.57735 0.57735
    outer loop
      vertex -11.9966 -0.2717 0.2717
      vertex -5.45355 -3.3514 3.73505
      vertex -5.42743 -3.0374 4.07517
    endloop
  endfacet
  facet normal -0.57735 -0.57735 0.57735
    outer loop
      vertex -11.9966 -0.2717 0.2717
      vertex -5.31137 -3.75786 3.47077
      vertex -5.45355 -3.3514 3.73505
    endloop
  endfacet
  facet normal -0.57735 -0.57735 0.57735
    outer loop
      vertex -11.9966 -0.2717 0.2717
      vertex -5.29236 -3.78777 3.45987
      vertex -5.31137 -3.75786 3.47077
    endloop
  endfacet
  facet normal -0.57735 -0.57735 0.57735
    outer loop
      vertex -11.9966 -0.2717 0.2717
      vertex -5.06411 -4.1469 3.32899
      vertex -5.29236 -3.78777 3.45987
    endloop
  endfacet
  facet normal -0.57735 -0.577346 0.577354
    outer loop
      vertex -4.42921 -5.23517 2.87563
      vertex -5.06411 -4.1469 3.32899
      vertex -11.9966 -0.2717 0.2717
    endloop
  endfacet
  facet normal -0.577346 -0.577346 0.577358
    outer loop
      vertex -5.06411 -4.1469 3.32899
      vertex -4.42921 -5.23517 2.87563
      vertex -5.04048 -4.16983 3.32969
    endloop
  endfacet
  facet normal -0.577352 -0.577344 0.577354
    outer loop
      vertex -4.42921 -5.23517 2.87563
      vertex -4.38924 -4.6393 3.51146
      vertex -4.41604 -4.63444 3.48952
    endloop
  endfacet
  facet normal -0.57735 -0.577346 0.577355
    outer loop
      vertex -3.39307 -5.23517 3.91176
      vertex -4.38924 -4.6393 3.51146
      vertex -4.42921 -5.23517 2.87563
    endloop
  endfacet
  facet normal -0.577339 -0.577352 0.577361
    outer loop
      vertex -4.75689 -4.44498 3.33814
      vertex -4.42921 -5.23517 2.87563
      vertex -4.41604 -4.63444 3.48952
    endloop
  endfacet
  facet normal -0.577368 -0.577348 0.577334
    outer loop
      vertex -5.04048 -4.16983 3.32969
      vertex -4.42921 -5.23517 2.87563
      vertex -4.75689 -4.44498 3.33814
    endloop
  endfacet
  facet normal -0.577355 -0.577368 0.577327
    outer loop
      vertex -11.9966 -0.2717 0.2717
      vertex -4.21801 -5.65755 2.66443
      vertex -4.42921 -5.23517 2.87563
    endloop
  endfacet
  facet normal -0.577374 -0.577354 0.577323
    outer loop
      vertex -0.2717 -11.9966 0.2717
      vertex -4.10374 -5.65755 2.77871
      vertex -4.21801 -5.65755 2.66443
    endloop
  endfacet
  facet normal -0.57735 -0.57735 0.57735
    outer loop
      vertex -4.10374 -5.65755 2.77871
      vertex -0.2717 -11.9966 0.2717
      vertex -2.73555 -5.65755 4.1469
    endloop
  endfacet
  facet normal -0.577349 -0.577349 0.577352
    outer loop
      vertex -0.2717 -11.9966 0.2717
      vertex -4.21801 -5.65755 2.66443
      vertex -11.9966 -0.2717 0.2717
    endloop
  endfacet
  facet normal -0.57735 -0.577351 0.57735
    outer loop
      vertex -4.53367 -2.81788 5.18844
      vertex -0.2717 -0.2717 11.9966
      vertex -4.89185 -2.76963 4.87851
    endloop
  endfacet
  facet normal -0.577375 -0.577322 0.577354
    outer loop
      vertex -4.20117 -2.96263 5.37621
      vertex -0.2717 -0.2717 11.9966
      vertex -4.53367 -2.81788 5.18844
    endloop
  endfacet
  facet normal -0.57734 -0.577362 0.577349
    outer loop
      vertex -3.90257 -3.19882 5.43861
      vertex -0.2717 -0.2717 11.9966
      vertex -4.20117 -2.96263 5.37621
    endloop
  endfacet
  facet normal -0.57735 -0.57735 0.57735
    outer loop
      vertex -3.6461 -3.52142 5.37248
      vertex -0.2717 -0.2717 11.9966
      vertex -3.90257 -3.19882 5.43861
    endloop
  endfacet
  facet normal -0.577357 -0.577342 0.577352
    outer loop
      vertex -4.89724 -3.35568 4.28707
      vertex -3.93065 -4.05497 4.55439
      vertex -4.11469 -3.56791 4.8574
    endloop
  endfacet
  facet normal -0.57735 -0.57735 0.57735
    outer loop
      vertex -4.01003 -4.19286 4.33711
      vertex -4.8116 -3.74574 3.98266
      vertex -4.68486 -3.94758 3.90756
    endloop
  endfacet
  facet normal -0.577354 -0.577343 0.577353
    outer loop
      vertex -4.11469 -3.56791 4.8574
      vertex -3.4511 -4.05497 5.03394
      vertex -3.6461 -3.52142 5.37248
    endloop
  endfacet
  facet normal -0.577358 -0.577342 0.57735
    outer loop
      vertex -3.4511 -4.05497 5.03394
      vertex -0.2717 -0.2717 11.9966
      vertex -3.6461 -3.52142 5.37248
    endloop
  endfacet
  facet normal -0.577344 -0.577356 0.577351
    outer loop
      vertex -2.79069 -5.53404 4.21526
      vertex -0.2717 -0.2717 11.9966
      vertex -3.4511 -4.05497 5.03394
    endloop
  endfacet
  facet normal -0.577393 -0.577317 0.577341
    outer loop
      vertex -2.73555 -5.65755 4.1469
      vertex -0.2717 -0.2717 11.9966
      vertex -2.79069 -5.53404 4.21526
    endloop
  endfacet
  facet normal -0.57735 -0.57735 0.57735
    outer loop
      vertex -0.2717 -0.2717 11.9966
      vertex -2.73555 -5.65755 4.1469
      vertex -0.2717 -11.9966 0.2717
    endloop
  endfacet
  facet normal 0.57735 -0.57735 0.57735
    outer loop
      vertex 4.66125 -3.92694 3.95181
      vertex 5.52905 -3.77596 3.23499
      vertex 4.71916 -3.75501 4.06583
    endloop
  endfacet
  facet normal 0.57735 -0.57735 0.57735
    outer loop
      vertex 4.65643 -3.94126 3.94231
      vertex 5.52905 -3.77596 3.23499
      vertex 4.66125 -3.92694 3.95181
    endloop
  endfacet
  facet normal 0.57735 -0.57735 0.57735
    outer loop
      vertex 4.59222 -4.11415 3.83363
      vertex 5.52905 -3.77596 3.23499
      vertex 4.65643 -3.94126 3.94231
    endloop
  endfacet
  facet normal 0.57735 -0.57735 0.57735
    outer loop
      vertex 4.58687 -4.12855 3.82458
      vertex 5.52905 -3.77596 3.23499
      vertex 4.59222 -4.11415 3.83363
    endloop
  endfacet
  facet normal 0.577347 -0.57737 0.577333
    outer loop
      vertex 4.51973 -4.31039 3.70987
      vertex 5.52905 -3.77596 3.23499
      vertex 4.58687 -4.12855 3.82458
    endloop
  endfacet
  facet normal 0.577346 -0.577331 0.577374
    outer loop
      vertex 4.45954 -4.48424 3.59622
      vertex 5.52905 -3.77596 3.23499
      vertex 4.51973 -4.31039 3.70987
    endloop
  endfacet
  facet normal 0.57735 -0.57735 0.57735
    outer loop
      vertex 4.41076 -4.6477 3.48154
      vertex 5.52905 -3.77596 3.23499
      vertex 4.45954 -4.48424 3.59622
    endloop
  endfacet
  facet normal 0.57735 -0.57735 0.57735
    outer loop
      vertex 4.38265 -4.79505 3.3623
      vertex 5.52905 -3.77596 3.23499
      vertex 4.41076 -4.6477 3.48154
    endloop
  endfacet
  facet normal 0.57735 -0.57735 0.57735
    outer loop
      vertex 5.52905 -3.77596 3.23499
      vertex 4.38265 -4.79505 3.3623
      vertex 4.38439 -4.92062 3.23499
    endloop
  endfacet
  facet normal 0.57735 -0.57735 0.57735
    outer loop
      vertex 0.2717 -0.2717 11.9966
      vertex 4.45701 -2.8877 5.19529
      vertex 11.9966 -0.2717 0.2717
    endloop
  endfacet
  facet normal 0.57735 -0.57735 0.57735
    outer loop
      vertex 0.2717 -0.2717 11.9966
      vertex 4.17057 -2.92154 5.44789
      vertex 4.45701 -2.8877 5.19529
    endloop
  endfacet
  facet normal 0.57735 -0.57735 0.57735
    outer loop
      vertex 0.2717 -0.2717 11.9966
      vertex 3.83183 -3.10263 5.60554
      vertex 4.17057 -2.92154 5.44789
    endloop
  endfacet
  facet normal 0.57735 -0.57735 0.57735
    outer loop
      vertex 0.2717 -0.2717 11.9966
      vertex 3.45287 -3.42904 5.65809
      vertex 3.83183 -3.10263 5.60554
    endloop
  endfacet
  facet normal 0.57735 -0.57735 0.57735
    outer loop
      vertex 0.2717 -0.2717 11.9966
      vertex 3.14833 -3.78562 5.60605
      vertex 3.45287 -3.42904 5.65809
    endloop
  endfacet
  facet normal 0.57735 -0.57735 0.57735
    outer loop
      vertex 0.2717 -0.2717 11.9966
      vertex 2.97327 -4.11681 5.44992
      vertex 3.14833 -3.78562 5.60605
    endloop
  endfacet
  facet normal 0.57735 -0.57735 0.57735
    outer loop
      vertex 0.2717 -0.2717 11.9966
      vertex 2.92953 -4.41569 5.19478
      vertex 2.97327 -4.11681 5.44992
    endloop
  endfacet
  facet normal 0.57735 -0.57735 0.57735
    outer loop
      vertex 0.2717 -11.9966 0.2717
      vertex 2.92953 -4.41569 5.19478
      vertex 0.2717 -0.2717 11.9966
    endloop
  endfacet
  facet normal 0.577347 -0.577361 0.577342
    outer loop
      vertex 3.01899 -4.67537 4.84565
      vertex 3.87513 -5.0257 3.63916
      vertex 3.95702 -4.70635 3.87663
    endloop
  endfacet
  facet normal 0.577358 -0.577347 0.577345
    outer loop
      vertex 3.01899 -4.67537 4.84565
      vertex 3.83555 -5.30072 3.40372
      vertex 3.87513 -5.0257 3.63916
    endloop
  endfacet
  facet normal 0.577381 -0.577323 0.577347
    outer loop
      vertex 3.01899 -4.67537 4.84565
      vertex 3.83972 -5.53807 3.16221
      vertex 3.83555 -5.30072 3.40372
    endloop
  endfacet
  facet normal 0.57735 -0.57735 0.57735
    outer loop
      vertex 3.83972 -5.53807 3.16221
      vertex 0.2717 -11.9966 0.2717
      vertex 4.03675 -5.73511 2.76814
    endloop
  endfacet
  facet normal 0.577352 -0.57735 0.577348
    outer loop
      vertex 3.01899 -4.67537 4.84565
      vertex 0.2717 -11.9966 0.2717
      vertex 3.83972 -5.53807 3.16221
    endloop
  endfacet
  facet normal 0.577333 -0.577353 0.577365
    outer loop
      vertex 2.92953 -4.41569 5.19478
      vertex 0.2717 -11.9966 0.2717
      vertex 3.01899 -4.67537 4.84565
    endloop
  endfacet
  facet normal 0.57735 -0.57735 0.57735
    outer loop
      vertex 4.67915 -3.00307 4.85778
      vertex 11.9966 -0.2717 0.2717
      vertex 4.45701 -2.8877 5.19529
    endloop
  endfacet
  facet normal 0.57735 -0.57735 0.57735
    outer loop
      vertex 4.75731 -3.11537 4.66732
      vertex 11.9966 -0.2717 0.2717
      vertex 4.67915 -3.00307 4.85778
    endloop
  endfacet
  facet normal 0.57735 -0.57735 0.57735
    outer loop
      vertex 4.79176 -3.2522 4.49604
      vertex 11.9966 -0.2717 0.2717
      vertex 4.75731 -3.11537 4.66732
    endloop
  endfacet
  facet normal 0.57732 -0.577384 0.577347
    outer loop
      vertex 5.52905 -3.77596 3.23499
      vertex 4.79176 -3.2522 4.49604
      vertex 4.79156 -3.40776 4.34067
    endloop
  endfacet
  facet normal 0.577367 -0.577325 0.577358
    outer loop
      vertex 5.52905 -3.77596 3.23499
      vertex 4.79156 -3.40776 4.34067
      vertex 4.76578 -3.57628 4.19794
    endloop
  endfacet
  facet normal 0.57735 -0.57735 0.57735
    outer loop
      vertex 5.52905 -3.77596 3.23499
      vertex 4.76578 -3.57628 4.19794
      vertex 4.71916 -3.75501 4.06583
    endloop
  endfacet
  facet normal 0.57735 -0.57735 0.57735
    outer loop
      vertex 4.79176 -3.2522 4.49604
      vertex 5.52905 -3.77596 3.23499
      vertex 11.9966 -0.2717 0.2717
    endloop
  endfacet
  facet normal 0.57735 -0.57735 0.57735
    outer loop
      vertex 5.76248 -4.00938 2.76814
      vertex 11.9966 -0.2717 0.2717
      vertex 5.52905 -3.77596 3.23499
    endloop
  endfacet
  facet normal 0.57735 -0.57735 0.57735
    outer loop
      vertex 4.03675 -5.73511 2.76814
      vertex 11.9966 -0.2717 0.2717
      vertex 5.76248 -4.00938 2.76814
    endloop
  endfacet
  facet normal 0.57735 -0.57735 0.57735
    outer loop
      vertex 11.9966 -0.2717 0.2717
      vertex 4.03675 -5.73511 2.76814
      vertex 0.2717 -11.9966 0.2717
    endloop
  endfacet
  facet normal 0.57735 -0.57735 0.57735
    outer loop
      vertex 3.68272 -3.65189 5.20539
      vertex 4.19245 -3.51403 4.83352
      vertex 3.97204 -3.45553 5.11243
    endloop
  endfacet
  facet normal 0.57735 -0.57735 0.57735
    outer loop
      vertex 3.55607 -3.80304 5.18089
      vertex 4.19245 -3.51403 4.83352
      vertex 3.68272 -3.65189 5.20539
    endloop
  endfacet
  facet normal 0.577349 -0.577378 0.577325
    outer loop
      vertex 3.49109 -3.94153 5.10737
      vertex 4.19245 -3.51403 4.83352
      vertex 3.55607 -3.80304 5.18089
    endloop
  endfacet
  facet normal 0.577342 -0.577334 0.577375
    outer loop
      vertex 4.19245 -3.51403 4.83352
      vertex 3.49109 -3.94153 5.10737
      vertex 4.24296 -3.61661 4.68044
    endloop
  endfacet
  facet normal 0.577342 -0.577331 0.577378
    outer loop
      vertex 3.48387 -4.07127 4.98486
      vertex 4.24296 -3.61661 4.68044
      vertex 3.49109 -3.94153 5.10737
    endloop
  endfacet
  facet normal 0.577348 -0.57737 0.577333
    outer loop
      vertex 4.24296 -3.61661 4.68044
      vertex 3.48387 -4.07127 4.98486
      vertex 4.2429 -3.77278 4.52432
    endloop
  endfacet
  facet normal 0.57735 -0.57735 0.57735
    outer loop
      vertex 3.53046 -4.19622 4.81332
      vertex 4.2429 -3.77278 4.52432
      vertex 3.48387 -4.07127 4.98486
    endloop
  endfacet
  facet normal 0.57735 -0.57735 0.57735
    outer loop
      vertex 4.2429 -3.77278 4.52432
      vertex 3.53046 -4.19622 4.81332
      vertex 4.18947 -4.00506 4.34547
    endloop
  endfacet
  facet normal 0.57735 -0.57735 0.57735
    outer loop
      vertex 3.53046 -4.19622 4.81332
      vertex 4.07981 -4.336 4.12419
      vertex 4.18947 -4.00506 4.34547
    endloop
  endfacet
  facet normal 0.577355 -0.577343 0.577353
    outer loop
      vertex 3.01899 -4.67537 4.84565
      vertex 4.07981 -4.336 4.12419
      vertex 3.53046 -4.19622 4.81332
    endloop
  endfacet
  facet normal 0.577354 -0.57735 0.577348
    outer loop
      vertex 4.07981 -4.336 4.12419
      vertex 3.01899 -4.67537 4.84565
      vertex 3.95702 -4.70635 3.87663
    endloop
  endfacet
  facet normal 0.707107 -0.707107 0
    outer loop
      vertex 0.2717 -11.9966 0.2717
      vertex 11.9966 -0.2717 -0.2717
      vertex 11.9966 -0.2717 0.2717
    endloop
  endfacet
  facet normal 0.707107 -0.707107 0
    outer loop
      vertex 11.9966 -0.2717 -0.2717
      vertex 0.2717 -11.9966 0.2717
      vertex 0.2717 -11.9966 -0.2717
    endloop
  endfacet
  facet normal -0.707107 0 -0.707107
    outer loop
      vertex -0.2717 -0.2717 -11.9966
      vertex -11.9966 0.2717 -0.2717
      vertex -0.2717 0.2717 -11.9966
    endloop
  endfacet
  facet normal -0.707107 -0 -0.707107
    outer loop
      vertex -11.9966 0.2717 -0.2717
      vertex -0.2717 -0.2717 -11.9966
      vertex -11.9966 -0.2717 -0.2717
    endloop
  endfacet
  facet normal 0.707107 -0 0.707107
    outer loop
      vertex 0.2717 -0.2717 11.9966
      vertex 11.9966 0.2717 0.2717
      vertex 0.2717 0.2717 11.9966
    endloop
  endfacet
  facet normal 0.707107 0 0.707107
    outer loop
      vertex 11.9966 0.2717 0.2717
      vertex 0.2717 -0.2717 11.9966
      vertex 11.9966 -0.2717 0.2717
    endloop
  endfacet
  facet normal 0.707107 0 -0.707107
    outer loop
      vertex 11.9966 -0.2717 -0.2717
      vertex 0.2717 0.2717 -11.9966
      vertex 11.9966 0.2717 -0.2717
    endloop
  endfacet
  facet normal 0.707107 0 -0.707107
    outer loop
      vertex 0.2717 0.2717 -11.9966
      vertex 11.9966 -0.2717 -0.2717
      vertex 0.2717 -0.2717 -11.9966
    endloop
  endfacet
  facet normal 0 0.707107 0.707107
    outer loop
      vertex 0.2717 11.9966 0.2717
      vertex -0.2717 0.2717 11.9966
      vertex 0.2717 0.2717 11.9966
    endloop
  endfacet
  facet normal 0 0.707107 0.707107
    outer loop
      vertex -0.2717 0.2717 11.9966
      vertex 0.2717 11.9966 0.2717
      vertex -0.2717 11.9966 0.2717
    endloop
  endfacet
  facet normal -0.707107 0 0.707107
    outer loop
      vertex -11.9966 -0.2717 0.2717
      vertex -0.2717 0.2717 11.9966
      vertex -11.9966 0.2717 0.2717
    endloop
  endfacet
  facet normal -0.707107 0 0.707107
    outer loop
      vertex -0.2717 0.2717 11.9966
      vertex -11.9966 -0.2717 0.2717
      vertex -0.2717 -0.2717 11.9966
    endloop
  endfacet
  facet normal 1 -0 0
    outer loop
      vertex 11.9966 -0.2717 0.2717
      vertex 11.9966 0.2717 -0.2717
      vertex 11.9966 0.2717 0.2717
    endloop
  endfacet
  facet normal 1 0 0
    outer loop
      vertex 11.9966 0.2717 -0.2717
      vertex 11.9966 -0.2717 0.2717
      vertex 11.9966 -0.2717 -0.2717
    endloop
  endfacet
  facet normal 0 -1 0
    outer loop
      vertex -0.2717 -11.9966 -0.2717
      vertex 0.2717 -11.9966 0.2717
      vertex -0.2717 -11.9966 0.2717
    endloop
  endfacet
  facet normal 0 -1 -0
    outer loop
      vertex 0.2717 -11.9966 0.2717
      vertex -0.2717 -11.9966 -0.2717
      vertex 0.2717 -11.9966 -0.2717
    endloop
  endfacet
  facet normal -0.57735 0.57735 -0.57735
    outer loop
      vertex -0.2717 0.2717 -11.9966
      vertex -2.65004 5.60109 -4.28887
      vertex -2.63205 5.63707 -4.27088
    endloop
  endfacet
  facet normal -0.577308 0.577435 -0.577308
    outer loop
      vertex -2.86547 5.17022 -4.50431
      vertex -4.08722 5.12483 -3.32796
      vertex -4.09061 5.17022 -3.27917
    endloop
  endfacet
  facet normal -0.57735 0.577345 -0.577355
    outer loop
      vertex -2.86547 5.17022 -4.50431
      vertex -4.04662 4.58086 -3.91252
      vertex -4.08722 5.12483 -3.32796
    endloop
  endfacet
  facet normal -0.57735 0.57735 -0.57735
    outer loop
      vertex -2.86547 5.17022 -4.50431
      vertex -4.0453 4.1547 -4.34
      vertex -4.04662 4.58086 -3.91252
    endloop
  endfacet
  facet normal -0.577346 0.577343 -0.577362
    outer loop
      vertex -2.86547 5.17022 -4.50431
      vertex -4.08175 3.81315 -4.64509
      vertex -4.0453 4.1547 -4.34
    endloop
  endfacet
  facet normal -0.577363 0.577356 -0.577332
    outer loop
      vertex -2.86547 5.17022 -4.50431
      vertex -4.15102 3.47769 -4.91129
      vertex -4.08175 3.81315 -4.64509
    endloop
  endfacet
  facet normal -0.57735 0.57735 -0.57735
    outer loop
      vertex -2.86547 5.17022 -4.50431
      vertex -4.25977 3.13943 -5.1408
      vertex -4.15102 3.47769 -4.91129
    endloop
  endfacet
  facet normal -0.57735 0.57735 -0.57735
    outer loop
      vertex -0.2717 0.2717 -11.9966
      vertex -4.25977 3.13943 -5.1408
      vertex -2.86547 5.17022 -4.50431
    endloop
  endfacet
  facet normal -0.57735 0.57735 -0.57735
    outer loop
      vertex -11.9966 0.2717 -0.2717
      vertex -4.41459 2.78955 -5.33586
      vertex -0.2717 0.2717 -11.9966
    endloop
  endfacet
  facet normal -0.57735 0.57735 -0.57735
    outer loop
      vertex -4.25977 3.13943 -5.1408
      vertex -0.2717 0.2717 -11.9966
      vertex -4.41459 2.78955 -5.33586
    endloop
  endfacet
  facet normal -0.57735 0.57735 -0.57735
    outer loop
      vertex -2.65004 5.60109 -4.28887
      vertex -0.2717 0.2717 -11.9966
      vertex -2.86547 5.17022 -4.50431
    endloop
  endfacet
  facet normal -0.57735 0.57735 -0.57735
    outer loop
      vertex -0.2717 0.2717 -11.9966
      vertex -2.63205 5.63707 -4.27088
      vertex -0.2717 11.9966 -0.2717
    endloop
  endfacet
  facet normal -0.57735 0.57735 -0.57735
    outer loop
      vertex -4.314 5.63707 -2.58893
      vertex -0.2717 11.9966 -0.2717
      vertex -2.63205 5.63707 -4.27088
    endloop
  endfacet
  facet normal -0.57735 0.57735 -0.57735
    outer loop
      vertex -11.9966 0.2717 -0.2717
      vertex -4.52696 4.88781 -3.12523
      vertex -4.51923 4.59829 -3.42248
    endloop
  endfacet
  facet normal -0.57735 0.57735 -0.57735
    outer loop
      vertex -11.9966 0.2717 -0.2717
      vertex -4.51923 4.59829 -3.42248
      vertex -4.52359 4.31258 -3.70383
    endloop
  endfacet
  facet normal -0.57735 0.57735 -0.57735
    outer loop
      vertex -11.9966 0.2717 -0.2717
      vertex -4.52359 4.31258 -3.70383
      vertex -4.54752 4.02535 -3.96713
    endloop
  endfacet
  facet normal -0.57735 0.57735 -0.57735
    outer loop
      vertex -11.9966 0.2717 -0.2717
      vertex -4.54752 4.02535 -3.96713
      vertex -4.59486 3.73333 -4.21181
    endloop
  endfacet
  facet normal -0.57735 0.57735 -0.57735
    outer loop
      vertex -11.9966 0.2717 -0.2717
      vertex -4.59486 3.73333 -4.21181
      vertex -4.66945 3.43321 -4.43734
    endloop
  endfacet
  facet normal -0.57735 0.57735 -0.57735
    outer loop
      vertex -11.9966 0.2717 -0.2717
      vertex -4.66945 3.43321 -4.43734
      vertex -4.77803 3.12023 -4.64174
    endloop
  endfacet
  facet normal -0.577352 0.577339 -0.57736
    outer loop
      vertex -11.9966 0.2717 -0.2717
      vertex -4.77803 3.12023 -4.64174
      vertex -4.9274 2.78955 -4.82304
    endloop
  endfacet
  facet normal -0.57735 0.57735 -0.57735
    outer loop
      vertex -4.314 5.63707 -2.58893
      vertex -11.9966 0.2717 -0.2717
      vertex -0.2717 11.9966 -0.2717
    endloop
  endfacet
  facet normal -0.57735 0.57735 -0.57735
    outer loop
      vertex -4.53933 5.18641 -2.81426
      vertex -11.9966 0.2717 -0.2717
      vertex -4.314 5.63707 -2.58893
    endloop
  endfacet
  facet normal -0.57735 0.57735 -0.57735
    outer loop
      vertex -4.52696 4.88781 -3.12523
      vertex -11.9966 0.2717 -0.2717
      vertex -4.53933 5.18641 -2.81426
    endloop
  endfacet
  facet normal -0.577346 0.577369 -0.577335
    outer loop
      vertex -4.41459 2.78955 -5.33586
      vertex -11.9966 0.2717 -0.2717
      vertex -4.9274 2.78955 -4.82304
    endloop
  endfacet
  facet normal 0.707107 0.707107 0
    outer loop
      vertex 11.9966 0.2717 0.2717
      vertex 0.2717 11.9966 -0.2717
      vertex 0.2717 11.9966 0.2717
    endloop
  endfacet
  facet normal 0.707107 0.707107 0
    outer loop
      vertex 0.2717 11.9966 -0.2717
      vertex 11.9966 0.2717 0.2717
      vertex 11.9966 0.2717 -0.2717
    endloop
  endfacet
  facet normal -0.707107 -0.707107 0
    outer loop
      vertex -0.2717 -11.9966 -0.2717
      vertex -11.9966 -0.2717 0.2717
      vertex -11.9966 -0.2717 -0.2717
    endloop
  endfacet
  facet normal -0.707107 -0.707107 0
    outer loop
      vertex -11.9966 -0.2717 0.2717
      vertex -0.2717 -11.9966 -0.2717
      vertex -0.2717 -11.9966 0.2717
    endloop
  endfacet
  facet normal -1 0 0
    outer loop
      vertex -11.9966 -0.2717 -0.2717
      vertex -11.9966 0.2717 0.2717
      vertex -11.9966 0.2717 -0.2717
    endloop
  endfacet
  facet normal -1 -0 0
    outer loop
      vertex -11.9966 0.2717 0.2717
      vertex -11.9966 -0.2717 -0.2717
      vertex -11.9966 -0.2717 0.2717
    endloop
  endfacet
  facet normal 0 -0.707107 -0.707107
    outer loop
      vertex -0.2717 -0.2717 -11.9966
      vertex 0.2717 -11.9966 -0.2717
      vertex -0.2717 -11.9966 -0.2717
    endloop
  endfacet
  facet normal 0 -0.707107 -0.707107
    outer loop
      vertex 0.2717 -11.9966 -0.2717
      vertex -0.2717 -0.2717 -11.9966
      vertex 0.2717 -0.2717 -11.9966
    endloop
  endfacet
  facet normal 0 0 -1
    outer loop
      vertex -0.2717 -0.2717 -11.9966
      vertex 0.2717 0.2717 -11.9966
      vertex 0.2717 -0.2717 -11.9966
    endloop
  endfacet
  facet normal -0 0 -1
    outer loop
      vertex 0.2717 0.2717 -11.9966
      vertex -0.2717 -0.2717 -11.9966
      vertex -0.2717 0.2717 -11.9966
    endloop
  endfacet
  facet normal 0.577353 0.57735 -0.577347
    outer loop
      vertex 0.2717 11.9966 -0.2717
      vertex 5.07792 4.67252 -2.78955
      vertex 3.66602 5.50442 -3.36956
    endloop
  endfacet
  facet normal 0.57735 0.57735 -0.577352
    outer loop
      vertex 11.9966 0.2717 -0.2717
      vertex 5.07792 4.67252 -2.78955
      vertex 0.2717 11.9966 -0.2717
    endloop
  endfacet
  facet normal 0.57735 0.57735 -0.57735
    outer loop
      vertex 5.58604 3.5844 -3.36956
      vertex 5.52473 4.18118 -2.83409
      vertex 5.547 4.20345 -2.78955
    endloop
  endfacet
  facet normal 0.577232 0.577461 -0.577357
    outer loop
      vertex 5.52473 4.18118 -2.83409
      vertex 5.28228 3.88816 -3.36956
      vertex 5.25699 3.91344 -3.36956
    endloop
  endfacet
  facet normal 0.57735 0.57735 -0.57735
    outer loop
      vertex 5.52473 4.18118 -2.83409
      vertex 5.58604 3.5844 -3.36956
      vertex 5.28228 3.88816 -3.36956
    endloop
  endfacet
  facet normal 0.57735 0.57735 -0.57735
    outer loop
      vertex 5.37485 3.3732 -3.79195
      vertex 11.9966 0.2717 -0.2717
      vertex 4.12324 2.77969 -5.63707
    endloop
  endfacet
  facet normal 0.57735 0.57735 -0.57735
    outer loop
      vertex 5.58604 3.5844 -3.36956
      vertex 11.9966 0.2717 -0.2717
      vertex 5.37485 3.3732 -3.79195
    endloop
  endfacet
  facet normal 0.57735 0.57735 -0.57735
    outer loop
      vertex 5.547 4.20345 -2.78955
      vertex 11.9966 0.2717 -0.2717
      vertex 5.58604 3.5844 -3.36956
    endloop
  endfacet
  facet normal 0.577353 0.577365 -0.577333
    outer loop
      vertex 5.07792 4.67252 -2.78955
      vertex 11.9966 0.2717 -0.2717
      vertex 5.547 4.20345 -2.78955
    endloop
  endfacet
  facet normal 0.57735 0.57735 -0.57735
    outer loop
      vertex 3.4528 5.2912 -3.796
      vertex 0.2717 11.9966 -0.2717
      vertex 3.66602 5.50442 -3.36956
    endloop
  endfacet
  facet normal 0.577354 0.577347 -0.57735
    outer loop
      vertex 0.2717 0.2717 -11.9966
      vertex 3.4528 5.2912 -3.796
      vertex 3.57366 3.32926 -5.63707
    endloop
  endfacet
  facet normal 0.57735 0.57735 -0.57735
    outer loop
      vertex 3.4528 5.2912 -3.796
      vertex 0.2717 0.2717 -11.9966
      vertex 0.2717 11.9966 -0.2717
    endloop
  endfacet
  facet normal 0.577345 0.577356 -0.57735
    outer loop
      vertex 4.12324 2.77969 -5.63707
      vertex 0.2717 0.2717 -11.9966
      vertex 3.57366 3.32926 -5.63707
    endloop
  endfacet
  facet normal 0.57735 0.57735 -0.57735
    outer loop
      vertex 0.2717 0.2717 -11.9966
      vertex 4.12324 2.77969 -5.63707
      vertex 11.9966 0.2717 -0.2717
    endloop
  endfacet
  facet normal 0.577354 0.577354 -0.577344
    outer loop
      vertex 3.66602 5.50442 -3.36956
      vertex 5.07792 4.67252 -2.78955
      vertex 4.78792 4.38252 -3.36956
    endloop
  endfacet
  facet normal 0.57735 0.57735 -0.57735
    outer loop
      vertex 5.0458 3.70225 -3.79195
      vertex 5.37485 3.3732 -3.79195
      vertex 4.12324 2.77969 -5.63707
    endloop
  endfacet
  facet normal 0.57735 0.57735 -0.57735
    outer loop
      vertex 4.1109 3.7055 -4.7236
      vertex 3.85562 4.89243 -3.79195
      vertex 4.57673 4.17132 -3.79195
    endloop
  endfacet
  facet normal 0.57735 0.57735 -0.57735
    outer loop
      vertex 4.1109 3.7055 -4.7236
      vertex 3.92575 3.8179 -4.79635
      vertex 3.85562 4.89243 -3.79195
    endloop
  endfacet
  facet normal 0.57735 0.57735 -0.57735
    outer loop
      vertex 4.05559 3.64715 -4.83726
      vertex 3.92575 3.8179 -4.79635
      vertex 4.1109 3.7055 -4.7236
    endloop
  endfacet
  facet normal 0.577373 0.57736 -0.577319
    outer loop
      vertex 3.99881 3.58117 -4.96003
      vertex 3.92575 3.8179 -4.79635
      vertex 4.05559 3.64715 -4.83726
    endloop
  endfacet
  facet normal 0.577227 0.577393 -0.577431
    outer loop
      vertex 3.99881 3.58117 -4.96003
      vertex 3.93143 3.63781 -4.97075
      vertex 3.92575 3.8179 -4.79635
    endloop
  endfacet
  facet normal 0.577324 0.577558 -0.577169
    outer loop
      vertex 3.99881 3.58117 -4.96003
      vertex 3.93191 3.62279 -4.9853
      vertex 3.93143 3.63781 -4.97075
    endloop
  endfacet
  facet normal 0.577297 0.5774 -0.577354
    outer loop
      vertex 3.95198 3.5234 -5.06463
      vertex 3.93191 3.62279 -4.9853
      vertex 3.99881 3.58117 -4.96003
    endloop
  endfacet
  facet normal 0.577187 0.577437 -0.577427
    outer loop
      vertex 3.95198 3.5234 -5.06463
      vertex 3.92699 3.49994 -5.11307
      vertex 3.93191 3.62279 -4.9853
    endloop
  endfacet
  facet normal 0.577187 0.577437 -0.577427
    outer loop
      vertex 3.92699 3.49994 -5.11307
      vertex 3.95198 3.5234 -5.06463
      vertex 3.92658 3.48969 -5.12373
    endloop
  endfacet
  facet normal 0 0.707107 -0.707107
    outer loop
      vertex 0.2717 0.2717 -11.9966
      vertex -0.2717 11.9966 -0.2717
      vertex 0.2717 11.9966 -0.2717
    endloop
  endfacet
  facet normal 0 0.707107 -0.707107
    outer loop
      vertex -0.2717 11.9966 -0.2717
      vertex 0.2717 0.2717 -11.9966
      vertex -0.2717 0.2717 -11.9966
    endloop
  endfacet
endsolid OpenSCAD_Model
